-- phpMyAdmin SQL Dump
-- version 4.0.10.7
-- http://www.phpmyadmin.net
--
-- Host: localhost:3306
-- Generation Time: May 20, 2017 at 11:44 AM
-- Server version: 5.6.32-78.0-log
-- PHP Version: 5.4.31

SET SQL_MODE = "NO_AUTO_VALUE_ON_ZERO";
SET time_zone = "+00:00";


/*!40101 SET @OLD_CHARACTER_SET_CLIENT=@@CHARACTER_SET_CLIENT */;
/*!40101 SET @OLD_CHARACTER_SET_RESULTS=@@CHARACTER_SET_RESULTS */;
/*!40101 SET @OLD_COLLATION_CONNECTION=@@COLLATION_CONNECTION */;
/*!40101 SET NAMES utf8 */;

--
-- Database: `wwwshant_livestl`
--

-- --------------------------------------------------------

--
-- Table structure for table `account_categories`
--

CREATE TABLE IF NOT EXISTS `account_categories` (
  `id` int(11) NOT NULL AUTO_INCREMENT,
  `name` varchar(255) NOT NULL,
  PRIMARY KEY (`id`)
) ENGINE=InnoDB  DEFAULT CHARSET=latin1 AUTO_INCREMENT=5 ;

--
-- Dumping data for table `account_categories`
--

INSERT INTO `account_categories` (`id`, `name`) VALUES
(1, 'Assets'),
(2, 'Liablities'),
(3, 'Income'),
(4, 'Expense');

-- --------------------------------------------------------

--
-- Table structure for table `account_first_subgroups`
--

CREATE TABLE IF NOT EXISTS `account_first_subgroups` (
  `id` int(12) NOT NULL AUTO_INCREMENT,
  `account_group_id` int(12) NOT NULL,
  `name` varchar(255) NOT NULL,
  PRIMARY KEY (`id`)
) ENGINE=InnoDB  DEFAULT CHARSET=latin1 AUTO_INCREMENT=28 ;

--
-- Dumping data for table `account_first_subgroups`
--

INSERT INTO `account_first_subgroups` (`id`, `account_group_id`, `name`) VALUES
(1, 2, 'Sundry Debtors'),
(2, 6, 'Trade Payables'),
(3, 2, 'Inventory'),
(4, 6, 'Duties & Taxes'),
(5, 2, 'Loans and Advances'),
(6, 7, 'Sales Income'),
(7, 2, 'Staff Advances'),
(8, 6, 'Unsecured Loan'),
(9, 8, 'Purchase'),
(10, 15, 'Purchases'),
(11, 8, 'Direct Expenses'),
(12, 9, 'Indirect Expenses'),
(13, 9, 'Administration Expenses'),
(14, 9, 'Financial Expenses'),
(15, 13, 'Other Income'),
(16, 14, 'Other Incomes'),
(17, 2, 'Cash and Cash Equivalents'),
(18, 12, 'Unsecured Loan'),
(20, 11, 'Fixed Assets'),
(21, 6, 'Bank Account OD A/C'),
(22, 4, 'Share Capital'),
(23, 5, 'Reserves & Surplus'),
(24, 12, 'Secured Loans'),
(25, 6, 'Short Term Provisions'),
(26, 3, 'Non Current Investments'),
(27, 2, 'Other Current Assets');

-- --------------------------------------------------------

--
-- Table structure for table `account_groups`
--

CREATE TABLE IF NOT EXISTS `account_groups` (
  `id` int(12) NOT NULL AUTO_INCREMENT,
  `account_category_id` int(12) NOT NULL,
  `name` varchar(255) NOT NULL,
  PRIMARY KEY (`id`)
) ENGINE=InnoDB  DEFAULT CHARSET=latin1 AUTO_INCREMENT=16 ;

--
-- Dumping data for table `account_groups`
--

INSERT INTO `account_groups` (`id`, `account_category_id`, `name`) VALUES
(2, 1, 'Current Assets'),
(3, 1, 'Investments'),
(4, 2, 'Share Capital'),
(5, 2, 'Reserves & Surplus'),
(6, 2, 'Current Liabilities'),
(7, 3, 'Sales Income'),
(8, 4, 'Direct Expenses'),
(9, 4, 'Indirect Expenses'),
(10, 3, 'Other Income'),
(11, 1, 'Fixed Assets'),
(12, 2, 'Long Term Borrowings'),
(13, 3, 'Indirect Income'),
(14, 3, 'Direct Income'),
(15, 4, 'Purchase');

-- --------------------------------------------------------

--
-- Table structure for table `account_references`
--

CREATE TABLE IF NOT EXISTS `account_references` (
  `id` int(10) NOT NULL AUTO_INCREMENT,
  `entity_description` varchar(255) NOT NULL,
  `account_first_subgroup_id` int(10) NOT NULL,
  `account_category_id` int(10) NOT NULL,
  `account_group_id` int(10) NOT NULL,
  PRIMARY KEY (`id`)
) ENGINE=InnoDB  DEFAULT CHARSET=latin1 AUTO_INCREMENT=5 ;

--
-- Dumping data for table `account_references`
--

INSERT INTO `account_references` (`id`, `entity_description`, `account_first_subgroup_id`, `account_category_id`, `account_group_id`) VALUES
(1, 'Invoice Sales Account', 6, 3, 7),
(2, 'Invoice Booking Purchase  Account', 9, 4, 8),
(3, 'Invoice Freight Account', 12, 4, 9),
(4, 'Ledger Accounts for VAT', 4, 2, 6);

-- --------------------------------------------------------

--
-- Table structure for table `account_second_subgroups`
--

CREATE TABLE IF NOT EXISTS `account_second_subgroups` (
  `id` int(12) NOT NULL AUTO_INCREMENT,
  `account_first_subgroup_id` int(12) NOT NULL,
  `name` varchar(255) NOT NULL,
  PRIMARY KEY (`id`)
) ENGINE=InnoDB  DEFAULT CHARSET=latin1 AUTO_INCREMENT=54 ;

--
-- Dumping data for table `account_second_subgroups`
--

INSERT INTO `account_second_subgroups` (`id`, `account_first_subgroup_id`, `name`) VALUES
(1, 1, 'Cash Debtors'),
(2, 1, 'Credit Debtors'),
(3, 2, 'Cash Creditors'),
(4, 2, 'Credit Creditors'),
(5, 4, 'Output Sales Tax'),
(6, 4, 'Input Sales Tax'),
(8, 6, 'Sales Income'),
(10, 7, 'Staff Advance'),
(11, 8, 'Directors Loan'),
(12, 8, 'Other Than Directors Loan'),
(13, 9, 'VAT Purchases'),
(14, 9, 'CST Purchases'),
(15, 9, 'VAT Paid Purchases'),
(16, 10, 'Other Purchase'),
(17, 11, 'Direct Expenses'),
(18, 12, 'Sales Expenses Direct'),
(19, 13, 'Administration Expenses'),
(20, 13, 'Staff Expenses'),
(21, 13, 'Directors Expenses'),
(22, 14, 'Financial Expenses'),
(23, 15, 'Other Income'),
(24, 17, 'Bank Account'),
(25, 16, 'Other Incomes'),
(26, 21, 'Bank Account OD A/C'),
(27, 24, 'Vehicle Loan'),
(28, 17, 'Petty Cash'),
(29, 20, 'Tangible Assets'),
(30, 20, 'Intangible Assets'),
(31, 20, 'Vehicles'),
(32, 22, 'Share Capital'),
(33, 23, 'Reserves & Surplus'),
(37, 2, 'Due to Related Parties'),
(38, 25, 'Provisions for Expenses'),
(39, 2, 'Other Payables'),
(40, 2, 'Staff Security Deposit'),
(41, 26, 'Shares Investment'),
(44, 20, 'Accrued Depreciation on Tangible Assets'),
(49, 20, 'Accrued Depreciation on Intangible Assets'),
(50, 27, 'Advances and Deposits'),
(51, 17, 'Fixed Deposits in Bank'),
(52, 12, 'Sales Expenses Indirect'),
(53, 4, 'Tax Deducted at Source');

-- --------------------------------------------------------

--
-- Table structure for table `challans`
--

CREATE TABLE IF NOT EXISTS `challans` (
  `id` int(10) NOT NULL AUTO_INCREMENT,
  `customer_id` int(10) NOT NULL,
  `company_id` int(11) NOT NULL,
  `invoice_id` int(11) NOT NULL,
  `invoice_booking_id` int(10) NOT NULL,
  `created_on` date NOT NULL,
  `transporter_id` int(11) NOT NULL,
  `lr_no` varchar(50) NOT NULL,
  `reference_detail` varchar(255) NOT NULL,
  `total` decimal(18,2) NOT NULL,
  `documents` varchar(255) NOT NULL,
  `customer_address` varchar(255) NOT NULL,
  `created_by` int(11) NOT NULL,
  `challan_type` varchar(30) NOT NULL,
  `challan_for` varchar(14) NOT NULL,
  `vendor_id` int(10) NOT NULL,
  `vendor_address` varchar(200) NOT NULL,
  `ch1` varchar(10) NOT NULL,
  `ch2` int(10) NOT NULL,
  `ch3` varchar(10) NOT NULL,
  `ch4` varchar(10) NOT NULL,
  `pass_credit_note` varchar(6) NOT NULL,
  `pass_debit_note` varchar(6) NOT NULL,
  PRIMARY KEY (`id`)
) ENGINE=InnoDB DEFAULT CHARSET=latin1 AUTO_INCREMENT=1 ;

-- --------------------------------------------------------

--
-- Table structure for table `challan_rows`
--

CREATE TABLE IF NOT EXISTS `challan_rows` (
  `id` int(10) NOT NULL AUTO_INCREMENT,
  `challan_id` int(11) NOT NULL,
  `item_id` int(11) NOT NULL,
  `description` varchar(255) NOT NULL,
  `quantity` int(5) NOT NULL,
  `rate` decimal(10,2) NOT NULL,
  `amount` decimal(15,2) NOT NULL,
  PRIMARY KEY (`id`)
) ENGINE=InnoDB DEFAULT CHARSET=latin1 AUTO_INCREMENT=1 ;

-- --------------------------------------------------------

--
-- Table structure for table `companies`
--

CREATE TABLE IF NOT EXISTS `companies` (
  `id` int(10) NOT NULL AUTO_INCREMENT,
  `name` varchar(100) NOT NULL,
  `alias` varchar(10) NOT NULL,
  `address` text NOT NULL,
  `pan_no` varchar(30) NOT NULL,
  `tin_no` varchar(50) NOT NULL,
  `tan_no` varchar(30) NOT NULL,
  `cin_no` varchar(50) NOT NULL,
  `service_tax_no` varchar(30) NOT NULL,
  `landline_no` varchar(15) NOT NULL,
  `mobile_no` varchar(15) NOT NULL,
  `email` varchar(50) NOT NULL,
  `website` varchar(50) NOT NULL,
  `company_group_id` int(11) NOT NULL,
  `inventory_status` varchar(50) NOT NULL,
  `logo` varchar(100) NOT NULL,
  PRIMARY KEY (`id`)
) ENGINE=InnoDB  DEFAULT CHARSET=latin1 AUTO_INCREMENT=28 ;

--
-- Dumping data for table `companies`
--

INSERT INTO `companies` (`id`, `name`, `alias`, `address`, `pan_no`, `tin_no`, `tan_no`, `cin_no`, `service_tax_no`, `landline_no`, `mobile_no`, `email`, `website`, `company_group_id`, `inventory_status`, `logo`) VALUES
(25, 'Shilpa Trade Links Pvt. Ltd.', 'STL', '"A - SQUARE ", 3rd Floor,\r\n1 Shobhagpura, 100 Ft. Road,  \r\nUdaipur - 313011 ( Raj )', 'AACCS0229A', '08743900079', 'JDHS01013F', 'U51101RJ1990PTC005468', '', '02942980435', '8696029999', 'sales@mogragroup.com', 'www.mogragroup.com', 1, 'With Inventory', '58a8183a5a116.png'),
(26, 'Shilpa Mechtrad Ltd.', 'SML', '"A - SQUARE",  3rd Floor,\r\n1, Shobhagpura, 100 ft. Road, \r\nUdaipur-313011 ( Rajasthan ) ', 'AAGCS4913H', '08203900570', '', 'U51102RJ1995PLC010149', '', '02942980435', '8696029999', 'info@mogragroup.com', 'www.mogragroup.com', 1, 'With Inventory', '58a7fe6ac6c80.png'),
(27, 'Fluid Management & Solutions LLP', 'FMSL', '" A-Square ", 3rd Floor,\r\n100 Ft. Road, 1 Shobhagpura,\r\nUdaipur 313011 ( Raj. )', 'AAEFF0911B', '08453967799', 'JDHF00466E', 'AAD5399', '', '2980435', '8696029999', 'info@mogragroup.com', 'www.mogragroup.com', 1, 'With Inventory', '57fcb8149f735.png');

-- --------------------------------------------------------

--
-- Table structure for table `company_banks`
--

CREATE TABLE IF NOT EXISTS `company_banks` (
  `id` int(10) NOT NULL AUTO_INCREMENT,
  `company_id` int(10) NOT NULL,
  `bank_name` varchar(255) NOT NULL,
  `branch` varchar(255) NOT NULL,
  `account_no` bigint(20) NOT NULL,
  `ifsc_code` varchar(100) NOT NULL,
  `default_bank` tinyint(1) NOT NULL,
  PRIMARY KEY (`id`)
) ENGINE=InnoDB  DEFAULT CHARSET=latin1 AUTO_INCREMENT=24 ;

--
-- Dumping data for table `company_banks`
--

INSERT INTO `company_banks` (`id`, `company_id`, `bank_name`, `branch`, `account_no`, `ifsc_code`, `default_bank`) VALUES
(17, 25, 'Union Bank of India', 'New Fatehpura Udaipur', 394004010029332, 'UBIN0539406', 1),
(18, 25, 'SBBJ', 'Shobhagpura', 29762460011, 'SBBJ0011485', 0),
(22, 27, 'State Bank of India', 'Shobhagpura', 61297460226, 'SBIN0032485', 1),
(23, 26, 'State Bank of India', 'Shobhagpura', 61299211176, 'SBIN0032485', 1);

-- --------------------------------------------------------

--
-- Table structure for table `company_groups`
--

CREATE TABLE IF NOT EXISTS `company_groups` (
  `id` int(10) NOT NULL AUTO_INCREMENT,
  `name` varchar(255) NOT NULL,
  PRIMARY KEY (`id`)
) ENGINE=InnoDB  DEFAULT CHARSET=latin1 AUTO_INCREMENT=2 ;

--
-- Dumping data for table `company_groups`
--

INSERT INTO `company_groups` (`id`, `name`) VALUES
(1, 'Mogra Group');

-- --------------------------------------------------------

--
-- Table structure for table `contra_vouchers`
--

CREATE TABLE IF NOT EXISTS `contra_vouchers` (
  `id` int(10) NOT NULL AUTO_INCREMENT,
  `voucher_no` int(10) NOT NULL,
  `bank_cash_id` int(10) NOT NULL,
  `created_by` int(10) NOT NULL,
  `created_on` date NOT NULL,
  `payment_mode` varchar(50) NOT NULL,
  `company_id` int(10) NOT NULL,
  `transaction_date` date NOT NULL,
  `edited_by` int(10) NOT NULL,
  `edited_on` date NOT NULL,
  `cheque_no` varchar(100) NOT NULL,
  PRIMARY KEY (`id`)
) ENGINE=InnoDB  DEFAULT CHARSET=latin1 AUTO_INCREMENT=5 ;

--
-- Dumping data for table `contra_vouchers`
--

INSERT INTO `contra_vouchers` (`id`, `voucher_no`, `bank_cash_id`, `created_by`, `created_on`, `payment_mode`, `company_id`, `transaction_date`, `edited_by`, `edited_on`, `cheque_no`) VALUES
(1, 1, 142, 16, '2017-05-15', 'NEFT/RTGS', 25, '2017-04-14', 19, '2017-05-15', '00000'),
(2, 2, 142, 19, '2017-05-15', 'Cheque', 25, '2017-04-24', 0, '0000-00-00', '000000'),
(3, 3, 145, 16, '2017-05-17', 'Cheque', 25, '2017-05-17', 0, '0000-00-00', '1'),
(4, 4, 142, 16, '2017-05-19', 'NEFT/RTGS', 25, '2017-05-19', 0, '0000-00-00', '');

-- --------------------------------------------------------

--
-- Table structure for table `contra_voucher_rows`
--

CREATE TABLE IF NOT EXISTS `contra_voucher_rows` (
  `id` int(10) NOT NULL AUTO_INCREMENT,
  `contra_voucher_id` int(10) NOT NULL,
  `received_from_id` int(10) NOT NULL,
  `amount` decimal(20,5) NOT NULL,
  `cr_dr` varchar(5) NOT NULL,
  `narration` text NOT NULL,
  PRIMARY KEY (`id`)
) ENGINE=InnoDB  DEFAULT CHARSET=latin1 AUTO_INCREMENT=6 ;

--
-- Dumping data for table `contra_voucher_rows`
--

INSERT INTO `contra_voucher_rows` (`id`, `contra_voucher_id`, `received_from_id`, `amount`, `cr_dr`, `narration`) VALUES
(1, 1, 622, '5000.00000', 'Dr', 'petty cash payment to jayanti jain'),
(2, 2, 622, '4015.00000', 'Dr', 'Petty cash paymet jayanti jain'),
(3, 3, 146, '425000.00000', 'Dr', 'trf to kotak'),
(4, 4, 146, '990000.00000', 'Dr', 'NEFT to kotak'),
(5, 4, 133, '23.00000', 'Dr', 'bank charges for kotak neft');

-- --------------------------------------------------------

--
-- Table structure for table `credit_notes`
--

CREATE TABLE IF NOT EXISTS `credit_notes` (
  `id` int(10) NOT NULL AUTO_INCREMENT,
  `voucher_no` varchar(10) NOT NULL,
  `created_on` date NOT NULL,
  `transaction_date` date NOT NULL,
  `purchase_acc_id` int(10) NOT NULL,
  `payment_mode` varchar(100) NOT NULL,
  `party_id` int(10) NOT NULL,
  `narration` text NOT NULL,
  `amount` decimal(15,2) NOT NULL,
  `company_id` int(11) NOT NULL,
  `created_by` int(11) NOT NULL,
  `edited_by` int(11) NOT NULL,
  `edited_on` date NOT NULL,
  `cheque_no` varchar(25) NOT NULL,
  PRIMARY KEY (`id`)
) ENGINE=InnoDB DEFAULT CHARSET=latin1 AUTO_INCREMENT=1 ;

-- --------------------------------------------------------

--
-- Table structure for table `customers`
--

CREATE TABLE IF NOT EXISTS `customers` (
  `id` int(10) NOT NULL AUTO_INCREMENT,
  `customer_group_id` int(10) NOT NULL,
  `customer_name` varchar(255) NOT NULL,
  `alias` varchar(255) NOT NULL,
  `district_id` int(10) NOT NULL,
  `company_group_id` int(10) NOT NULL,
  `customer_seg_id` int(10) NOT NULL,
  `tin_no` varchar(100) NOT NULL,
  `gst_no` varchar(100) NOT NULL,
  `pan_no` varchar(100) NOT NULL,
  `ecc_no` varchar(100) NOT NULL,
  `flag` int(2) NOT NULL DEFAULT '0',
  `employee_id` int(10) NOT NULL,
  `payment_terms` int(2) NOT NULL,
  `mode_of_payment` varchar(20) NOT NULL,
  `credit_limit` int(8) NOT NULL,
  `transporter_id` int(10) NOT NULL,
  `account_category_id` int(10) NOT NULL,
  `account_group_id` int(10) NOT NULL,
  `account_first_subgroup_id` int(10) NOT NULL,
  `account_second_subgroup_id` int(10) NOT NULL,
  `bill_to_bill_account` varchar(10) NOT NULL DEFAULT 'No',
  PRIMARY KEY (`id`)
) ENGINE=InnoDB  DEFAULT CHARSET=latin1 AUTO_INCREMENT=154 ;

--
-- Dumping data for table `customers`
--

INSERT INTO `customers` (`id`, `customer_group_id`, `customer_name`, `alias`, `district_id`, `company_group_id`, `customer_seg_id`, `tin_no`, `gst_no`, `pan_no`, `ecc_no`, `flag`, `employee_id`, `payment_terms`, `mode_of_payment`, `credit_limit`, `transporter_id`, `account_category_id`, `account_group_id`, `account_first_subgroup_id`, `account_second_subgroup_id`, `bill_to_bill_account`) VALUES
(1, 4, 'Hindustan Zinc Ltd ', 'Dariba Smelter Complex', 4, 0, 1, '08053901768', '', 'AAACH7354K', 'AAACH7354KXM003', 0, 11, 30, 'NEFT', 1000000, 7, 1, 2, 1, 2, 'Yes'),
(2, 2, 'Ultratech Cement Limited', 'Unit-Aditya Cement Works', 2, 0, 3, '08832112853', '', 'AAACL6442L', 'AAACL6442LEM033', 0, 11, 30, 'Cheque', 1000000, 7, 1, 2, 1, 2, 'Yes'),
(3, 1, 'JK Lakshmi Cement Limited', 'JLC', 7, 0, 3, '08453300051', '', 'AAACJ6715G', 'AAACJ6715GXM003', 0, 15, 30, 'Cheque', 1000000, 29, 1, 2, 1, 2, 'Yes'),
(4, 8, 'Shree Cement Limited', 'Shree Cement Ltd Unit 1', 3, 0, 3, '08530101044', '', 'AACCS8796G', 'AACCS8796GXM001', 0, 4, 30, 'Cheque', 1000000, 7, 1, 2, 1, 2, 'Yes'),
(5, 9, 'Trinetra Cement Ltd', 'The India Cement', 17, 0, 3, '08513750195', '', 'AAACI0990C', 'AAACI0990CXM002', 0, 4, 30, 'Cheque', 1000000, 12, 1, 2, 1, 2, 'Yes'),
(6, 2, 'Ultratech Cement Limited', 'Unit: Vikram Cement Works', 10, 0, 3, '23762701822', '', 'AAACL6442L', 'AAACL6442LEM031', 0, 11, 30, 'Cheque', 100000, 13, 1, 2, 1, 2, 'Yes'),
(7, 7, 'Adani Power Rajasthan Ltd.', 'Adani ', 19, 0, 8, '08932910817', '', 'AAGCA9379P', '', 0, 15, 30, 'NEFT', 100000, 15, 1, 2, 1, 2, 'Yes'),
(8, 10, 'Shriram Rayons', 'Shriram Rayons', 13, 0, 2, '08672951700', '', 'AAACD0204C', 'AAACD0204CXM004', 0, 7, 2, 'Cheque', 100000, 3, 1, 2, 1, 1, 'Yes'),
(9, 1, 'Mangalam Cement Ltd', 'Mangalam Cement Ltd', 13, 0, 3, '08442902696', '', 'AABCM6602Q', 'AABCM6602QXM001', 0, 7, 30, 'NEFT', 100000, 15, 1, 2, 1, 2, 'Yes'),
(10, 11, 'Sutlej Textiles and Industries Limited', 'Sutlej Textiles and Industries Limited', 30, 0, 2, '08223050160', '', 'AAJCS1850N', 'AAJCS1850NXM001', 0, 7, 15, 'NEFT', 200000, 15, 1, 2, 1, 2, 'Yes'),
(11, 1, 'Ambuja Cements Limited', 'Unit-Rabriyawas', 16, 0, 3, '08160101490', '', 'AAACG0569P', 'AAACG0569PXM008', 0, 11, 30, 'Cheque', 100000, 7, 1, 2, 1, 2, 'Yes'),
(12, 4, 'Hindustan Zinc Ltd ', 'Sindesar Khurd Mine', 4, 0, 1, '08053901768', '', 'AAACH7354K', 'AAACH7354KEM070', 0, 11, 30, 'Cheque', 1000000, 16, 1, 2, 1, 2, 'Yes'),
(15, 0, 'J.K. Cement Works Mangrol', 'Unit of J.K. Cement Ltd.', 2, 0, 3, '08841152305', '', 'AABCJ0355R', 'AABCJ0355RXM003', 0, 15, 30, 'Cheque', 100000, 7, 1, 2, 1, 2, 'Yes'),
(16, 4, 'Hindustan Zinc Ltd', 'Haridwar Zinc Plant', 37, 0, 1, '05007432844', '', 'AAACH7354K', 'AAACH7354KXM016', 0, 11, 30, 'NEFT', 100000, 1, 1, 2, 1, 2, 'Yes'),
(17, 4, 'Hindustan Zinc Ltd', 'Rajpura Dariba Mines', 4, 0, 1, '08053901768', '', 'AAACH7354K', 'AAACH7354KXM003', 0, 11, 30, 'NEFT', 1000000, 16, 1, 2, 1, 2, 'Yes'),
(18, 4, 'Hindustan Zinc Ltd', 'Chanderia Smelter Complex (CPP)', 2, 0, 1, '08053901768', '', 'AAAPM7450Q', 'AAAPM7450QXD001', 0, 11, 30, 'Cheque', 200000, 7, 1, 2, 1, 2, 'Yes'),
(19, 4, 'Hindustan Zinc Ltd', 'Unit-Pyro Plant', 2, 0, 1, '08053901768', '', 'AAACH7354K', 'AAACH7354KXM005', 0, 11, 30, 'Cheque', 100000, 7, 1, 2, 1, 2, 'Yes'),
(20, 4, 'Hindustan Zinc ltd', 'Zinc Smelter Debari', 1, 0, 1, '08053901768', '', 'AAACH7354K', 'AAACH7354KXM010', 0, 11, 30, 'Cheque', 100000, 16, 1, 2, 1, 2, 'Yes'),
(21, 4, 'Hindustan Zinc Ltd', 'CPP Zawar Mines', 1, 0, 1, '08053901768', '', 'AAACH7354K', 'AAACH7354KXM008', 0, 11, 30, 'Cheque', 100000, 16, 1, 2, 1, 2, 'Yes'),
(22, 2, 'Ultratech Cement Limited', 'Unit-Birla White', 15, 0, 3, '08832112853', '', 'AAACL6442L', 'AAACL6442LEM034', 0, 11, 30, 'Cheque', 500000, 2, 1, 2, 1, 2, 'Yes'),
(23, 2, 'Ultratech Cement Limited', 'Unit-Sewagram Cement Works', 38, 0, 3, '24131300430', '', 'AAACL6442L', 'AAACL6442LEM182', 0, 11, 30, 'Cheque', 100000, 26, 1, 2, 1, 2, 'Yes'),
(24, 2, 'Ultratech Cement Limited', 'Unit-Bathinda Cement Works', 39, 0, 3, '03231021288', '', 'AAACL6442L', 'AAACL6442LEM021', 0, 11, 30, 'Cheque', 100000, 27, 1, 2, 1, 2, 'Yes'),
(25, 2, 'Ultratech Cement Limited', 'Unit-Awarpur Cement Works', 40, 0, 3, '27710299627', '', 'AAACL6442L', 'AAACL6442LXM005', 0, 11, 30, 'Cheque', 100000, 27, 1, 2, 1, 2, 'Yes'),
(26, 2, 'Ultratech Cement Limited', 'Unit-Kotputli Cement Works', 14, 0, 3, '08832112853', '', 'AAACL6442L', 'AAACL6442LEM032', 0, 15, 30, 'Cheque', 500000, 1, 1, 2, 1, 2, 'Yes'),
(29, 8, 'Shree Cement Limited', 'Unit -RAS', 16, 0, 3, '08530101044', '', 'AACCS8796G', 'AACCS8796GXM003', 0, 11, 30, 'Cheque', 500000, 7, 1, 2, 1, 2, 'Yes'),
(30, 8, 'Shree Raipur Cement Plant', 'Unit-Shree Cement Ltd', 9, 0, 3, '22851308675', '', 'AACCS8796G', 'AACCS8796GEM011', 0, 11, 30, 'Cheque', 100000, 27, 1, 2, 1, 2, 'Yes'),
(31, 8, 'Shree Cement Unit Panipat', 'Panipat', 41, 0, 3, '06021913366', '', 'AACCS8796G', 'AACCS8796GEM016', 0, 11, 30, 'Cheque', 100000, 1, 1, 2, 1, 2, 'Yes'),
(32, 5, 'RSWM Limited', 'Power Plant', 17, 0, 2, '08041001037', '', 'AAACR9700M', 'AAACR9700MXM003', 0, 11, 30, 'Cheque', 100000, 12, 1, 2, 1, 2, 'Yes'),
(33, 5, 'RSWM Limited', 'Unit:-LNJ Denim', 17, 0, 2, '08041001037', '', 'AAACR9700M', 'AAACR9700MXM003', 0, 11, 30, 'Cheque', 100000, 12, 1, 2, 1, 2, 'Yes'),
(34, 5, 'RSWM Limited', 'Unit-Rishabhdev', 1, 0, 2, '08041001037', '', 'AAACR9700M', 'AAACR9700MXM002', 0, 11, 30, 'Cheque', 100000, 28, 1, 2, 1, 2, 'Yes'),
(35, 1, 'Cavendish Industries Limited', 'CIL', 37, 0, 4, '05015370839', '', 'AAFCC8999J', 'AAFCC8999JSD002', 0, 7, 30, 'Cheque', 50000, 3, 1, 2, 1, 2, 'Yes'),
(36, 5, 'BMD Pvt Ltd', 'BMD ', 17, 0, 2, '08671003940', '', 'AABCB2235N', 'AABCB2235NXM001', 0, 11, 30, 'Cheque', 150000, 12, 1, 2, 1, 2, 'Yes'),
(37, 1, 'Ginni international Ltd.', 'GIL', 42, 0, 2, '08570700482', '', 'AAACG0182E', 'AAACG0182EXM001', 0, 15, 15, 'Cheque', 100000, 3, 1, 2, 1, 2, 'Yes'),
(38, 10, 'Shriram Fertilisers & Chemicals', 'Shriram Fertilisers & Chemicals', 13, 0, 4, '08452101422', '', 'AAACD0097R', 'AAACD0097RST007', 0, 15, 30, 'NEFT', 50000, 15, 1, 2, 1, 2, 'Yes'),
(40, 1, 'Maharaja Shree Umaid Mills Ltd', 'Maharaja Shree Umaid Mills Ltd', 16, 0, 2, '08613251269', '', 'AABCM1849B', 'AABCM1849BXM001', 0, 4, 30, 'Cheque', 100000, 22, 1, 2, 1, 2, 'Yes'),
(41, 1, 'Banawara Syntex Limited', 'Unit BTM', 17, 0, 2, '08203750996', '', 'AAACB8403F', 'AAACB8403FXM001', 0, 11, 30, 'Cheque', 100000, 12, 1, 2, 1, 2, 'Yes'),
(42, 13, 'Udaipur Cement Works Ltd', 'Unit of JK Laxmi Cement', 1, 0, 3, '08134000373', '', 'AAACU8858M', 'AAACU8858MEM001', 0, 15, 30, 'Cheque', 100000, 29, 1, 2, 1, 2, 'Yes'),
(43, 1, 'Neyveli Lignite Corporation Limited', 'NLC', 11, 0, 8, '08351305980', '', 'AAACN1121C', 'AAACN1121CEM011', 0, 11, 45, 'Cheque', 100000, 3, 1, 2, 1, 2, 'Yes'),
(44, 1, 'Wonder Cement Ltd.', 'Unit-Nimbahera', 2, 0, 3, '08400058969', '`', 'AAACW6009L', 'AAACW6009LEM001', 0, 15, 30, 'Cheque', 100000, 15, 1, 2, 1, 2, 'Yes'),
(45, 6, 'Sangam (India) Limited', 'Sangam India', 5, 0, 2, '08111002405', '', 'AACC0486K', 'AACC0486KXM001', 0, 15, 30, 'Cheque', 100000, 7, 1, 2, 1, 2, 'Yes'),
(46, 5, 'RSWM Limited', 'Unit-Gulabpura', 5, 0, 2, '08041001037', '', 'AAACR9700M', 'AAACR9700MXM002', 0, 12, 30, 'Cheque', 100000, 2, 1, 2, 1, 2, 'Yes'),
(47, 1, 'Nuvoco Vistas Corp. Ltd. ', 'NVCL(Lafarge) ', 2, 0, 3, '08392113289', '', 'AAACL4159L', 'AAACL4159LEM006', 0, 15, 30, 'NEFT', 100000, 7, 1, 2, 1, 2, 'Yes'),
(48, 1, 'Jindal Saw Ltd.', 'Jindal Saw Ltd.', 5, 0, 1, '08044052269', '', 'AABCS7280C', 'AABCS7280CEM018', 0, 15, 30, 'Cheque', 100000, 7, 1, 2, 1, 2, 'Yes'),
(49, 1, 'Kalisindh Thermal Power Project ', 'KTPP-RRVUNL', 30, 0, 8, '08332105465', '', '', '', 0, 15, 30, 'Cheque', 100000, 15, 1, 2, 1, 2, 'Yes'),
(50, 1, 'Chhabra Thermal Power Project', 'CTPS-RRVUNL', 19, 0, 8, '08332105465', '', '', '', 0, 12, 30, 'Cheque', 100000, 15, 1, 2, 1, 2, 'Yes'),
(51, 1, 'Parle Biscuit Pvt. Ltd. ', 'Parle Biscuit Pvt. Ltd. ', 42, 0, 7, '08440700796', '', 'AAACP0485D', 'AAACP0485DXM001', 0, 15, 30, 'Cheque', 100000, 27, 1, 2, 1, 2, 'Yes'),
(52, 1, 'United Spirits Limited ', 'Unit- Alwar', 42, 0, 6, '08432101045', '', '', '', 0, 15, 30, 'Cheque', 100000, 1, 1, 2, 1, 2, 'Yes'),
(53, 1, 'United Spirits Ltd.', 'Unit- Udaipur', 1, 0, 6, '08432101045', '', '', '', 0, 15, 30, 'Cheque', 100000, 29, 1, 2, 1, 2, 'Yes'),
(54, 1, 'Balkrishna Industries Ltd.', 'Unit-Chopanki', 42, 0, 7, '08470852051', '', 'AAACB3333J', 'AAACB3333JXM011', 0, 15, 30, 'Cheque', 100000, 1, 1, 2, 1, 2, 'Yes'),
(55, 1, 'Balkrishna Industries Ltd.', 'Unit-Bhiwadi', 42, 0, 7, '05470852051', '', 'AAACB3333J', 'AAACB3333JXM012', 0, 15, 30, 'Cheque', 100000, 1, 1, 2, 1, 2, 'Yes'),
(56, 1, 'Sabmiller India Ltd.', 'Unit-Rochees Breweries', 42, 0, 6, '08743900079', '', 'AAICS2238R', 'AAICS2238R', 0, 15, 30, 'Cheque', 100000, 3, 1, 2, 1, 2, 'Yes'),
(57, 10, 'Shriram Axiall', 'Shriram Axiall', 13, 0, 4, '08762960623', '', 'AAMCS7912E', 'AAMCS7912EEM001', 0, 15, 30, 'Cheque', 100000, 15, 1, 2, 1, 2, 'Yes'),
(58, 1, 'J K Tyre & Industries Ltd.', 'J K Tyre & Industries Ltd.', 4, 0, 7, '08851250124', '', 'AAACJ6716F', 'AAACJ6716FXM003', 0, 15, 30, 'Cheque', 100000, 3, 1, 2, 1, 2, 'Yes'),
(59, 1, 'Sanjeev Traders', 'Sanjeev Traders', 5, 0, 10, '08421004320', '', '', '', 0, 15, 30, 'Cheque', 100000, 7, 1, 2, 1, 2, 'Yes'),
(60, 1, 'Birla Corporation Limited', 'Unit-Birla cement Works', 2, 0, 3, '08761103461', '', 'AABCB2075J', 'AABCB2075JXM011', 0, 15, 30, 'Cheque', 100000, 7, 1, 2, 1, 2, 'Yes'),
(61, 1, 'Chambal Fertilisers And Chemicals Limited', 'CFCL', 13, 0, 4, '08222951511', '', 'AAACC9762A', 'AAACC9762AXM002', 0, 15, 30, 'Cheque', 100000, 15, 1, 2, 1, 2, 'Yes'),
(62, 1, 'Lucid Colloid Ltd.', 'Lucid Colloid Ltd.', 15, 0, 7, '08692652832', '', 'AAACL2673B', 'AAACL2673BXM001', 0, 11, 30, 'Cheque', 100000, 2, 1, 2, 1, 2, 'Yes'),
(63, 1, 'Kota Super Thermal Power Plant ', 'KSTPS-RRVUNL', 13, 0, 8, '08332105465', '', '', '', 0, 12, 30, 'Cheque', 100000, 15, 1, 2, 1, 2, 'Yes'),
(64, 1, 'United Breweries Limited', 'Unit- Chopanki', 42, 0, 6, '08040583694', '', '', '', 0, 15, 30, 'Cheque', 100000, 1, 1, 2, 1, 2, 'Yes'),
(65, 1, 'Carlsberg India Pvt. Ltd.', 'CIPL', 42, 0, 6, '08020605967', '', 'AAJCS8454J', '', 0, 15, 30, 'Cheque', 100000, 3, 1, 2, 1, 2, 'Yes'),
(66, 5, 'RSWM Limited', 'Unit- Mandpam', 5, 0, 2, '08041001037', '', 'AAACR9700M', 'AAACR9700MXM001', 0, 15, 30, 'Cheque', 100000, 7, 1, 2, 1, 2, 'Yes'),
(67, 1, 'H.S. Engineering & Marketing', 'HSEM', 43, 0, 10, '27640135784', '', 'AAEHV9693L', '', 0, 7, 30, 'Cheque', 100000, 10, 1, 2, 1, 2, 'Yes'),
(68, 1, 'Suratgarh Super thermal Power Station', 'SSTPS-RRVUNL', 26, 0, 8, '08332105465', '', 'AABCR7436B', '', 0, 18, 30, 'NEFT', 1000000, 1, 1, 2, 1, 2, 'Yes'),
(69, 1, 'United Breweries Ltd-Dharuhera', 'Unit-Dharuhera', 44, 0, 6, '06482703178', '', '', '', 0, 15, 30, 'Cheque', 100000, 3, 1, 2, 1, 2, 'Yes'),
(70, 1, 'Honda Cars India Pvt. Ltd.', 'HCIPL', 42, 0, 5, '0828054435', '', 'AAACH1765Q', 'AAACH1765QXM002', 0, 15, 30, 'Cheque', 100000, 3, 1, 2, 1, 2, 'Yes'),
(71, 1, 'Wasser Technochem (India) Ltd.', 'WTIL', 18, 0, 10, '08810002823', '', 'ACGPM7046L', 'ACGPM7046LXD001', 0, 15, 30, 'Cheque', 100000, 7, 1, 2, 1, 2, 'Yes'),
(72, 1, 'Bhavik Terryfab', 'Unit of KG Petrochem Limited', 14, 0, 2, '08511659554', '', 'AAACK7052R', 'AAACK7052RXM002', 0, 15, 30, 'Cheque', 100000, 1, 1, 2, 1, 2, 'Yes'),
(73, 1, 'Rajasthan Liquors Ltd', 'Rajasthan Liquors Ltd', 14, 0, 6, '08591757383', '', '', '', 0, 15, 30, 'Cheque', 100000, 1, 1, 2, 1, 2, 'Yes'),
(74, 1, 'Varun Beverages Ltd.', 'Chopanki', 42, 0, 6, '08621650618', '', 'AAACV2678L', 'AAACV2678LXM005', 0, 15, 30, 'Cheque', 100000, 3, 1, 2, 1, 2, 'Yes'),
(75, 1, 'Nissin Brake India Pvt. Ltd.', 'Nissin Brake India Pvt. Ltd.', 42, 0, 5, '08880702699', '', 'AACCN3633K', 'AACCN3633KXM001', 0, 15, 30, 'Cheque', 100000, 1, 1, 2, 1, 2, 'Yes'),
(76, 1, 'Saint Gobain Glass India Ltd.', 'Saint Gobain Glass India Ltd.', 42, 0, 7, '08710855314', '', 'AABCS4338M', 'AABCS4338MEM007', 0, 15, 30, 'Cheque', 100000, 3, 1, 2, 1, 2, 'Yes'),
(77, 1, 'Kajaria Ceramics Ltd.', 'KCL', 42, 0, 7, '08930850925', '', 'AABCK1613R', 'AABCK1613RXM001', 0, 15, 30, 'Cheque', 100000, 1, 1, 2, 1, 2, 'Yes'),
(78, 7, 'Adani Wilmar Ltd.', 'Unit- Alwar', 42, 0, 12, '08592105419', '', 'AABCA8056G', '', 0, 15, 30, 'Cheque', 100000, 1, 1, 2, 1, 2, 'Yes'),
(79, 1, 'Jaquar & Company Pvt. Ltd.', 'Unit-Bhiwadi', 42, 0, 7, '08320852279', '', 'AAACJ2324F', 'AAACJ2324FXM003', 0, 15, 30, 'Cheque', 100000, 1, 1, 2, 1, 2, 'Yes'),
(80, 1, 'Siegwerk India Pvt. Ltd.', 'Siegwerk India Pvt. Ltd.', 42, 0, 7, '08330853777', '', 'AAACG4845N', 'AAACG4845NXM010', 0, 15, 30, 'Cheque', 100000, 1, 1, 2, 1, 2, 'Yes'),
(81, 1, 'Crystal Chemicals & Engineers', 'CCE', 14, 0, 7, '08041651034', '', 'AFCPS1819Q', '', 0, 15, 30, 'Cheque', 100000, 1, 1, 2, 1, 2, 'Yes'),
(83, 4, 'Hindustan Zinc Ltd', 'Rampura Agucha Mines', 5, 0, 1, '08053901768', '', 'AAACH7354K', 'AAACH7354KXM002', 0, 11, 30, 'NEFT', 1000000, 7, 1, 2, 1, 2, 'Yes'),
(84, 1, 'Dabur India Limited-Alwar Unit', 'Unit-Alwar', 42, 0, 6, '08720600732', '', 'AAACD0474C', 'AAACD0474CXM008', 0, 15, 30, 'Cheque', 100000, 3, 1, 2, 1, 2, 'Yes'),
(85, 1, 'Sika India Pvt. Ltd.', 'Sika India Pvt. Ltd.', 14, 0, 5, '08152105370', '', 'AAECS1119F', '', 0, 15, 30, 'Cheque', 100000, 1, 1, 2, 1, 2, 'Yes'),
(86, 1, 'Nachi Technology India Pvt Ltd ', 'Nachi Technology India Pvt Ltd ', 42, 0, 5, '08200704420', '', 'AADCN9030F', 'AADCN9030FEM001', 0, 15, 25, 'Cheque', 100000, 3, 1, 2, 1, 2, 'Yes'),
(88, 1, 'J.K White Cement Works ', 'Unit of JK Cement Ltd. ', 33, 0, 3, '08841152305', '', 'AABCJ0355R', 'AABCJ0355RXM001', 0, 11, 25, 'NEFT', 100000, 2, 1, 2, 1, 2, 'Yes'),
(89, 1, 'Ajanta Polymer Pvt Ltd', 'APPL', 42, 0, 4, '08360607429', '', 'AAHCA6181G', 'AAHCA6181GEM001', 0, 15, 30, 'Cheque', 100000, 1, 1, 2, 1, 2, 'Yes'),
(90, 1, 'Daikin Airconditioning India Pvt. Ltd. ', 'DAIPL', 42, 0, 7, '8452105399', '', 'AABCD0971F', 'AABCD0971FXM001', 0, 15, 30, 'Cheque', 100000, 3, 1, 2, 1, 2, 'Yes'),
(91, 1, 'Vintage Distillers Ltd.', 'Vintage Distillers Ltd.', 42, 0, 6, '08440600401', '', 'AAACV2120K', '', 0, 15, 30, 'Cheque', 100000, 1, 1, 2, 1, 2, 'Yes'),
(92, 14, 'Rajshree Pulp And Board Mills Pvt. Ltd.', 'Rajshree Pulp And Board Mills Pvt. Ltd.', 14, 0, 7, '08022253512', '', 'AACCR7812G', 'AACCR7812GXM001', 0, 15, 30, 'Cheque', 100000, 1, 1, 2, 1, 2, 'Yes'),
(93, 1, 'Sodexo Food Solution India Pvt. Ltd', '(Jodhpur)', 15, 0, 6, '08222551677', '', 'AAACR2547Q', '', 0, 4, 0, 'NEFT', 0, 2, 1, 2, 1, 2, 'Yes'),
(94, 1, 'A H Corporation', 'A H Corporation', 1, 0, 10, '08184003789', '', 'AEDPH2393N', '', 0, 11, 7, 'Cheque', 50000, 29, 1, 2, 1, 2, 'Yes'),
(95, 4, 'Hindustan Zinc Ltd', 'Hydro -I ,Unit II', 2, 0, 1, '08053901768', '', 'AAACH7354K', 'AAACH7354KXM005', 0, 11, 30, 'NEFT', 100000, 7, 1, 2, 1, 2, 'Yes'),
(96, 15, 'RSPL Limited', 'RSPL Limited- Sagar Unit', 46, 0, 11, '23157504482', '', 'AADCS7820A', 'AADCS7820AXM026', 0, 15, 0, 'NEFT', 100000, 1, 1, 2, 1, 2, 'Yes'),
(97, 1, 'Rajasthan Rajya Vidhyut Utpadan Ltd', '(Banswara)', 17, 0, 8, '08332105465', '', '', '', 0, 11, 30, 'Cheque', 1000000, 12, 1, 2, 1, 2, 'Yes'),
(98, 7, 'Adani Wilmar Ltd.', 'Unit-Bundi', 21, 0, 12, '08592105419', '', 'AABCA8056G', 'AABCA8056GXM004', 0, 15, 30, 'Cheque', 100000, 15, 1, 2, 1, 2, 'Yes'),
(101, 1, 'Advantage Oils Pvt. Ltd.', 'AOPL', 21, 0, 12, '08512807355', '', 'AAMCA0464H', '', 0, 15, 30, 'Cheque', 100000, 15, 1, 2, 1, 2, 'Yes'),
(102, 0, 'Mahesh Edible Oil Industries Ltd.', 'Mahesh Edible Oil Industries Ltd.', 13, 0, 12, '08342909638', '', '', '', 0, 15, 30, 'Cheque', 100000, 15, 1, 2, 1, 2, 'Yes'),
(103, 1, 'ACC Limited', 'Unit-Lakheri Cement  Works', 21, 0, 3, '08252801090', '', 'AAACT1507C', 'AAACT1507CXM013', 0, 15, 30, 'Cheque', 100000, 15, 1, 2, 1, 2, 'Yes'),
(104, 1, 'Ruchi Soya Industries Ltd.', 'Ruchi Soya Industries Ltd.', 26, 0, 12, '08071606834', '', 'AAACR2892L', 'AAACR2892LEM012', 0, 15, 30, 'Cheque', 100000, 1, 1, 2, 1, 2, 'Yes'),
(105, 1, 'K.S.Oils Limited', 'K.S.Oils Limited', 13, 0, 12, '08052558803', '', '', '', 0, 15, 30, 'Cheque', 100000, 15, 1, 2, 1, 2, 'Yes'),
(106, 1, 'Khilari Infrastructure Pvt. Ltd.', 'KIPL', 1, 0, 10, '08123965604', '', 'AAFCA9143A', '', 0, 15, 30, 'Cheque', 100000, 29, 1, 2, 1, 2, 'Yes'),
(107, 10, 'Shriram Cement Works ', 'Shriram Cement Works ', 13, 0, 3, '08452101422', '', 'AAAC0097R', 'AAAC0097RXM003', 0, 15, 30, 'Cheque', 100000, 15, 1, 2, 1, 2, 'Yes'),
(108, 1, 'KEI Industries Limited ', 'Kei Industries Limited', 42, 0, 13, '08600850088', '', 'AAACK0251C', 'AAACK0251CXM004', 0, 15, 30, 'Cheque', 100000, 1, 1, 2, 1, 2, 'Yes'),
(109, 1, 'Juneja Wires Pvt. Ltd.', 'Juneja Wires Pvt. Ltd.', 14, 0, 13, '8552162089', '', 'AABCJ9179M', '', 0, 15, 30, 'Cheque', 100000, 1, 1, 2, 1, 2, 'Yes'),
(110, 8, 'Shree Cement Ltd.,', '(Khushkhera Cement Grinding Project)', 42, 0, 3, '08530101044', '', 'AACCS8796G', 'AACCS8796GXM004', 0, 11, 30, 'Cheque', 20000, 1, 1, 2, 1, 2, 'Yes'),
(111, 1, 'Cattle Feed Plant ', '(A Unit of Rajasthan Dairy Federation Limited)', 20, 0, 6, '08890752007', '', '', '', 0, 15, 30, 'Cheque', 100000, 1, 1, 2, 1, 2, 'Yes'),
(112, 1, 'Sigma Electric Mfg Corp (P) Ltd.', 'SEMCPL', 14, 0, 13, '08161665712', '', 'AADCS9493H', 'AADCS9493HXM004', 0, 15, 30, 'Cheque', 100000, 1, 1, 2, 1, 2, 'Yes'),
(114, 8, 'Shree Cement Limited', '(Shree Mega Power)', 3, 0, 3, '08530101044', '', 'AACCS8796G', 'AACCS8796GXM001', 0, 11, 30, 'Cheque', 200000, 7, 1, 2, 1, 2, 'Yes'),
(115, 1, 'Raj West Power Limited', 'RWPL', 12, 0, 8, '08771763589', '', 'AAACR8812L', 'AAACR8812LEM001', 0, 4, 30, 'NEFT', 100000, 2, 1, 2, 1, 2, 'Yes'),
(116, 0, 'Heavy Water Project Stores', 'Stores Unit', 13, 0, 8, '08591101081', '', '', '', 0, 11, 30, 'Cheque', 100000, 15, 1, 2, 1, 2, 'Yes'),
(117, 1, 'G.D. Foods Mfg.(I) Pvt. Ltd.', 'G.D. Industrial', 42, 0, 6, '08120700972', '', '', '', 0, 15, 30, 'Cheque', 100000, 1, 1, 2, 1, 2, 'Yes'),
(118, 1, 'Jai Maaa Sagra Construction ', 'JMSC', 2, 0, 7, '08271105525', '', 'AHYPJ6824A', '', 0, 11, 30, 'Cheque', 100000, 7, 1, 2, 1, 2, 'Yes'),
(119, 1, 'Mark Splendour Nonwovens (P) Limited', 'MSNPL', 42, 0, 10, '08920853889', '', 'AAECM4716A', 'AAECM4716AXM001', 0, 15, 30, 'Cheque', 100000, 3, 1, 2, 1, 2, 'Yes'),
(120, 1, 'Binani Cement Ltd.', 'BCL', 7, 0, 3, '08763301287', '', 'AABCB3087C', 'AABCB3087CXM001', 0, 15, 30, 'Cheque', 100000, 29, 1, 2, 1, 2, 'Yes'),
(121, 1, 'Bestex MM India Pvt. Ltd. ', 'BIPL', 42, 0, 7, '08714200068', '', 'AACCB8837H', 'AACCB8837HXM001', 0, 15, 30, 'Cheque', 100000, 1, 1, 2, 1, 2, 'Yes'),
(122, 1, 'Taya Ceramics Pvt. Ltd. ', 'TCPL', 1, 0, 7, '08703952772', '', 'AACCT5454E', '', 0, 11, 30, 'Cheque', 100000, 29, 1, 2, 1, 2, 'Yes'),
(123, 1, 'PI Industries Ltd.', 'PI', 1, 0, 7, '08613951706', '', 'AABCP2183M', 'AABCP2183MXM001', 0, 4, 30, 'Cheque', 100000, 29, 1, 2, 1, 2, 'Yes'),
(124, 1, 'Ronak Processors Pvt.Ltd', 'RPPL', 5, 0, 2, '08761004618', '', '', '', 0, 15, 30, 'Cheque', 100000, 7, 1, 2, 1, 2, 'Yes'),
(125, 1, 'Fateh Enviro Engineers Pvt Ltd', 'FEPL', 12, 0, 7, '08932406320', '', 'AACCF4379G', '', 0, 4, 0, 'NEFT', 100000, 23, 1, 2, 1, 1, 'Yes'),
(126, 0, 'Reliance Chemotex Industries Limited', 'RCIL', 1, 0, 2, '08253904471', '', 'AABCR3739H', 'AABCR3739HXM001', 0, 4, 7, 'Cheque', 100000, 29, 1, 2, 1, 2, 'Yes'),
(127, 1, 'Tripple Star Agri Pvt. Ltd.', 'TSAPL', 23, 0, 7, '08434352124', '', 'AADCT8301M', '', 0, 15, 0, 'Cheque', 100000, 32, 1, 2, 1, 2, 'Yes'),
(128, 1, 'JCT Limited', 'Integrated Textile Solutions   ', 49, 0, 2, '', '', '', '', 0, 15, 0, 'NEFT', 0, 3, 1, 2, 1, 2, 'Yes'),
(129, 1, 'Otsuka Chemical (India) Pvt. Ltd.', 'Otsuka Chemical (India) Pvt. Ltd.', 14, 0, 4, '08442190619', '', 'AAACO8042K', '', 0, 15, 7, 'Cheque', 25000, 1, 1, 2, 1, 2, 'Yes'),
(130, 1, 'China Coal No 5 Construction India Pvt. ltd.', 'CCCIL', 4, 0, 7, '08821262799', '', 'AAECC5646F', '', 0, 11, 0, 'Cheque', 100000, 29, 1, 2, 1, 2, 'Yes'),
(132, 5, 'RSWM Ltd. ', 'Unit - Ringas', 35, 0, 2, '08041001037', '', 'AAACR9700M', 'AAACR9700MXM010', 0, 15, 20, 'NEFT', 100000, 3, 1, 2, 1, 2, 'Yes'),
(134, 5, 'RSWM Limited Lodha', 'Lodha Unit', 17, 0, 2, '08041001037', '', 'AAACR9700M', 'AAACR9700MXM003', 0, 11, 30, 'Cheque', 100000, 12, 1, 2, 1, 2, 'Yes'),
(135, 1, 'Havells India Limited', 'HIL(Cable Division)', 42, 0, 13, '', '', '', '', 0, 15, 30, 'NEFT', 100000, 1, 1, 2, 1, 2, 'Yes'),
(136, 1, 'Shree Radhey Krishna Enterprise', 'SRKE', 14, 0, 10, '', '', '', '', 0, 15, 30, 'Cheque', 100000, 1, 1, 2, 1, 2, 'Yes'),
(137, 1, 'Asia Industrial Textile Co. Ltd.', 'AITCL- Kota', 13, 0, 2, '', '', '', '', 0, 15, 30, 'NEFT', 100000, 7, 1, 2, 1, 2, 'Yes'),
(138, 1, 'Jindal Aluminium Limited', 'Rolling Mill Division ', 51, 0, 1, '', '', '', '', 0, 15, 0, 'NEFT', 0, 3, 1, 2, 1, 2, 'Yes'),
(139, 10, 'Shriram Vinyl & Chemical Industries', 'A Division of DCM Shriram Ltd.', 13, 0, 4, '08445210422', '', 'AAACD0097R', 'AAACD0097RST007', 0, 15, 0, 'NEFT', 0, 15, 1, 2, 1, 2, 'No'),
(140, 1, 'Prem Sakhi Fertilizers Ltd', 'PSFL', 1, 0, 4, '08463953680', '', '', '', 0, 4, 7, 'Cheque', 100000, 29, 1, 2, 1, 2, 'Yes'),
(141, 1, 'Shree Ganesh Electricals', 'SGE', 1, 0, 7, '', '', '', '', 0, 4, 0, 'Cheque', 100000, 29, 1, 2, 1, 2, 'Yes'),
(142, 1, 'Shri Shyam Enterprises ', 'SSE', 42, 0, 10, '08570706302', '', 'ACVFS1928E', '', 0, 15, 0, 'NEFT', 0, 6, 1, 2, 1, 2, 'Yes'),
(143, 13, 'JK Lakshmi Cement Limited', 'JLC- Kalol Unit', 8, 0, 3, '', '', '', '', 0, 15, 30, 'NEFT', 0, 1, 1, 2, 1, 2, 'No'),
(144, 1, 'Asian Colour Coated Ispat Ltd.', 'ACCIL-Bawal', 44, 0, 5, '', '', '', '', 0, 15, 0, 'NEFT', 0, 3, 1, 2, 1, 2, 'Yes'),
(145, 1, 'Reliant Drilling Ltd.', 'Reliant Drilling Ltd.', 4, 0, 1, '08891262421', '', 'AAGCR1560F', '', 0, 11, 0, 'NEFT', 0, 16, 1, 2, 1, 2, 'Yes'),
(146, 1, 'Therachem Research Medilab (india) Pvt. Ltd.', 'TRM- Jaipur', 14, 0, 4, '', '', '', '', 0, 15, 0, 'NEFT', 0, 1, 1, 2, 1, 2, 'Yes'),
(147, 1, 'Ahimsa Technical Services', ' Ion Exchange Customer Care Center ', 13, 0, 10, '', '', '', '', 0, 15, 0, 'Cheque', 0, 15, 1, 2, 1, 2, 'Yes'),
(148, 15, 'RSPL Limited', 'RSPL Limited- Bhognipur Unit', 46, 0, 11, '09645600217', '', 'AADCS7820A', 'AADCS7820AXM007', 0, 15, 0, 'NEFT', 100000, 1, 1, 2, 1, 2, 'Yes'),
(149, 1, 'SPX Flow Technology ( India) Private Limited', 'Johnson pump ( India) Private Limited', 8, 0, 7, '', '', '', '', 0, 15, 0, 'NEFT', 0, 9, 1, 2, 1, 2, 'Yes'),
(151, 15, 'RSPL Limited', 'RSPL Limited- Alwar Unit', 42, 0, 11, '0859002598', '', 'AADCS7820A', 'AADCS7820AXM015', 0, 15, 0, 'NEFT', 0, 3, 1, 2, 1, 2, 'Yes'),
(152, 1, 'Chetak Mall', 'Chetak Mall', 1, 0, 7, '', '', '', '', 0, 11, 0, 'Cheque', 200000, 29, 1, 2, 1, 2, 'Yes'),
(153, 1, 'J.K Cement Works, Muddapur', 'Unit:J. K Cement Ltd.', 6, 0, 3, '29550727452', '', 'AABCJ0355R', 'AABCJ0355RXM006', 0, 15, 30, 'NEFT', 100000, 11, 1, 2, 1, 2, 'Yes');

-- --------------------------------------------------------

--
-- Table structure for table `customer_address`
--

CREATE TABLE IF NOT EXISTS `customer_address` (
  `id` int(11) NOT NULL AUTO_INCREMENT,
  `customer_id` int(11) NOT NULL,
  `address` text NOT NULL,
  `district_id` int(10) NOT NULL,
  `telephone` varchar(20) NOT NULL,
  `mobile` varchar(10) NOT NULL,
  `transporter_id` int(10) NOT NULL,
  `default_address` tinyint(1) NOT NULL DEFAULT '0',
  PRIMARY KEY (`id`)
) ENGINE=InnoDB  DEFAULT CHARSET=utf8 AUTO_INCREMENT=469 ;

--
-- Dumping data for table `customer_address`
--

INSERT INTO `customer_address` (`id`, `customer_id`, `address`, `district_id`, `telephone`, `mobile`, `transporter_id`, `default_address`) VALUES
(8, 5, '(Formerly Indo Zinc Ltd)\r\n(A Subsidiary of The India Cements Ltd)\r\nPost Wajwana\r\nBanswara -327025', 17, '', '', 1, 1),
(71, 39, 'Kailash Nagar, Nimbahera-312617\r\nDistt-Chittorgarh,(Rajasthan)\r\nContact no.-01477220205\r\n', 2, '', '', 7, 1),
(73, 10, 'Sutlej Textiles and Industries Limited\r\nUnit-Rajasthan Textile Mills, \r\nPachpahar Road Bhawanimandi-326502 Distt: Jhalawar', 30, '', '', 3, 1),
(78, 40, 'Pali-Marwar-306401\r\nRajastahn', 16, '', '', 0, 1),
(84, 6, 'Unit: Vikram Cement Works\r\nKHOR, Tehsil: Jawad \r\nNeemuch (MP)-458470', 10, '', '', 14, 1),
(86, 23, 'Unit-Sewagram Cement Works\r\nVillage Vayor , Taluka Abdasa\r\nDist.-Kutch-370511', 38, '', '', 6, 1),
(87, 24, 'Unit-Bathinda Cement Works\r\nLehra Mohabbat, \r\nRampurphul\r\nBathinda (Punjab) - 151111', 39, '', '', 6, 1),
(88, 25, 'Unit-Awarpur Cement Works\r\nP.O. Awarpur\r\nTal :Korpana\r\nDist. Chandrapur \r\nMaharastra -442917', 40, '', '', 6, 1),
(99, 21, 'CPP Zawar Mines\r\nZawar Mines\r\nDist. Udaipur', 1, '', '', 16, 1),
(101, 33, 'Unit:-LNJ Denim\r\nPost Box No 28\r\nLNJ Nagar Mordi\r\nBanswara-327001 (Raj.)', 17, '', '', 6, 1),
(106, 4, 'Bangur Nagar \r\nPost Box no 33\r\nBeawar; 305901', 3, '', '', 6, 1),
(108, 43, '25, Rajasthan Project\r\nA.O. Building Barsingsar-334402\r\nBikaner (Raj.)', 11, '', '', 6, 1),
(130, 34, 'Unit-Rishabhdev\r\nPost ;- Rishabhdev 313802\r\nDist. Udaipur (Raj.)\r\n', 1, '', '', 6, 1),
(136, 48, 'Jindal Saw Ltd. \r\nAraji No. 9697/6711,\r\nNear Tiranga Hills, \r\nVill- PUR, Tehsil- Bhilwara\r\n311802(Raj.)', 5, '', '', 7, 1),
(141, 58, 'J K Tyre & Industries Ltd.\r\nJaykaygram, PO-Tyre Factory,\r\nKankroli-313342(Raj)', 4, '', '', 0, 1),
(151, 46, 'RSWM Limited, \r\nKharigram, \r\nP.O. Gulabpura.', 5, '', '', 6, 1),
(157, 63, 'Kota Super Thermal Power Plant,\r\nRajsthan Rajya Vidyut Utpadan Nigam Limited,\r\nSakatpura, Kota-313003', 13, '', '', 7, 1),
(173, 82, 'Rampura Agucha Mines ,\r\nPO Agucha Dist. Bhilwara - 311029', 5, '', '', 0, 0),
(181, 87, 'P.O Gotan ,Dist. Nagaur- 342 902 Rajasthan ', 33, '', '', 0, 0),
(182, 88, 'P.O Gotan ,Dist. Nagaur- 342 902 Rajasthan ', 33, '', '', 0, 1),
(191, 93, 'C-17,Panchwati Colony\r\nNear Bhaskar Circle,\r\nRatanada , Jodhpur -342001', 15, '', '', 0, 1),
(201, 59, '7J 4,RC Vyas Colony,\r\nBhilwara', 5, '', '', 7, 1),
(205, 15, '(Unit of J.K. Cement Ltd.)\r\nKailash nagar \r\nNimbahera - 312617', 2, '', '', 7, 1),
(214, 95, 'Hydro -I ,Unit II\r\nChanderai Lead Zinc Smelter,\r\nChittorgarh-312021', 2, '', '', 6, 1),
(215, 97, 'The Executive Engineer ( O&M/Ph-I)\r\nGeneration Circle,Vidhyut nagar\r\nBanswara-327001', 17, '', '', 0, 1),
(217, 32, 'Power Plant\r\nLNJ Nagar\r\nVillage :Mordi\r\nBanswara-327001 (Raj.)', 17, '', '', 6, 1),
(221, 100, 'NH-12, Ramganj Balaji, Bundi, Rajasthan-323001', 21, '', '', 0, 1),
(223, 102, 'Kathori, Kota (Raj.)', 13, '', '', 0, 1),
(226, 104, 'A-69-70, RICCO Industrial Area Sriganganagar-335002', 26, '', '', 0, 1),
(227, 105, 'Jiwaji Ganj, Morena (M.P.)', 48, '', '', 0, 0),
(228, 105, 'Industrial Area, A.B. Road, Morena (M.P.)', 48, '', '', 0, 0),
(229, 105, 'Baran Road, Village-Tathed, Ditt- Kota, ', 13, '', '', 0, 1),
(231, 107, 'Shriram Nagar, Kota-324004', 13, '', '', 0, 1),
(232, 57, '(Division of DCM Shriram Ltd.)\r\nShriram Nagar, Kota-324004', 13, '', '', 7, 1),
(237, 109, 'G-1017-1018, Phase-III,\r\nSitapura Industrial Area,\r\nTonk Road, Jaipur-302022', 14, '', '', 0, 1),
(241, 73, 'Room 2 & 57th Floor,\r\nRaghukul Tower, \r\nKhatipura Mod , Srisi Road,\r\nJaipur-302021', 14, '', '', 7, 1),
(242, 85, 'A-127 RIICO Indusrial Area,\r\nManda, Kala Dera, Sikar\r\nRoad, Chomu,\r\nJaipur-3037121', 14, '', '', 7, 1),
(244, 92, '(Dalmia Group Of Companies)\r\nA-129 (N-1), Road No. 9-D, \r\nV.K.I. Area, Jaipur-302013', 14, '', '', 7, 1),
(245, 56, 'Unit-Rochees Breweries,\r\nSP 2-3, RICCO Industrial Area, NH-8, Vill-Neemrana,\r\nTehsil- Behror,PIN-301705\r\n', 42, '', '', 7, 1),
(246, 86, 'SP-86, NIC (M), RIICO \r\nIndustrial Area, Phase -II \r\nNeemrana , Alwar-301705, (Raj.) ', 42, '', '', 7, 1),
(248, 75, 'SP-1-33-35, New Industrial Area, Phase-III, Neemrana-301705', 42, '', '', 7, 1),
(249, 76, 'Plot No. SP-1, Kahrani\r\nIndustrial Area, (Bhiwadi\r\nExtension), RICCO Bhiwadi-\r\n301019', 42, '', '', 7, 1),
(251, 80, '7-8 KM Stone, Bhiwadi-\r\nAlwar Road, Khijuriwas (PO), \r\nAlwar (Dist), Bhiwadi, \r\nRajasthan 301018', 42, '', '', 7, 1),
(255, 51, 'Sp 2-4, RIICO Industrial Area, Delhi-Jaipur Highway,\r\nNeemrana, Teh. Behror, Distt- Alwar-301705', 42, '', '', 7, 1),
(256, 49, 'Rajasthan Rajya vidyut Utpadan Nigam Limited,\r\nVill-Undal, Tehsil- Jhalarapatn, Distt-Jhalawar\r\nPIN-326023 ', 30, '', '', 6, 1),
(262, 38, '(A Division of DCM Shriram Cement) Shriram Nagar, Kota-3240004', 13, '', '', 7, 1),
(268, 78, 'S. No. 121/135,\r\n Nr. M.I.A. RIICO  Idustrial Area,\r\nAt-Roondh Dhooninath,\r\nTeh-Ramgarh, \r\nNr. Ashok Leyland-999999\r\nAlwar (Raj)\r\n', 42, '', '', 7, 1),
(269, 98, 'Unit-Bundi\r\nSilor Road, \r\nKota-Jaipur Highway\r\nBundi-323001 (Raj)', 21, '', '', 6, 1),
(270, 101, 'NH-12, Ramganj Balaji, \r\nBundi-323001 (Raj)', 21, '', '', 6, 1),
(279, 108, 'A, 280-284 RIICO \r\nIndustrial Area,\r\nChopanki, Distt-Alwar\r\n301019 (Raj.)', 42, '', '', 6, 1),
(281, 54, 'Unit-Chopanki\r\nA-300-305 & 306-313, \r\nRIICO Industrial Area,\r\nPhase-VIII, Chopanki-301707\r\nAlwar', 42, '', '', 6, 1),
(283, 55, 'Unit-Bhiwadi\r\nSP-923,Phase-III, \r\nRIICO Industrial Area,\r\nBhiwadi-301019\r\nAlwar\r\n', 42, '', '', 6, 1),
(284, 81, 'B-25-26, RIICO Housing Colony\r\nRoad No. 1-D, V.K.I. Area, \r\nJaipur-302013', 14, '', '', 6, 1),
(285, 50, 'Chhabra Thermal Power   Project, \r\nRajasthan Rajya Vidyut Utpadan Nigam Limited,\r\nMotipura Chowki, \r\nBaran -325220  \r\n', 19, '', '', 30, 1),
(286, 61, 'P.O. Gadepan\r\nKota -325208', 13, '', '', 6, 1),
(287, 35, 'Laksar Tyre Plant 2\r\nVill-Khedimubarakpur, \r\nTeh.: Laksar, -247663\r\nHaridwar  (Uttrakhand)', 37, '', '', 6, 1),
(289, 111, '(A unit of Rajasthan Cooperative Dairy Federation Limited)\r\nNadbai, \r\nBhratpur 321602 (Raj.)\r\n', 20, '', '', 6, 1),
(290, 65, 'Plot# SP1 to & B5 to 8 \r\nAgro Park, M.I.A. (Extention )\r\nAlwar-301030 (Raj.)', 42, '', '', 6, 1),
(293, 60, 'Unit- Birla cement works,\r\nChanderia , 302021\r\nChittorgarh', 2, '', '', 6, 1),
(298, 36, 'Post Box No 35\r\nLNJ Nagar , Mordi\r\nBanswara ( Raj)', 17, '', '', 6, 1),
(301, 70, 'SPL 1, Tapukara Industrial\r\nArea, Khuskhera\r\nDistt-Alwar \r\n301707 (Raj.)', 42, '', '', 6, 1),
(302, 84, 'SPC-162, MIA,\r\n Alwar -301030\r\n', 42, '', '', 6, 1),
(303, 90, 'SP2-15 & SP2-24 to SP2-27, \r\nRIICO New Industrial Complex\r\nMajrakath,Neemrana, \r\nAlwar-301705 (Raj.)', 42, '', '', 6, 1),
(304, 79, 'SP-53, RIICO Industrial Area, Bhiwadi-301019,\r\n', 42, '', '', 7, 1),
(306, 77, '19 KM Stone,\r\n Bhiwadi-Alwar Road, \r\nVill-Gailpur \r\nBhiawdi-301707\r\nDistt-Alwar (Raj.)', 42, '', '', 7, 1),
(307, 67, '1003,Magnum Tower, 2nd Cross Lane, Swami Samarth Nagar,\r\n Andheri (W)-400053,\r\nMumbai(Maharashtra)', 43, '', '', 6, 1),
(309, 106, '376, Rukamani Sadan,\r\nNear Alok School, \r\nSector-11, \r\nUdaipur-313001 (Raj.)', 1, '', '', 29, 1),
(313, 16, 'Haridwar Zinc Plant\r\nPlot No 2D-1, Sector 10,\r\nIIE , SIDCUL \r\nHaridwar-249403\r\nUttrakhand', 37, '', '', 6, 1),
(317, 113, 'RSPL Group, Plot No.119-121, Block P&T, Kalpi Road, Fazalganj, Kanpur-208012 (UP)\r\n', 46, '', '', 0, 1),
(318, 113, 'Plot No. 42 to 47, 49 to 54, MPIIDC Growth Center Sector- MP', 47, '', '', 0, 0),
(324, 115, 'Village-Bhadresh\r\nBarmer -344001', 12, '', '', 0, 1),
(325, 116, 'Stores Officer, Stores Unit\r\nP.O. Anushakti, Via Kota Distt. Kota-323303 (Raj.)', 13, '', '', 0, 1),
(326, 117, 'Plot. No. SP 15 & 16,\r\nRIICO Industrial Area , \r\nNeemarana, Distt.: Alwar\r\n301705 (Raj.)', 42, '', '', 0, 1),
(327, 118, 'Vill- Ajoliya Ka Khera, \r\nNear Hindustan Zinc Ltd.,\r\nCLZS Chanderia,\r\nDistt-Chittorgarh\r\n312021 (Raj.) ', 2, '', '', 0, 1),
(328, 119, 'E- 535, Industrial Area,\r\nChopanki, Bhiwadi,\r\nDistt.- Alwar\r\n301019 (Raj.)', 42, '', '', 0, 1),
(331, 122, 'Dakan Kotra,\r\n12 Km Miles Stone,\r\nUdaipur-Banswara Road,\r\nDistt- Udaipur,\r\n313001 (Raj.)', 1, '', '', 0, 1),
(334, 19, 'Unit-Pyro Plant\r\nChanderiya Lead Zinc Smelter\r\nChittorgarh', 2, '', '', 6, 1),
(335, 30, 'Village -Khapradig ,Teh :-Simga\r\nBhatapara ,Baloda Bazar Raipur -493332\r\nChattisgarh', 9, '', '', 7, 1),
(338, 112, 'A-135-135-136, Road no. 12, Vishwakarma indusrial Area, Jaipur-302013', 14, '', '', 6, 1),
(339, 68, 'The Executive Engineer (O & M)\r\nSuratgarh Super thermal Power,\r\nRajasthan Rajya Vidyut Utpadan Nigam Limited, Near Village-Raiawali,\r\nSuratgarh-335804\r\nSri Ganganagar (Raj.)', 26, '', '', 31, 1),
(343, 99, 'Aditya Nagar, Morak-326520, Distt-Kota (Raj.) ', 13, '', '', 7, 1),
(344, 9, 'P.O. Adityanagar - 326 520\r\nMORAK, Distt. Kota (Rajasthan)', 13, '', '', 6, 1),
(345, 124, 'G-138 to 142,4th Phase,\r\nRiico Industrial Area, Bhilwara-311001\r\n(Raj.)\r\n', 5, '', '', 0, 1),
(349, 18, 'Chanderia Smelter Complex (CPP)\r\nPO Putholi\r\nChittorgarh', 2, '', '', 6, 1),
(350, 126, 'P.B. 73 ,\r\nKanpur Madri\r\nUdaipur-313003', 1, '', '', 0, 1),
(351, 12, 'Sindesar Khurd Mine\r\nP.O. Dariba\r\nRajsamand', 4, '', '', 16, 1),
(354, 74, 'Plot No. SP 290-292,\r\nRIICO Industrial Area,\r\nPhase-VII, Chopanki, \r\nBhiwadi, Alwar-301019', 42, '', '', 6, 1),
(356, 127, 'E-1 RIICO Industrial Area,\r\nLalsot\r\nDausa -303511', 23, '', '', 7, 1),
(357, 66, '(Unit- Mandpam)\r\nPB No. 13\r\nBhilwara-311001', 5, '', '', 7, 1),
(362, 130, 'SK Mines\r\nRajpura Dariba ', 4, '', '', 0, 1),
(363, 131, 'Udai Sagar Road\r\nMIA, Near FCI\r\nUdaipur', 1, '', '', 0, 1),
(364, 123, 'Udai Sagar Road,\r\nDistt- Udaipur, \r\n313001 (Raj.)', 1, '', '', 29, 1),
(365, 8, 'Unit Of - DCM Shriram Industries Limited\r\nShriram Nagar, Kota-324004', 13, '', '', 1, 1),
(366, 45, 'Sangam (India) Limited\r\n(Spinning unit-I)\r\nPost Box No. 126, Biliya Kalan, Chittorgarh Road, Bhilwara-3111001 (Raj.)', 5, '', '', 0, 0),
(367, 45, 'Sangam House, Atun, Chittorgarh Road, \r\nBhilwara-311001(Rajasthan)', 5, '', '', 0, 1),
(382, 133, 'B-25 RIICO Housing Colony\r\nRoad No. 1D, Vishwakarma Industrial Are,\r\nJAIPUR-302013', 14, '', '', 0, 1),
(383, 128, 'Village Chohal |Hoshiarpur |146024 Punjab | India\r\n', 49, '', '', 6, 1),
(384, 134, 'Mayur Nagar,\r\nLodha-327001\r\nBanswara (Raj.)', 17, '', '', 0, 1),
(385, 31, '( A Unit of Shree Cement Ltd )\r\nJind Road\r\nKhukhrana,Assan Kalan\r\nPanipat Haryana-132103', 41, '', '', 6, 1),
(386, 135, 'A-461/462 & SP-215, \r\nM.I.A., Alwar-301030\r\n(Raj.)', 42, '', '', 6, 1),
(387, 47, 'Chittor cement plant,\r\nVill- Bhavliya, Tehsil- Nimbahera-312620', 2, '', '', 14, 1),
(388, 47, '(formerly Lafarge India Limited)  \r\nDLF IT Park - 1, Block A1, 8th floor, New Town, Rajarhat,\r\nKolkata 700 156  Office: +91 (0) 33 3983 2229 \r\n', 18, '', '', 6, 0),
(389, 136, 'A-27, Kumawat badi Khatipura,\r\nJaipur-302012 (Raj.)', 14, '', '', 6, 1),
(395, 129, 'SP3-10 to 11, RIICO Industrial Area, Teh.: Kotputli, Keshwana Rajpoot, Distt: Jaipur (Raj.)', 14, '', '', 7, 1),
(396, 125, 'WATER & WASTE WATER MANAGEMENT]\r\nPlat No.25 Near Kankariya Textile, \r\n1st Phase, RIICO Ind. Area,\r\nBalotra-344022\r\n', 12, '', '', 7, 1),
(397, 139, 'Shriram Nagaer, Kota-324004\r\n', 13, '', '', 6, 1),
(398, 140, 'Jhamar Kotra Road\r\nVillage -Lakadwas\r\nUdaipur (Raj)', 1, '', '', 29, 1),
(400, 110, '(Khushkhera Cement Grinding Project)\r\nPlot No. SP3-II, A-1, \r\nRIICO Industrial Area\r\nBhiwadi, Taluka-Tijara,\r\nKhushkhera-301707\r\nDistt: Alwar (Raj.)', 42, '', '', 7, 1),
(403, 1, 'Dariba Smelter Complex\r\nRajpura Dariba Mines\r\nRajsamand - 313211', 4, '', '', 6, 1),
(404, 1, 'Captive Power Plant Dariba Smelter Complex\r\nRajpura Dariba Mines\r\nRajsamand - 313211', 4, '', '', 6, 0),
(405, 1, 'Lead Plant Dariba Smelter Complex\r\nRajpura Dariba Mines\r\nRajsamand - 313211', 4, '', '', 6, 0),
(406, 17, 'Rajpura Dariba Mines\r\nP.O. Dariba Mines\r\nRajsamand', 4, '', '', 16, 1),
(407, 17, 'Lead Plant Dariba Smelter Complex\r\nRajpura Dariba Mines\r\nRajsamand - 313211', 4, '', '', 16, 0),
(408, 17, 'Lead Plant Dariba Smelter Complex\r\nRajpura Dariba Mines\r\nRajsamand - 313211', 4, '', '', 16, 0),
(409, 17, 'Dariba Smelter Complex\r\nRajpura Dariba Mines\r\nRajsamand - 313211', 4, '', '', 16, 0),
(413, 62, 'B 5/7 Marudhar Industrial Area, Jodhpur-342005 ', 15, '', '', 6, 1),
(415, 3, 'Jaykaypuram\r\nBanas\r\nDist. Sirohi', 7, '', '', 29, 1),
(416, 143, 'Kalol Grinding Unit\r\n\r\nVillage : Moti Bhoyan\r\n\r\nTaluka : Kalol, Dist.: Gandhinagar', 8, '', '', 6, 1),
(418, 94, '206, MTN, \r\nNeemach Kheda Main Road, \r\nNeenach Mata Scheme, Dewali, UDAIPUR-313001 (Raj.)', 1, '', '', 29, 1),
(419, 145, 'S. K Mines Complex\r\nDariba -313211 Dist- Rajsamand', 4, '', '', 6, 1),
(420, 146, 'E-969 969 A, RIICO Industrial Area, Sitapura, Jaipur-302022.', 14, '', '', 6, 1),
(421, 141, 'Village : Bhanwarasia\r\nVaya- Dabok\r\nUdaipur-313022', 1, '', '', 29, 1),
(425, 96, 'Plot No.119-121, Block P&T, \r\nKalpi Road, Fazalganj, \r\nKanpur-208012 (UP)\r\n\r\n', 46, '', '', 6, 1),
(426, 96, 'Sagar Unit -II -for OBA \r\nPlot No. 42 to 47, 49 to 54, \r\nMPIIDC Growth Center Sector - MP', 47, '', '', 6, 0),
(427, 148, 'Bhognipur Unit Store\r\n542-544, Haidarpur Bhognipur\r\nUttar Pradesh ', 46, '', '', 6, 1),
(429, 114, '(Unit-Shree Mega Power)\r\nBangur Nagar, Beawar-305901 \r\nDistt: Ajmer (Raj.)', 18, '', '', 7, 1),
(430, 37, 'RIICO Industrial Area\r\nNeemrana\r\n Alwar-301705', 42, '', '', 6, 1),
(431, 138, 'Rolling Mill division,\r\nKIADB Industrial area,\r\nTUMKUR ROAD Dobbaspet,\r\nNelamangala taluk,\r\nBangaluru rural dist- 562111 India\r\nPH. NO. 080-27735051/52,', 51, '', '', 6, 1),
(432, 142, 'Near Baba Kedarnath Dharmkanta\r\nOpp. Hero Motocorps.\r\nNeemrana\r\nAlwar-301705\r\n', 42, '', '', 6, 1),
(433, 103, 'Unit-Lakheri Cement  Works\r\nPO- Lakheri, \r\nDisst- Bundi-323603 (Raj.)', 21, '', '', 6, 1),
(434, 7, 'NH 90, Atru Road, \r\nVillage Kawai, Taluka Atru, \r\nBaran 325 219, (Raj)', 19, '', '', 6, 1),
(436, 89, 'A-321,A-321(A), \r\nMatsay Industrial Area , \r\nAlwar-301030 (Raj)', 42, '', '', 6, 1),
(437, 89, '10001, 10th Floor,\r\n Agarwal Corporate Heights,\r\n Netaji Subhash Place, \r\nPitampura , \r\nDelhi-110034', 45, '', '', 6, 0),
(438, 11, 'Unit- Rabriyawas\r\nTehsil-jaitaran \r\nPali (Raj)\r\n\r\n', 16, '', '', 7, 1),
(439, 11, 'City Office:\r\n21-22 Ganpati plaza \r\nBhagat Chauraha\r\nBeawar-305901', 3, '', '', 7, 0),
(440, 137, 'Bakhshi Enterprises\r\nIndraprasth Ind. Area, \r\nKota, Raj. - 324005\r\n\r\n', 13, '', '', 6, 1),
(441, 144, 'Works   : 7 -12, Sec - 6,  \r\nHSIIDC, Bawal\r\nDis. Rewari :123501, Haryana, ', 44, '', '', 6, 1),
(442, 41, 'Unit-BTM\r\nP.B. No. 21\r\nIndustrial Area \r\nBanswara -327001 ', 17, '', '', 6, 1),
(443, 121, 'Plot No. SPL-2B, \r\nTapukara Industrial Area,\r\nBhiwadi Alwar Road, Tapukara, \r\nAlwar-301707 (Raj.)', 42, '', '', 7, 1),
(444, 72, 'Unit of KG Petrochem Limited\r\nSP-4/3,  RIICO Industrial Area,\r\nVill.: Keshwana, Teh.: Kotputli-303108,\r\nDistt: Jaipur (Raj.) ', 14, '', '', 6, 1),
(445, 120, 'P.O. Binanigram, \r\nSirohi -307031 (Raj.)', 7, '', '', 29, 1),
(446, 20, 'Zinc Smelter\r\nDebari\r\nUdaipur-313024', 1, '', '', 16, 1),
(447, 83, 'Rampura Agucha Mines ,\r\nPO Agucha Dist. Bhilwara - 311029', 5, '', '', 6, 1),
(448, 147, 'Ion Exchange Customer Care Center\r\nIn front of UIT Colony Balita Road ,\r\nKunhari ,Kota-324008', 13, '', '', 6, 1),
(449, 42, 'Rajasthan State Highway 9, \r\nSripati Nagar, Dabok, Udaipur-313201\r\nRajasthan \r\n', 1, '', '', 29, 1),
(450, 2, 'Unit-Aditya Cement Works\r\nAdityapuram Shambhura\r\nChittorgarh', 2, '', '', 6, 1),
(451, 22, 'Unit-Birla White\r\nRajashree Nagar, Kharia Khangar\r\nVillage :-Kharia Khangar\r\nDist. Jodhpur 342606', 15, '', '', 6, 1),
(452, 64, 'Unit- Chopanki\r\nBlock No. SP 971, RICCO Industrial Area,\r\nCHOPANKI-301019', 42, '', '', 6, 1),
(453, 69, '68th Milestone, N.H.8, Village-Joniawas,\r\nDharuhera-122100,\r\nRewari,(Haryana)', 44, '', '', 6, 1),
(454, 52, 'United Spirits Limited, \r\nUnit- Alwar\r\n201-202,M.I.A,\r\nAlwar-301030', 42, '', '', 6, 1),
(455, 53, 'Udaisagar Road,\r\nUdaipur-313003', 1, '', '', 6, 1),
(456, 91, '117, M.I.A , Alwar (Raj.)', 42, '', '', 6, 1),
(457, 71, 'F-149, "SAKAR"\r\nChandrawardai Nagar,\r\nAjmer-305003 (Raj.)', 18, '', '', 6, 1),
(458, 44, 'R. K. Nagar, Nimbahera\r\nChittorgarh-312601', 2, '', '', 14, 1),
(459, 132, 'Unit - Ringas\r\nSP-1, Industrial Area, Ringas - 332404 (Raj.)\r\n', 35, '', '', 6, 1),
(462, 149, 'Survey No. 275, Odhav,Ahmedabad-382415', 8, '', '', 6, 1),
(463, 29, 'Bangur City\r\nPO RAS-306107\r\nTehsil :Jaitaran\r\nDist. Pali\r\n', 16, '', '', 6, 1),
(465, 151, 'Plot No. 10, Matsya Industrial Area,Alwar\r\nRajasthan ', 42, '', '', 6, 1),
(466, 26, 'Unit-Kotputli Cement Works\r\nVillage - Mohanpura\r\nTeh - Kotputli\r\nDist. jaipur-303108', 14, '', '', 6, 1),
(467, 152, 'Chetak Circle\r\nUdaipur', 1, '', '', 29, 1),
(468, 153, 'Works : Vill- Muddapur, Tal.Mudhol\r\nDist. Bagalkot ( KAR)-587122', 6, '', '', 6, 1);

-- --------------------------------------------------------

--
-- Table structure for table `customer_companies`
--

CREATE TABLE IF NOT EXISTS `customer_companies` (
  `customer_id` int(10) NOT NULL,
  `company_id` int(10) NOT NULL,
  PRIMARY KEY (`customer_id`,`company_id`)
) ENGINE=InnoDB DEFAULT CHARSET=latin1;

--
-- Dumping data for table `customer_companies`
--

INSERT INTO `customer_companies` (`customer_id`, `company_id`) VALUES
(1, 25),
(2, 25),
(3, 25),
(4, 25),
(5, 25),
(6, 25),
(7, 25),
(8, 25),
(9, 25),
(10, 25),
(11, 25),
(12, 25),
(15, 25),
(16, 25),
(17, 25),
(18, 25),
(19, 25),
(20, 25),
(21, 25),
(22, 25),
(23, 25),
(24, 25),
(25, 25),
(26, 25),
(29, 25),
(30, 25),
(31, 25),
(32, 25),
(33, 25),
(34, 25),
(35, 25),
(36, 25),
(37, 25),
(38, 25),
(40, 25),
(41, 25),
(42, 25),
(43, 25),
(44, 25),
(45, 25),
(46, 25),
(47, 25),
(48, 25),
(49, 25),
(50, 25),
(51, 25),
(52, 25),
(53, 25),
(54, 25),
(55, 25),
(56, 25),
(57, 25),
(58, 25),
(59, 25),
(59, 27),
(60, 25),
(61, 25),
(62, 27),
(63, 25),
(64, 25),
(65, 25),
(66, 25),
(67, 27),
(68, 25),
(69, 25),
(70, 25),
(71, 25),
(72, 25),
(73, 27),
(74, 25),
(75, 25),
(76, 25),
(77, 25),
(78, 25),
(79, 25),
(80, 25),
(81, 27),
(83, 25),
(84, 25),
(85, 25),
(86, 25),
(88, 25),
(89, 25),
(90, 25),
(91, 25),
(92, 25),
(93, 27),
(94, 27),
(95, 25),
(96, 27),
(97, 25),
(98, 25),
(101, 25),
(102, 25),
(103, 25),
(104, 25),
(105, 25),
(106, 25),
(107, 25),
(108, 25),
(109, 25),
(110, 25),
(111, 25),
(112, 25),
(114, 25),
(115, 25),
(116, 25),
(117, 25),
(118, 25),
(119, 25),
(120, 25),
(121, 25),
(122, 25),
(123, 25),
(124, 25),
(125, 27),
(126, 25),
(127, 25),
(127, 26),
(127, 27),
(128, 25),
(128, 26),
(128, 27),
(129, 25),
(130, 25),
(130, 26),
(130, 27),
(132, 25),
(134, 25),
(135, 25),
(136, 25),
(137, 25),
(138, 25),
(138, 27),
(139, 25),
(140, 25),
(140, 27),
(141, 25),
(141, 27),
(142, 25),
(142, 27),
(143, 25),
(144, 27),
(145, 27),
(146, 27),
(147, 27),
(148, 27),
(149, 25),
(151, 27),
(152, 25),
(152, 27),
(153, 25);

-- --------------------------------------------------------

--
-- Table structure for table `customer_contacts`
--

CREATE TABLE IF NOT EXISTS `customer_contacts` (
  `id` int(10) NOT NULL AUTO_INCREMENT,
  `contact_person` varchar(100) NOT NULL,
  `customer_id` int(11) NOT NULL,
  `designation` varchar(100) NOT NULL,
  `telephone` varchar(15) NOT NULL,
  `email` varchar(255) NOT NULL,
  `mobile` varchar(10) NOT NULL,
  `default_contact` tinyint(1) NOT NULL,
  PRIMARY KEY (`id`)
) ENGINE=InnoDB  DEFAULT CHARSET=latin1 AUTO_INCREMENT=512 ;

--
-- Dumping data for table `customer_contacts`
--

INSERT INTO `customer_contacts` (`id`, `contact_person`, `customer_id`, `designation`, `telephone`, `email`, `mobile`, `default_contact`) VALUES
(8, 'Jitendra Sharma', 5, 'Purchase Executive', '0296230151', 'jitendra.s@indiacements.co.in', '0296230151', 1),
(87, 'Piyush Tiwari', 39, 'Astt. Manager-Procurement ', '01477220205', 'Piyush.Tiwari@jkcement.com', '0147722020', 1),
(90, 'Bhanwar Tripathi', 10, 'Sr Purchase officer', '07433222052', 'btripathi@sutlej-rtm.co.in', '9116009797', 1),
(95, 'Mr. Tapasvi Vaidya', 40, 'Manager Material', '2932220286', 'tapasvi.vaidya@lnbgroup.com', '9001099411', 1),
(104, 'Ankit Swarnkar', 6, 'Purchase Executive', '7420230525', 'anki.swarnkar@adityabilra.com', '7420230525', 1),
(105, 'Hari Kumar Maloo', 6, 'Purchase Excutive', '9826564600', 'hari.maloo@adityabirla.com', '9826564600', 0),
(107, 'Sharik Ahmad', 23, 'Purchase Executive', '9909920364', 'md.ahmad@adityabirla.com', '9909920364', 1),
(108, 'Rajiv Arora', 24, 'Purchase Executive', '01642863170', 'rajiv.arora@adityabirla.com', '0164286317', 1),
(109, 'Amit Kumar Jain', 25, 'Purchase Executive', '07173266342', 'amit.jain@adityabirla.com', '9763712778', 1),
(110, 'TVS Ramkrishna', 25, 'Purchase Executive', '07173266342', 'tangirala.krishna@adityabirla.com', '7722039483', 0),
(121, 'PC Pareek', 21, 'Purchase Msanager', '9928013967', 'pc.pareek@vedanta.co.in', '9928013967', 1),
(124, 'Mr. Udai Sing Hada', 33, 'Purchase Executive', '02961131661', 'purchasedenim@lnjbhilwara.com', '2961131661', 1),
(131, 'Gaurav Maheshwar', 4, 'Purchase Executive', '0146222811', 'maheshwari@shreecementltd.com', '9214337632', 1),
(133, 'KK Bachhavate', 43, 'Enggineer', '1234567890', 'kk.bachhavate@lncindia.com', '1234567890', 1),
(158, 'Mr. PC Jain', 34, 'Purchase Manager', '02907230321', 'pcjain@lnjbhilwara.com', '9414005132', 1),
(165, 'Mr. Abhishek Sharma ', 48, 'Purchase Executive', '08003091651', 'abhishek.sharma@jindalsaw.com', '8003091651', 1),
(170, 'Mr. S.S. Sharma', 58, 'Purchase Officer', '02952232090', 'sss@ktp.jkmail.com', '2952232091', 1),
(180, 'S M Jain ', 46, 'Dy Manager (Materials)', '01483223144', 'smjain@lnjbhiwara.com', '1483223150', 1),
(188, 'Mr. V.K. Golani', 63, 'Superintending Engineer (MM)', '07442370002', 'semktps@gmail.com', '7442370002', 1),
(206, 'Rupesh Jain', 82, 'sales', '01483229521', 'rupesh.jain@vedanta.co.in', '0148322952', 0),
(214, 'Bikram Koshlia', 87, 'Store Department', '01591230211', 'bikram.koshlia@jkcement.com', '0159123021', 0),
(215, 'Bikram Koshlia', 88, 'Store Department', '01591230211', 'bikram.koshlia@jkcement.com', '0159123021', 0),
(222, 'Manoj Kumar', 93, 'Head Technical Service', '02271016166', 'manoj.k@sodexo.com', '9930284954', 0),
(223, 'Mangesh Kawade', 93, 'Purchase Executive', '02271016166', 'Mangesh.KAWADE@sodexo.com', '7742505505', 1),
(224, 'Chandrashekhar Ghadigaonkar', 93, 'Purchase Executive', '02271016166', 'Chandrashekhar.GHADIGAONKAR@sodexo.com', '7742555944', 0),
(236, 'Mr. Sanjeev Ji', 59, 'Proprieter', '9351734430', 'sanjeevtradersbhl@gmail.com', '9351734430', 1),
(242, 'Ajay Raj Vaishnav', 15, 'Purchase Excutive', '1477220087', 'ajayraj.vaishnav@jkcement.com', '9799039255', 1),
(243, 'Akshay Agarwal', 15, 'Purchase Excutive', '1477220087', 'purchase.nbh@jkcement.com', '1477220087', 0),
(250, 'Mr PC Pareek', 95, 'Purchase Excutive', '9928013967', 'pc.pareek@vedanta.co.in', '9928013967', 1),
(251, 'Mr Manish', 97, 'XEN', '9413348292', 'xenmahihydro@gmail.com', '9413348292', 1),
(253, 'Mr. Parveen Rawal', 32, 'Purchase Sr Executive', '9413357059', 'powerpurchase.rswm@lnjbhilwara.com', '9413357059', 1),
(254, 'Mr. Mamtesh Jain', 32, 'Purchase Executive', '02961231672', 'mamteshjain@lnjbhilwara.com', '2961231672', 0),
(258, 'Mr. Yusuf Ansari', 100, 'Purchase Head', '07475130021', 'yusuf.ansari@advantageoils.com', '7073458817', 1),
(260, 'Sandhya Sharma', 102, 'Purchase Executive', '8003994354', 'purchase@maheshoil.com', '8003994354', 1),
(263, 'Mr. S.L. Kaushik', 104, 'Manager (Production)', '9829191050', 'sl_kaushik@ruchigroup.com', '9829191050', 1),
(264, 'Mr. Ashok Sharma', 105, 'Purchase Officer', '9352597942', 'ashoksharma@ksoils.com', '9352597942', 1),
(266, 'Mr. Nitin Paliwal', 107, 'Purchaser ', '9829895738', 'nitinpaliwal@dcmshriram.com', '9829895738', 1),
(267, 'Mr. Dileep Sisodia', 57, 'Dy. Manager (Commercial)', '07442480991', 'dileep.sisodia@shriramaxiall.com', '9829516611', 1),
(272, 'Mr. Monal Juneja', 109, 'Proprietor', '8094017010', 'junejawires@yahoo.com', '8094017010', 1),
(276, 'Mr. Vijay Gaur ', 73, 'Purchase Manager ', '9828454836', 'gaurvijay33@yahoo.co.in', '9214334333', 1),
(277, 'Mr, Sunil Nayak ', 85, 'Purchase Manager', '9166011119', 'nayak.sunil@in.sika.com', '9166011119', 1),
(279, 'Mr. Jitendra Singh Shekhawat', 92, 'Purchase Executive ', '01412330156', 'Shushildalmia2009@gmail.com', '9928038290', 1),
(280, 'Mr. Anirban Mitra', 56, 'RBl', '09672692777', 'anirban.mitra@in.Sabmiller.com', '9672692777', 0),
(281, 'Sachin Sharma ', 86, 'Purchase Dept.', '01494671305', 'sachin@nachi-india.com', '0149467130', 0),
(283, 'Mr. Pradeep Kumar Tripathi', 75, 'Sr. ER(Maintenance)', '01494246733', 'p.tripathi@nissinindia.com', '9680705837', 0),
(284, 'Mr. Niraj Yadav', 76, 'Purchase Executive', '01493301273', 'niraj.yadav@saint-gobain.com', '8000194203', 1),
(286, 'Mr. Ankush Saxena', 80, 'A.M-Indirect Purchase', '01493298371217', 'ankush.saxena@siegwerk.com', '8107291735', 1),
(291, 'Mr. Subhash Prajapati', 51, 'Sr. Executive Purchase', '01494246312', 'subhash.prajapati@parle.biz', '9785301234', 1),
(292, 'Mr R P Kapoor', 49, 'Superintending Engg  MM', '07432243009', 'katpp_mm@rediffmail.com', '7432243009', 0),
(298, 'Mr. Neelambuj Pareek', 38, 'Purchase manager', '9460483470', 'neelambujpareek@dcmshriram.com', '9460483470', 1),
(304, 'Mr. Imran Ali', 78, 'Purchase Officer', '01442881299', 'imran.ali@adaniwilmar.in', '7665006863', 1),
(305, 'Mr. Sachin Kanungo', 98, 'Purchase Head', '9672971122', 'sachin.kanungo@adaniwilmar.in', '9672971122', 1),
(306, 'Mr. Yusuf Ansari', 101, 'Purchase Head', '07475130021', 'yusuf.ansari@advantageoils.com', '7073458817', 1),
(314, 'Mr. Dilip Mishra ', 108, 'Purchaser', '01493260202', 'dilip.mishra@kei-ind.com', '9672992331', 1),
(316, 'Mr. Prashant Choudhary', 54, 'Purchase Executive', '01493516607', 'purchase.chopanki@bkt-tires.com', '1493260116', 1),
(318, 'Mr. Subhash Yadav ', 55, 'Purchase deptt', '01493220075', 'purchase.bhiwadi@bkt-tires.com', '1493220075', 1),
(319, 'Vinod Kumar', 81, 'purchaser', '01412330467', 'vks12.crystal@gmail.com', '9414077213', 1),
(320, 'Mr. A.K. Maheshwari', 50, 'Superintending Engineer(MM)', '07452225013', 'ctppse.mm@gmail.com', '7452225013', 1),
(321, 'Mr. Akant Khanduri', 61, 'Dy. Manager-Purchase', '07442782614', 'AKANT.KHANDURI@CHAMBAL.IN', '7442782614', 1),
(322, 'Gaurav Bisht', 35, 'Procurement', '7535001388', 'gaurav.bisht@jkmail.com', '7535001388', 1),
(324, 'Mr. Satish Sharma', 111, 'Purchaser', '05643276530', 'cfpnadbai786@gmail.com', '5643276530', 1),
(325, 'Mr. Anshul Kumar', 65, 'Sr. Executive-Purchase', '09887555388', 'Anshul.Kumar@carlsberg.asia', '8266921599', 1),
(330, 'Mr. Probir Ghosh ', 60, 'AVP(Materials)', '01472256601', 'purchase@birlacement.com', '1472256601', 1),
(335, 'Mr. Manoj Mittal', 36, 'Sr.Purchase Executive', '02962224213', 'manoj.mittal@lnjb.com', '9982232273', 0),
(336, 'Mr. R/Nilesh Shah', 36, 'Purchase Executive', '02962224213', 'bstores@lnjb.com', '9982232902', 1),
(337, 'Mr. Lokesh', 36, 'Enggineer', '02962224213', 'bmdengg@lnjb.com', '9982534110', 0),
(340, 'Mr. Arun Sharma', 70, 'Sr. Executive-General Purchase', '01493250561', 'arunsharma1@hondacarindia.com', '8800283377', 1),
(341, 'Mr. Dinesh Kumar Sharma', 84, 'Purchase Executive', '014442881542', 'dineshsharma@mail.dabur', '9414431447', 1),
(342, 'Mr. Manoj Dhiman ', 90, 'Purchase Executive ', '8003394752', 'manoj.dhiman@daikinindia.com', '8003394752', 1),
(343, 'Mr. Jitender  Yadav', 79, 'Purchase Executive', '01493518608', 'jitender@jaquar.com', '9887849680', 1),
(346, 'Mr. Hari Prakash Jasaiwal', 77, 'Purchase Executive', '09887516123', 'glpvtpuchase@kajariaceramics.com', '9680449223', 1),
(347, 'Mr. Vijay Deshpande', 67, 'Proprietor', '9820203612', 'hsems20@yahoo.com', '9850035415', 1),
(349, 'Mr. Lalit Trivedi', 106, 'Technical Officer', '9829202913', 'khilrai_udaipur@hotmail.com', '9829202913', 1),
(354, 'Mahendra Yadav', 16, 'Store Incharge', '9557456262', 'mahendra.yadav2@vedanta.co.in', '9557456262', 1),
(358, 'Mr. Akshay Agarwal ', 113, 'AM-Procurement', '05122221201', 'akshayk.agarwal@rsplgroup.com', '7318214777', 1),
(362, 'Muheet Mateen', 115, 'Purchase Executive', '02982229100', 'muheet.mateen@jsw.in', '2982229100', 1),
(363, 'Mr.M. Madal', 116, 'Astt. Stores Officer', '01475242228', 'storesofficer@kot.hwb.gov.in', '1475242228', 1),
(364, 'Mr.Pradyut Kar', 117, 'DGM (Purchase)', '01145233333', 'pradyut.kar@tops.co.in', '9268567234', 1),
(365, 'Mr. Satya Narayan  Jat', 118, 'Purchaser', '9928565025', 'jms.cost@yahoo.in', '9928565025', 1),
(366, 'Mr. Deenpreet Singh ', 119, 'Purchaser', '99901493606161', 'Office.marksplendour@gmail.com', '9999274727', 1),
(369, 'Mr. Mahendra Taya', 122, 'Proprietor', '029400000000000', 'mtaya@rediffmail.com', '0294000000', 1),
(373, 'Sandeep Paliwal', 19, 'Purchase Excutive', '01472254285', 'sandeep.paliwal@vedanta.co.in', '0147225428', 1),
(374, 'Shadaab Alam Rizvi', 30, 'Purchase Executive', '8349301232', 'rizvis@shreecementltd.com', '8349301232', 1),
(378, 'Mr. Pankaj Kalani', 112, 'Dy. Manager (Material)', '01413064900', 'pkalani@sigmaelectric.com', '9785022279', 1),
(379, 'Mr. Bhagwan Das Jatav', 68, 'Assistant Engineer', '01509245662', 'proc.stps.suratgarh@gmail.com', '1509245662', 0),
(380, 'Mr. Manish Gupta', 68, 'Asst. Account Officer', '01509245689', 'proc.stps.suratgarh@gmail.com', '1509245689', 0),
(384, 'Mr. vipesh Gupta', 99, 'GM (Purchase)', '07459232794', 'vipesh.gupta@mangalamcement.com', '9351468146', 1),
(385, 'Vipesh Gupta', 9, 'GM Purchase', '9351468146', 'vipesh.gupta@mangalamcement.com', '9351468146', 1),
(386, 'Mr. Atul ', 124, 'Purchase Manager', '09460578251', 'ronakprocessorspvtltd@gmail.com', '9001895174', 1),
(390, 'Rameshwar Sharma', 18, 'Store Incharge', '01472254464', 'rameshwar.sharma@vedanta.co.in', '1472254464', 1),
(391, 'Mr. SK Verdia', 126, 'Manager Stores', '02942490488', 'stores@reliancechemotex.com', '2942490488', 1),
(392, 'Aditya jalan', 12, 'Purchase Executive', '8003093638', 'aditya.jalan@vedanta.co.in', '8003093638', 1),
(396, 'Mr. Nitin Tiwari', 74, 'Purchase Manager', '01493302765', 'purchase.tiwari@rjcorp.in', '1493302765', 1),
(398, 'Mr. Deepak', 127, 'Purchase Executive', '7737745746', 'tripplestarjpr@gmail.com', '7737745746', 1),
(399, 'Mr. C.P. Chaturvedi', 66, 'Head-Materials', '01482249512', 'cp.chaturvedi@lnjbhilwara.com', '9414034874', 1),
(404, 'Mr. Narendra Kumar', 130, 'Purchase Executive', '9782895862', 'zuohe1981@gmail.com', '9782895862', 1),
(405, 'Mr. Vimal Nagar', 131, 'Asst. Manager ', '02946651165', 'v.nagar@piind.com', '9214351889', 1),
(406, 'Mr. Vimal Nagar', 123, 'Purchaser', '02942492451', 'v.nagar@piind.com', '2942492451', 1),
(407, 'Ram Kshteri', 8, 'Purchase Manager', '9929590865', 'ramkshetri@dcmsr.com', '9929590865', 1),
(408, 'Pankaj Bhardwaj', 45, 'Purchase Executive', '01482249071', 'purchase1@sangamgroup.com', '0148224907', 0),
(409, 'Rahul Tiwari', 45, 'Corporate Sourcing', '1482304000', 'csdsangam@sangamgroup.com', '7727006054', 1),
(422, 'Mr. Vinod Sharma', 133, 'Purchaser', '01412330467', 'vks12.crystal@gmail.com', '9414077213', 1),
(423, 'Shamsher Singh', 128, 'Purchase Officer', '1882258780', 'shamsher_singh@jctltd.com', '9876166995', 1),
(424, 'Mr. Ravindra Suthar', 134, 'purchase executive', '2962254321', 'ravindrasuthar@lnjbhilwara.com', '2962254321', 1),
(425, 'Mr Gaurav Maheshwari', 31, 'Purchase Executive', '01462228101', 'maheshwar@shreecementltd.com', '9214337632', 0),
(426, 'Mr Vivek Saxena', 31, 'Purchase Executive', '01462228101', 'saxenav@shreecementltd.com', '9214337462', 1),
(427, 'Mr. Prashant Choudhary', 135, 'Purchaser', '01445158100', 'prashant.choudhary@havells.com', '9610086456', 1),
(428, 'Mr  Abhineet Agarwal ', 47, 'Sr Executive Purchase ', '01477225121', 'abhineet.agarwal@lafarge.com', '8003490569', 1),
(429, 'C G Gangadhar', 47, 'Manager Purchase  EOO Industrial goods and services', '03339832229', 'channaveer.gangadhar@nuvoco.in', '9163394284', 0),
(430, 'Mr. D.P. Sharma', 136, 'Proprietor', '8058022667', 'shreeradhey_krishna@rediffmail.com', '8058022667', 1),
(436, 'Mr. Pritpal Singh rai', 129, 'Purchase Executive', '01244597979', 'purchase@otsukaindia.com', '9718811140', 1),
(437, 'Mr. Aslam', 125, 'Purchase Manager', '9414755534', 'aslamcetp@gmail.com', '9983755534', 1),
(438, 'Harish jain', 139, 'Manager Purchase', '07442480991', 'harishjain@dcmshriram.com', '0744248099', 1),
(439, 'Mr. Puneet Sharma', 140, 'Plant Incharge', '8890970954', 'dr.puneetsharma85@gmail.com', '8890970954', 1),
(441, 'Navneet', 110, 'Purchase Executive', '1462228101', 'navneet13596@shreecementltd.com', '9251077025', 1),
(445, 'Debasish Chakladar', 1, 'Store Encharge', '0800309709', 'debasish.chakladar@vedanta.co.in', '8003097090', 1),
(446, 'Ronny Thomas', 17, 'Store Incharge', '8003195347', 'ronny.thomas@vedanta.co.in', '8003195347', 1),
(450, 'Mr. Bharat Goyal', 62, 'Purchase Executive', '9314760025', 'bgoyal@lucidgroup.com', '9314760025', 1),
(452, 'Mr R V Verma', 3, 'Manager Purchase', '0297124440', 'rvverma@lc.jkmail.com', '0297124440', 1),
(453, 'Rahul Agarwal', 143, 'Purchase Manager', '7624005135', 'rahulagarwal@lc.jkmail.com', '7624005135', 1),
(455, 'Mr. Ali Hussain', 94, 'Director', '02947073291', 'ahcorp.udr@gmail.com', '9828186876', 1),
(456, 'Hemant Sharma', 145, 'Purchase Manager', '9521116250', 'hemant@reliantdrilling.co.in', '9521116250', 1),
(457, 'Khel Shanker', 146, 'Purchase ', '8440047521', 'ksharma@therachem.org', '8440047521', 1),
(458, 'Mr. Jagdish Lohar', 141, 'Prop', '2942655743', 'shreeganesh.udr@gmail.com', '9414682180', 1),
(459, 'Mr. Rajkumar Lohar', 141, 'Prop.', '2942655743', 'shreeganesh.udr@gmail.com', '9414809216', 1),
(462, 'Mr. Akshay Agarwal ', 96, 'AM-Procurement', '05122221201', 'akshayk.agarwal@rsplgroup.com', '7318214777', 1),
(463, 'Ashutosh Dixit', 148, 'Purchase Executive', '7054300927', 'ashutosh.dixit@rspl.net.in', '7054300927', 1),
(465, 'Vivek Saxena', 114, 'Purchaser', '1462228101', 'saxena@shreecementltd.com', '9214337462', 1),
(466, 'D K Jain', 37, 'DGM Purchase', '01494246070', 'dk.jain@ginniint.com', '8739892031', 1),
(467, 'Virender Singh', 37, 'Purchase', '01494246070', 'Purchase.Denim@ginniint.com', '0941358672', 0),
(468, 'Asst. Purchase Manager', 138, 'Asst. Purchase Manager', '08027735051', 'jrmpur@jindalaluminium.com', '0802773505', 1),
(469, 'Ankit ', 142, 'Owner', '9521276252', 'shrishyamenterprisesneemrana@gmail.com', '9521276252', 1),
(470, 'Mr.Pankaj Kumar', 103, 'Purchase Head', '8003195532', 'pankaj.kumar@acclimited.com', '8003195532', 1),
(471, 'Sanjay Jain', 7, 'Dy Manager Commercial', '8875024904', 'Jain.Sanjay@adani.com', '8875024904', 1),
(473, 'Mr. Ankit Sharma ', 89, 'Purchase Executive', '01149811111', 'ankit@ajantagroup.in', '9555749096', 1),
(474, 'Mr Nirmal Kumar Bansal', 11, 'Purchase Executive', '9816046481', 'nirmal.bansal@ambujacement.com', '9816046481', 1),
(475, 'Mr Sanjay Jain', 11, 'Purchase Executive', '01462251909', 'sanjay.jain@ambujacement.com', '0146225190', 0),
(476, 'Mr Radhey Shyam Mundra', 11, 'Manager Procurement', '02939288034', 'radheyshyam.mundra@ambujacement.com', '9001013332', 0),
(477, 'Mr. Tejbir Singh Bakhshi', 137, 'Purchaser', '9352602235', 'tejbakhshi54@gmail.com', '9352602235', 1),
(478, 'Abhishek Kumar Tiwari', 144, 'Sr. Executive Purchase', '01284265300', 'purchase@accil.com', '9996117965', 1),
(479, 'Mr. SK Pathan', 41, 'Purchase Manager ', '02962257679', 'storebsw@banswarafabrics.com', '9251014350', 1),
(480, 'Mr. Mr. Subrata Sinha', 121, 'Purchaser', '01493250587', 'subratasinha@bestex.co.in', '1493250587', 1),
(481, 'Mr. Naveen Kumar', 72, 'Purchaser Manager', '01412331231', 'naveen.jpr@bhavik.com', '9983340275', 1),
(482, 'Mr. Pankaj Kulkarni', 120, 'Purchaser', '02971235005', 'bcl.purchase@binanicement.co.in', '2971235005', 1),
(483, 'Sanjay Chaturvedi', 20, 'Store Incharge', '9829405556', 'sanjay.chaturvedi@vedanta.co.in', '9829405556', 1),
(484, 'Rupesh Jain', 83, 'Store Incharge', '01483229521', 'rupesh.jain@vedanta.co.in', '0148322952', 1),
(485, 'Kapil Jain', 147, 'Owner', '9829792064', 'ahimsatechservices@gmail.com', '9829792064', 1),
(486, 'Rahul Jain', 42, 'Purchase Executive', '02971244417', 'rahuljain@ucwl.jkmail.com', '7728886069', 1),
(487, 'Satish Shukla', 2, 'Manager Purchase', '1472221001', 'satish.shukla@adityabirla.com', '1472221002', 1),
(488, 'Kuldeep Singh Shekhawat', 22, 'Purchase Executive', '02920264040', 'kuldeep.shekhawat@adityabirla.com', '2920264040', 1),
(489, 'Mr. Nitin Jain ', 64, 'Purchase Executive', '01493512313', 'nitinjain@ubmail.com', '9982044478', 1),
(490, 'Mr. Rajnish Malik', 69, 'Procurement', '01274267126', 'rajnishmalik@ubmail.com', '1274267126', 0),
(491, 'Mr. Ajay Prakash Singh', 69, 'Procurement', '01274267126', 'ajayprakash@ubmail.com', '9991735166', 1),
(492, 'Mr. Harsharan Singh ', 52, 'Store Manager', '01442881415', 'harsharan.singh@unitedspirits.in', '8239477381', 0),
(493, 'Mr. Vikas Chawla', 52, 'Store Manager', '01442881417', 'Vikas.chawla@unitedspirits.in', '7073070044', 0),
(494, 'Mr. Sagar Roy', 53, 'Store Manger', '02942492333', 'sagar.roy@unitedspirits.in', '2942492333', 1),
(495, 'Mr. Ram Arjun ', 91, 'DGM-VDL', '01442881247', 'ramarjun.vdl@gmail.com', '7665432554', 1),
(496, 'Khushboo Jain', 71, 'Dy. Manager(Commercial)', '01452691456', 'accounts@wassertechnochem.cm', '1452691456', 1),
(497, 'Vishnu Sharma', 44, 'Purchaser', '09610019610', 'nbh.pur3@wondercement.com', '9610019610', 1),
(498, 'Punit Singh Gurjar', 44, 'Purchaser', '08003095846', 'punit.gurjar@wondercement.com', '8003095846', 0),
(499, 'Rajesh Kumar Dixit', 132, 'Store & Purchase Deptt.', '01575225321', 'storepur.ringas@lnjbhilwara.com', '9413357092', 1),
(502, 'Mayank Gadhavi', 149, 'Manager', '9909985454', 'mayank.gadhavi@spxflow.com', '9909985454', 1),
(503, 'Gaurav Maheshwari', 29, 'Purchase Executive', '01462228101', 'maheshwarig@shreecementltd.com', '9214337632', 1),
(506, 'Akshay Agarwal', 151, 'Purchase Manager', '7318214777', 'akshayk.agrawal@rsplgroup.com', '7318214777', 1),
(507, 'Ashutosh Dixit', 151, 'Purchase Executive', '7054300927', 'ashutosh.dixit@rspl.net.in', '7054300927', 1),
(508, 'Mr Pradeep Ranka', 26, 'Purchase Executive', '01421325703', 'pradeep.ranka@adityabirla.com', '9887480241', 1),
(509, 'Ms Jyoti Sharma', 26, 'Purchase Manager', '8058044442', 'jyoti.sharma@adityabirla.com', '8058044442', 0),
(510, 'Mr. Ram Sumer', 152, 'Project Eng.', '9983636955', 'rccpl.chetakb@gmail.com', '9983636955', 1),
(511, 'S Sivanesvaran', 153, 'Section Head Procurement', '9611199401', 's.sivanesvaran@jkcement.com', '9611199401', 1);

-- --------------------------------------------------------

--
-- Table structure for table `customer_groups`
--

CREATE TABLE IF NOT EXISTS `customer_groups` (
  `id` int(10) NOT NULL AUTO_INCREMENT,
  `name` varchar(100) NOT NULL,
  PRIMARY KEY (`id`)
) ENGINE=InnoDB  DEFAULT CHARSET=latin1 AUTO_INCREMENT=16 ;

--
-- Dumping data for table `customer_groups`
--

INSERT INTO `customer_groups` (`id`, `name`) VALUES
(1, 'General'),
(2, 'UltraTech'),
(4, 'Vedanta'),
(5, 'LNJ Bhilwara'),
(6, 'Sangam'),
(7, 'Adani'),
(8, 'Shree Cement'),
(9, 'The India Cement'),
(10, 'Shriram Group'),
(11, 'Sutlej Textiles'),
(12, 'Johnson'),
(13, 'JK Laxmi'),
(14, 'Dalmia '),
(15, 'RSPL');

-- --------------------------------------------------------

--
-- Table structure for table `customer_segs`
--

CREATE TABLE IF NOT EXISTS `customer_segs` (
  `id` int(10) NOT NULL AUTO_INCREMENT,
  `name` varchar(255) NOT NULL,
  PRIMARY KEY (`id`)
) ENGINE=InnoDB  DEFAULT CHARSET=latin1 AUTO_INCREMENT=14 ;

--
-- Dumping data for table `customer_segs`
--

INSERT INTO `customer_segs` (`id`, `name`) VALUES
(1, 'Metal & Mines'),
(2, 'Textile'),
(3, 'Cement Industries'),
(4, 'Fertiliser & Chemicals'),
(5, 'Automobile & Ancillary Units'),
(6, 'Food & Beverages'),
(7, 'Others'),
(8, 'Power Plants'),
(9, 'Other Government Departments'),
(10, 'OEM Customers'),
(11, 'Detergent'),
(12, 'Oil And Refinery'),
(13, 'Cables');

-- --------------------------------------------------------

--
-- Table structure for table `debit_notes`
--

CREATE TABLE IF NOT EXISTS `debit_notes` (
  `id` int(10) NOT NULL AUTO_INCREMENT,
  `voucher_no` varchar(10) NOT NULL,
  `created_on` date NOT NULL,
  `transaction_date` date NOT NULL,
  `sales_acc_id` int(10) NOT NULL,
  `payment_mode` varchar(100) NOT NULL,
  `party_id` int(10) NOT NULL,
  `narration` text NOT NULL,
  `amount` decimal(15,2) NOT NULL,
  `company_id` int(11) NOT NULL,
  `created_by` int(11) NOT NULL,
  `edited_by` int(10) NOT NULL,
  `edited_on` date NOT NULL,
  `cheque_no` varchar(25) NOT NULL,
  PRIMARY KEY (`id`)
) ENGINE=InnoDB DEFAULT CHARSET=latin1 AUTO_INCREMENT=1 ;

-- --------------------------------------------------------

--
-- Table structure for table `departments`
--

CREATE TABLE IF NOT EXISTS `departments` (
  `id` int(10) NOT NULL AUTO_INCREMENT,
  `name` varchar(100) NOT NULL,
  PRIMARY KEY (`id`)
) ENGINE=InnoDB  DEFAULT CHARSET=latin1 AUTO_INCREMENT=9 ;

--
-- Dumping data for table `departments`
--

INSERT INTO `departments` (`id`, `name`) VALUES
(1, 'Sales & Marketing'),
(2, 'Finance And Accounts'),
(3, 'Purchases'),
(5, 'Service Department'),
(6, 'HR & Administration'),
(8, 'Logistics');

-- --------------------------------------------------------

--
-- Table structure for table `designations`
--

CREATE TABLE IF NOT EXISTS `designations` (
  `id` int(10) NOT NULL AUTO_INCREMENT,
  `name` varchar(100) NOT NULL,
  PRIMARY KEY (`id`)
) ENGINE=InnoDB  DEFAULT CHARSET=latin1 AUTO_INCREMENT=15 ;

--
-- Dumping data for table `designations`
--

INSERT INTO `designations` (`id`, `name`) VALUES
(1, 'Sales Executive'),
(2, 'Commercial Executive'),
(3, 'Purchase Executive'),
(4, 'Office Assistant'),
(5, 'Chairman'),
(6, 'Director'),
(8, 'Workshop Supervisor'),
(10, 'Dy. Sales Manager'),
(11, 'Asst. Sales Manager'),
(12, 'Accounts Executive'),
(13, 'Service Engineer'),
(14, 'Service Executive');

-- --------------------------------------------------------

--
-- Table structure for table `districts`
--

CREATE TABLE IF NOT EXISTS `districts` (
  `id` int(11) NOT NULL AUTO_INCREMENT,
  `state` varchar(100) NOT NULL,
  `district` varchar(100) NOT NULL,
  PRIMARY KEY (`id`)
) ENGINE=InnoDB  DEFAULT CHARSET=latin1 AUTO_INCREMENT=52 ;

--
-- Dumping data for table `districts`
--

INSERT INTO `districts` (`id`, `state`, `district`) VALUES
(1, 'Rajasthan', 'Udaipur'),
(2, 'Rajasthan', 'Chittorgarh'),
(3, 'Rajasthan', 'Beawer'),
(4, 'Rajasthan', 'Rajsamand'),
(5, 'Rajasthan', 'Bhilwara'),
(6, 'Rajasthan', 'Nimbahera'),
(7, 'Rajasthan', 'Sirohi'),
(8, 'Gujrat', 'Ahmedabad'),
(9, 'Chattisgarh', 'Raipur'),
(10, 'MP', 'Neemuch'),
(11, 'Rajasthan', 'Bikaner'),
(12, 'Rajasthan', 'Barmer'),
(13, 'Rajasthan', 'Kota'),
(14, 'Rajasthan', 'Jaipur'),
(15, 'Rajasthan', 'Jodhpur'),
(16, 'Rajasthan', 'Pali'),
(17, 'Rajasthan', 'Banswara'),
(18, 'Rajasthan', 'Ajmer'),
(19, 'Rajasthan', 'Baran'),
(20, 'Rajasthan', 'Bharatpur'),
(21, 'Rajasthan', 'Bundi'),
(22, 'Rajasthan', 'Churu'),
(23, 'Rajasthan', 'Dausa'),
(24, 'Rajasthan', 'Dholpur'),
(25, 'Rajasthan', 'Dungarpur'),
(26, 'Rajasthan', 'Ganganagar'),
(27, 'Rajasthan', 'Hanumangarh'),
(28, 'Rajasthan', 'Jaisalmer'),
(29, 'Rajasthan', 'Jalor'),
(30, 'Rajasthan', 'Jhalawar'),
(31, 'Rajasthan', 'Jhujhunu'),
(32, 'Rajasthan', 'Karauli'),
(33, 'Rajasthan', 'Nagaur'),
(34, 'Rajasthan', 'Sawai Madhopur'),
(35, 'Rajasthan', 'Sikar'),
(36, 'Rajasthan', 'Tonk'),
(37, 'Uttrakhand', 'Haridwar'),
(38, 'Gujrat', 'Kutch'),
(39, 'Punjab', 'Bathinda'),
(40, 'Maharastra', 'Chandrapur'),
(41, 'Haryana', 'Panipat'),
(42, 'Ra', 'Alwar'),
(43, 'Maharashtra', 'Mumbai'),
(44, 'Haryana', 'Rewari'),
(45, 'New Delhi', 'Delhi'),
(46, 'Uttar Pradesh', 'Kanpur'),
(47, 'Madhya Pradesh', 'Bhopal'),
(48, 'Madhya Pradesh', 'Morena'),
(49, 'Punjab', 'Hoshiarpur'),
(50, 'West Bangal', 'Kolkata'),
(51, 'Karnataka', 'BANGALURU');

-- --------------------------------------------------------

--
-- Table structure for table `employees`
--

CREATE TABLE IF NOT EXISTS `employees` (
  `id` int(10) NOT NULL AUTO_INCREMENT,
  `name` varchar(100) NOT NULL,
  `sex` varchar(6) NOT NULL,
  `dipartment_id` int(10) NOT NULL,
  `designation_id` int(5) NOT NULL,
  `mobile` varchar(10) NOT NULL,
  `email` varchar(100) NOT NULL,
  `signature` varchar(100) NOT NULL,
  `account_no` varchar(20) NOT NULL,
  `bank_name` varchar(100) NOT NULL,
  `branch_name` varchar(100) NOT NULL,
  `ifsc_code` varchar(11) NOT NULL,
  `permanent_address` text NOT NULL,
  `residence_address` text NOT NULL,
  `phone_no` varchar(12) NOT NULL,
  `dob` date NOT NULL,
  `marital_status` varchar(10) NOT NULL,
  `date_of_anniversary` date NOT NULL,
  `spouse_name` varchar(40) NOT NULL,
  `children` int(11) NOT NULL,
  `spouse_working` varchar(3) NOT NULL,
  `qualification` varchar(40) NOT NULL,
  `last_company` varchar(50) NOT NULL,
  `join_date` date NOT NULL,
  `permanent_join_date` date NOT NULL,
  `blood_group` varchar(4) NOT NULL,
  `account_category_id` int(10) NOT NULL,
  `account_group_id` int(10) NOT NULL,
  `account_first_subgroup_id` int(10) NOT NULL,
  `account_second_subgroup_id` int(10) NOT NULL,
  `ledger_account_id` int(10) NOT NULL,
  PRIMARY KEY (`id`)
) ENGINE=InnoDB  DEFAULT CHARSET=latin1 AUTO_INCREMENT=23 ;

--
-- Dumping data for table `employees`
--

INSERT INTO `employees` (`id`, `name`, `sex`, `dipartment_id`, `designation_id`, `mobile`, `email`, `signature`, `account_no`, `bank_name`, `branch_name`, `ifsc_code`, `permanent_address`, `residence_address`, `phone_no`, `dob`, `marital_status`, `date_of_anniversary`, `spouse_name`, `children`, `spouse_working`, `qualification`, `last_company`, `join_date`, `permanent_join_date`, `blood_group`, `account_category_id`, `account_group_id`, `account_first_subgroup_id`, `account_second_subgroup_id`, `ledger_account_id`) VALUES
(4, 'Jagdish Salvi', 'Male', 1, 1, '9983247774', 'jagdish@mogragroup.com', '58b3ddec698e8.png', '61333933354', 'SBBJ', 'Shobhagpura', 'SBBJ0011485', 'Tulsi Ram Salvi,\r\nHouse No. 77, B Block, Sector 9,\r\nSavina , Udaipur 313001 ( Raj )', 'R C Gehlot, \r\nHouse No. 20/21, Behind Mahadev Properties, Gokul Village, Sector 9,\r\nSavina , Udaipur 313001 ( Raj )', '7300277882', '1980-10-07', 'Married', '2008-02-23', 'Lalita Salvi', 2, 'Yes', 'B Sc.', 'Manikaran Enterprises', '2016-08-24', '2016-09-24', 'A+', 1, 2, 7, 10, 22),
(8, 'Jitendra Singh Jhala', 'Male', 2, 2, '9785177828', 'dispatch@mogragroup.com', '58b3ef21c6926.png', '394002010066287', 'Union Bank Of India', 'Fatehpura', 'UBIN0539406', '11, Ganpati Nagar A, Near Bohra Ganesh ji Temple, Sunderwas, Udaipur', '11, Ganpati Nagar A, Near Bohra Ganesh ji Temple, Sunderwas, Udaipur', '', '1985-01-05', 'Married', '2012-02-10', 'Asha Ranawat', 1, 'Yes', 'M.A., M.Sc., M.B.A.', 'Lakecity Infraproject Pvt. Ltd.,', '2014-08-19', '2015-02-20', 'O+', 1, 2, 7, 10, 31),
(9, 'Usha Mali', 'Female', 3, 3, '9166228856', 'purchase@mogragroup.com', '58da2f9de548e.png', '51111161500', 'SBBJ ', 'Madri ', 'SBBJ0010415', 'H.N. 114 UIT Colony Kanpur Madri .Udaipur  ', 'H.N. 114 UIT Colony Kanpur Madri .Udaipur  ', '0294 2980435', '1992-06-27', 'Single', '1970-01-01', '', 0, '', 'XII', 'AGHQ ', '2015-07-15', '2016-01-15', 'B+', 1, 2, 7, 10, 32),
(11, 'Pushpendra Nath Chauhan', 'Male', 1, 10, '9672994770', 'pushpendra@mogragroup.com', '58bd0c2f3fb02.png', '394002010064093', 'Union Bank Of India', 'New Fatehpura Udaipur', 'UBIN0539406', 'T 62 Tilak Nagar Hiran Mangri Sector 3 Udaipur', 'T 62 Tilak Nagar Hiran Mangri Sector 3 Udaipur', '8696029999', '1984-12-21', 'Married', '2010-11-23', 'Mrs. Kavita Kanwar', 1, 'No', 'MBA (MKTG & HR)', 'Bhatnagar Engineers', '2010-10-20', '2010-10-20', 'O+', 1, 2, 7, 10, 44),
(12, 'Vikram Singh Rao', 'Male', 1, 1, '9772604777', 'vikram@mogragroup.com', '58df6633240bc.png', '55545154566', 'SBBJ', 'Shobhagpura', 'SBBJ0011485', 'Bhanwar Singh \r\nVPO -Basantgarh\r\nTehsil -Pindwara\r\nDist. Sirohi', 'C/O Bhagwat Singh\r\nMeera Nagar\r\nbehind Ambience Hotel\r\nUdaipur', '9828232546', '1994-03-30', 'Single', '1970-01-01', '', 0, '', 'B.Tech ( Mech.)', 'Fresher', '2017-02-27', '2017-08-28', 'A+', 1, 2, 7, 10, 45),
(13, 'Bhopal Singh Jhala', 'Male', 8, 8, '9828447774', 'works@mogragroup.com', '58bd262745e4d.png', '394002010064416', 'Union Bank Of India', 'New Fatehpura', 'UBIN0539406', 'Narayan Singh Jhala\r\nVillage-Talavada\r\nPO -Bilot Teh -Dungla\r\nDist. Chittorgarh', 'C/O Ramesh Jain\r\nH.N. 159 Vivek Nagar\r\nSector no 3\r\nUdaipur', '9828447774', '1980-01-16', 'Married', '2007-03-12', 'Jaya kunwer jhala', 1, 'Yes', 'B.A.', 'Shilpa Trade Links', '2011-11-21', '2012-05-15', 'A+', 1, 2, 7, 10, 46),
(14, 'Reena Khandelwal', 'Female', 6, 4, '9649965452', 'info@mogragroup.com', '58be59bdf2895.docx', '394002100066517', 'Union Bank', 'New Fatehpura', 'UBIN0539406', 'C/o N.K.Gupta , 13-B Kanta Niwas, Snatosh Nagar , Street  No-7,Gariyawas, Udaipur', 'C/o N.K.Gupta , 13-B Kanta Niwas, Snatosh Nagar , Street  No-7,Gariyawas, Udaipur', '9649965452', '1979-01-31', 'Married', '1970-01-01', 'Gopal Khandelwal', 2, 'Yes', 'MA ', 'Phosphate India Pvt.Ltd', '2015-01-16', '2015-07-16', 'B+', 1, 2, 7, 10, 52),
(15, 'Mohammed Arif', 'Male', 1, 11, '9649004777', 'arif@mogragroup.com', '58c397efb67fe.jpg', '310102010457570', 'Union Bank Of India', 'Town Hall', 'UBIN0531014', '15/3 Opposite Matlob Masjid, Rajput Colony, \r\n62 futta road Saharanpur UP', 'Opposite soni general Store, Ganesh nagaer\r\npayda University Road, Udaipur raj', '', '1987-09-17', 'Married', '2014-10-27', 'Bushra Arif', 1, 'No', 'B.Sc and PGDBM', 'Kirloskar', '2011-11-16', '2012-04-02', 'B-', 1, 2, 7, 10, 70),
(16, 'Anshul Mogra', 'Male', 6, 6, '9772704777', 'anshul@mogragroup.com', '58e3324748064.png', '001410091506700', 'IDBI', 'Udaipur', 'IDBI', '560, OTC Scheme,\r\nAmbamata,\r\nUdaipur', '560, OTC Scheme,\r\nAmbamata,\r\nUdaipur', '0294 2980435', '1977-05-23', 'Married', '2007-04-20', 'Priya Mogra', 1, 'Yes', 'CA', 'Danube Building ', '2008-11-12', '2008-11-12', 'B+', 2, 6, 2, 37, 75),
(17, 'Priya Mogra', 'Female', 2, 6, '9772704888', 'priya@mogragroup.com', '58e0ffa003ced.jpg', '1234567890', 'UCO Bank', 'Ambamata', 'uCO12345', '560 OTC Scheme \r\nAmbamata Udaipur', '560 OTC Scheme \r\nAmbamata Udaipur', '02942431510', '1981-11-08', 'Married', '2007-04-20', 'Anshul Mogra', 1, 'Yes', 'MCA', 'None', '2007-05-01', '2007-05-01', 'A-', 2, 6, 2, 37, 0),
(18, 'Mukesh Jain ', 'Male', 1, 11, '9829042542', 'mukesh@mogragroup.com', '58e33d60a0bf9.docx', '394002010064091', 'Union Bank ', 'Kota Arodurm Barnch', 'UBIN0535265', '1488,  RK.PURAM, NEAR WATER TANK, KOTA,', '113/28 , Partap Nagar Sector -11, JAIPUR', '', '2069-10-15', 'Married', '1995-04-20', 'Sonali Jain', 1, 'Yes', 'BSC', 'Shilpa Trade Links Pvt. Ltd.', '2009-07-15', '2010-01-15', 'AB-', 1, 2, 7, 10, 0),
(19, 'Jayanti Jain ', 'Female', 2, 12, '9414253644', 'accounts@mogragroup.com', '591ff8a632eec.jpg', '000', 'SBBJ', 'Shobhagpura', 'SBBJ0011485', '-----', '-----', '', '2063-08-16', 'Married', '2007-05-01', 'Subhas  Mehta ', 0, 'No', 'BCOM', '-', '2016-12-02', '2016-12-02', 'A-', 1, 2, 7, 10, 0),
(20, 'Devraj Singh Chouhan ', 'Male', 1, 1, '9784960745', 'devrajsinghchouhan4201@gmail.com', '590343e0d6477.docx', '51092208537', 'SBBJ ', 'Bhopal Ganj ', 'SBBJ0010094', '446, Chandra Shaker Azad Nagar, Bhilwara', '446, Chandra Shaker Azad Nagar, Bhilwara', '', '1992-08-04', 'Single', '1970-01-01', '', 0, '', 'B.Tech Elect.', 'J.K.Cement', '2017-04-12', '2017-04-12', 'B+', 1, 2, 7, 10, 0),
(21, 'Pallav Pujari', 'Male', 1, 1, '9950595253', 'pallavpujari@gmail.com', '59034585bcfba.docx', '00', 'SBBJ', 'Mavli', '00', '7, Nakoda Nagar II, Near Transport Nagar, Udaipur', '7, Nakoda Nagar II, Near Transport Nagar, Udaipur', '', '1993-01-13', 'Married', '2017-01-22', 'Komal Sharma', 0, 'No', 'B.Tech', 'Tempsons', '2017-04-12', '2017-04-12', '', 1, 2, 7, 10, 0),
(22, 'Vikram Singh Meena', 'Male', 5, 13, '9928544560', 'vsm@mogragroup.com', '590f15094c9fb.jpg', '3040040100999', 'Union Bank Of India', 'New Fatehpura', 'UBIN0539406', 'Kherwara', 'Sector 11', '', '1980-07-10', 'Married', '1970-01-01', '', 0, 'No', '12th', 'Courier', '1992-04-10', '1992-04-10', 'A-', 1, 2, 7, 10, 0);

-- --------------------------------------------------------

--
-- Table structure for table `employee_companies`
--

CREATE TABLE IF NOT EXISTS `employee_companies` (
  `employee_id` int(10) NOT NULL,
  `company_id` int(10) NOT NULL,
  PRIMARY KEY (`employee_id`,`company_id`)
) ENGINE=InnoDB DEFAULT CHARSET=latin1;

--
-- Dumping data for table `employee_companies`
--

INSERT INTO `employee_companies` (`employee_id`, `company_id`) VALUES
(4, 25),
(4, 26),
(4, 27),
(8, 25),
(8, 26),
(8, 27),
(9, 25),
(9, 26),
(9, 27),
(11, 25),
(11, 26),
(11, 27),
(12, 25),
(12, 26),
(12, 27),
(13, 25),
(13, 26),
(13, 27),
(14, 25),
(15, 25),
(15, 26),
(15, 27),
(16, 25),
(16, 26),
(16, 27),
(17, 25),
(18, 25),
(18, 26),
(18, 27),
(19, 25),
(19, 26),
(19, 27),
(20, 25),
(20, 26),
(20, 27),
(21, 25),
(21, 27),
(22, 25);

-- --------------------------------------------------------

--
-- Table structure for table `employee_contact_persons`
--

CREATE TABLE IF NOT EXISTS `employee_contact_persons` (
  `id` int(10) NOT NULL AUTO_INCREMENT,
  `employee_id` int(10) NOT NULL,
  `name` varchar(255) NOT NULL,
  `mobile` varchar(10) NOT NULL,
  `landline` varchar(15) DEFAULT NULL,
  `email` varchar(255) NOT NULL,
  `relation` varchar(255) NOT NULL,
  PRIMARY KEY (`id`)
) ENGINE=InnoDB  DEFAULT CHARSET=latin1 AUTO_INCREMENT=127 ;

--
-- Dumping data for table `employee_contact_persons`
--

INSERT INTO `employee_contact_persons` (`id`, `employee_id`, `name`, `mobile`, `landline`, `email`, `relation`) VALUES
(1, 2, 'VIjay', '9983247774', '9983247774', 'vijay@mogragroup.com', 'Freinds'),
(2, 2, 'Harshit', '9983257774', '9983257774', 'harshit@mogragroup.com', 'Freinds'),
(7, 5, 'Dharma Prakash Chasta', '9785701991', '9785701991', 'dsgaur@gmail.com', 'Freinds'),
(8, 5, 'Vinay Taly', '7877858880', '7877858880', 'vinay_taly@yahoo.co.in', 'Freinds'),
(11, 6, 'Satish Patel', '9950999240', NULL, 'hpharsh0@gmail.com', 'Father'),
(12, 6, 'Harshit Patel', '9950278209', NULL, 'hpharsh0@gmail.com', 'Self'),
(51, 13, 'Pushpendra Nath Chauhan', '9672994770', '9672994770', 'pushpendrac08@gmail.com', 'Brother Inlow'),
(52, 13, 'Jagdish Salvi', '7300277882', '7300277882', 'jagdishsalvi1980@gmail.com', 'Freind'),
(53, 14, 'Gopal Khnadelwal', '9782056114', '9782056114', 'khureenabik@gmail.com', 'Husband'),
(54, 14, 'Ramesh Chandra Gupta', '9214404463', '9214404463', 'khureenabik@gmail.com', 'Father'),
(55, 7, 'Satish Patel', '9950999240', '', 'hpharsh0@gmail.com', 'Father'),
(56, 7, 'Satish Patel', '9950999240', '', 'hpharsh0@gmail.com', 'Father'),
(57, 4, 'Dharam Prakash Chasta', '9460726671', '9460726671', 'dharam@gmail.com', 'Friend'),
(58, 4, 'Vinay Tali', '7877858880', '7877858880', 'Vinay@gmail.com', 'Friend'),
(61, 15, 'Bushra', '7895925857', '', 'bushraarif23@gmail.com', 'Wife'),
(62, 15, 'Ankit Jain', '9828877772', '', 'jain.ankit0002@yahoo.in', 'Friend'),
(67, 11, 'Mr. B S Jhala', '9828447774', '9828447774', 'bhopalsingh.jhala@yahoo.com', 'Brother'),
(68, 11, 'Mr.  Mhmd. Arif', '9649004777', '9649004777', 'arif@mogragroup.com', 'Brother'),
(75, 8, 'Bhopal Singh Jhala', '9460509987', '', 'bhopal@gmail.com', 'Father'),
(76, 8, 'Asha Ranawat', '9783376214', '', 'asharanawatldc@gmail.com', 'Wife'),
(83, 9, 'Roop Lal JI ', '9610602013', '9610602013', 'rlj@gmail.com', 'Father '),
(84, 9, 'Satish ', '8003993600', '9460890164', 'satish@gmail.com', 'Friend '),
(91, 10, 'Anshul Mogra', '9772704777', '2431510', 'anshul@mogragroup.com', 'Husband'),
(92, 10, 'KS Mogra', '9829042326', '123', 'ksmogra@mogragroup.com', 'Father'),
(101, 18, 'Sonali Jain', '9982687697', '9982687697', 'sonali.sonalijain.sonalijn@gmail.com', 'Wife'),
(102, 18, 'Atika Jain ', '9116110880', '9116110880', 'atikajain95@gmail.com', 'Daughter'),
(111, 20, 'Narayn Kuwar', '9001612459', '', 'devrajsinghchouhan4201@gmail.com', 'Mother'),
(112, 20, 'Yovraj Singh Chouhan', '8890212745', '', 'devrajsinghchouhan4201@gmail.com', 'Brother'),
(113, 21, 'Komal  Sharma', '9773490915', '', 'pallavpujari@gmail.com', 'Wife'),
(114, 21, 'Mukesh Pujari', '9784188506', '', 'pallavpujari@gmail.com', 'Father'),
(115, 16, 'K S Mogra', '9829042326', '2431510', 'ksmogra@mogragroup.com', 'Father'),
(116, 16, 'Priya Mogra', '9772704777', '2431510', 'priya@mogragroup.com', 'Wife'),
(119, 22, 'Vikram', '0000000000', '', 'vs@gmail.com', 'Self'),
(120, 22, 'Vikram', '0000000000', '', 'v@gmail.com', 'Self'),
(121, 12, 'Bhagwat Singh', '9828232546', '9828232546', 'bsinghrana@gmail.com', 'Brother'),
(122, 12, 'Rajveer Singh', '7665510559', '7665510559', 'rajveer.rr497@gmail.com', 'Brother'),
(123, 17, 'Prakash Chhajed', '9425067062', '', 'prakashchhajed@rediffmail.com', 'Father'),
(124, 17, 'Pratibha Chhajed', '9755386566', '', 'pratibha@rediffmail.com', 'Mother'),
(125, 19, 'Subhas Jain', '9414253644', '', 'accounts@mogragreoup.com', 'Husband'),
(126, 19, 'Subhas Jain', '9414253644', '', 'accounts@mogragreoup.com', 'Husband');

-- --------------------------------------------------------

--
-- Table structure for table `filenames`
--

CREATE TABLE IF NOT EXISTS `filenames` (
  `id` int(10) NOT NULL AUTO_INCREMENT,
  `file1` varchar(10) NOT NULL,
  `customer_id` int(10) NOT NULL,
  `file2` int(10) NOT NULL,
  PRIMARY KEY (`id`)
) ENGINE=InnoDB  DEFAULT CHARSET=latin1 AUTO_INCREMENT=205 ;

--
-- Dumping data for table `filenames`
--

INSERT INTO `filenames` (`id`, `file1`, `customer_id`, `file2`) VALUES
(1, 'BE', 1, 3251),
(2, 'BE', 4, 3239),
(3, 'BE', 2, 3236),
(4, 'BE', 3, 2613),
(5, 'BE', 5, 3127),
(6, 'BE', 6, 2227),
(7, 'BE', 7, 3147),
(8, 'BE', 8, 2932),
(9, 'BE', 9, 3360),
(10, 'BE', 10, 3346),
(11, 'BE', 11, 2971),
(12, 'BE', 11, 3085),
(13, 'BE', 32, 3008),
(14, 'BE', 35, 3325),
(15, 'BE', 37, 3049),
(16, 'BE', 36, 2681),
(18, 'BE', 19, 2986),
(19, 'BE', 55, 2839),
(20, 'BE', 81, 3258),
(21, 'BE', 12, 3156),
(22, 'BE', 1, 3146),
(24, 'BE', 22, 2827),
(25, 'BE', 30, 3241),
(26, 'BE', 26, 2720),
(27, 'BE', 1, 2879),
(30, 'BE', 86, 3331),
(32, 'BE', 52, 3332),
(33, 'BE', 88, 3333),
(34, 'BE', 18, 3334),
(35, 'BE', 76, 3335),
(36, 'BE', 56, 3336),
(37, 'BE', 2, 3337),
(38, 'BE', 60, 3338),
(39, 'BE', 85, 3339),
(40, 'BE', 36, 2919),
(41, 'BE', 5, 2977),
(42, 'BE', 40, 3250),
(43, 'BE', 4, 3371),
(45, 'BE', 33, 3362),
(46, 'BE', 93, 3247),
(47, 'BE', 31, 3240),
(48, 'BE', 29, 3368),
(49, 'BE', 64, 3296),
(50, 'BE', 53, 2454),
(51, 'BE', 94, 3065),
(52, 'BE', 32, 2959),
(53, 'BE', 65, 2748),
(54, 'BE', 70, 3255),
(55, 'BE', 74, 3272),
(56, 'BE', 74, 2809),
(57, 'BE', 59, 3148),
(58, 'DC', 30, 1),
(60, 'BE', 15, 3311),
(61, 'DC', 47, 2),
(62, 'BE', 15, 3212),
(63, 'DC', 95, 3),
(64, 'DC', 86, 4),
(65, 'DC', 97, 5),
(66, 'DC', 96, 6),
(67, 'BE', 77, 3186),
(68, 'BE', 43, 3145),
(69, 'DC', 43, 7),
(70, 'BE', 12, 3140),
(71, 'BE', 53, 3342),
(72, 'BE', 65, 3345),
(73, 'BE', 51, 3353),
(74, 'BE', 52, 3352),
(75, 'BE', 84, 3355),
(76, 'BE', 45, 3356),
(77, 'BE', 15, 3363),
(78, 'BE', 11, 3364),
(79, 'BE', 91, 3365),
(80, 'BE', 45, 3366),
(81, 'BE', 56, 3367),
(82, 'BE', 96, 3372),
(83, 'BE', 12, 3359),
(84, 'BE', 18, 3079),
(85, 'BE', 109, 3354),
(86, 'BE', 108, 3348),
(87, 'DC', 32, 8),
(88, 'BE', 66, 3320),
(89, 'BE', 18, 3249),
(90, 'DC', 61, 9),
(91, 'BE', 70, 3226),
(92, 'BE', 110, 3031),
(93, 'BE', 29, 3064),
(94, 'BE', 80, 3107),
(95, 'BE', 111, 3291),
(96, 'DC', 44, 10),
(98, 'DC', 38, 12),
(99, 'BE', 112, 3194),
(100, 'DC', 57, 13),
(101, 'BE', 107, 2502),
(102, 'BE', 101, 2877),
(103, 'BE', 115, 2890),
(104, 'BE', 68, 2982),
(105, 'DC', 4, 14),
(106, 'BE', 29, 2979),
(107, 'DC', 2, 15),
(108, 'BE', 19, 3369),
(109, 'BE', 21, 3142),
(111, 'DC', 1, 16),
(112, 'BE', 4, 2830),
(113, 'BE', 83, 3254),
(114, 'BE', 17, 2546),
(115, 'BE', 107, 2405),
(116, 'BE', 4, 2626),
(117, 'BE', 40, 3370),
(118, 'BE', 51, 3174),
(119, 'DC', 124, 17),
(120, 'BE', 42, 3102),
(121, 'BE', 122, 3350),
(122, 'BE', 95, 2900),
(123, 'BE', 69, 2942),
(124, 'BE', 125, 3349),
(125, 'BE', 1, 3293),
(126, 'BE', 126, 3080),
(127, 'BE', 11, 2780),
(128, 'BE', 128, 2999),
(129, 'BE', 129, 2945),
(130, 'BE', 72, 3299),
(131, 'BE', 56, 3083),
(132, 'BE', 1, 2886),
(133, 'BE', 130, 3341),
(134, 'BE', 95, 3373),
(135, 'DC', 123, 18),
(136, 'BE', 17, 3374),
(137, 'BE', 48, 3173),
(138, 'BE', 123, 3375),
(139, 'BE', 30, 3376),
(140, 'BE', 64, 2856),
(141, 'BE', 17, 3253),
(142, 'BE', 121, 2875),
(143, 'BE', 22, 2510),
(144, 'BE', 26, 3377),
(145, 'BE', 132, 2523),
(146, 'BE', 26, 2814),
(147, 'DC', 29, 19),
(148, 'BE', 95, 3378),
(149, 'BE', 67, 3351),
(150, 'BE', 95, 3164),
(151, 'BE', 127, 32471),
(152, 'BE', 134, 2598),
(153, 'BE', 95, 3183),
(154, 'BE', 29, 3381),
(155, 'BE', 95, 3379),
(156, 'BE', 135, 3382),
(157, 'BE', 95, 3380),
(158, 'DC', 136, 20),
(159, 'DC', 137, 21),
(162, 'BE', 65, 2740),
(163, 'BE', 51, 3361),
(164, 'BE', 95, 2488),
(165, 'DC', 138, 22),
(166, 'BE', 80, 3383),
(167, 'BE', 93, 3384),
(169, 'BE', 40, 3189),
(170, 'BE', 2, 2833),
(171, 'BE', 114, 3385),
(172, 'DC', 40, 23),
(173, 'BE', 139, 2822),
(174, 'DC', 141, 24),
(175, 'BE', 5, 2960),
(176, 'BE', 62, 2668),
(177, 'BE', 30, 3386),
(178, 'BE', 74, 3270),
(179, 'BE', 142, 3387),
(180, 'DC', 143, 25),
(181, 'DC', 144, 26),
(182, 'DC', 146, 27),
(183, 'BE', 148, 3388),
(184, 'BE', 11, 3274),
(186, 'DC', 147, 28),
(187, 'BE', 29, 3027),
(188, 'BE', 96, 3389),
(189, 'BE', 64, 3229),
(190, 'BE', 110, 3289),
(191, 'DC', 95, 29),
(192, 'BE', 8, 3390),
(193, 'BE', 65, 2772),
(194, 'BE', 6, 2564),
(195, 'BE', 66, 3391),
(196, 'BE', 10, 3393),
(197, 'BE', 81, 3392),
(198, 'BE', 5, 2962),
(199, 'BE', 151, 3394),
(200, 'BE', 44, 3119),
(201, 'DC', 152, 30),
(202, 'BE', 153, 2805),
(203, 'BE', 43, 3395),
(204, 'BE', 43, 3112);

-- --------------------------------------------------------

--
-- Table structure for table `financial_months`
--

CREATE TABLE IF NOT EXISTS `financial_months` (
  `id` int(10) NOT NULL AUTO_INCREMENT,
  `financial_year_id` int(10) NOT NULL,
  `month` varchar(15) NOT NULL,
  `status` varchar(10) NOT NULL,
  PRIMARY KEY (`id`)
) ENGINE=InnoDB  DEFAULT CHARSET=latin1 AUTO_INCREMENT=130 ;

--
-- Dumping data for table `financial_months`
--

INSERT INTO `financial_months` (`id`, `financial_year_id`, `month`, `status`) VALUES
(31, 1, '04-2016', 'Open'),
(32, 1, '05-2016', 'Open'),
(33, 1, '06-2016', 'Open'),
(34, 1, '07-2016', 'Open'),
(35, 1, '08-2016', 'Open'),
(36, 1, '09-2016', 'Open'),
(37, 1, '10-2016', 'Open'),
(38, 1, '11-2016', 'Open'),
(39, 1, '12-2016', 'Open'),
(40, 1, '01-2017', 'Open'),
(41, 1, '02-2017', 'Open'),
(42, 1, '03-2017', 'Open'),
(79, 19, '04-2016', 'Open'),
(80, 19, '05-2016', 'Open'),
(81, 19, '06-2016', 'Open'),
(82, 19, '07-2016', 'Open'),
(83, 19, '08-2016', 'Open'),
(84, 19, '09-2016', 'Open'),
(85, 19, '10-2016', 'Open'),
(86, 19, '11-2016', 'Open'),
(88, 19, '12-2016', 'Open'),
(90, 19, '01-2017', 'Open'),
(91, 19, '02-2017', 'Open'),
(92, 19, '03-2017', 'Open'),
(93, 20, '04-2016', 'Open'),
(94, 20, '05-2016', 'Open'),
(95, 20, '06-2016', 'Open'),
(96, 20, '07-2016', 'Open'),
(97, 20, '08-2016', 'Open'),
(98, 20, '09-2016', 'Open'),
(99, 20, '10-2016', 'Open'),
(100, 20, '11-2016', 'Open'),
(101, 20, '12-2016', 'Open'),
(102, 20, '01-2017', 'Open'),
(103, 20, '02-2017', 'Open'),
(104, 20, '03-2017', 'Open');

-- --------------------------------------------------------

--
-- Table structure for table `financial_years`
--

CREATE TABLE IF NOT EXISTS `financial_years` (
  `id` int(11) NOT NULL AUTO_INCREMENT,
  `date_from` date NOT NULL,
  `date_to` date NOT NULL,
  `status` varchar(50) NOT NULL,
  `company_id` int(11) NOT NULL,
  PRIMARY KEY (`id`)
) ENGINE=InnoDB  DEFAULT CHARSET=latin1 AUTO_INCREMENT=23 ;

--
-- Dumping data for table `financial_years`
--

INSERT INTO `financial_years` (`id`, `date_from`, `date_to`, `status`, `company_id`) VALUES
(1, '2017-04-01', '2018-03-31', 'Open', 25),
(19, '2017-04-01', '2018-03-31', 'Open', 26),
(20, '2017-04-01', '2018-03-31', 'Open', 27);

-- --------------------------------------------------------

--
-- Table structure for table `grns`
--

CREATE TABLE IF NOT EXISTS `grns` (
  `id` int(10) NOT NULL AUTO_INCREMENT,
  `vendor_id` int(10) NOT NULL,
  `date_created` date NOT NULL,
  `purchase_order_id` int(10) NOT NULL,
  `company_id` int(10) NOT NULL,
  `grn1` varchar(10) NOT NULL,
  `grn2` int(10) NOT NULL,
  `grn3` varchar(10) NOT NULL,
  `grn4` varchar(10) NOT NULL,
  `status` varchar(30) NOT NULL DEFAULT 'Pending',
  `created_by` int(10) NOT NULL,
  `road_permit_no` varchar(20) NOT NULL,
  PRIMARY KEY (`id`)
) ENGINE=InnoDB  DEFAULT CHARSET=latin1 AUTO_INCREMENT=63 ;

--
-- Dumping data for table `grns`
--

INSERT INTO `grns` (`id`, `vendor_id`, `date_created`, `purchase_order_id`, `company_id`, `grn1`, `grn2`, `grn3`, `grn4`, `status`, `created_by`, `road_permit_no`) VALUES
(1, 2, '2017-04-12', 53, 25, 'STL', 1, 'BE-3346', '17-18', 'Invoice-Booked', 13, 'No'),
(2, 13, '2017-04-12', 52, 25, 'STL', 2, 'BE-3346', '17-18', 'Invoice-Booked', 13, 'No'),
(3, 20, '2017-04-12', 54, 25, 'STL', 3, 'BE-2932', '16-17', 'Invoice-Booked', 13, 'No'),
(4, 21, '2017-04-12', 64, 27, 'FMSL', 1, 'BE-3341', '17-18', 'Pending', 13, 'No'),
(5, 2, '2017-04-13', 69, 25, 'STL', 4, 'BE-3258', '17-18', 'Invoice-Booked', 13, 'No'),
(6, 1, '2017-04-17', 40, 25, 'STL', 5, 'BE-3349', '16-17', 'Invoice-Booked', 13, 'E47A110417892453'),
(7, 1, '2017-04-17', 63, 25, 'STL', 6, 'BE-3320', '17-18', 'Invoice-Booked', 13, 'E47A060417827103'),
(8, 1, '2017-04-17', 40, 25, 'STL', 7, 'BE-3349', '16-17', 'Invoice-Booked', 13, 'E47A060417827103'),
(9, 1, '2017-04-18', 42, 25, 'STL', 8, 'BE-3346', '16-17', 'Invoice-Booked', 13, 'E47A060417827103'),
(10, 1, '2017-04-18', 27, 25, 'STL', 9, 'BE-3142', '16-17', 'Invoice-Booked', 13, 'E47A060417827103'),
(11, 1, '2017-04-18', 41, 25, 'STL', 10, 'BE-2900', '16-17', 'Invoice-Booked', 13, 'E47A060417827103'),
(12, 22, '2017-04-18', 71, 25, 'STL', 11, 'BE-3350', '17-18', 'Invoice-Booked', 13, 'No'),
(13, 1, '2017-04-21', 40, 25, 'STL', 12, 'BE-3349', '16-17', 'Invoice-Booked', 13, 'E47A170417968621'),
(14, 5, '2017-04-25', 73, 25, 'STL', 13, 'BE-3253', '17-18', 'Invoice-Booked', 13, 'E47A130417923656'),
(15, 7, '2017-04-25', 59, 25, 'STL', 14, 'BE-3374', '16-17', 'Invoice-Booked', 13, 'E47A210417028259'),
(16, 27, '2017-04-27', 88, 25, 'STL', 15, 'BE-3311', '17-18', 'Invoice-Booked', 13, 'NO'),
(17, 1, '2017-04-28', 56, 25, 'STL', 16, 'BE-3083', '17-18', 'Invoice-Booked', 13, 'E47A270417097825'),
(18, 9, '2017-04-29', 61, 25, 'STL', 17, 'BE-3359', '17-18', 'Invoice-Booked', 13, 'No'),
(19, 3, '2017-04-29', 8, 25, 'STL', 18, 'BE-3241', '17-18', 'Pending', 13, 'NO'),
(20, 28, '2017-04-29', 89, 25, 'STL', 19, 'BE-3350', '17-18', 'Invoice-Booked', 9, 'No'),
(21, 28, '2017-04-29', 90, 25, 'STL', 20, 'BE-3350', '17-18', 'Invoice-Booked', 9, 'No'),
(22, 28, '2017-04-29', 91, 25, 'STL', 21, 'BE-3350', '17-18', 'Invoice-Booked', 9, 'No'),
(23, 28, '2017-04-29', 95, 25, 'STL', 22, 'BE-3350', '17-18', 'Pending', 9, 'No'),
(24, 9, '2017-05-02', 75, 25, 'STL', 23, 'BE-3241', '17-18', 'Invoice-Booked', 13, 'No'),
(25, 1, '2017-05-02', 38, 25, 'STL', 24, 'BE-2780', '16-17', 'Invoice-Booked', 13, 'E47A260417090872'),
(26, 3, '2017-05-02', 22, 25, 'STL', 25, 'BE-3064', '16-17', 'Invoice-Booked', 13, 'No'),
(27, 3, '2017-05-02', 23, 25, 'STL', 26, 'BE-2405', '17-18', 'Invoice-Booked', 13, 'No'),
(28, 7, '2017-05-02', 72, 25, 'STL', 27, 'BE-3377', '17-18', 'Invoice-Booked', 13, 'E47A210417028765'),
(29, 3, '2017-05-02', 15, 25, 'STL', 28, 'BE-2720', '17-18', 'Invoice-Booked', 13, 'NO'),
(30, 3, '2017-05-02', 16, 25, 'STL', 29, 'BE-2720', '17-18', 'Invoice-Booked', 13, 'No'),
(31, 8, '2017-05-02', 48, 25, 'STL', 30, 'BE-3320', '17-18', 'Invoice-Booked', 13, 'E47A220417034867'),
(32, 8, '2017-05-02', 43, 25, 'STL', 31, 'BE-3194', '17-18', 'Invoice-Booked', 13, 'E47A220417034867'),
(33, 2, '2017-05-03', 94, 25, 'STL', 32, 'BE-3183', '17-18', 'Invoice-Booked', 13, 'No'),
(34, 3, '2017-05-03', 21, 25, 'STL', 33, 'BE-2546', '16-17', 'Invoice-Booked', 13, 'No'),
(35, 3, '2017-05-03', 17, 25, 'STL', 34, 'BE-2879', '16-17', 'Invoice-Booked', 13, 'No'),
(36, 31, '2017-05-06', 102, 25, 'STL', 35, 'BE-3031', '17-18', 'Invoice-Booked', 13, 'No'),
(37, 1, '2017-05-08', 29, 25, 'STL', 36, 'BE-3320', '17-18', 'Pending', 13, 'E47A040517188128'),
(39, 32, '2017-05-09', 103, 25, 'STL', 37, 'BE-3183', '17-18', 'Invoice-Booked', 13, 'NO'),
(40, 7, '2017-05-09', 80, 25, 'STL', 38, 'BE-3240', '17-18', 'Invoice-Booked', 13, 'NO'),
(41, 3, '2017-05-12', 14, 25, 'STL', 39, 'BE-3291', '17-18', 'Pending', 13, 'NO'),
(42, 9, '2017-05-12', 97, 25, 'STL', 40, 'BE-3372', '17-18', 'Invoice-Booked', 13, 'NA'),
(43, 1, '2017-05-12', 40, 25, 'STL', 41, 'BE-3349', '17-18', 'Invoice-Booked', 16, 'WW'),
(44, 1, '2017-05-15', 35, 25, 'STL', 42, 'BE-3370', '17-18', 'Pending', 13, 'E47A120517290065'),
(45, 1, '2017-05-15', 65, 25, 'STL', 43, 'BE-2932', '17-18', 'Pending', 13, 'E47A090517254844'),
(46, 6, '2017-05-15', 51, 25, 'STL', 44, 'BE-3369', '16-17', 'Invoice-Booked', 13, 'E47A260417090787'),
(49, 1, '2017-05-15', 36, 25, 'STL', 45, 'BE-3080', '17-18', 'Pending', 13, 'E49A120517290065'),
(50, 9, '2017-05-15', 82, 25, 'STL', 46, 'BE-2523', '17-18', 'Invoice-Booked', 13, 'NIL'),
(51, 3, '2017-05-17', 9, 25, 'STL', 47, 'BE-3368', '17-18', 'Invoice-Booked', 13, 'NA'),
(52, 3, '2017-05-17', 13, 25, 'STL', 48, 'BE-2827', '17-18', 'Pending', 13, 'NA'),
(53, 3, '2017-05-17', 18, 25, 'STL', 49, 'BE-3371', '16-17', 'Pending', 13, 'TP1709975024'),
(54, 3, '2017-05-17', 25, 25, 'STL', 50, 'BE-2626', '17-18', 'Invoice-Booked', 13, 'NA'),
(55, 9, '2017-05-18', 99, 25, 'STL', 51, 'BE-3189', '17-18', 'Pending', 13, 'NA'),
(56, 1, '2017-05-19', 36, 25, 'STL', 52, 'BE-3080', '17-18', 'Invoice-Booked', 16, 'E47A150517327405'),
(57, 6, '2017-05-19', 49, 25, 'STL', 53, 'BE-3373', '17-18', 'Invoice-Booked', 13, 'NA'),
(58, 1, '2017-05-19', 36, 25, 'STL', 54, 'BE-3080', '17-18', 'Pending', 13, 'E47A150517327405'),
(59, 1, '2017-05-19', 55, 25, 'STL', 55, 'BE-3049', '17-18', 'Pending', 13, 'E47A150517327405'),
(60, 5, '2017-05-19', 117, 25, 'STL', 56, 'BE-3390', '17-18', 'Pending', 13, 'NO'),
(61, 9, '2017-05-20', 93, 25, 'STL', 57, 'BE-3384', '17-18', 'Pending', 13, 'NO'),
(62, 9, '2017-05-20', 92, 25, 'STL', 58, 'BE-3332', '17-18', 'Pending', 13, 'NO');

-- --------------------------------------------------------

--
-- Table structure for table `grn_rows`
--

CREATE TABLE IF NOT EXISTS `grn_rows` (
  `id` int(10) NOT NULL AUTO_INCREMENT,
  `grn_id` int(10) NOT NULL,
  `item_id` int(10) NOT NULL,
  `quantity` int(5) NOT NULL,
  `description` varchar(255) NOT NULL,
  PRIMARY KEY (`id`)
) ENGINE=InnoDB  DEFAULT CHARSET=latin1 AUTO_INCREMENT=176 ;

--
-- Dumping data for table `grn_rows`
--

INSERT INTO `grn_rows` (`id`, `grn_id`, `item_id`, `quantity`, `description`) VALUES
(1, 1, 589, 1, ''),
(2, 2, 867, 2, ''),
(5, 4, 1161, 1, ''),
(6, 4, 1161, 1, ''),
(7, 3, 1191, 495, ''),
(8, 3, 1192, 404, ''),
(9, 5, 863, 4, ''),
(13, 6, 1171, 2, ''),
(14, 7, 963, 2, ''),
(15, 7, 966, 1, ''),
(16, 7, 1178, 1, ''),
(17, 7, 746, 5, ''),
(18, 7, 782, 2, ''),
(19, 7, 1207, 2, ''),
(28, 8, 964, 2, ''),
(31, 9, 1170, 2, ''),
(34, 10, 737, 1, ''),
(35, 11, 1169, 1, ''),
(36, 12, 1039, 60, ''),
(37, 12, 1038, 91, ''),
(38, 12, 1040, 23, ''),
(39, 12, 1041, 23, ''),
(40, 12, 1185, 1, ''),
(41, 12, 1038, 239, ''),
(42, 12, 1214, 8, ''),
(44, 13, 1167, 1, ''),
(45, 14, 1213, 2, ''),
(46, 14, 1215, 2, ''),
(47, 14, 1173, 2, ''),
(49, 15, 931, 6, ''),
(50, 16, 1152, 36, ''),
(51, 17, 730, 1, ''),
(52, 18, 1193, 1, ''),
(53, 19, 606, 1, ''),
(54, 20, 1015, 269, ''),
(55, 20, 1016, 233, ''),
(56, 20, 1017, 154, ''),
(57, 20, 1018, 131, ''),
(58, 20, 1023, 69, ''),
(59, 20, 1026, 62, ''),
(60, 20, 1021, 175, ''),
(61, 21, 1028, 590, ''),
(62, 21, 1029, 376, ''),
(63, 21, 1032, 68, ''),
(64, 21, 1030, 184, ''),
(65, 21, 1031, 160, ''),
(66, 22, 1033, 358, ''),
(67, 22, 1034, 322, ''),
(68, 22, 1035, 804, ''),
(69, 22, 1036, 665, ''),
(70, 22, 1037, 91, ''),
(71, 23, 1309, 124, ''),
(72, 23, 1024, 152, ''),
(73, 23, 1310, 77, ''),
(74, 23, 1311, 14, ''),
(75, 24, 612, 4, ''),
(76, 24, 621, 1, ''),
(82, 26, 600, 20, ''),
(83, 26, 1148, 10, ''),
(84, 25, 731, 2, ''),
(85, 27, 627, 1, ''),
(86, 28, 986, 2, ''),
(87, 29, 634, 1, ''),
(88, 30, 634, 1, ''),
(89, 31, 1145, 2, ''),
(90, 32, 568, 1, ''),
(91, 33, 589, 2, ''),
(96, 35, 599, 1, ''),
(97, 34, 1143, 1, ''),
(98, 36, 1346, 10, ''),
(99, 37, 798, 1, ''),
(100, 37, 799, 1, ''),
(101, 37, 965, 1, ''),
(102, 37, 967, 1, ''),
(107, 39, 1358, 3050, ''),
(108, 40, 935, 1, ''),
(109, 41, 605, 1, ''),
(110, 42, 1332, 2, ''),
(111, 43, 1168, 1, ''),
(112, 44, 732, 1, ''),
(113, 45, 795, 1, ''),
(114, 45, 1179, 1, ''),
(115, 45, 1180, 1, ''),
(116, 45, 820, 1, ''),
(117, 45, 1181, 1, ''),
(118, 45, 765, 4, ''),
(119, 45, 773, 2, ''),
(120, 45, 771, 3, ''),
(133, 46, 1096, 1, ''),
(134, 46, 1097, 1, ''),
(135, 46, 1099, 1, ''),
(136, 46, 1100, 1, ''),
(146, 49, 703, 2, ''),
(147, 50, 1232, 1, ''),
(148, 50, 953, 1, ''),
(149, 50, 1221, 1, ''),
(150, 51, 606, 2, ''),
(151, 52, 608, 1, ''),
(154, 53, 602, 1, ''),
(155, 54, 1155, 1, ''),
(156, 55, 1318, 2, ''),
(157, 56, 702, 2, ''),
(158, 57, 1102, 2, ''),
(159, 57, 1101, 2, ''),
(160, 57, 1103, 4, ''),
(161, 57, 1104, 2, ''),
(162, 57, 1105, 2, ''),
(163, 57, 1106, 2, ''),
(164, 57, 1107, 2, ''),
(165, 57, 1108, 2, ''),
(166, 57, 1109, 2, ''),
(167, 57, 1110, 2, ''),
(168, 57, 1099, 2, ''),
(169, 57, 1111, 2, ''),
(170, 57, 1096, 2, ''),
(171, 58, 729, 1, ''),
(172, 59, 1413, 1, ''),
(173, 60, 1371, 1, ''),
(174, 61, 1222, 1, ''),
(175, 62, 1314, 1, '');

-- --------------------------------------------------------

--
-- Table structure for table `inventory_vouchers`
--

CREATE TABLE IF NOT EXISTS `inventory_vouchers` (
  `id` int(10) NOT NULL AUTO_INCREMENT,
  `invoice_id` int(10) NOT NULL,
  `iv_number` varchar(10) NOT NULL,
  `created_by` int(10) NOT NULL,
  `company_id` int(10) NOT NULL,
  `status` varchar(20) NOT NULL DEFAULT 'Incomplete',
  PRIMARY KEY (`id`)
) ENGINE=InnoDB DEFAULT CHARSET=latin1 AUTO_INCREMENT=1 ;

-- --------------------------------------------------------

--
-- Table structure for table `inventory_voucher_rows`
--

CREATE TABLE IF NOT EXISTS `inventory_voucher_rows` (
  `id` int(10) NOT NULL AUTO_INCREMENT,
  `inventory_voucher_id` int(10) NOT NULL,
  `invoice_id` int(10) NOT NULL,
  `item_id` int(10) NOT NULL,
  `quantity` int(10) NOT NULL,
  `left_item_id` int(10) NOT NULL,
  PRIMARY KEY (`id`)
) ENGINE=InnoDB DEFAULT CHARSET=latin1 AUTO_INCREMENT=1 ;

-- --------------------------------------------------------

--
-- Table structure for table `invoices`
--

CREATE TABLE IF NOT EXISTS `invoices` (
  `id` int(10) NOT NULL AUTO_INCREMENT,
  `temp_limit` decimal(10,2) DEFAULT '0.00',
  `customer_id` int(10) NOT NULL,
  `customer_address` text NOT NULL,
  `lr_no` varchar(255) NOT NULL,
  `terms_conditions` text,
  `discount_type` tinyint(1) NOT NULL,
  `total` decimal(15,2) NOT NULL,
  `pnf` decimal(10,2) NOT NULL,
  `pnf_type` tinyint(1) NOT NULL,
  `pnf_per` decimal(4,2) NOT NULL,
  `total_after_pnf` decimal(15,2) NOT NULL,
  `sale_tax_per` decimal(4,2) NOT NULL,
  `sale_tax_id` int(10) NOT NULL,
  `sale_tax_amount` decimal(15,2) NOT NULL,
  `exceise_duty` decimal(10,2) NOT NULL,
  `ed_description` varchar(255) NOT NULL,
  `fright_amount` decimal(8,2) NOT NULL,
  `fright_text` varchar(255) NOT NULL,
  `grand_total` decimal(18,2) NOT NULL,
  `due_payment` decimal(18,2) NOT NULL,
  `date_created` date NOT NULL,
  `company_id` int(10) NOT NULL,
  `process_status` varchar(30) NOT NULL,
  `sales_order_id` int(10) NOT NULL,
  `in1` varchar(10) NOT NULL,
  `in2` int(10) NOT NULL,
  `in4` varchar(10) NOT NULL,
  `in3` varchar(10) NOT NULL,
  `customer_po_no` varchar(100) NOT NULL,
  `po_date` date NOT NULL,
  `additional_note` varchar(255) NOT NULL,
  `employee_id` int(10) NOT NULL,
  `created_by` int(11) NOT NULL,
  `transporter_id` int(10) NOT NULL,
  `discount_per` decimal(4,2) NOT NULL,
  `discount` decimal(10,2) NOT NULL,
  `form47` varchar(100) NOT NULL,
  `form49` varchar(100) NOT NULL,
  `status` varchar(20) NOT NULL,
  `inventory_voucher_status` varchar(20) NOT NULL DEFAULT 'Pending',
  `payment_mode` varchar(20) NOT NULL,
  `fright_ledger_account` int(10) NOT NULL,
  `sales_ledger_account` int(10) NOT NULL,
  `st_ledger_account_id` int(10) NOT NULL,
  `pdf_font_size` varchar(10) NOT NULL DEFAULT '16px',
  `delivery_description` text NOT NULL,
  `inventory_voucher_create` varchar(10) NOT NULL DEFAULT 'No',
  `sale_return_status` varchar(5) NOT NULL DEFAULT 'No',
  `sale_return_id` int(11) NOT NULL,
  PRIMARY KEY (`id`)
) ENGINE=InnoDB  DEFAULT CHARSET=latin1 AUTO_INCREMENT=84 ;

--
-- Dumping data for table `invoices`
--

INSERT INTO `invoices` (`id`, `temp_limit`, `customer_id`, `customer_address`, `lr_no`, `terms_conditions`, `discount_type`, `total`, `pnf`, `pnf_type`, `pnf_per`, `total_after_pnf`, `sale_tax_per`, `sale_tax_id`, `sale_tax_amount`, `exceise_duty`, `ed_description`, `fright_amount`, `fright_text`, `grand_total`, `due_payment`, `date_created`, `company_id`, `process_status`, `sales_order_id`, `in1`, `in2`, `in4`, `in3`, `customer_po_no`, `po_date`, `additional_note`, `employee_id`, `created_by`, `transporter_id`, `discount_per`, `discount`, `form47`, `form49`, `status`, `inventory_voucher_status`, `payment_mode`, `fright_ledger_account`, `sales_ledger_account`, `st_ledger_account_id`, `pdf_font_size`, `delivery_description`, `inventory_voucher_create`, `sale_return_status`, `sale_return_id`) VALUES
(1, '0.00', 68, 'The Executive Engineer (O & M)\r\nSuratgarh Super thermal Power,\r\nRajasthan Rajya Vidyut Utpadan Nigam Limited, Near Village-Raiawali,\r\nSuratgarh-335804\r\nSri Ganganagar (Raj.)', '363-115314 dated 04.04.2017', NULL, 1, '830680.95', '0.00', 0, '0.00', '830680.95', '5.50', 2, '45687.45', '0.00', '', '8000.00', 'Jaipur Golden Freight Paid Door Delivery against Consignee copy', '884368.40', '884368.40', '2017-04-03', 25, 'Pulled From Sales-Order', 24, 'STL', 1, '17-18', 'BE-2982', 'PO201600064/D-262', '2017-01-25', '-', 18, 16, 1, '5.00', '43720.05', '', '', '', 'Pending', '', 106, 37, 488, '16px', '', 'No', 'No', 0),
(2, '0.00', 21, 'CPP (Thermal) Zawar Mines\r\nZawar Mines\r\nDist. Udaipur', '-', NULL, 1, '6500.00', '0.00', 0, '0.00', '6500.00', '5.50', 2, '357.50', '0.00', '', '0.00', '', '6857.50', '6857.50', '2017-04-04', 25, 'Pulled From Sales-Order', 30, 'STL', 2, '17-18', 'BE-3142', '2000038091/4100086596', '2017-01-20', 'Direct for payment within 30 days', 11, 8, 16, '0.00', '0.00', '', '', '', 'Pending', '', 106, 37, 488, '16px', '', 'No', 'No', 0),
(3, '0.00', 108, 'A-280/281/283 RIICO Industrial Area\r\nChopanki, Bhiwadi\r\nDistt: Alwar (Raj.)', '363-115321 dt. 04.04.2017', NULL, 1, '23850.00', '0.00', 0, '0.00', '23850.00', '14.50', 1, '3458.25', '0.00', '', '0.00', 'Freight "TO-PAY" basis', '27308.25', '27308.25', '2017-04-11', 25, 'Pulled From Sales-Order', 23, 'STL', 3, '17-18', 'BE-3348', 'CHP008470', '2016-12-17', 'Direct for payment against Performa Invoice', 15, 8, 1, '10.00', '2650.00', '', '', '', 'Pending', '', 106, 37, 487, '16px', '', 'No', 'No', 0),
(4, '0.00', 9, 'P.O. Adityanagar - 326 520\r\nMORAK, Distt. Kota (Rajasthan)', '30070 dated 04.04.2017', NULL, 1, '46105.65', '922.11', 1, '2.00', '47027.76', '14.50', 1, '6819.03', '3605.78', 'Add: Reimbursement of Excise duty so paid vide: Invoice No. R/16-17/2115 dt. 16.03.2017 of M/s Anticorrosive Equipment Pvt. Ltd., Mumbai for Rs. 2869/- and Invoice No. 899 dt. 07.03.2017 of M/s Mechneers India, Udaipur for Rs. 736.78/-', '0.00', 'Freight "TO-PAY" basis', '53846.78', '53846.78', '2017-04-04', 25, 'Pulled From Sales-Order', 5, 'STL', 4, '17-18', 'BE-3360', 'VPG/1100003705', '2017-02-20', 'Direct for payment within 30 days', 15, 8, 15, '4.92', '2200.13', '', '', '', 'Pending', '', 106, 37, 487, '16px', '', 'Yes', 'No', 0),
(5, '0.00', 37, 'RIICO INDUSTRIAL AREA NEEMRANA, DIST. ALWAR (RAJ)-301705', '363-115322 dt. 04.04.2017', NULL, 1, '89100.00', '0.00', 0, '0.00', '89100.00', '5.50', 2, '4900.50', '0.00', '', '0.00', 'Freight "TO-PAY" basis', '94000.50', '94000.50', '2017-04-04', 25, 'Pulled From Sales-Order', 14, 'STL', 5, '17-18', 'BE-3049', '2400000230', '2017-02-10', 'Direct for payment within 15 days', 15, 8, 1, '10.00', '9900.00', '', '', '', 'Pending', '', 106, 37, 488, '16px', '', 'Yes', 'No', 0),
(6, '0.00', 110, '(Khushkhera Cement Grinding Project)\r\nPlot No. SP3-II, A-1, \r\nRIICO Industrial Area\r\nBhiwadi, Taluka-Tijara,\r\nKhushkhera-301707\r\nDistt: Alwar (Raj.)', '363-115320 dated 04.04.2017', NULL, 1, '11040.00', '0.00', 0, '0.00', '11040.00', '14.50', 1, '1600.80', '0.00', '', '0.00', 'Freight "PAID" basis', '12640.80', '12640.80', '2017-04-04', 25, 'Pulled From Sales-Order', 19, 'STL', 6, '17-18', 'BE-3031', '415110', '2017-02-15', 'Direct for payment within 30 days', 11, 8, 1, '20.00', '2760.00', '', '', '', 'Pending', '', 106, 37, 487, '16px', '', 'No', 'No', 0),
(7, '0.00', 29, 'Bangur City\r\nPO RAS-306107\r\nTehsil :Jaitaran\r\nDist. Pali\r\n', '101-11138 dt. 05.04.2017', NULL, 1, '29188.38', '0.00', 0, '0.00', '29188.38', '14.50', 1, '4232.32', '788.38', 'Add.: Reimbursement of Excise duty, so paid vide Invoice No. RT-386 (2016-17) dt. 29.03.2017 of M/s Rajdhani Traders, Udaipur', '0.00', 'Freight "TO-PAY" basis', '33420.70', '33420.70', '2017-04-04', 25, 'Pulled From Sales-Order', 20, 'STL', 7, '17-18', 'BE-3064', '419574', '2017-03-08', 'Direct for payment within 30 days', 11, 8, 7, '20.00', '7100.00', '', '', '', 'Pending', '', 106, 37, 487, '16px', '', 'Yes', 'No', 0),
(8, '0.00', 70, 'SPL 1, Tapukara Industrial\r\nArea, Khuskhera-301707\r\nDistt-Alwar', '-', NULL, 1, '1337.60', '0.00', 0, '0.00', '1337.60', '5.50', 2, '73.57', '0.00', '', '0.00', 'Freight "PAID DOOR DELIVERY" basis', '1411.17', '1411.17', '2017-04-04', 25, 'Pulled From Sales-Order', 18, 'STL', 8, '17-18', 'BE-3226', '35664,0', '2017-01-30', 'Direct for payment within 30 days', 15, 8, 3, '5.00', '70.40', '', '', '', 'Pending', '', 106, 37, 488, '16px', '', 'No', 'No', 0),
(9, '0.00', 70, 'SPL 1, Tapukara Industrial\r\nArea, Khuskhera-301707\r\nDistt-Alwar', '-', NULL, 1, '51222.32', '0.00', 0, '0.00', '51222.32', '5.50', 2, '2817.23', '1222.32', 'Add: Reimbursement of Excise duty, so paid vide Invoice No. 938 dt. 24.03.2017 of M/s Mechneers India, Udaipur', '0.00', '"FREIGHT PAID DOOR DELIVERY" basis', '54039.55', '54039.55', '2017-04-04', 25, 'Pulled From Sales-Order', 17, 'STL', 9, '17-18', 'BE-3226', '36507,0 ', '2017-03-16', 'Direct for payment within 30 days', 15, 8, 3, '0.00', '0.00', '', '', '', 'Pending', '', 106, 37, 488, '16px', '', 'Yes', 'No', 0),
(10, '0.00', 40, 'Pali-Marwar-306401\r\nRajastahn', '45505 dt. 06.04.2017', NULL, 1, '56712.25', '0.00', 0, '0.00', '56712.25', '5.50', 2, '3119.17', '2599.75', 'Add: Reimbursement of Excise duty, so paid vide Invoice No. 4109V/17 dt. 25.03.2017 of M/s Remi Elektrotechnik Limited, Vasai', '0.00', 'Freight "PAID"  bais', '59831.42', '59831.42', '2017-04-04', 25, 'Pulled From Sales-Order', 1, 'STL', 10, '17-18', 'BE-3370', '4600015892', '2017-03-21', 'Direct for payment within 15 days', 4, 8, 2, '7.50', '4387.50', '', '', '', 'Pending', '', 106, 37, 488, '16px', '', 'No', 'No', 0),
(11, '0.00', 42, 'Rajasthan State Highway 9, \r\nSripati Nagar, Dabok, Udaipur-313201\r\nRajasthan \r\n', '-', NULL, 1, '28767.50', '0.00', 0, '0.00', '28767.50', '5.50', 2, '1582.21', '0.00', '', '0.00', 'Hand Delivery ', '30349.71', '30349.71', '2017-04-11', 25, 'Pulled From Sales-Order', 32, 'STL', 11, '17-18', 'BE-3102', '7420001469/MES ', '2017-03-29', 'Direct for payment within 30 days', 4, 8, 29, '7.50', '2332.50', '', '', '', 'Pending', '', 106, 37, 488, '16px', '', 'No', 'No', 0),
(12, '0.00', 18, 'Chanderia Smelter Complex (CPP)\r\nPO Putholi\r\nDt. Chittorgarh', '-', NULL, 1, '6955.00', '0.00', 0, '0.00', '6955.00', '5.50', 2, '382.52', '0.00', '', '0.00', 'Freight "PAID DOOR DELIVERY" basis', '7337.52', '7337.52', '2017-04-05', 25, 'Pulled From Sales-Order', 15, 'STL', 12, '17-18', 'BE-3079', '4100086596', '2017-01-20', 'Direct for payment within 30 days', 11, 8, 6, '0.00', '0.00', '', '', '', 'Pending', '', 106, 37, 488, '16px', '"FREIGHT PAID DOOR DELIVERY" basis', 'No', 'No', 0),
(13, '0.00', 1, 'Dariba Smelter Complex\r\nRajpura Dariba Mines\r\nDist.: Rajsamand (Raj.)\r\nPin no- 313211', '-', NULL, 1, '98034.00', '0.00', 0, '0.00', '98034.00', '5.50', 2, '5391.87', '7784.00', 'Add: reimbursement of Excise duty, so paid vide invoice No. 107204 dt. 22.03.2017 of M/s SPX Flow Technology (India) Private Limited, Ahemdabad', '0.00', '', '103425.87', '103425.87', '2017-04-05', 25, 'Pulled From Sales-Order', 13, 'STL', 13, '17-18', 'BE-3146', '2000037157/4100085926', '2016-12-13', 'Direct for payment within 30 days', 11, 8, 16, '0.00', '0.00', '', '', '', 'Pending', '', 106, 37, 488, '16px', '', 'No', 'No', 0),
(14, '0.00', 72, 'SP-4/3, RIICO Industrial Area,\r\nVill.: Keshwana, Teh.: KOTPUTLI-303108,\r\nDistt: Jaipur (Raj.) ', '13553 dt. 20.03.2017', NULL, 1, '7500.00', '0.00', 0, '0.00', '7500.00', '5.50', 2, '412.50', '0.00', '', '0.00', 'Freight "TO-PAY'' basis', '7912.50', '7912.50', '2017-04-11', 25, 'Pulled From Sales-Order', 37, 'STL', 14, '17-18', 'BE-3299', 'Verbal confirmation by Mr. Naveen Kumar ', '2017-03-15', 'Direct for payment within 07 days', 15, 8, 1, '0.00', '0.00', '', '', '', 'Pending', '', 106, 37, 488, '16px', '', 'No', 'No', 0),
(15, '0.00', 129, 'SP3-10 to 11, RIICO Industrial Area, Teh.: Kotputli, Keshwana Rajpoot, Distt: Jaipur (Raj.)', '-', NULL, 1, '12350.00', '0.00', 0, '0.00', '12350.00', '5.50', 2, '679.25', '0.00', '', '0.00', 'Freight "TO-PAY" basis', '13029.25', '13029.25', '2017-04-07', 25, 'Pulled From Sales-Order', 36, 'STL', 15, '17-18', 'BE-2945', '471/16-17 ', '2016-07-23', 'Direct for payment against documents recevie', 15, 8, 1, '5.00', '650.00', '', '', '', 'Pending', '', 106, 37, 488, '16px', '', 'No', 'No', 0),
(16, '0.00', 53, 'Udaisagar Road,\r\nUdaipur-313003', 'Hand delivery', NULL, 1, '24500.00', '0.00', 0, '0.00', '24500.00', '5.50', 2, '1347.50', '0.00', '', '0.00', '', '25847.50', '25847.50', '2017-04-11', 25, 'Pulled From Sales-Order', 38, 'STL', 16, '17-18', 'BE-3342', '4501500290', '2017-04-04', 'Direct for payment within 15 days', 15, 8, 29, '0.00', '0.00', '', '', '', 'Pending', '', 106, 37, 488, '16px', '', 'No', 'No', 0),
(17, '0.00', 10, 'Sutlej Textiles and Industries Limited\r\nUnit-Rajasthan Textile Mills, \r\nPachpahar Road Bhawanimandi-326502 Distt: Jhalawar', '-', NULL, 1, '17478.44', '0.00', 0, '0.00', '17478.44', '5.50', 2, '961.31', '778.44', 'Add:Reimbursement of Excise duty, so paid vide Invoice No. 7 dt. 08.04.2017 of M/s Mechneers India Pvt. Ltd., Udaipur', '0.00', 'Freight "TO-PAY" bais', '18439.75', '18439.75', '2017-04-08', 25, 'Pulled From Sales-Order', 40, 'STL', 17, '17-18', 'BE-3346', '4515002929', '2016-12-16', 'Direct for payment against delivery.', 15, 8, 15, '0.00', '0.00', '', '', '', 'Pending', '', 106, 37, 488, '16px', '', 'No', 'No', 0),
(18, '0.00', 8, 'Unit Of - DCM Shriram Industries Limited\r\nShriram Nagar, Kota-324004', '-', NULL, 1, '38063.75', '0.00', 0, '0.00', '38063.75', '14.50', 1, '5519.24', '0.00', '', '0.00', 'Freight "TO-PAY" bais', '43582.99', '43582.99', '2017-04-12', 25, 'Pulled From Sales-Order', 42, 'STL', 18, '17-18', 'BE-2932', 'OSC/4800001336', '2017-02-28', '100% payment against delivery (COD)', 15, 8, 15, '7.50', '3086.25', '', '', '', 'Pending', '', 106, 37, 487, '16px', '', 'No', 'No', 0),
(19, '0.00', 15, '(Unit of J.K. Cement Ltd.)\r\nKailash nagar \r\nNimbahera - 312617', '10111359 dt. 10.04.2017', NULL, 1, '52012.13', '0.00', 0, '0.00', '52012.13', '5.50', 2, '2860.67', '892.13', 'Add:Reimbursement of Exicse duty, so paid vide Invoice No. 4085V/17  dt. 23.03.2017 of M/s Remi Elektrotechnik Limited, Vasai', '0.00', 'Freight "TO-PAY" basis', '54872.80', '54872.80', '2017-04-10', 25, 'Pulled From Sales-Order', 43, 'STL', 19, '17-18', 'BE-3363', '4100095291/6420', '2017-03-14', 'Direct for payment within 30 days', 15, 8, 7, '10.00', '5680.00', '', '', '', 'Pending', '', 106, 37, 488, '16px', '', 'No', 'No', 0),
(20, '0.00', 84, 'SPC-162, MIA,\r\n Alwar -301030\r\n', '-', NULL, 1, '65146.25', '0.00', 0, '0.00', '65146.25', '5.50', 2, '3583.04', '0.00', '', '0.00', '"FREIGHT PAID DOOR DELIVERY" basis', '68729.29', '68729.29', '2017-04-10', 25, 'Pulled From Sales-Order', 44, 'STL', 20, '17-18', 'BE-3355', '4501475075', '2017-01-16', 'Direct for payment 100% after delivery.', 15, 8, 3, '5.00', '3428.75', '', '', '', 'Pending', '', 106, 37, 488, '16px', '', 'No', 'No', 0),
(21, '0.00', 18, 'Chanderia Smelter Complex (CPP)\r\nPO Putholi\r\nDt. Chittorgarh', '-', NULL, 1, '109434.00', '0.00', 0, '0.00', '109434.00', '5.50', 2, '6018.87', '11434.00', 'Add: Reimbursement of Excise duty, so paid vide Invoice No. 100042 dt. 06.04.2017 of M/s SPX Flow Technology Pvt. Ltd., Ahemdabad for Rs. 8803.00/- and Invoice No. 3886V/17 dt. 08.03.2017 of M/s Remi Elektrotechnik Limited, Vasai for Rs. 2631.00/-', '0.00', 'Freight "PAID" basis', '115452.87', '115452.87', '2017-04-12', 25, 'Pulled From Sales-Order', 15, 'STL', 21, '17-18', 'BE-3079', '4100086596', '2017-01-20', 'Direct for payment within 30 days', 11, 8, 7, '0.00', '0.00', '', '', '', 'Pending', '', 106, 37, 488, '16px', '', 'No', 'No', 0),
(22, '0.00', 10, 'Sutlej Textiles and Industries Limited\r\nUnit-Rajasthan Textile Mills, \r\nPachpahar Road Bhawanimandi-326502 Distt: Jhalawar', '-', NULL, 1, '49331.00', '0.00', 0, '0.00', '49331.00', '5.50', 2, '2713.20', '4931.00', 'Add: Reimbursement of Excise duty, so paid vide Invoice No. 100041 dt. 06.04.2017 of M/s SPX Flow Technology (India) Pvt. Ltd.,Ahemdabad', '0.00', 'Freight "TO-PAY" basis', '52044.21', '52044.21', '2017-04-10', 25, 'Pulled From Sales-Order', 45, 'STL', 22, '17-18', 'BE-3346', '4515002954', '2017-01-05', 'Direct for payment within 30 days', 15, 8, 15, '0.00', '0.00', '', '', '', 'Pending', '', 106, 37, 488, '16px', '', 'No', 'No', 0),
(23, '0.00', 10, 'Sutlej Textiles and Industries Limited\r\nUnit-Rajasthan Textile Mills, \r\nPachpahar Road Bhawanimandi-326502 Distt: Jhalawar', '-', NULL, 1, '45426.88', '0.00', 0, '0.00', '45426.88', '5.50', 2, '2498.48', '1026.88', 'Add: Reimbursement of Excise duty, so paid vide Invoice No. 879  dt. 24.02.2017 of M/s Mechneers India, Udaipur', '0.00', 'Freight "TO-PAY" basis', '47925.36', '47925.36', '2017-04-10', 25, 'Pulled From Sales-Order', 45, 'STL', 23, '17-18', 'BE-3346', '4515002954', '2017-01-05', 'Direct for payment against delivery', 15, 8, 15, '0.00', '0.00', '', '', '', 'Pending', '', 106, 37, 488, '16px', '', 'No', 'No', 0),
(24, '0.00', 66, 'RSWM Limited,\r\n(Unit- Mandpam)\r\nPB No. 13\r\nBhilwara-311001', '10111373 dt. 11.04.2017', NULL, 1, '10867.50', '0.00', 0, '0.00', '10867.50', '5.50', 2, '597.71', '0.00', '', '0.00', 'Freight "TO-PAY" basis', '11465.21', '11465.21', '2017-04-10', 25, 'Pulled From Sales-Order', 16, 'STL', 24, '17-18', 'BE-3320', 'SPA/151601392', '2017-01-21', 'Direct for payment within 30 days', 15, 8, 7, '12.50', '1552.50', '', '', '', 'Pending', '', 106, 37, 488, '16px', '', 'No', 'No', 0),
(25, '0.00', 122, 'Dakan Kotra,\r\n12 Km Miles Stone,\r\nUdaipur-Banswara Road,\r\nDistt- Udaipur,\r\n313001 (Raj.)', '-', NULL, 1, '25564.50', '0.00', 0, '0.00', '25564.50', '5.50', 2, '1406.05', '0.00', '', '0.00', 'Hand Delivery', '26970.55', '26970.55', '2017-04-10', 25, 'Pulled From Sales-Order', 46, 'STL', 25, '17-18', 'BE-3350', 'E-mail confirmation by Mr. Mahendra Taya ', '2016-12-09', 'Direct for payment against delivery', 11, 8, 29, '5.00', '1345.50', '', '', '', 'Pending', '', 106, 37, 488, '16px', '', 'No', 'No', 0),
(26, '0.00', 101, 'NH-12, Ramganj Balaji, \r\nBundi-323001 (Raj)', '-', NULL, 1, '11259.40', '0.00', 0, '0.00', '11259.40', '5.50', 2, '619.27', '0.00', '', '0.00', 'Freight "TO-PAY" basis', '11878.67', '11878.67', '2017-04-10', 25, 'Pulled From Sales-Order', 34, 'STL', 26, '17-18', 'BE-2603', 'P/1718/44', '2017-04-06', 'Direct for payment within 30 days. ', 15, 8, 15, '0.00', '0.00', '', '', '', 'Pending', '', 106, 37, 488, '16px', '', 'Yes', 'No', 0),
(27, '0.00', 95, 'Hydro -I ,Unit II\r\nChanderai Lead Zinc Smelter,\r\nChittorgarh-312021', '10111374 dt. 11.04.2017', NULL, 1, '84376.00', '0.00', 0, '0.00', '84376.00', '5.50', 2, '4640.68', '9376.00', 'Add: Reimbursement of Excise duty, so paid vide Invoice No. 100043 dt. 06.04.2017 of M/s SPX Flow Technology Pvt. Ltd., Ahemdabad', '0.00', 'Freight "PAID" basis', '89016.68', '89016.68', '2017-04-13', 25, 'Pulled From Sales-Order', 49, 'STL', 27, '17-18', 'BE-2900', '2000038191/4100086683', '2017-01-25', 'Direct for payment within 30 days', 11, 8, 7, '0.00', '0.00', '', '', '', 'Pending', '', 106, 37, 488, '16px', '', 'No', 'No', 0),
(28, '0.00', 30, 'Village -Khapradig ,Teh :-Simga\r\nBhatapara ,Baloda Bazar Raipur -493332\r\nChattisgarh', 'N6000423111 dated 11.04.2017', NULL, 1, '191637.00', '0.00', 0, '0.00', '191637.00', '2.00', 4, '3832.74', '16250.00', 'Add: Reimbursement of Excise duty, so paid vide Invoice No. 0101602706 dt. 30.03.2017 of M/s Tushaco Pumps Pvt. Ltd., Nani Daman', '0.00', 'Freight "PAID" basis', '195469.74', '195469.74', '2017-04-13', 25, 'Pulled From Sales-Order', 9, 'STL', 28, '17-18', 'BE-3241', '418360', '2017-03-04', 'Direct for payment within 30 days', 11, 8, 27, '0.00', '0.00', '', 'E49A110417884615', '', 'Pending', '', 106, 37, 490, '16px', '', 'No', 'No', 0),
(29, '0.00', 17, 'Rajpura Dariba Mines\r\nDariba Smelter Complex \r\nP.O. Dariba Mines\r\nRajsamand', '-', NULL, 1, '106926.30', '0.00', 0, '0.00', '106926.30', '14.50', 1, '15504.31', '0.00', '', '0.00', '-', '122430.61', '122430.61', '2017-04-14', 25, 'Pulled From Sales-Order', 51, 'STL', 29, '17-18', 'BE-3253', '2000039196/4100087355', '2017-03-09', 'Direct for payment within 30 days', 11, 8, 29, '0.00', '0.00', '', '', 'Cancel', 'Pending', '', 106, 37, 487, '16px', '', 'Yes', 'No', 0),
(30, '0.00', 86, '<pre class="cake-error"><a href="javascript:void(0);" onclick="document.getElementById(''cakeErr58f069130cb4f-trace'').style.display = (document.getElementById(''cakeErr58f069130cb4f-trace'').style.display == ''none'' ? '''' : ''none'');"><b>Notice</b> (8)</a>: Trying to get property of non-object [<b>APP/Controller/CustomersController.php</b>, line <b>222</b>]<div id="cakeErr58f069130cb4f-trace" class="cake-stack-trace" style="display: none;"><a href="javascript:void(0);" onclick="document.getElementById(''cakeErr58f069130cb4f-code'').style.display = (document.getElementById(''cakeErr58f069130cb4f-code'').style.display == ''none'' ? '''' : ''none'')">Code</a> <a href="javascript:void(0);" onclick="document.getElementById(''cakeErr58f069130cb4f-context'').style.display = (document.getElementById(''cakeErr58f069130cb4f-context'').style.display == ''none'' ? '''' : ''none'')">Context</a><pre id="cakeErr58f069130cb4f-code" class="cake-code-dump" style="display: none;"><code><span style="color: #000000"><span style="color: #0000BB">&nbsp;&nbsp;&nbsp;&nbsp;&nbsp;&nbsp;&nbsp;&nbsp;</span><span style="color: #007700">}</span></span></code>\r\n<span class="code-highlight"><code><span style="color: #000000"><span style="color: #0000BB">&nbsp;&nbsp;&nbsp;&nbsp;&nbsp;&nbsp;&nbsp;&nbsp;$defaultAddress&nbsp;</span><span style="color: #007700">=&nbsp;</span><span style="color: #0000BB">$this</span><span style="color: #007700">-&gt;</span><span style="color: #0000BB">Customers</span><span style="color: #007700">-&gt;</span><span style="color: #0000BB">CustomerAddress</span><span style="color: #007700">-&gt;</span><span style="color: #0000BB">find</span><span style="color: #007700">(</span><span style="color: #DD0000">''all''</span><span style="color: #007700">)-&gt;</span><span style="color: #0000BB">where</span><span style="color: #007700">([</span><span style="color: #DD0000">''customer_id''&nbsp;</span><span style="color: #007700">=&gt;&nbsp;</span><span style="color: #0000BB">$id</span><span style="color: #007700">,</span><span style="color: #DD0000">''default_address''&nbsp;</span><span style="color: #007700">=&gt;&nbsp;</span><span style="color: #0000BB">1</span><span style="color: #007700">])-&gt;</span><span style="color: #0000BB">first</span><span style="color: #007700">();</span></span></code></span>\r\n<code><span style="color: #000000"><span style="color: #0000BB">&nbsp;&nbsp;&nbsp;&nbsp;&nbsp;&nbsp;&nbsp;&nbsp;</span><span style="color: #007700">echo&nbsp;</span><span style="color: #0000BB">$defaultAddress</span><span style="color: #007700">-&gt;</span><span style="color: #0000BB">address</span><span style="color: #007700">;</span></span></code></pre><pre id="cakeErr58f069130cb4f-context" class="cake-context" style="display: none;">$id = &#039;86&#039;\r\n$defaultAddress = null</pre><pre class="stack-trace">App\\Controller\\CustomersController::defaultAddress() - APP/Controller/CustomersController.php, line 222\r\nCake\\Controller\\Controller::invokeAction() - CORE/src/Controller/Controller.php, line 435\r\nCake\\Routing\\Dispatcher::_invoke() - CORE/src/Routing/Dispatcher.php, line 115\r\nCake\\Routing\\Dispatcher::dispatch() - CORE/src/Routing/Dispatcher.php, line 88\r\n[main] - ROOT/webroot/index.php, line 37</pre></div></pre>', '-', NULL, 1, '2700.00', '0.00', 0, '0.00', '2700.00', '5.50', 2, '148.50', '0.00', '', '0.00', '"FREIGHT PAID DOOR DELIVERY" basis', '2848.50', '2848.50', '2017-04-13', 25, 'Pulled From Sales-Order', 52, 'STL', 30, '17-18', 'BE-3331', '16PODO0686', '2017-03-31', 'Direct for payment 100% within 07 days', 15, 8, 6, '0.00', '0.00', '', '', '', 'Pending', '', 106, 37, 488, '16px', '', 'No', 'No', 0),
(31, '0.00', 121, 'Plot No. SPL-2B, \r\nTapukara Industrial Area,\r\nBhiwadi Alwar Road, Tapukara, Distt-Alwar\r\n301707 (Raj.)', '-', NULL, 1, '17760.00', '0.00', 0, '0.00', '17760.00', '5.50', 2, '976.80', '0.00', '', '0.00', '"FREIGHT TO-PAY DOOR DELIVERY" basis', '18736.80', '18736.80', '2017-04-14', 25, 'Pulled From Sales-Order', 53, 'STL', 31, '17-18', 'BE-2875', 'LOC/16-01467', '2017-03-01', 'Direct for payment within 30 days', 15, 8, 3, '0.00', '0.00', '', '', '', 'Pending', '', 106, 37, 488, '16px', '', 'No', 'No', 0),
(32, '0.00', 22, 'Unit-Birla White\r\nRajashree Nagar, Kharia Khangar\r\nVillage :-Kharia Khangar\r\nDist. Jodhpur 342606', '-', NULL, 1, '27040.00', '0.00', 0, '0.00', '27040.00', '14.50', 1, '3920.80', '2200.00', 'Add: Reimbursement of Excise duty, so paid vide Invoice No. 0101602632 dt. 21.03.2017 of M/s Tushaco Pumps Pvt. Ltd., Nani Daman', '0.00', '"FREIGHT PAID DOOR DELIVERY" basis', '30960.80', '30960.80', '2017-04-14', 25, 'Pulled From Sales-Order', 55, 'STL', 32, '17-18', 'BE-2510', 'BW/BWJ/6202006775', '2017-02-14', 'Direct for payment within 30 days after receipt of material', 11, 8, 6, '10.00', '2760.00', '', '', '', 'Pending', '', 106, 37, 487, '16px', '"FREIGHT PAID DOOR DELIVERY" basis', 'No', 'No', 0),
(33, '0.00', 31, '( A Unit of Shree Cement Ltd )\r\nJind Road\r\nKhukhrana,Assan Kalan\r\nPanipat Haryana-132103', '305-482664 dated 30.03.2017', NULL, 1, '59228.00', '0.00', 0, '0.00', '59228.00', '0.00', 3, '0.00', '4068.00', 'Add: Reimbursement of Excise duty, so paid vide Invoice No. 880  dt. 29.03.2017 of M/s Darling Pumps Pvt. Ltd., Indore for Add: Reimbursement of CST so paid vide Invoice No. 880 dated 29.03.2017 against ''C'' Form for\r\n(Rs. 3006/-+Rs.1062/-=4068/-)', '0.00', 'Freight "PAID" basis', '59228.00', '59228.00', '2017-04-17', 25, 'Pulled From Sales-Order', 4, 'STL', 33, '17-18', 'BE-3240', '422190', '2017-03-22', 'Direct for payment within 30 days', 11, 8, 1, '20.00', '13790.00', '', '', '', 'Pending', '', 106, 37, 490, '16px', 'Freight "PAID" basis', 'No', 'No', 0),
(34, '0.00', 130, '<pre class="pr">App\\Model\\Entity\\CustomerAddres Object\r\n(\r\n    [id] => 362\r\n    [customer_id] => 130\r\n    [address] => SK Mines\r\nRajpura Dariba \r\n    [district_id] => 4\r\n    [telephone] => \r\n    [mobile] => \r\n    [transporter_id] => 0\r\n    [default_address] => 1\r\n    [[new]] => \r\n    [[accessible]] => Array\r\n        (\r\n            [*] => 1\r\n        )\r\n\r\n    [[dirty]] => Array\r\n        (\r\n        )\r\n\r\n    [[original]] => Array\r\n        (\r\n        )\r\n\r\n    [[virtual]] => Array\r\n        (\r\n        )\r\n\r\n    [[errors]] => Array\r\n        (\r\n        )\r\n\r\n    [[invalid]] => Array\r\n        (\r\n        )\r\n\r\n    [[repository]] => CustomerAddress\r\n)</pre>', '-', NULL, 0, '41000.00', '0.00', 0, '0.00', '41000.00', '5.50', 2, '2255.00', '0.00', '', '0.00', 'By Own Vehicle', '43255.00', '43255.00', '2017-04-17', 27, 'Pulled From Sales-Order', 60, 'FMSL', 1, '17-18', 'BE-3341', 'E-mail confirmation by Mr. Narendra Kumar on', '2017-03-30', 'Direct for payment advance', 11, 8, 29, '0.00', '0.00', '', '', '', 'Pending', '', 317, 311, 505, '16px', 'Hand Delivery', 'No', 'No', 0),
(35, '0.00', 81, 'B-25-26, RIICO Housing Colony\r\nRoad No. 1-D, V.K.I. Area, Jaipur-302013', '-', NULL, 1, '90992.00', '0.00', 0, '0.00', '90992.00', '5.50', 2, '5004.56', '0.00', '', '0.00', 'Freight "TO-PAY" basis', '95996.56', '95996.56', '2017-04-17', 27, 'Pulled From Sales-Order', 12, 'FMSL', 2, '17-18', 'BE-3258', 'Email confirmation by Mr. Vinod Sharma', '2017-03-16', 'Direct for payment within 07 days', 15, 8, 1, '6.00', '5808.00', '', '', '', 'Pending', '', 317, 311, 505, '16px', 'Freight "TO-PAY" basis', 'No', 'No', 0),
(36, '0.00', 94, '206, MTN, Neemach Kheda Main Road, Neenach Mata Scheme, Dewali, UDAIPUR-313001 (Raj.)', '-', NULL, 1, '29700.00', '0.00', 0, '0.00', '29700.00', '5.50', 2, '1633.50', '0.00', '', '0.00', 'Hand delivery', '31333.50', '31333.50', '2017-04-17', 27, 'Pulled From Sales-Order', 11, 'FMSL', 3, '17-18', 'BE-3065', 'email confirmation by Mr. Ali Hussain', '2017-03-22', 'Direct', 7, 8, 29, '0.00', '0.00', '', '', '', 'Pending', '', 317, 311, 505, '16px', 'Hand delivery', 'No', 'No', 0),
(37, '0.00', 67, '1003,Magnum Tower, 2nd Cross Lane, Swami Samarth Nagar,\r\n Andheri (W)-400053,\r\nMumbai(Maharashtra)', '4474 dated 07.04.2017', NULL, 1, '56510.00', '0.00', 0, '0.00', '56510.00', '5.50', 2, '3108.05', '0.00', '', '0.00', 'Freight "TO-PAY" basis', '59618.05', '59618.05', '2017-04-17', 27, 'Pulled From Sales-Order', 63, 'FMSL', 4, '17-18', 'BE-3351', 'HSEM/M/PMP/MR/722/16-17', '2016-11-07', 'Full payment received by NEFT ', 11, 8, 10, '0.00', '0.00', '', '-', '', 'Pending', '', 317, 311, 505, '16px', 'Freight "TO-PAY" basis', 'No', 'No', 0),
(38, '0.00', 127, 'E-1 RIICO Industrial Area,\r\nLalsot\r\nDausa -303511', '213 dated 06.04.2017', NULL, 1, '21500.00', '0.00', 0, '0.00', '21500.00', '5.50', 2, '1182.50', '0.00', '', '0.00', 'Freight "TO-PAY" basis', '22682.50', '22682.50', '2017-04-17', 27, 'Pulled From Sales-Order', 62, 'FMSL', 5, '17-18', 'BE-32471', 'Verbal order by Mr. Deppak', '2016-11-06', 'Full payment recevied by NEFT', 15, 8, 32, '0.00', '0.00', '', '', '', 'Pending', '', 317, 311, 505, '16px', 'Freight "TO-PAY" basis', 'No', 'No', 0),
(39, '0.00', 127, 'E-1 RIICO Industrial Area,\r\nLalsot\r\nDausa -303511', '-', NULL, 1, '8750.00', '0.00', 0, '0.00', '8750.00', '5.50', 2, '481.25', '0.00', '', '0.00', 'Hand Delivery', '9231.25', '9231.25', '2017-04-17', 27, 'Pulled From Sales-Order', 64, 'FMSL', 6, '17-18', 'BE-32471', 'Verbal order by Mr. Deepak on', '2017-04-06', 'Full payment received by NEFT', 15, 8, 29, '0.00', '0.00', '', '', '', 'Pending', '', 317, 311, 505, '16px', 'Hand Delivery', 'No', 'No', 0),
(40, '0.00', 26, 'Unit-Kotputli Cement Works\r\nVillage - Mohanpura\r\nTeh - Kotputli\r\nDist. jaipur-303108', '-', NULL, 1, '7250.00', '0.00', 0, '0.00', '7250.00', '5.50', 2, '398.75', '0.00', '', '100.00', '"FREIGHT PAID DOOR DELIVERY" basis', '7748.75', '7748.75', '2017-04-21', 25, 'Pulled From Sales-Order', 56, 'STL', 34, '17-18', 'BE-2814', 'GK/GKG/7100537993', '2017-04-08', 'Direct for payment within 30 days after receipt of material.', 15, 8, 6, '0.00', '0.00', '', '', '', 'Pending', '', 106, 37, 488, '16px', '"FREIGHT PAID DOOR DELIVERY" basis', 'No', 'No', 0),
(41, '0.00', 134, 'Mayur Nagar,\r\nLodha-327001\r\nBanswara (Raj.)', '63773 dated 22.04.2017', NULL, 1, '4750.00', '0.00', 0, '0.00', '4750.00', '14.50', 1, '688.75', '0.00', '', '0.00', 'Freight "TO-PAY" basis', '5438.75', '5438.75', '2017-04-21', 25, 'Pulled From Sales-Order', 33, 'STL', 35, '17-18', 'BE-2598', 'SPA/31700011', '2017-04-03', 'Direct for payment within 30 days', 11, 8, 12, '0.00', '0.00', '', '', '', 'Pending', '', 106, 37, 487, '16px', 'Freight "TO-PAY" basis', 'No', 'No', 0),
(42, '0.00', 5, '(Formerly Indo Zinc Ltd)\r\n(A Subsidiary of The India Cements Ltd)\r\nPost Wajwana\r\nBanswara -327025', '-', NULL, 1, '2304.00', '0.00', 0, '0.00', '2304.00', '5.50', 2, '126.72', '0.00', '', '150.00', 'Re-imburesment of freight charge ', '2580.72', '2580.72', '2017-04-22', 25, 'Pulled From Sales-Order', 65, 'STL', 36, '17-18', 'BE-2977', 'PO /BSW / 66', '2017-04-18', 'Direct for payment within 30 days', 11, 8, 6, '10.00', '256.00', '', '', '', 'Pending', '', 106, 37, 488, '16px', '"FREIGHT PAID DOOR DELIVERY" basis', 'No', 'No', 0),
(43, '0.00', 17, 'Rajpura Dariba Mines\r\nDariba Smelter Complex \r\nP.O. Dariba Mines\r\nRajsamand', '-', NULL, 1, '106926.30', '0.00', 0, '0.00', '106926.30', '14.50', 1, '15504.31', '0.00', '', '0.00', 'Authorised Vehicle ', '122430.61', '122430.61', '2017-04-25', 25, 'Pulled From Sales-Order', 67, 'STL', 37, '17-18', 'BE-3253', '2000039196/4100087355', '2017-03-09', 'Direct for payment with in 30 days', 11, 8, 29, '0.00', '0.00', '', '', '', 'Pending', '', 106, 37, 487, '16px', 'Authorised Vehicle', 'No', 'No', 0),
(44, '0.00', 17, 'Rajpura Dariba Mines\r\nDariba Smelter Complex \r\nP.O. Dariba Mines\r\nRajsamand', '1499 dated 21.04.2017', NULL, 1, '99504.00', '0.00', 0, '0.00', '99504.00', '0.00', 3, '0.00', '6894.00', 'Add: Reimbursement of Excise duty, so paid vide Invoice No. 42  dt. 21.04.2017 of M/s Darling Pumps Pvt. Ltd., Indore for\r\nAdd: Reimbursement of CST so paid vide Invoice No. 42 dated 21.04.2017 against ''C'' Form for\r\n(Rs. 5094/-+Rs.1800/-=6894/-)\r\n\r\n\r\n', '0.00', 'Freight "PAID" basis', '99504.00', '99504.00', '2017-04-26', 25, 'Pulled From Sales-Order', 69, 'STL', 38, '17-18', 'BE-3374', '2000039942/4100087899', '2017-04-08', 'Direct for payment within 30 days', 11, 8, 18, '0.00', '0.00', '', '', '', 'Pending', '', 106, 37, 489, '16px', 'Freight "PAID" basis, Udaipur', 'No', 'No', 0),
(45, '0.00', 12, 'Sindesar Khurd Mine\r\nP.O. Dariba\r\nRajsamand', '-', NULL, 1, '53888.00', '0.00', 0, '0.00', '53888.00', '5.50', 2, '2963.84', '0.00', '', '0.00', 'Love Kush Enterprises', '56851.84', '56851.84', '2017-04-26', 25, 'Pulled From Sales-Order', 29, 'STL', 39, '17-18', 'BE-3359', '2000038628/4100086965', '2017-02-11', 'Direct for payment within 30 days', 11, 8, 16, '0.00', '0.00', '', '', '', 'Pending', '', 106, 37, 488, '16px', '', 'No', 'No', 0),
(46, '0.00', 8, 'Unit Of - DCM Shriram Industries Limited\r\nShriram Nagar, Kota-324004', '12084 dated 28.04.2017', NULL, 1, '7900.00', '0.00', 0, '0.00', '7900.00', '14.50', 1, '1145.50', '0.00', '', '0.00', 'Freight "TO-PAY" basis', '9045.50', '9045.50', '2017-04-28', 25, 'Pulled From Sales-Order', 78, 'STL', 40, '17-18', 'BE-2932', 'OSC/4100009747', '2017-04-17', 'Direct for payment advance received ', 15, 8, 15, '0.00', '0.00', '', '', '', 'Pending', '', 106, 37, 487, '16px', 'Frieght "TO PAY" Basis', 'No', 'No', 0),
(47, '0.00', 80, '7-8 KM Stone, Bhiwadi-\r\nAlwar Road, Khijuriwas (PO), \r\nAlwar (Dist), Bhiwadi, \r\nRajasthan 301018', '363-116018 dated 29.04.2017', NULL, 1, '30525.00', '0.00', 0, '0.00', '30525.00', '14.50', 1, '4426.13', '0.00', '', '0.00', 'Freight "TO-PAY" basis', '34951.13', '34951.13', '2017-04-28', 25, 'Pulled From Sales-Order', 87, 'STL', 41, '17-18', 'BE-3383', '4500716258', '2017-03-22', 'Direct for payment against Invoice ', 15, 8, 1, '0.00', '0.00', '', '', '', 'Pending', '', 106, 37, 487, '16px', 'Freight "TO-PAY'' basis', 'No', 'No', 0),
(48, '0.00', 66, '(Unit- Mandpam)\r\nPB No. 13\r\nBhilwara-311001', '10111721 dated 20.04.2017', NULL, 1, '82699.75', '1653.99', 1, '2.00', '84353.74', '5.50', 2, '4639.46', '2599.75', 'Add: Reimbursement of Excise duty, so paid vide Invoice No. 0156V/18 dated 19.04.2017of M/s remi Elektrotechnik Limited, Vasai', '0.00', 'Freight "TO-PAY" basis', '88993.20', '88993.20', '2017-04-29', 25, 'Pulled From Sales-Order', 41, 'STL', 42, '17-18', 'BE-3320', '151700094', '2017-04-10', 'Direct for payment within 15 days', 15, 8, 7, '10.00', '8900.00', '', '', '', 'Pending', '', 106, 37, 488, '16px', 'Freight "TO-PAY" basis', 'Yes', 'No', 0),
(49, '0.00', 51, 'Sp 2-4, RIICO Industrial Area,\r\nDelhi-Jaipur Highway,\r\nNeemrana, Teh. Behror,\r\nDistt- Alwar-301705', '-', NULL, 1, '54975.75', '0.00', 0, '0.00', '54975.75', '5.50', 2, '3023.67', '675.75', 'Add: Reimbursement of Excise duty, so paid vide Invoice No. 3887V/17 dated 08.03.2017 of M/s Remi Elektrotechnik Limited, Vasai', '1500.00', '"FREIGHT PAID DOOR DELIVERY"  basis', '59499.42', '59499.42', '2017-05-01', 25, 'Pulled From Sales-Order', 80, 'STL', 43, '17-18', 'BE-3353', '4700010834', '2017-01-17', 'Direct for payment within 30 days', 15, 8, 3, '0.00', '0.00', '', '', '', 'Pending', '', 106, 37, 488, '16px', '"FREIGHT PAID DOOR DELIVERY" basis', 'Yes', 'No', 0),
(50, '0.00', 110, '(Khushkhera Cement Grinding Project)\r\nPlot No. SP3-II, A-1, \r\nRIICO Industrial Area\r\nBhiwadi, Taluka-Tijara,\r\nKhushkhera-301707\r\nDistt: Alwar (Raj.)', '363-116043 dated 03.05.2017', NULL, 1, '3000.00', '0.00', 0, '0.00', '3000.00', '14.50', 1, '435.00', '0.00', '', '0.00', 'Freight "PAID " basis', '3435.00', '3435.00', '2017-05-01', 25, 'Pulled From Sales-Order', 85, 'STL', 44, '17-18', 'BE-3031', '428132', '2017-04-19', 'Direct for payment within 30 days', 11, 8, 1, '20.00', '750.00', '', '', '', 'Pending', '', 106, 37, 487, '16px', 'Freight "PAID" basis', 'No', 'No', 0),
(51, '0.00', 114, '(Unit-Shree Mega Power)\r\nBangur Nagar, Beawar-305901 \r\nDistt: Ajmer (Raj.)', '10112069 dated 01.05.2017', NULL, 1, '21920.00', '0.00', 0, '0.00', '21920.00', '14.50', 1, '3178.40', '0.00', '', '0.00', 'Freight "PAID" basis', '25098.40', '25098.40', '2017-05-01', 25, 'Pulled From Sales-Order', 22, 'STL', 45, '17-18', 'BE-3385', '421611', '2017-03-20', 'Direct for payment within 30 days', 11, 8, 7, '20.00', '5480.00', '', '', '', 'Pending', '', 106, 37, 487, '16px', 'Freight "PAID" basis', 'No', 'No', 0),
(52, '0.00', 26, 'Unit-Kotputli Cement Works\r\nVillage - Mohanpura\r\nTeh - Kotputli\r\nDist. jaipur-303108', 'B4000462870 dated 22.04.2017', NULL, 1, '46000.00', '0.00', 0, '0.00', '46000.00', '0.00', 3, '0.00', '3000.00', 'Add: Reimbursement of Excise duty, so paid vide Invoice No. 43 dt. 21.04.2017 of M/s Darling Pumps Pvt. Ltd., Indore\r\nAdd: Reimbursement of CST so paid vide Invoice No. 43 dt. 21.04.2017 against ''C'' Form \r\n(Rs.=2217/- + Rs.=783/-)', '0.00', '', '46000.00', '46000.00', '2017-05-02', 25, 'Pulled From Sales-Order', 50, 'STL', 46, '17-18', 'BE-3377', 'GK/GKC/7100538001', '2017-04-11', 'Direct for payment within 15 days after receipt of material ', 15, 8, 27, '0.00', '0.00', '', '', '', 'Pending', '', 106, 37, 489, '16px', 'Freight "TO-PAY" Basis ', 'No', 'No', 0),
(53, '0.00', 30, 'Village -Khapradig ,Teh :-Simga\r\nBhatapara ,Baloda Bazar Raipur -493332\r\nChattisgarh', 'N6000423217 dated 03.05.2017', NULL, 1, '37800.00', '0.00', 0, '0.00', '37800.00', '2.00', 4, '756.00', '0.00', '', '0.00', '', '38556.00', '38556.00', '2017-05-02', 25, 'Pulled From Sales-Order', 35, 'STL', 47, '17-18', 'BE-3241', '426576', '2017-04-07', 'Direct for payment within 30 days', 11, 8, 27, '20.00', '9450.00', '', '-', '', 'Pending', '', 106, 37, 490, '16px', '"FREIGHT PAID" basis', 'No', 'No', 0),
(54, '0.00', 132, 'Unit - Ringas\r\nSP-1,Industrial Area,Ringas-332404\r\nDistt: Sikar (Raj.)\r\n', '363-116040 dated 02.05.2017', NULL, 1, '44460.00', '0.00', 0, '0.00', '44460.00', '14.50', 1, '6446.70', '0.00', '', '0.00', '', '50906.70', '50906.70', '2017-05-02', 25, 'Pulled From Sales-Order', 94, 'STL', 48, '17-18', 'BE-2523', '211700303', '2017-04-27', 'Direct for payment within 30 days', 15, 8, 1, '5.00', '2340.00', '', '', '', 'Pending', '', 106, 37, 487, '16px', 'Freight "TO PAY" Basis ', 'No', 'No', 0),
(55, '0.00', 139, '(A Division of DCM Shriram Ltd.)\r\nShriram Nagaer, KOTA-324004 (Raj.)\r\n', 'W4100038606 dated 22.04.2017', NULL, 1, '13301.25', '0.00', 0, '0.00', '13301.25', '0.00', 3, '0.00', '1401.25', 'Add: Reimbursement of Excise duty, so paid vide Invoice No. 0101700114 dt. 21.04.2017 of M/s Tushaco Pumps Pvt. Ltd.,\r\nAdd: Reimbursement of CST so paid vide Invoice 0101700114 dt. 21.04.2017 against ''C'' Form\r\n(Rs. 1187.50/-+Rs. 213.75/-)', '0.00', '', '13301.25', '13301.25', '2017-05-02', 25, 'Pulled From Sales-Order', 96, 'STL', 49, '17-18', 'BE-2822', 'PLPG/PLE/4110008957', '2017-04-06', 'Direct for payment within 30 days\r\nC & E1 Transaction and Kindly Issue ''C'' Form', 15, 8, 27, '0.00', '0.00', '', '', '', 'Pending', '', 106, 37, 489, '16px', 'Freight "TO-PAY" basis', 'No', 'No', 0),
(56, '0.00', 95, 'Hydro -I ,Unit II\r\nChanderai Lead Zinc Smelter,\r\nChittorgarh-312021', '10112498 dt. 15.05.2017', NULL, 1, '62152.32', '0.00', 0, '0.00', '62152.32', '5.50', 2, '3418.38', '1222.32', 'Add: Reimbursement of Excise duty, so paid vide Invoice No. 62 dated 01.05.2017 of M.s Mechneers India, Udaipur', '0.00', '', '65570.70', '65570.70', '2017-05-04', 25, 'Pulled From Sales-Order', 66, 'STL', 50, '17-18', 'BE-3183', '2000039835 / 4100087935', '2017-04-11', 'Direct for payment within 30 days', 11, 8, 7, '0.00', '0.00', '', '', '', 'Pending', '', 106, 37, 488, '16px', 'Freight PAID basis', 'Yes', 'No', 0),
(57, '0.00', 1, 'ZINC PLANT\r\nDariba Smelter Complex\r\nRajpura Dariba Mines\r\nRajsamand - 313211', '-', NULL, 1, '3237.50', '0.00', 0, '0.00', '3237.50', '14.50', 1, '469.44', '0.00', '', '0.00', '', '3706.94', '3706.94', '2017-05-04', 25, 'Pulled From Sales-Order', 99, 'STL', 51, '17-18', 'BE-2879', '2000037157/4100085926', '2016-12-13', 'Direct for payment within 30 days', 11, 8, 29, '0.00', '0.00', '', '', '', 'Pending', '', 106, 37, 487, '16px', '-', 'No', 'No', 0),
(58, '0.00', 17, 'Captive Power Plant,\r\nRajpura Dariba Mines\r\nDariba Smelter Complex \r\nP.O. Dariba Mines\r\nRajsamand', '-', NULL, 1, '52500.00', '0.00', 0, '0.00', '52500.00', '14.50', 1, '7612.50', '0.00', '', '0.00', '', '60112.50', '60112.50', '2017-05-05', 25, 'Pulled From Sales-Order', 98, 'STL', 52, '17-18', 'BE-2546', '2000038750/4100087121', '2017-02-21', 'Direct for payment within 30 days', 11, 8, 29, '0.00', '0.00', '', '', '', 'Pending', '', 106, 37, 487, '16px', '-', 'No', 'No', 0),
(59, '0.00', 93, 'C-17,Panchwati Colony\r\nNear Bhaskar Circle,\r\nRatanada , Jodhpur -342001', '-', NULL, 1, '33763.00', '0.00', 0, '0.00', '33763.00', '5.50', 2, '1856.96', '0.00', '', '0.00', '', '35619.96', '35619.96', '2017-05-06', 27, 'Pulled From Sales-Order', 2, 'FMSL', 7, '17-18', 'BE-3247', 'FS/RS/16-17/1058', '2017-03-17', 'Payment received by cheque no. 165140 dated 27.03.2017 for Rs. 33,763/-', 11, 8, 2, '5.00', '1777.00', '', '', '', 'Pending', '', 317, 311, 505, '16px', 'Freight "TO-PAY" basis', 'No', 'No', 0),
(60, '0.00', 59, '7J 4,RC Vyas Colony,\r\nBhilwara', '-', NULL, 1, '21004.00', '0.00', 0, '0.00', '21004.00', '5.50', 2, '1155.22', '0.00', '', '0.00', '', '22159.22', '22159.22', '2017-05-06', 27, 'Pulled From Sales-Order', 89, 'FMSL', 8, '17-18', 'BE-3148', 'Your verbal order by Mr. sanjeev ji ', '2017-04-22', 'Direct for payment within 07 days ', 15, 8, 7, '0.00', '0.00', '', '', '', 'Pending', '', 317, 311, 505, '16px', 'Freight "TO-PAY" basis', 'No', 'No', 0),
(61, '0.00', 62, 'B 5/7 Marudhar Industrial Area, Jodhpur-342005 ', '204681 dated 06.05.2017', NULL, 1, '6850.00', '0.00', 0, '0.00', '6850.00', '5.50', 2, '376.75', '0.00', '', '0.00', '', '7226.75', '7226.75', '2017-05-06', 27, 'Pulled From Sales-Order', 111, 'FMSL', 9, '17-18', 'BE-2668', 'JDH /17-18 / 0066', '2017-05-05', 'Direct for payment within 07 days', 11, 8, 23, '0.00', '0.00', '', '', '', 'Pending', '', 317, 311, 505, '16px', 'Freight "TO-PAY" basis', 'No', 'No', 0),
(62, '0.00', 110, '(Khushkhera Cement Grinding Project)\r\nPlot No. SP3-II, A-1, \r\nRIICO Industrial Area\r\nBhiwadi, Taluka-Tijara,\r\nKhushkhera-301707\r\nDistt: Alwar (Raj.)', '-', NULL, 1, '1500.00', '0.00', 0, '0.00', '1500.00', '14.50', 1, '217.50', '0.00', '', '0.00', '', '1717.50', '1717.50', '2017-05-06', 25, 'Pulled From Sales-Order', 112, 'STL', 53, '17-18', 'BE-3031', '430784', '2017-05-04', 'Direct for payment within 30 days', 11, 8, 6, '0.00', '0.00', '', '', '', 'Pending', '', 106, 37, 487, '16px', 'Freight "PAID" basis', 'No', 'No', 0),
(63, '0.00', 142, 'NEAR BABA KHETANATH DHARMKANTA\r\nOPP. HERO MOTOCORPS ,NEEMRANA, ALWAR\r\nRAJASTHAN - 301705\r\n', '-', NULL, 1, '7400.00', '0.00', 0, '0.00', '7400.00', '14.50', 1, '1073.00', '0.00', '', '0.00', '', '8473.00', '8473.00', '2017-05-06', 27, 'Pulled From Sales-Order', 90, 'FMSL', 10, '17-18', 'BE-3387', 'Your Email confirmation by Mr. Ankit ji', '2017-05-05', 'Payment received by NEFT', 15, 8, 6, '0.00', '0.00', '', '', '', 'Pending', '', 317, 311, 0, '16px', '"FREIGHT PAID DOOR DELIVERY" Basis.', 'No', 'No', 0),
(64, '0.00', 31, '( A Unit of Shree Cement Ltd )\r\nJind Road\r\nKhukhrana,Assan Kalan\r\nPanipat Haryana-132103', '305-500472 dated 04.05.2017', NULL, 1, '29614.00', '0.00', 0, '0.00', '29614.00', '0.00', 3, '0.00', '2034.00', 'Add: Reimbursement of Excise duty, so paid vide Invoice No. 64 dt. 25.04.2017 of M/s Darling Pumps Pvt. Ltd., \r\nAdd: Reimbursement of CST so paid Invoice No. 64 dt. 25.04.2017 against ''C'' Form (Rs.1503/- + Rs.531/-=2034/-)', '0.00', 'Note : C & E1 Transaction and Kindly Issue ''C'' Form, Material directly despatched from Indore.', '29614.00', '29614.00', '2017-05-09', 25, 'Pulled From Sales-Order', 114, 'STL', 54, '17-18', 'BE-3240', '428131', '2017-04-19', 'Direct for payment within 30 days', 11, 8, 1, '20.00', '6895.00', '', '', '', 'Pending', '', 106, 37, 489, '16px', 'Freight "PAID" basis', 'No', 'No', 0),
(65, '0.00', 111, '(A unit of Rajasthan Cooperative Dairy Federation Limited)\r\nNadbai, \r\nBhratpur 321602 (Raj.)\r\n', '363-116368 dt. 13.05.2017', NULL, 1, '54580.00', '2183.20', 1, '4.00', '56763.20', '14.50', 1, '8230.66', '0.00', '', '0.00', '', '64993.86', '64993.86', '2017-05-12', 25, 'Pulled From Sales-Order', 79, 'STL', 55, '17-18', 'BE-3291', 'RCDF/CFP/NAD/F.( )/2016/3724', '2017-01-06', 'Direct for payment within 07 days after receipt of material', 15, 8, 1, '0.00', '0.00', '', '', '', 'Pending', '', 106, 37, 487, '16px', 'Freight "TO-PAY" basis', 'Yes', 'No', 0),
(66, '0.00', 40, 'Pali-Marwar-306401\r\nRajastahn', '49203 dated 16.05.2017', NULL, 1, '58868.50', '0.00', 0, '0.00', '58868.50', '5.50', 2, '3237.77', '4756.00', 'Add: Reimbursement of Excise duty, so paid vide Invoice No. 100842 dt. 11.05.2017 of M/s SPX Flow Technology (India) Private Limited, Ahmedabad', '0.00', '', '62106.27', '62106.27', '2017-05-15', 25, 'Pulled From Sales-Order', 1, 'STL', 56, '17-18', 'BE-3370', '4600015892', '2017-03-21', 'Direct for payment within 15 days', 4, 8, 2, '7.50', '4387.50', '', '', '', 'Pending', '', 106, 37, 488, '16px', 'Freight "PAID" Basis', 'No', 'No', 0),
(67, '0.00', 132, 'Unit - Ringas\r\nSP-1,Industrial Area, Ringas-332404 (Raj.)\r\n', 'Hand Delivery', NULL, 1, '24282.00', '242.82', 1, '1.00', '24524.82', '5.50', 2, '1348.87', '0.00', '', '5000.00', 'Service charges for visit of our Service Engineer for fitment of seal at your site. As per agreed terms in email ', '30873.69', '30873.69', '2017-05-16', 25, 'Pulled From Sales-Order', 57, 'STL', 57, '17-18', 'BE-2523', '211700164', '2017-04-15', '', 15, 16, 29, '10.00', '2698.00', '', '', '', 'Pending', '', 106, 37, 488, '16px', 'Freight "PAID" Basis.', 'No', 'No', 0),
(68, '0.00', 19, 'Unit-Pyro Plant\r\nChanderiya Lead Zinc Smelter\r\nChittorgarh', '125-233459 dt. 27.04.2017', NULL, 1, '40213.25', '0.00', 0, '0.00', '40213.25', '0.00', 3, '0.00', '4380.75', 'Add: Reimbursement of Excise duty, so paid vide Invoice No. 59 dt. 26.04.2017 of M/s Positive Metering Pumps (I) Pvt. Ltd., Nashik,\r\nAdd:Reimbursement of CST so paid Invoice No. 59 dt. 26.04.2017 against ''C'' Form (Rs. 3712.50/-+ Rs. 668.25/-=4380.75/-)', '0.00', '', '40213.25', '40213.25', '2017-05-17', 25, 'Pulled From Sales-Order', 28, 'STL', 58, '17-18', 'BE-3369', '2000039507 / 4100087610', '2017-03-24', 'Direct for payment within 3 0days', 11, 8, 1, '0.00', '0.00', '', '', '', 'Pending', '', 106, 37, 489, '16px', 'Material Will be booked on Paid Basis.\r\nTransporter Godown Chittor.', 'No', 'No', 0),
(69, '0.00', 64, 'Block No. SP 971, RIICO Industrial Area,\r\nChopanki-301019', '-', NULL, 1, '46550.00', '0.00', 0, '0.00', '46550.00', '5.50', 2, '2560.25', '0.00', '', '1600.00', 'Reimbursement of freight charges', '50710.25', '50710.25', '2017-05-17', 25, 'Pulled From Sales-Order', 120, 'STL', 59, '17-18', 'BE-3229', '4300082270', '2017-05-12', 'Direct for payment within 07 days', 15, 8, 3, '0.00', '0.00', '', '', '', 'Pending', '', 106, 37, 488, '16px', '"FREIGHT PAID DOOR DELIVERY" basis\r\n\r\n', 'No', 'No', 0),
(70, '0.00', 4, 'Bangur Nagar \r\nPost Box no 33\r\nBeawar; 305901', '10112616 dt. 18.05.2017', NULL, 1, '55500.00', '0.00', 0, '0.00', '55500.00', '14.50', 1, '8047.50', '0.00', '', '0.00', '', '63547.50', '63547.50', '2017-05-17', 25, 'Pulled From Sales-Order', 105, 'STL', 60, '17-18', 'BE-2626', '420266', '2017-03-11', 'Direct for payment within 30 days', 11, 8, 7, '20.00', '13875.00', '', '', '', 'Pending', '', 106, 37, 487, '16px', 'Freight "PAID" basis', 'No', 'No', 0),
(71, '0.00', 29, 'Bangur City\r\nPO RAS-306107\r\nTehsil :Jaitaran\r\nDist. Pali\r\n', '10112615 dated 18.05.2017', NULL, 1, '350774.00', '0.00', 0, '0.00', '350774.00', '14.50', 1, '50862.23', '0.00', '', '0.00', '', '401636.23', '401636.23', '2017-05-17', 25, 'Pulled From Sales-Order', 8, 'STL', 61, '17-18', 'BE-3368', '419575', '2017-03-08', 'Direct for payment within 30 days', 11, 8, 7, '0.00', '0.00', '', '', '', 'Pending', '', 106, 37, 487, '16px', 'Freight "PAID" basis', 'No', 'No', 0),
(72, '0.00', 4, 'Bangur Nagar \r\nPost Box no 33\r\nBeawar; 305901\r\nDistt: Ajmer (Raj.)', '10112614 dt. 18.05.2017', NULL, 1, '19800.00', '0.00', 0, '0.00', '19800.00', '14.50', 1, '2871.00', '0.00', '', '0.00', '', '22671.00', '22671.00', '2017-05-17', 25, 'Pulled From Sales-Order', 86, 'STL', 62, '17-18', 'BE-3371', '417663', '2017-03-02', 'Direct for payment within 30 days', 11, 8, 7, '20.00', '4950.00', '', '', '', 'Pending', '', 106, 37, 487, '16px', 'Freight "PAID" basis', 'No', 'No', 0),
(73, '0.00', 22, 'Unit-Birla White\r\nRajashree Nagar, Kharia Khangar\r\nVillage :-Kharia Khangar\r\nDist. Jodhpur 342606', '49424 dated 19.05.2017', NULL, 1, '315747.44', '0.00', 0, '0.00', '315747.44', '14.50', 1, '45783.38', '28737.44', 'Add: Reimbursement of Excise duty, so paid vide Invoice No. 0101700273 dated 12.05.2017 of M/s Tushaco Pumps Pvt. Ltd., Daman', '0.00', '', '361530.82', '361530.82', '2017-05-17', 25, 'Pulled From Sales-Order', 126, 'STL', 63, '17-18', 'BE-2827', 'BW/BWJ/6202006775', '2017-03-04', 'Direct for payment within 30 days after receipt of material', 11, 8, 2, '10.00', '31890.00', '', '', '', 'Pending', '', 106, 37, 487, '16px', 'Freight "TO-PAY" basis', 'No', 'No', 0),
(74, '0.00', 93, 'C-17,Panchwati Colony\r\nNear Bhaskar Circle,\r\nRatanada , Jodhpur -342001', '-', NULL, 1, '12500.00', '0.00', 0, '0.00', '12500.00', '5.50', 2, '687.50', '0.00', '', '150.00', 'Reimbursement of freight charges', '13337.50', '13337.50', '2017-05-18', 27, 'Pulled From Sales-Order', 91, 'FMSL', 11, '17-18', 'BE-3384', 'FS/RS/16-17/1117', '2017-04-24', 'Direct for payment received by NEFT on 26.04.2017 for Rs. 12500/-', 11, 8, 6, '0.00', '0.00', '', '', '', 'Pending', '', 317, 311, 505, '16px', '"FREIGHT PAID DOOR DELIVERY" basis', 'No', 'No', 0),
(75, '0.00', 151, 'Plot No. 10, Matsya Industrial Area,Alwar\r\nRajasthan ', '-', NULL, 1, '8400.00', '0.00', 0, '0.00', '8400.00', '5.50', 2, '462.00', '0.00', '', '300.00', 'Reimbursement of freight charges', '9162.00', '9162.00', '2017-05-18', 27, 'Pulled From Sales-Order', 88, 'FMSL', 12, '17-18', 'BE-3394', 'PORS/101/1617/002137', '2017-03-29', 'Full payment received by Cheque No. 990332 on 04.05.2017 for Rs. 9162/-', 15, 8, 6, '0.00', '0.00', '', '', '', 'Pending', '', 317, 311, 505, '16px', '"FREIGHT PAID DOOR DELIVERY" basis', 'No', 'No', 0),
(76, '10.00', 26, 'Unit-Kotputli Cement Works\r\nVillage - Mohanpura\r\nTeh - Kotputli\r\nDist. jaipur-303108', 'W4000342975 dt. 11.05.2017', NULL, 1, '199292.63', '0.00', 0, '0.00', '199292.63', '0.00', 3, '0.00', '20642.63', 'Add: Reimbursement of Excise duty, so paid vide Invoice No. 0101700023 dt. 11.04.2017 of M/s Tushaco Pumps Pvt. Ltd., Nani Daman Add: Reimbursement of CST so paid Invoice No. 0101700023 dt. 11.04.2017 against ''C'' Form (Rs. 17493.75+Rs. 3148.88= 20642.63)', '0.00', '', '199292.63', '199292.63', '2017-05-18', 25, 'Pulled From Sales-Order', 82, 'STL', 64, '17-18', 'BE-2720', 'GK/GKG/7100537117', '2017-01-14', 'Direct for payment within 30 days after receipt of material', 15, 8, 27, '0.00', '0.00', '', '', '', 'Pending', '', 106, 37, 489, '16px', 'Freight "TO-PAY" basis ', 'No', 'No', 0),
(77, '0.00', 26, 'Unit-Kotputli Cement Works\r\nVillage - Mohanpura\r\nTeh - Kotputli\r\nDist. jaipur-303108', 'W4000342971 dt. 11.05.2017', NULL, 1, '199292.63', '0.00', 0, '0.00', '199292.63', '0.00', 3, '0.00', '20642.63', 'Add: Reimbursement of Excise duty, so paid vide Invoice No. 0101700021 dt. 11.04.2017 of M/s Tushaco Pumps Pvt. Ltd., Nani Daman Add: Reimbursement of CST so paid Invoice No. 0101700021 dt. 11.04.2017 against ''C'' Form (Rs. 17493.75+Rs. 3148.88= 20642.63)', '0.00', '', '199292.63', '199292.63', '2017-05-18', 25, 'Pulled From Sales-Order', 82, 'STL', 65, '17-18', 'BE-2720', 'GK/GKG/7100537117', '2017-01-14', 'Direct for payment within 30 days after receipt of material', 15, 8, 27, '0.00', '0.00', '', '', '', 'Pending', '', 106, 37, 489, '16px', 'Freight "PAID" basis ', 'No', 'No', 0),
(78, '0.00', 44, 'R. K. Nagar, Nimbahera\r\nChittorgarh-312601', '-', NULL, 1, '3977.50', '0.00', 0, '0.00', '3977.50', '5.50', 2, '218.76', '0.00', '', '0.00', '', '4196.26', '4196.26', '2017-05-18', 25, 'Pulled From Sales-Order', 127, 'STL', 66, '17-18', 'BE-3119', '103PO1800045', '2017-05-01', 'direct for payment within 15 days from receipt of material', 15, 8, 29, '0.00', '0.00', '', '', '', 'Pending', '', 106, 37, 488, '16px', '-', 'No', 'No', 0);
INSERT INTO `invoices` (`id`, `temp_limit`, `customer_id`, `customer_address`, `lr_no`, `terms_conditions`, `discount_type`, `total`, `pnf`, `pnf_type`, `pnf_per`, `total_after_pnf`, `sale_tax_per`, `sale_tax_id`, `sale_tax_amount`, `exceise_duty`, `ed_description`, `fright_amount`, `fright_text`, `grand_total`, `due_payment`, `date_created`, `company_id`, `process_status`, `sales_order_id`, `in1`, `in2`, `in4`, `in3`, `customer_po_no`, `po_date`, `additional_note`, `employee_id`, `created_by`, `transporter_id`, `discount_per`, `discount`, `form47`, `form49`, `status`, `inventory_voucher_status`, `payment_mode`, `fright_ledger_account`, `sales_ledger_account`, `st_ledger_account_id`, `pdf_font_size`, `delivery_description`, `inventory_voucher_create`, `sale_return_status`, `sale_return_id`) VALUES
(79, '0.00', 69, '68th Milestone, N.H.8, \r\nVillage-Joniawas, Dharuhera-122100,\r\nDistt-Rewari, (Haryana)', '-', NULL, 0, '12274.00', '0.00', 0, '0.00', '12274.00', '2.00', 4, '245.48', '0.00', '', '0.00', '', '12519.48', '12519.48', '2017-05-19', 25, 'Pulled From Sales-Order', 130, 'STL', 67, '17-18', 'BE-2942', '4300082667', '2017-05-18', 'Direct for payment within 15 days', 15, 8, 6, '0.00', '646.00', '', '-', '', 'Pending', '', 106, 37, 490, '16px', '"FREIGHT PAID DOOR DELIVERY" basis ', 'No', 'No', 0),
(80, '0.00', 121, 'Plot No. SPL-2B, \r\nTapukara Industrial Area,\r\nBhiwadi Alwar Road, Tapukara,\r\nDistt: Alwar-301707 (Raj.)', '-', NULL, 1, '6150.00', '0.00', 0, '0.00', '6150.00', '5.50', 2, '338.25', '0.00', '', '200.00', 'Reimbursement of freight charges', '6688.25', '6688.25', '2017-05-19', 25, 'Pulled From Sales-Order', 121, 'STL', 68, '17-18', 'BE-2875', 'LOC/17-0215', '2017-05-08', 'Direct for payment within 30 days', 15, 8, 6, '0.00', '0.00', '', '', '', 'Pending', '', 106, 37, 488, '16px', 'Freight PAID DOOR DELIVERY Basis ', 'No', 'No', 0),
(81, '0.00', 95, 'Hydro -I ,Unit II\r\nChanderai Lead Zinc Smelter,\r\nChittorgarh-312021', '125-233458 dt. 27.04.2017', NULL, 1, '80600.98', '0.00', 0, '0.00', '80600.98', '2.00', 4, '1612.02', '9511.98', 'Add: Reimbursement of Excise duty, so paid vide Invoice No. 58 dt. 26.04.2017 of M/s Positive Metering Pumps (I) Pvt. Ltd., Nashik,\r\nAdd: Reimbursement of CST so paid Invoice No. 58 dt. 26.04.2017 against ''C'' Form (8061/-+1450.98/-=9511.98/-', '0.00', '', '82213.00', '82213.00', '2017-05-19', 25, 'Pulled From Sales-Order', 122, 'STL', 69, '17-18', 'BE-3373', '2000038897/4100087154', '2017-02-23', 'Direct for payment within 30 days', 11, 8, 1, '0.00', '0.00', '', '', '', 'Pending', '', 106, 37, 490, '16px', 'Freight "PAID" basis upto Chittorgarh Tr. Go.', 'No', 'No', 0),
(82, '0.00', 8, 'Unit Of - DCM Shriram Industries Limited\r\nShriram Nagar, Kota-324004', '-', NULL, 1, '10878.00', '0.00', 0, '0.00', '10878.00', '5.50', 2, '598.29', '0.00', '', '0.00', '', '11476.29', '11476.29', '2017-05-20', 25, 'Pulled From Sales-Order', 134, 'STL', 70, '17-18', 'BE-2932', 'OSC/4100010315', '2017-05-20', 'Direct for payment cash on delivery (COD basis)', 15, 8, 15, '7.50', '882.00', '', '', '', 'Pending', '', 106, 37, 488, '16px', 'Dispatch To pay basis and CC Attached\r\n', 'No', 'No', 0),
(83, '0.00', 81, 'B-25-26, RIICO Housing Colony\r\nRoad No. 1-D, V.K.I. Area, \r\nJaipur-302013', '-', NULL, 1, '14490.00', '0.00', 0, '0.00', '14490.00', '5.50', 2, '796.95', '0.00', '', '0.00', '', '15286.95', '15286.95', '2017-05-20', 27, 'Pulled From Sales-Order', 132, 'FMSL', 13, '17-18', 'BE-3392', 'Email confirmation by Mr. Vinod Sharma', '2017-05-16', 'Direct for payment within 07 days', 15, 8, 32, '10.00', '1610.00', '', '', '', 'Pending', '', 317, 311, 505, '16px', 'Freight "TO PAY" Basis and book to  VKI Jaipur', 'Yes', 'No', 0);

-- --------------------------------------------------------

--
-- Table structure for table `invoice_bookings`
--

CREATE TABLE IF NOT EXISTS `invoice_bookings` (
  `id` int(10) NOT NULL AUTO_INCREMENT,
  `grn_id` int(10) NOT NULL,
  `invoice_no` varchar(100) NOT NULL,
  `created_on` date NOT NULL,
  `company_id` int(10) NOT NULL,
  `created_by` int(10) NOT NULL,
  `ib1` varchar(10) NOT NULL,
  `ib2` int(10) NOT NULL,
  `ib3` varchar(10) NOT NULL,
  `ib4` varchar(10) NOT NULL,
  `total` decimal(15,2) NOT NULL,
  `due_payment` decimal(15,2) NOT NULL,
  `vendor_id` int(11) NOT NULL,
  `supplier_date` date NOT NULL,
  `purchase_ledger_account` int(10) NOT NULL,
  `ledger_account_for_vat` int(10) NOT NULL,
  `cst_vat` varchar(10) NOT NULL,
  `purchase_return_status` varchar(10) NOT NULL DEFAULT 'No',
  `purchase_return_id` int(11) NOT NULL,
  `total_saletax` decimal(15,5) NOT NULL,
  PRIMARY KEY (`id`)
) ENGINE=InnoDB  DEFAULT CHARSET=latin1 AUTO_INCREMENT=57 ;

--
-- Dumping data for table `invoice_bookings`
--

INSERT INTO `invoice_bookings` (`id`, `grn_id`, `invoice_no`, `created_on`, `company_id`, `created_by`, `ib1`, `ib2`, `ib3`, `ib4`, `total`, `due_payment`, `vendor_id`, `supplier_date`, `purchase_ledger_account`, `ledger_account_for_vat`, `cst_vat`, `purchase_return_status`, `purchase_return_id`, `total_saletax`) VALUES
(2, 1, '7', '2017-04-25', 25, 16, 'STL', 1, 'BE-3346', '17-18', '8923.00', '8923.00', 2, '2017-04-08', 538, 567, 'VAT', 'No', 0, '0.00000'),
(3, 3, '029', '2017-04-29', 25, 16, 'STL', 2, 'BE-2932', '17-18', '3190.00', '3190.00', 20, '2017-04-07', 538, 567, 'VAT', 'No', 0, '0.00000'),
(4, 6, '100163', '2017-05-05', 25, 16, 'STL', 3, 'BE-3349', '17-18', '47183.00', '47183.00', 1, '2017-04-11', 35, 489, 'CST', 'No', 0, '0.00000'),
(6, 7, '100058', '2017-05-05', 25, 16, 'STL', 4, 'BE-3320', '17-18', '17854.00', '17854.00', 1, '2017-04-06', 35, 489, 'CST', 'No', 0, '0.00000'),
(7, 2, '74', '2017-05-05', 25, 16, 'STL', 5, 'BE-3346', '17-18', '2901.00', '2901.00', 13, '2017-04-06', 538, 567, 'VAT', 'No', 0, '0.00000'),
(8, 12, '2612', '2017-05-05', 25, 16, 'STL', 6, 'BE-3350', '17-18', '22100.00', '22100.00', 22, '2017-04-06', 538, 567, 'VAT', 'No', 0, '0.00000'),
(9, 5, '115', '2017-05-06', 25, 16, 'STL', 7, 'BE-3258', '17-18', '1182.00', '1182.00', 2, '2017-04-13', 538, 567, 'VAT', 'No', 0, '0.00000'),
(10, 28, '43', '2017-05-09', 25, 19, 'STL', 8, 'BE-3377', '17-18', '39950.00', '39950.00', 7, '2017-04-15', 35, 489, 'CST', 'No', 0, '0.00000'),
(11, 15, '42', '2017-05-09', 25, 19, 'STL', 9, 'BE-3374', '17-18', '91794.00', '91794.00', 7, '2017-04-11', 35, 489, 'CST', 'No', 0, '0.00000'),
(12, 14, 'R2017/009', '2017-05-09', 25, 16, 'STL', 10, 'BE-3253', '17-18', '12875.00', '12875.00', 5, '2017-04-05', 35, 489, 'CST', 'No', 0, '0.00000'),
(13, 16, '115', '2017-05-09', 25, 19, 'STL', 11, 'BE-3311', '17-18', '7966.00', '7966.00', 27, '2017-04-26', 35, 489, 'CST', 'No', 0, '0.00000'),
(15, 24, '38', '2017-05-09', 25, 19, 'STL', 12, 'BE-3241', '17-18', '11932.00', '11932.00', 9, '2017-04-21', 35, 489, 'CST', 'No', 0, '0.00000'),
(17, 27, '0101700114', '2017-05-09', 25, 16, 'STL', 13, 'BE-2405', '17-18', '10901.25', '10901.25', 3, '2017-04-21', 35, 489, 'CST', 'No', 0, '0.00000'),
(20, 29, '0101700023', '2017-05-09', 25, 19, 'STL', 14, 'BE-2720', '17-18', '160592.63', '160592.63', 3, '2017-04-11', 35, 489, 'CST', 'No', 0, '0.00000'),
(21, 30, '0101700021', '2017-05-09', 25, 19, 'STL', 15, 'BE-2720', '17-18', '160592.63', '160592.63', 3, '2017-04-11', 35, 489, 'CST', 'No', 0, '0.00000'),
(22, 10, '100042', '2017-05-09', 25, 19, 'STL', 16, 'BE-3142', '17-18', '80814.00', '80814.00', 1, '2017-05-06', 35, 489, 'CST', 'No', 0, '0.00000'),
(23, 18, '13', '2017-05-10', 25, 19, 'STL', 17, 'BE-3359', '17-18', '6028.00', '6028.00', 9, '2017-04-06', 35, 489, 'CST', 'No', 0, '0.00000'),
(24, 32, '0157V/18', '2017-05-10', 25, 19, 'STL', 18, 'BE-3194', '17-18', '5006.00', '5006.00', 8, '2017-04-19', 35, 489, 'CST', 'No', 0, '0.00000'),
(25, 31, '0156V/18', '2017-05-11', 25, 19, 'STL', 19, 'BE-3320', '17-18', '23866.00', '23866.00', 8, '2017-03-19', 35, 489, 'CST', 'No', 0, '0.00000'),
(27, 36, '05976', '2017-05-11', 25, 19, 'STL', 20, 'BE-3031', '17-18', '116.00', '116.00', 31, '2017-05-06', 538, 488, 'VAT', 'No', 0, '0.00000'),
(28, 8, '100039', '2017-05-11', 25, 17, 'STL', 21, 'BE-3349', '17-18', '62647.00', '88106.01', 1, '2017-04-06', 35, 489, 'CST', 'No', 0, '0.00000'),
(30, 39, '514', '2017-05-11', 25, 19, 'STL', 22, 'BE-3183', '17-18', '1000.00', '1000.00', 32, '2017-05-04', 538, 567, 'VAT', 'No', 0, '0.00000'),
(31, 9, '100041', '2017-05-12', 25, 16, 'STL', 23, 'BE-3346', '17-18', '45269.00', '45269.00', 1, '2017-04-06', 35, 489, 'CST', 'No', 0, '0.00000'),
(32, 43, '100040', '2017-05-12', 25, 16, 'STL', 24, 'BE-3349', '17-18', '25459.00', '25459.00', 1, '2017-04-06', 35, 489, 'CST', 'No', 0, '0.00000'),
(33, 17, '100561', '2017-05-12', 25, 19, 'STL', 25, 'BE-3083', '17-18', '22563.00', '22563.00', 1, '2017-04-26', 35, 489, 'CST', 'No', 0, '0.00000'),
(34, 11, '100043', '2017-05-12', 25, 19, 'STL', 26, 'BE-2900', '17-18', '86068.00', '86068.00', 1, '2017-04-06', 35, 489, 'CST', 'No', 0, '0.00000'),
(35, 25, '100544', '2017-05-12', 25, 19, 'STL', 27, 'BE-2780', '17-18', '55751.00', '55751.00', 1, '2017-04-25', 35, 489, 'CST', 'No', 0, '0.00000'),
(36, 40, '64', '2017-05-13', 25, 19, 'STL', 28, 'BE-3240', '17-18', '27688.00', '27688.00', 7, '2017-04-25', 35, 489, 'CST', 'No', 0, '0.00000'),
(37, 42, '67', '2017-05-13', 25, 19, 'STL', 29, 'BE-3372', '17-18', '16524.00', '16524.00', 9, '2017-05-10', 35, 489, 'CST', 'No', 0, '0.00000'),
(39, 26, '0101700125', '2017-05-15', 25, 19, 'STL', 30, 'BE-3064', '17-18', '100245.60', '100245.60', 3, '2017-04-24', 35, 489, 'CST', 'No', 0, '0.00000'),
(41, 13, '100303', '2017-05-15', 25, 19, 'STL', 31, 'BE-3349', '17-18', '51339.00', '51339.00', 1, '2017-04-17', 35, 489, 'CST', 'No', 0, '0.00000'),
(42, 56, '100814', '2017-05-19', 25, 16, 'STL', 32, 'BE-3080', '17-18', '17534.00', '17534.00', 1, '2017-05-10', 35, 489, 'CST', 'No', 0, '0.00000'),
(43, 57, '58', '2017-05-19', 25, 16, 'STL', 33, 'BE-3373', '17-18', '74000.00', '74000.00', 6, '2017-04-26', 35, 489, 'CST', 'No', 0, '0.00000'),
(44, 46, '59', '2017-05-19', 25, 16, 'STL', 34, 'BE-3369', '17-18', '34081.00', '34081.00', 6, '2017-04-26', 35, 489, 'CST', 'No', 0, '0.00000'),
(45, 51, '0101700190', '2017-05-19', 25, 16, 'STL', 35, 'BE-3368', '17-18', '275400.00', '275400.00', 3, '2017-04-28', 35, 489, 'CST', 'No', 0, '0.00000'),
(46, 54, '0101700177', '2017-05-19', 25, 16, 'STL', 36, 'BE-2626', '17-18', '32703.75', '32703.75', 3, '2017-04-28', 35, 489, 'CST', 'No', 0, '0.00000'),
(47, 50, '66', '2017-05-19', 25, 16, 'STL', 37, 'BE-2523', '17-18', '9473.00', '9473.00', 9, '2017-05-10', 35, 489, 'CST', 'No', 0, '0.00000'),
(49, 34, '0101700153', '2017-05-19', 25, 16, 'STL', 38, 'BE-2546', '17-18', '33186.27', '33186.27', 3, '2017-04-27', 35, 489, 'CST', 'No', 0, '0.00000'),
(50, 35, '0101700153', '2017-05-19', 25, 16, 'STL', 39, 'BE-2879', '17-18', '2859.00', '2859.00', 3, '2017-04-27', 35, 489, 'CST', 'No', 0, '0.00000'),
(52, 33, '62', '2017-05-19', 25, 16, 'STL', 40, 'BE-3183', '17-18', '15342.00', '15342.00', 2, '2017-05-01', 538, 567, 'VAT', 'No', 0, '1942.90000'),
(53, 21, '5364', '2017-05-20', 25, 16, 'STL', 41, 'BE-3350', '17-18', '570.00', '570.00', 28, '2017-04-13', 538, 567, 'VAT', 'No', 0, '29.69000'),
(54, 20, '5269', '2017-05-20', 25, 16, 'STL', 42, 'BE-3350', '17-18', '470.00', '470.00', 28, '2017-04-10', 538, 567, 'VAT', 'No', 0, '24.48000'),
(55, 22, '5162', '2017-05-20', 25, 16, 'STL', 43, 'BE-3350', '17-18', '882.00', '878.00', 28, '2017-04-06', 538, 567, 'VAT', 'No', 0, '46.00000');

-- --------------------------------------------------------

--
-- Table structure for table `invoice_booking_rows`
--

CREATE TABLE IF NOT EXISTS `invoice_booking_rows` (
  `id` int(11) NOT NULL AUTO_INCREMENT,
  `invoice_booking_id` int(11) NOT NULL,
  `item_id` int(11) NOT NULL,
  `unit_rate_from_po` decimal(15,2) NOT NULL,
  `discount_per` tinyint(1) NOT NULL,
  `discount` decimal(15,2) NOT NULL,
  `pnf_per` tinyint(1) NOT NULL,
  `pnf` decimal(15,2) NOT NULL,
  `excise_duty` decimal(15,2) NOT NULL,
  `sale_tax` decimal(15,2) NOT NULL,
  `other_charges` decimal(10,2) NOT NULL,
  `misc` decimal(15,2) NOT NULL,
  `quantity` int(11) NOT NULL,
  `rate` decimal(20,5) NOT NULL,
  `amount` decimal(15,4) NOT NULL,
  `description` varchar(500) NOT NULL,
  `purchase_return_quantity` int(11) NOT NULL,
  `total` decimal(18,2) NOT NULL,
  PRIMARY KEY (`id`)
) ENGINE=InnoDB  DEFAULT CHARSET=latin1 AUTO_INCREMENT=127 ;

--
-- Dumping data for table `invoice_booking_rows`
--

INSERT INTO `invoice_booking_rows` (`id`, `invoice_booking_id`, `item_id`, `unit_rate_from_po`, `discount_per`, `discount`, `pnf_per`, `pnf`, `excise_duty`, `sale_tax`, `other_charges`, `misc`, `quantity`, `rate`, `amount`, `description`, `purchase_return_quantity`, `total`) VALUES
(12, 4, 1171, '21500.00', 0, '0.00', 0, '640.00', '6.00', '2.00', '-0.57', '0.00', 2, '23591.49900', '43000.0000', 'CB 80 200 G1 M2 with 5 HP 1500 RPM Motor\r\nPower : 5HP / 1500RPM  Frame 112 M\r\nBurgmann make 0021 MG12-G60/U Sic / Sic 316 TTV', 0, '0.00'),
(14, 6, 963, '1876.50', 0, '0.00', 0, '151.41', '12.50', '2.00', '0.00', '0.00', 2, '2240.15662', '3753.0000', 'CN 25 160 G1 S2 L3 ', 0, '0.00'),
(15, 6, 966, '2251.00', 0, '0.00', 0, '90.82', '12.50', '2.00', '0.00', '0.00', 1, '2687.23291', '2251.0000', 'CI Pump Housing CN 25 160 G1 S2 L3 ', 0, '0.00'),
(16, 6, 1178, '2146.00', 0, '0.00', 0, '86.58', '12.50', '2.00', '0.00', '0.00', 1, '2561.88441', '2146.0000', 'Stub Shaft (SS 316) CB 32 160 G1 \r\nMotor 3HP /2900RPM Frame Size : 90L', 0, '0.00'),
(17, 6, 746, '595.00', 0, '0.00', 0, '120.02', '12.50', '2.00', '0.00', '0.00', 5, '710.30812', '2975.0000', 'KGEN 11 3 G1 ', 0, '0.00'),
(18, 6, 782, '1460.00', 0, '0.00', 0, '117.81', '12.50', '2.00', '0.00', '0.00', 2, '1742.94093', '2920.0000', 'KGEN 11 4 G1 ', 0, '0.00'),
(19, 6, 1207, '455.00', 0, '0.00', 0, '36.71', '12.50', '2.00', '0.79', '0.00', 2, '543.57180', '910.0000', 'Impeller Cap Nut CCR 50 200 R6A S2 L6', 0, '0.00'),
(21, 8, 1039, '41.50', 0, '0.00', 0, '5.82', '0.00', '5.00', '50.00', '0.00', 60, '42.43040', '2490.0000', 'Channel 4" 60Kg ', 0, '0.00'),
(22, 8, 1038, '41.50', 0, '0.00', 0, '8.83', '0.00', '5.00', '0.00', '0.00', 91, '41.59706', '3776.5000', 'Channel 3" 91Kg ', 0, '0.00'),
(23, 8, 1040, '40.00', 0, '0.00', 0, '2.15', '0.00', '5.00', '0.00', '0.00', 23, '40.09355', '920.0000', 'Angle 40mm X 5mm ', 0, '0.00'),
(24, 8, 1041, '40.50', 0, '0.00', 0, '2.18', '0.00', '5.00', '0.00', '0.00', 23, '40.59472', '931.5000', 'Pattha 40mm X 10mm ', 0, '0.00'),
(25, 8, 1185, '2380.00', 0, '0.00', 0, '5.57', '0.00', '5.00', '24.75', '0.00', 1, '2410.31651', '2380.0000', 'Welding Rod 1 Box= 12 Packet ', 0, '0.00'),
(26, 8, 1038, '41.50', 0, '0.00', 0, '23.20', '0.00', '5.00', '176.00', '0.00', 239, '42.33346', '9918.5000', 'Channel 3" 239KG', 0, '0.00'),
(27, 8, 1214, '40.00', 0, '0.00', 0, '0.75', '0.00', '5.00', '25.00', '0.00', 8, '43.21856', '320.0000', 'Ms Pattha 40mm X 6mm', 0, '0.00'),
(28, 7, 867, '1833.00', 1, '25.00', 0, '0.00', '0.00', '5.50', '0.28', '0.00', 2, '1374.89000', '3666.0000', 'Unbored', 0, '0.00'),
(29, 9, 863, '280.00', 0, '0.00', 0, '0.00', '0.00', '5.50', '0.40', '0.00', 4, '280.10000', '1120.0000', 'L 95 Coupling Unbored', 0, '0.00'),
(30, 10, 986, '18475.00', 0, '0.00', 0, '0.00', '6.00', '2.00', '-0.34', '0.00', 2, '19975.00000', '36950.0000', 'Capacity LPM : 300\r\nHead Mtrs : 11\r\nRPM : 2900\r\nMotor Rating  : 2HP \r\nPower consumed by pump (BKW) : 1.5 \r\n Impeller : SS 410\r\nPhase  : Three Phase \r\n( Pump set with 5mtrs cable )\r\n', 0, '0.00'),
(32, 12, 1213, '1900.00', 1, '15.00', 0, '0.00', '12.50', '2.00', '0.00', '0.00', 2, '1853.21250', '3800.0000', '(Part 70211602)', 0, '0.00'),
(33, 12, 1215, '3000.00', 1, '15.00', 0, '0.00', '12.50', '2.00', '0.00', '0.00', 2, '2926.12500', '6000.0000', '(Part No. 70110522)', 0, '0.00'),
(34, 12, 1173, '1700.00', 1, '15.00', 0, '0.00', '12.50', '2.00', '0.05', '0.00', 2, '1658.16250', '3400.0000', '(Part No. 70422921)', 0, '0.00'),
(35, 13, 1152, '210.00', 0, '0.00', 0, '0.00', '0.00', '2.00', '-0.20', '250.00', 36, '221.27778', '7810.0000', '<p>SS 316 Rod 32 mm&nbsp;</p><p>SS 316 Rod 45mm</p><p>SS 316 Rod 50 mm&nbsp;</p>', 0, '0.00'),
(37, 15, 612, '2437.00', 0, '0.00', 0, '0.00', '0.00', '2.00', '0.04', '0.00', 4, '2485.75000', '9748.0000', '<p>Complete Mechanical Seal Type Size: 30mm</p><p>Face: Carbon/Silicon/Viton for John Crane</p><p>2100 Type 2 Model : T3ST 45 / 42&nbsp;</p><p>NOTE : Kindly supply as per last supply vide Invoice No.<br></p><p>172 dated 17.6.2017</p>', 0, '0.00'),
(38, 15, 621, '1950.00', 0, '0.00', 0, '0.00', '0.00', '2.00', '0.00', '0.00', 1, '1989.00000', '1950.0000', '<p>Complete Mechanical Seal&nbsp;Type &nbsp;LS -201 Size: 20mm&nbsp;Face: TC/TC&nbsp;</p><p>Model : T3 SFP 20 /56&nbsp;</p>', 0, '0.00'),
(39, 17, 627, '9500.00', 0, '0.00', 0, '0.00', '12.50', '2.00', '0.00', '0.00', 1, '10901.25000', '9500.0000', 'Model : R 50 SL (H) (Without Relief Valve )\r\nFlow : 255 LPM\r\nPressure : 3kg./cm2\r\nSealing : Gland Packing\r\nSuc.* Dis. : 2 X 2 \r\nLiquid : Molasses\r\nPower : 3 HP / 1000 RPM\r\nEarlier Ref. : Ok.no.117004\r\n\r\nLast SO Number : 1591632/3016\r\nIdentical to sr. no. 117004/7725', 0, '0.00'),
(40, 20, 634, '139950.00', 0, '0.00', 0, '0.00', '12.50', '2.00', '0.00', '0.00', 1, '160592.62500', '139950.0000', 'Complete Major Seal Kit\r\nFor Pump Model: TRF 1700\r\n\r\nInterchangeable with existing pump Sr. No. 7036667\r\n\r\nLast supply reference : SO No. 1565519 & 1614615', 0, '0.00'),
(41, 21, 634, '139950.00', 0, '0.00', 0, '0.00', '12.50', '2.00', '0.00', '0.00', 1, '160592.62500', '139950.0000', 'Complete Major Seal Kit\r\nFor Pump Model: TRF 1700\r\n\r\nInterchangeable with existing pump Sr. No. 7036667\r\n\r\nLast supply reference : SO No. 1565519 & 1614615', 0, '0.00'),
(42, 22, 737, '70160.00', 0, '0.00', 0, '266.00', '12.50', '2.00', '0.16', '0.00', 1, '80813.99500', '70160.0000', '(Full Dia Impeller )\r\nDiscount of 35% on Pumps will be settled through credit note ', 0, '0.00'),
(43, 23, 1193, '5910.00', 0, '0.00', 0, '0.00', '0.00', '2.00', '-0.20', '0.00', 1, '6028.00000', '5910.0000', 'Complete Mechanical Seal Type : HJ97 Size : 35mm\r\nFace : Sic/Sic/316/TTV for CCR 32 / 125 Spring Fitted\r\nNOTE : As per last supply vide Challan No.61/58/2016/17\r\ndate 4/5/2016', 0, '0.00'),
(51, 24, 568, '12830.00', 1, '66.00', 0, '0.00', '12.50', '2.00', '0.38', '0.00', 1, '5006.00450', '12830.0000', 'Frame Size : 90S\r\nMounting : Foot Mounted ', 0, '0.00'),
(52, 2, 589, '23500.00', 1, '70.15', 0, '778.44', '0.00', '14.50', '-0.20', '0.00', 1, '7792.99000', '23500.0000', 'Power: 3HP / 2900RPM IE3\r\nMounting: Foot Mounted\r\nFrame Size : 90L', 0, '0.00'),
(54, 27, 1346, '11.00', 0, '0.00', 0, '0.00', '0.00', '5.50', '-0.05', '0.00', 10, '10.99500', '110.0000', '<p>Size 12*22*7</p><p><br></p>', 0, '0.00'),
(60, 30, 1358, '0.31', 0, '0.00', 0, '0.00', '0.00', '5.00', '7.23', '0.00', 3050, '0.31237', '945.5000', '<p><br></p>', 0, '0.00'),
(64, 28, 964, '27056.00', 0, '0.00', 0, '482.00', '12.50', '2.00', '-0.10', '0.42', 2, '31323.49848', '54112.4200', 'CB 80 200 G1 M2 with 5 HP 1500 RPM Motor\r\nPower : 5HP / 1500RPM  Frame 112 M\r\nBurgmann make 0021 MG12-G60/U Sic / Sic 316 TTV', 0, '0.00'),
(65, 11, 931, '14150.00', 0, '0.00', 0, '0.00', '6.00', '2.00', '0.12', '0.00', 6, '15299.00000', '84900.0000', 'Power : 6.5 HP / 2900 RPM\r\nCapacity Range : 0 to 17.50 LPS\r\nHead Range : 0 to 32 Mtrs\r\nDelivery outlet : 65 mm\r\nType of starting : DOL\r\nCable size : 1 * 3 * 1.5\r\nPump with 5 Mtrs cable\r\n\r\nNote: Rs. 500 per pump will be settled through credit\r\nnote', 0, '0.00'),
(66, 32, 1168, '21946.00', 0, '0.00', 0, '241.00', '12.50', '2.00', '-0.33', '-0.22', 1, '25459.00005', '21945.7800', 'CB 80 200 G1 M2 with 5 HP 1500 RPM Motor\r\nPower : 5HP / 1500RPM  Frame 112 M\r\nBurgmann make 0021 MG12-G60/U Sic / Sic 316 TTV', 0, '0.00'),
(67, 31, 1170, '32491.00', 1, '40.00', 0, '460.00', '12.50', '2.00', '1.04', '0.00', 2, '22634.49850', '64982.0000', '-', 0, '0.00'),
(68, 33, 730, '29879.00', 1, '35.00', 0, '241.00', '12.50', '2.00', '0.45', '0.00', 1, '22562.99662', '29879.0000', 'FRE 80 210 G6', 0, '0.00'),
(69, 34, 1169, '74738.00', 0, '0.00', 0, '266.00', '12.50', '2.00', '0.91', '0.00', 1, '86068.00000', '74738.0000', '( Impeller Dia 209mm )\r\nConversion Kit \r\nBurgmann MG12-G60/U /SIC/SIC/316/Viton \r\nDiscount of 35 % on pumps and MS 15 % will be settled through credit note', 0, '0.00'),
(70, 35, 731, '37002.00', 1, '35.00', 0, '482.00', '12.50', '2.00', '0.17', '0.00', 2, '27875.49925', '74004.0000', '( Impeller Dia 166mm )', 0, '0.00'),
(71, 36, 935, '25054.00', 0, '0.00', 0, '0.00', '6.00', '2.00', '599.62', '0.00', 1, '27688.00480', '25054.0000', '<p>Model : LJ 15 LN&nbsp;<br></p><p>Head : 10 Meters&nbsp;</p><p>Flow &nbsp;: &nbsp;375 LPM</p><p>Power &nbsp;: &nbsp;1.5 HP / 2900 RPM</p><p>Outlet &nbsp;: 50 mm&nbsp;</p><p>Power &nbsp;: &nbsp;Three Phase&nbsp;</p><p>Note : Discount of Rs. 5,500/- Will be settled through credit note. &nbsp;<br></p>', 0, '0.00'),
(72, 37, 1332, '10800.00', 1, '25.00', 0, '0.00', '0.00', '2.00', '0.00', '0.00', 2, '8262.00000', '21600.0000', '<p>Complete Double Mechanical Seal Type LS-101-0 Size: 1.750</p><p>Face: Carbon/Silicon (IB) &amp; Face: Carbon/Silicon (OB) with</p><p>S.S. Gland Plate as per Plan 11 &amp; S.S. Sleeve for Johnson</p><p>make CCR-200/200 R6 S2 L3 Pump&nbsp;</p><p>Liquid: Water</p>', 0, '0.00'),
(73, 3, 1191, '3.44', 0, '0.00', 0, '0.00', '0.00', '5.00', '7.50', '1.20', 495, '3.45758', '1704.0000', 'SS 304 / 45 MM SS Rod ', 0, '0.00'),
(74, 3, 1192, '3.27', 0, '0.00', 0, '0.00', '0.00', '5.00', '7.30', '-1.08', 404, '3.28540', '1320.0000', '33 316 / 36 mm SS Rod', 0, '0.00'),
(75, 25, 1145, '30585.00', 1, '66.00', 0, '0.00', '12.50', '2.00', '0.52', '0.00', 2, '11932.99775', '61170.0000', 'Frame Size : 112L\r\nMounting : Foot Mounted ', 0, '23866.00'),
(76, 39, 600, '4800.00', 1, '30.00', 0, '0.00', '12.50', '2.00', '0.00', '0.00', 20, '3855.60000', '96000.0000', 'Sealing : Oil Seal\r\nMounting : Foot', 0, '77112.00'),
(77, 39, 1148, '2880.00', 1, '30.00', 0, '0.00', '12.50', '2.00', '0.00', '0.00', 10, '2313.36000', '28800.0000', 'Sealing : Oil Seal\r\nMounting : Foot', 0, '23133.60'),
(78, 41, 1167, '46814.00', 0, '0.00', 0, '670.00', '6.00', '2.00', '-0.70', '0.00', 1, '51339.00080', '46814.0000', 'CB 80 200 G1 M2 with 5 HP 1500 RPM Motor\r\nPower : 5HP / 1500RPM  Frame 112 M\r\nBurgmann make 0021 MG12-G60/U Sic / Sic 316 TTV', 0, '51339.00'),
(79, 42, 702, '12475.00', 1, '35.00', 0, '0.00', '6.00', '2.00', '-0.36', '0.00', 2, '8767.00050', '24950.0000', 'Full Dia Impeller ', 0, '17534.00'),
(80, 43, 1102, '731.00', 0, '0.00', 0, '0.00', '12.50', '2.00', '0.00', '0.00', 2, '838.82250', '1462.0000', 'Positive Spares Model : PL 2017', 0, '1677.64'),
(81, 43, 1101, '2475.00', 0, '0.00', 0, '0.00', '12.50', '2.00', '0.00', '0.00', 2, '2840.06250', '4950.0000', 'Positive Spares Model : PL 2017', 0, '5680.13'),
(82, 43, 1103, '506.00', 0, '0.00', 0, '0.00', '12.50', '2.00', '0.00', '0.00', 4, '580.63500', '2024.0000', 'Positive Spares Model : PL 2017', 0, '2322.54'),
(83, 43, 1104, '168.00', 0, '0.00', 0, '0.00', '12.50', '2.00', '0.00', '0.00', 2, '192.78000', '336.0000', 'Positive Spares Model : PL 2017', 0, '385.56'),
(84, 43, 1105, '168.00', 0, '0.00', 0, '0.00', '12.50', '2.00', '0.00', '0.00', 2, '192.78000', '336.0000', 'Positive Spares Model : PL 2017', 0, '385.56'),
(85, 43, 1106, '168.00', 0, '0.00', 0, '0.00', '12.50', '2.00', '0.00', '0.00', 2, '192.78000', '336.0000', 'Positive Spares Model : PL 2017', 0, '385.56'),
(86, 43, 1107, '196.00', 0, '0.00', 0, '0.00', '12.50', '2.00', '0.00', '0.00', 2, '224.91000', '392.0000', 'Positive Spares Model : PL 2017', 0, '449.82'),
(87, 43, 1108, '196.00', 0, '0.00', 0, '0.00', '12.50', '2.00', '0.00', '0.00', 2, '224.91000', '392.0000', 'Positive Spares Model : PL 2017', 0, '449.82'),
(88, 43, 1109, '3150.00', 0, '0.00', 0, '0.00', '12.50', '2.00', '0.00', '0.00', 2, '3614.62500', '6300.0000', 'Positive Spares Model : PL 2017\r\nNote : 20 % discount amount will be settled through\r\ncredit note separately.', 0, '7229.25'),
(89, 43, 1110, '1237.00', 0, '0.00', 0, '0.00', '12.50', '2.00', '0.00', '0.00', 2, '1419.45750', '2474.0000', '<p>Positive Spares Model : PL 2017 Note : 20 % discount amount will be settled through credit note separately.<br></p>', 0, '2838.91'),
(90, 43, 1099, '393.00', 0, '0.00', 0, '0.00', '12.50', '2.00', '0.00', '0.00', 2, '450.96750', '786.0000', '<p>Positive Spares Model : PL 2017 Note : 20 % discount amount will be settled through credit note separately.<br></p>', 0, '901.93'),
(91, 43, 1111, '3600.00', 0, '0.00', 0, '0.00', '12.50', '2.00', '0.00', '0.00', 2, '4131.00000', '7200.0000', '<p>Positive Spares Model : PL 2017 Note : 20 % discount amount will be settled through credit note separately.<br></p>', 0, '8262.00'),
(92, 43, 1096, '18750.00', 0, '0.00', 0, '0.00', '12.50', '2.00', '0.02', '0.00', 2, '21515.63500', '37500.0000', '<p>Capacity 0 to 65 LPH , Pressure : 55kg/cm2</p><p>Scope of supply : Pump with , Base frame, coupling, coupling guard&nbsp;</p>', 0, '43031.27'),
(93, 44, 1096, '15000.00', 0, '0.00', 0, '0.00', '12.50', '2.00', '0.00', '0.00', 1, '17212.50000', '15000.0000', 'Capacity 0 to 65 LPH, Pressure : 55kg/cm2\r\nScope of supply : Pump with ,Base frame ,coupling ,\r\ncoupling guard', 0, '17212.50'),
(94, 44, 1097, '14000.00', 0, '0.00', 0, '0.00', '12.50', '2.00', '0.00', '0.00', 1, '16065.00000', '14000.0000', 'Capacity 0 to 65 LPH, Pressure : 5kg/cm2\r\nScope of supply : Pump with ,Base frame ,coupling ,\r\ncoupling guard', 0, '16065.00'),
(95, 44, 1099, '350.00', 0, '0.00', 0, '0.00', '12.50', '2.00', '0.00', '0.00', 1, '401.62500', '350.0000', 'Positive Spares Model : PL 2017', 0, '401.63'),
(96, 44, 1100, '350.00', 0, '0.00', 0, '0.00', '12.50', '2.00', '0.25', '0.00', 1, '401.87500', '350.0000', 'Positive Spares Model : PL 1011', 0, '401.88'),
(97, 45, 606, '120000.00', 0, '0.00', 0, '0.00', '12.50', '2.00', '0.00', '0.00', 2, '137700.00000', '240000.0000', 'Model  : T3ST 45/42\r\n120 LPM at 40kg/cm2\r\n\r\nSr. No.  1594982/2672', 0, '275400.00'),
(98, 46, 1155, '28500.00', 0, '0.00', 0, '0.00', '12.50', '2.00', '0.00', '0.00', 1, '32703.75000', '28500.0000', 'Model : 3. 20/56 (T3ST 20/56)\r\nPressure : 15 Kg / cm2\r\nCapacity : 14 LPM', 0, '32703.75'),
(99, 47, 1232, '2350.00', 0, '0.00', 0, '0.00', '0.00', '2.00', '0.00', '0.00', 1, '2397.00000', '2350.0000', '<p>Seal Cover CCR 40 160&nbsp;</p>', 0, '2397.00'),
(100, 47, 953, '975.00', 0, '0.00', 0, '0.00', '0.00', '2.00', '0.00', '0.00', 1, '994.50000', '975.0000', '<p>Shaft Sleeve CCR 40 160&nbsp;</p>', 0, '994.50'),
(101, 47, 1221, '5962.00', 0, '0.00', 0, '0.00', '0.00', '2.00', '0.26', '0.00', 1, '6081.50000', '5962.0000', '<p>Complete Mechanical Seal Type LS-102-N Size: 35mm</p><p>Face: Silicon/SSilicon with S.S. Gland</p><p>Plate &amp; S.S. Sleeve for Johnson make CCR-40/160 Pump </p><p>Liquid: Clear Water,</p>', 0, '6081.50'),
(102, 49, 1143, '41315.00', 1, '30.00', 0, '0.00', '12.50', '2.00', '0.00', '0.00', 1, '33186.27375', '41315.0000', 'Duty : Jacking\r\nCapacity : 50mm\r\nPressure :150kg./cm2\r\nNOTE : Kindly supply as per last supply vide SO no.\r\n1588556 and sr. no. 095038 / 6260, 1467179/6453', 0, '33186.27'),
(103, 50, 599, '3560.00', 1, '30.00', 0, '0.00', '12.50', '2.00', '-0.57', '0.00', 1, '2859.00000', '3560.0000', 'Speed Rating : 1440 RPM\r\nPressure Rating : 6Kg', 0, '2859.00'),
(104, 52, 589, '18450.00', 1, '67.00', 0, '1222.32', '0.00', '14.50', '-0.22', '0.00', 2, '6699.55000', '36900.0000', '<p>Mounted &nbsp;: Foot Mounted&nbsp;</p><p>Frame Size : 90L&nbsp;</p>', 0, '15342.00'),
(105, 53, 1028, '0.33', 0, '60.00', 0, '0.00', '0.00', '5.50', '0.00', '0.00', 590, '0.22831', '194.7000', '<p>-</p>', 0, '142.11'),
(106, 53, 1029, '0.69', 0, '60.00', 0, '0.00', '0.00', '5.50', '0.00', '0.00', 376, '0.53043', '259.4400', '<p>-</p>', 0, '210.41'),
(107, 53, 1032, '2.96', 0, '60.00', 0, '0.00', '0.00', '5.50', '0.00', '0.00', 68, '2.07765', '201.2800', '<p><br></p>', 0, '149.05'),
(108, 53, 1030, '0.35', 0, '60.00', 0, '0.00', '0.00', '5.50', '0.00', '0.00', 184, '0.02391', '64.4000', '<p>-</p>', 0, '4.64'),
(109, 53, 1031, '0.75', 0, '60.00', 0, '0.00', '0.00', '5.50', '0.49', '0.00', 160, '0.37806', '120.0000', '<p>-</p>', 0, '63.79'),
(110, 54, 1015, '0.48', 0, '100.00', 0, '0.00', '0.00', '5.50', '0.00', '0.00', 269, '0.10825', '129.1200', '<p>-</p>', 0, '30.72'),
(111, 54, 1016, '0.54', 0, '100.00', 0, '0.00', '0.00', '5.50', '0.00', '0.00', 233, '0.11082', '125.8200', '<p>-</p>', 0, '27.24'),
(112, 54, 1017, '0.81', 0, '100.00', 0, '0.00', '0.00', '5.50', '0.00', '0.00', 154, '0.16065', '124.7400', '<p>-</p>', 0, '26.10'),
(113, 54, 1018, '0.93', 0, '100.00', 0, '0.00', '0.00', '5.50', '0.00', '0.00', 131, '0.16664', '121.8300', '<p>-</p>', 0, '23.03'),
(114, 54, 1023, '1.79', 0, '100.00', 0, '0.00', '0.00', '5.50', '0.00', '0.00', 69, '0.34072', '123.5100', '<p>-</p>', 0, '24.80'),
(115, 54, 1026, '6.61', 0, '200.34', 0, '0.00', '0.00', '5.50', '0.00', '0.00', 62, '3.37871', '409.8200', '<p>-</p>', 0, '221.00'),
(116, 54, 1021, '1.46', 0, '145.00', 0, '0.00', '0.00', '5.50', '0.52', '0.00', 175, '0.63440', '255.5000', '<p>-</p>', 0, '117.10'),
(122, 55, 1033, '0.31', 0, '0.00', 0, '0.00', '0.00', '5.50', '0.00', '0.00', 358, '0.31000', '110.9800', '<p>-</p>', 0, '117.08'),
(123, 55, 1034, '0.52', 0, '0.00', 0, '0.00', '0.00', '5.50', '0.00', '0.00', 322, '0.52000', '167.4400', '<p>-</p>', 0, '176.65'),
(124, 55, 1035, '0.35', 0, '0.00', 0, '0.00', '0.00', '5.50', '0.00', '0.00', 804, '0.35000', '281.4000', '<p>-</p>', 0, '296.88'),
(125, 55, 1036, '0.17', 0, '0.00', 0, '0.00', '0.00', '5.50', '0.00', '0.00', 665, '0.17000', '113.0500', '<p>-</p>', 0, '119.27'),
(126, 55, 1037, '1.75', 0, '0.00', 0, '0.00', '0.00', '5.50', '-0.30', '4.18', 91, '1.79264', '163.4300', '<p>-</p>', 0, '172.12');

-- --------------------------------------------------------

--
-- Table structure for table `invoice_rows`
--

CREATE TABLE IF NOT EXISTS `invoice_rows` (
  `id` int(10) NOT NULL AUTO_INCREMENT,
  `invoice_id` int(10) NOT NULL,
  `item_id` int(10) NOT NULL,
  `description` text NOT NULL,
  `quantity` int(5) NOT NULL,
  `rate` decimal(15,2) NOT NULL,
  `amount` decimal(15,2) NOT NULL,
  `height` int(3) NOT NULL,
  `inventory_voucher_status` varchar(10) NOT NULL DEFAULT 'Pending',
  `item_serial_number` varchar(100) NOT NULL,
  `inventory_voucher_applicable` varchar(10) NOT NULL,
  `sale_return_quantity` int(10) NOT NULL,
  PRIMARY KEY (`id`)
) ENGINE=InnoDB  DEFAULT CHARSET=latin1 AUTO_INCREMENT=465 ;

--
-- Dumping data for table `invoice_rows`
--

INSERT INTO `invoice_rows` (`id`, `invoice_id`, `item_id`, `description`, `quantity`, `rate`, `amount`, `height`, `inventory_voucher_status`, `item_serial_number`, `inventory_voucher_applicable`, `sale_return_quantity`) VALUES
(40, 16, 988, '<p><span style="font-weight: bold; text-decoration: underline;">"JOHNSON" Centrifugal Pump Set</span></p><p>Model&nbsp; &nbsp; :&nbsp; &nbsp; CBR 25 125 R4</p><p>Capacity&nbsp; &nbsp; :&nbsp; &nbsp; 3 m3/hr</p><p>Head&nbsp; &nbsp; :&nbsp; &nbsp; 15 Mtrs.</p><p>Suc*dis.&nbsp; &nbsp; :&nbsp; &nbsp; 32*25 mm</p><p>Sealing&nbsp; &nbsp; :&nbsp; &nbsp; Mechanical Seal</p><p>Complete Moterised unit</p><p>Sr. No.&nbsp; &nbsp; :&nbsp; &nbsp; C111625002</p>', 1, '24500.00', '24500.00', 0, 'Pending', '', '', 0),
(45, 21, 1159, 'Your item code :&nbsp;766141027010<div><b><u>"JOHNSON" Pump Set</u></b><br></div><div>Model : CCR 50 200 R6A S2 L6</div><div>Head : 38 Mtrs.</div><div>Flow :60 m3/hr</div><div>with "REMI" 15 HP/2900 RPM Motor, Coupling L-110, Coupling Guard&nbsp;Fasteners dully assembled on MS Baseframe<br></div><div>Pump Sr. No.:&nbsp;C111658001</div><div>Motor Sr. No.:&nbsp;16/12/D/1696</div>', 1, '98000.00', '98000.00', 0, 'Pending', '', '', 0),
(56, 27, 1169, '<p><span style="font-weight: bold;">Your item code : 760520027300</span>&nbsp;</p><p><span style="font-weight: bold; text-decoration: underline;">"JOHNSON" Centrifugal Pump</span></p><p>Model : CCR 40-200 R6L M2 L3</p><p>Head : 55 Mtrs.</p><p>Flow : 25 m3/hr</p><p>Sr. No. : C111657001</p><p><br></p><p><br></p><p><br></p><p><br></p><p><br></p><p><br></p><p><br></p>', 1, '75000.00', '75000.00', 0, 'Pending', '', '', 0),
(70, 31, 677, '<p>Your item code : REP-P&amp;M-3457</p><p><span style="font-weight: bold; text-decoration: underline;">"JOHNSON" Pumps</span></p><p>Model : KGEN 11-3 G1</p><p>Sr. No. : C111152006, C111152009</p>', 2, '8880.00', '17760.00', 130, 'Pending', '', '', 0),
(100, 34, 1226, '<p><span style="font-weight: bold; text-decoration: underline;">Spares for "DARLING" Pump</span></p><p>Model&nbsp; &nbsp; :&nbsp; &nbsp; T 2003 H</p>', 1, '41000.00', '41000.00', 0, 'Pending', '', '', 0),
(101, 35, 938, '<p><span style="font-weight: bold; text-decoration: underline;">"JOHNSON" Pump Sets</span></p><p>Model&nbsp;&nbsp;&nbsp;&nbsp;&nbsp; &nbsp; :&nbsp;&nbsp;&nbsp;&nbsp;&nbsp; &nbsp; CN 40 160 G1 S2 L3</p><p>Head&nbsp;&nbsp;&nbsp;&nbsp;&nbsp;&nbsp;&nbsp;&nbsp;&nbsp; :&nbsp;&nbsp;&nbsp;&nbsp;&nbsp; &nbsp; 25 Mtrs.</p><p>Flow&nbsp;&nbsp;&nbsp;&nbsp;&nbsp;&nbsp;&nbsp;&nbsp;&nbsp; &nbsp; :&nbsp;&nbsp;&nbsp;&nbsp;&nbsp; &nbsp; 30 m3/hr</p><p>Recco. Power&nbsp;&nbsp;&nbsp;&nbsp;&nbsp; &nbsp; :&nbsp;&nbsp;&nbsp;&nbsp;&nbsp; &nbsp; 5 HP/2900 RPM</p><p>with, Coupling L-95, Coupling Guard, Fasteners dully assembled on MS Baseframe</p><p>Pump Sr. No.&nbsp;&nbsp;&nbsp;&nbsp;&nbsp; &nbsp; :&nbsp;&nbsp;&nbsp;&nbsp;&nbsp; &nbsp; C111072003, 005</p>', 2, '19500.00', '39000.00', 0, 'Pending', '', 'Yes', 0),
(102, 35, 812, '<p>Model&nbsp;&nbsp;&nbsp;&nbsp;&nbsp;&nbsp;&nbsp;&nbsp;&nbsp;&nbsp;&nbsp;&nbsp;&nbsp;&nbsp;&nbsp;&nbsp;&nbsp;&nbsp;&nbsp;&nbsp;&nbsp; &nbsp; :&nbsp;&nbsp;&nbsp;&nbsp;&nbsp;&nbsp;&nbsp;&nbsp;&nbsp;&nbsp;&nbsp;&nbsp;&nbsp;&nbsp;&nbsp;&nbsp;&nbsp;&nbsp;&nbsp;&nbsp;&nbsp; &nbsp; CN 50 160 G1 M2 L3</p><p>Head&nbsp;&nbsp;&nbsp;&nbsp;&nbsp;&nbsp;&nbsp;&nbsp;&nbsp;&nbsp;&nbsp;&nbsp;&nbsp;&nbsp;&nbsp;&nbsp;&nbsp;&nbsp;&nbsp;&nbsp;&nbsp;&nbsp;&nbsp;&nbsp;&nbsp;:&nbsp;&nbsp;&nbsp;&nbsp;&nbsp;&nbsp;&nbsp;&nbsp;&nbsp;&nbsp;&nbsp;&nbsp;&nbsp;&nbsp;&nbsp;&nbsp;&nbsp;&nbsp;&nbsp;&nbsp;&nbsp; &nbsp; 2 Mtrs.</p><p>Flow&nbsp;&nbsp;&nbsp;&nbsp;&nbsp;&nbsp;&nbsp;&nbsp;&nbsp;&nbsp;&nbsp;&nbsp;&nbsp;&nbsp;&nbsp;&nbsp;&nbsp;&nbsp;&nbsp;&nbsp;&nbsp;&nbsp;&nbsp;&nbsp;&nbsp; :&nbsp;&nbsp;&nbsp;&nbsp;&nbsp;&nbsp;&nbsp;&nbsp;&nbsp;&nbsp;&nbsp;&nbsp;&nbsp;&nbsp;&nbsp;&nbsp;&nbsp;&nbsp;&nbsp;&nbsp;&nbsp; &nbsp; 16 M3/hr</p><p></p><p>Suc* Dis.&nbsp;&nbsp;&nbsp;&nbsp;&nbsp;&nbsp;&nbsp;&nbsp;&nbsp;&nbsp;&nbsp;&nbsp;&nbsp;&nbsp;&nbsp;&nbsp;&nbsp; :&nbsp;&nbsp;&nbsp;&nbsp;&nbsp;&nbsp;&nbsp;&nbsp;&nbsp;&nbsp;&nbsp;&nbsp;&nbsp;&nbsp;&nbsp;&nbsp;&nbsp;&nbsp;&nbsp;&nbsp;&nbsp; &nbsp; 65*60 mm</p><p>with Coupling L-95, Coupling Guard, Fasteners dully assembled on Ms Baseframe</p><p>Pump Sr. No.&nbsp;&nbsp;&nbsp;&nbsp;&nbsp;&nbsp;&nbsp;&nbsp;&nbsp; :&nbsp;&nbsp;&nbsp;&nbsp;&nbsp;&nbsp;&nbsp;&nbsp;&nbsp;&nbsp;&nbsp;&nbsp;&nbsp;&nbsp;&nbsp;&nbsp;&nbsp;&nbsp;&nbsp;&nbsp;&nbsp; &nbsp; C111625007, 008</p><p></p><p></p><p></p>', 2, '28900.00', '57800.00', 0, 'Pending', '', 'Yes', 0),
(103, 36, 683, '<p><span style="font-weight: bold; text-decoration-line: underline;">"JOHNSON" Pumps</span></p><p>Model : KGEN 12b-5 G1</p><p>Sr. No.: B111388021, B111388031, B111398023</p>', 3, '9900.00', '29700.00', 0, 'Pending', '', '', 0),
(104, 37, 943, '<p><span style="font-weight: bold; text-decoration-line: underline;">Spares for "JOHNSON" Pump</span></p><p>Model : CN 80-200</p><p>Bearing Housing</p>', 2, '4590.00', '9180.00', 0, 'Pending', '', '', 0),
(105, 37, 944, '<p>Impeller (Bronze)</p>', 4, '10070.00', '40280.00', 0, 'Pending', '', '', 0),
(106, 37, 942, '<p>Pump Shaft</p>', 1, '7050.00', '7050.00', 0, 'Pending', '', '', 0),
(107, 38, 687, '<p><span style="font-weight: bold; text-decoration-line: underline;">"JOHNSON" Pump</span></p><p>Model : KGEN 15 6 G1</p><p>Sr. No. : C111659016</p>', 1, '21500.00', '21500.00', 0, 'Pending', '', '', 0),
(108, 39, 1226, '<p><span style="font-weight: bold; text-decoration: underline;">Spares for "JOHNSON" Pump</span></p><p>Model&nbsp; &nbsp; :&nbsp; &nbsp; KGEN 15 6 G1</p><p>Consisting Spares</p><p>Oil Seal</p><p>Shaft</p><p>Bearing Set</p><p>Mechanical Seal</p>', 1, '8750.00', '8750.00', 100, 'Pending', '', '', 0),
(158, 52, 986, '<p><span style="font-weight: bold;">Your Item Code : 40151513Q084</span></p><p><span style="text-decoration: underline; font-weight: bold;">" DARLING" Submersible Pumps&nbsp;</span></p><p>Model &nbsp;: &nbsp; WW 201</p><p>Head : 11 &nbsp;mtr &nbsp; &nbsp; &nbsp; &nbsp; &nbsp; &nbsp; &nbsp; &nbsp; &nbsp; &nbsp; &nbsp; &nbsp;&nbsp;</p><p>Flow &nbsp; : 300 lpm</p><p><span style="line-height: 1.42857143;">Delivery Size : 50 mm</span>&nbsp; &nbsp; &nbsp; &nbsp; &nbsp; &nbsp; &nbsp;&nbsp;</p><p>Pump with 5 mtr Cable.</p><p>Impeller MOC : SS</p><p>Pump Sr. no. : WD-170913, 170914</p><p>&nbsp; &nbsp; &nbsp; &nbsp; &nbsp; &nbsp; &nbsp; &nbsp; &nbsp; &nbsp; &nbsp; &nbsp; &nbsp; &nbsp; &nbsp;</p><p><br></p><p><br></p><p><br></p><p><br></p><p><br></p><p><br></p><p><br></p><p><br></p><p><br></p><p><br></p><p><br></p><p><br></p><p><br></p>', 2, '21500.00', '43000.00', 0, 'Pending', '', '', 0),
(198, 57, 599, '<p><span style="font-weight: bold;">Your item code : 768243027010</span></p><p><span style="font-weight: bold; text-decoration: underline;">"TUSHACO" Gear Pump</span></p><p>Model&nbsp; &nbsp; :&nbsp; &nbsp; RT 15</p><p>Capacity&nbsp; &nbsp; :&nbsp; &nbsp; 15 LPM</p><p>Pressure&nbsp; &nbsp; :&nbsp; &nbsp; 6 kg/cm2</p><p>Sr. No.&nbsp;&nbsp; &nbsp; : &nbsp; &nbsp;1638922/2114</p><p><br></p><p><br></p><p><br></p><p><br></p><p><br></p><p><br></p><p><br></p><p><br></p><p><br></p><p><br></p><p><br></p><p><br></p><p><br></p><p><br></p><p><br></p><p><br></p><p><br></p>', 1, '3237.50', '3237.50', 0, 'Pending', '82', '', 0),
(200, 55, 627, '<p><span style="text-decoration: underline; font-weight: bold; line-height: 1.42857143;">"TUSHACO" Rotary Gear Pump</span><br></p><p>Model&nbsp;&nbsp;&nbsp;&nbsp;&nbsp; &nbsp; :&nbsp;&nbsp;&nbsp;&nbsp;&nbsp; &nbsp; R 50 SL</p><p>Flow&nbsp;&nbsp;&nbsp;&nbsp;&nbsp; &nbsp; :&nbsp;&nbsp;&nbsp;&nbsp;&nbsp; &nbsp; 255 LPM</p><p>Pressure&nbsp; &nbsp; :&nbsp; &nbsp; 3 kg/cm2</p><p>Sealing&nbsp; &nbsp; :&nbsp; &nbsp; Gland Packing</p><p>Suc*Dis.&nbsp; &nbsp; :&nbsp; &nbsp; 2"*2"</p><p>Recomm Power&nbsp; &nbsp; :&nbsp; &nbsp; 3 HP/1000 RPM</p><p>Sr. No.&nbsp;&nbsp;&nbsp;&nbsp;&nbsp;&nbsp;&nbsp;&nbsp;&nbsp;&nbsp; &nbsp; : &nbsp; &nbsp; &nbsp; &nbsp;1641734/2058</p><p><br></p><p><br></p><p><br></p><p><br></p><p><br></p><p><br></p><p><br></p><p><br></p><p><br></p>', 1, '11900.00', '11900.00', 0, 'Pending', '', '', 0),
(201, 54, 982, '<p><span style="font-weight: bold;">Your Item Code &nbsp;: ENELMOTE0138</span></p><p><span style="font-weight: bold; line-height: 1.42857143; text-decoration: underline;">"POSITIVE" Metering Pumps</span></p><p>Type : &nbsp;Electronic Diaphragm Dosing Pump</p><p>Model: ED 01</p><p>Liquid : Light Acid<br></p><p>Capacity : 6 to 0 LPH</p><p>Pressure : 0 to 4 Kg/cm2</p><p>Suc*Dis : 1/4" * 1/4"</p><p>MOC : Liquid End : PP</p><p>&nbsp;&nbsp;&nbsp;&nbsp;&nbsp;&nbsp;&nbsp;&nbsp;&nbsp;&nbsp;&nbsp;&nbsp;&nbsp; &nbsp; Diaphragm : PP</p><p>&nbsp;&nbsp;&nbsp;&nbsp;&nbsp;&nbsp;&nbsp;&nbsp;&nbsp;&nbsp;&nbsp;&nbsp;&nbsp; &nbsp; NRV : PP</p><p>Drive : Single Phase 230 V, 50 Hz</p><p>Pump Sr. No. :16743, 44, 45, 46, 47,47/03/2017,&nbsp;</p><p><br></p><p><br></p><p><br></p><p><br></p><p><br></p><p><br></p><p><br></p><p><br></p>', 6, '7800.00', '46800.00', 0, 'Pending', '', '', 0),
(202, 53, 612, '<p>PUMPSPAR4546&nbsp;&nbsp;&nbsp;&nbsp;&nbsp; &nbsp; Mechanical Seal &nbsp; &nbsp; &nbsp; &nbsp; &nbsp; &nbsp; &nbsp; T3ST 45/42</p><p><br></p><p><br></p><p><br></p><p><br></p><p><br></p><p><br></p><p><br></p><p><br></p><p><br></p><p><br></p><p><br></p><p><br></p><p><br></p><p><br></p><p><br></p><p><br></p><p><br></p><p><br></p><p><br></p><p><br></p><p><br></p><p><br></p><p><br></p>', 2, '8500.00', '17000.00', 0, 'Pending', '', '', 0),
(203, 53, 621, '<p>PUMPSPAR4545 &nbsp; &nbsp; &nbsp; &nbsp; &nbsp; &nbsp;Mechanical Seal &nbsp; &nbsp; &nbsp; &nbsp; &nbsp; &nbsp; T3SFP 20/56</p>', 1, '13250.00', '13250.00', 0, 'Pending', '', '', 0),
(204, 53, 612, '<p>PUMPSPAR4546&nbsp;&nbsp;&nbsp;&nbsp;&nbsp; &nbsp; Mechanical Seal &nbsp; &nbsp; &nbsp; &nbsp; &nbsp; &nbsp; &nbsp; T3ST 45/42</p><p><br></p><p><br></p><p><br></p><p><br></p><p><br></p><p><br></p><p><br></p><p><br></p><p><br></p><p><br></p><p><br></p><p><br></p><p><br></p><p><br></p><p><br></p><p><br></p><p><br></p><p><br></p><p><br></p><p><br></p><p><br></p><p><br></p><p><br></p>', 2, '8500.00', '17000.00', 0, 'Pending', '', '', 0),
(208, 51, 600, '<p>Your item code&nbsp;&nbsp;&nbsp;&nbsp;&nbsp; &nbsp; :&nbsp;&nbsp;&nbsp;&nbsp;&nbsp;&nbsp;&nbsp;&nbsp;&nbsp; &nbsp; PUMPOILS0040</p><p><span style="font-weight: bold; text-decoration: underline;">"TUSHACO" Gear Pumps</span>&nbsp;</p><p>Model&nbsp;&nbsp;&nbsp;&nbsp;&nbsp;&nbsp;&nbsp;&nbsp;&nbsp;&nbsp;&nbsp;&nbsp;&nbsp;&nbsp;&nbsp;&nbsp;&nbsp;&nbsp;&nbsp;&nbsp;&nbsp;:&nbsp;&nbsp;&nbsp;&nbsp;&nbsp;&nbsp;&nbsp;&nbsp;&nbsp;RT 40 &nbsp;&nbsp;&nbsp;&nbsp;&nbsp;&nbsp;</p><p>Capacity&nbsp;&nbsp;&nbsp;&nbsp;&nbsp;&nbsp;&nbsp;&nbsp;&nbsp; &nbsp; &nbsp;&nbsp;&nbsp;&nbsp;:&nbsp;&nbsp;&nbsp;&nbsp;&nbsp; &nbsp; 40 LPM</p><p>Pressure&nbsp;&nbsp;&nbsp;&nbsp;&nbsp;&nbsp;&nbsp;&nbsp;&nbsp;&nbsp;&nbsp;&nbsp;&nbsp; &nbsp; :&nbsp;&nbsp;&nbsp;&nbsp;&nbsp; &nbsp; 8 kg/cm2</p><p>Sr. No.&nbsp;&nbsp;&nbsp;&nbsp;&nbsp;&nbsp;&nbsp;&nbsp;&nbsp;&nbsp;&nbsp;&nbsp;&nbsp;&nbsp;&nbsp;&nbsp;&nbsp; &nbsp; &nbsp;: &nbsp; &nbsp; &nbsp; &nbsp;1641727/2090,2093,2098,2099</p><p><br></p><p><br></p><p><br></p><p><br></p><p><br></p><p><br></p><p><br></p><p><br></p><p><br></p><p><br></p><p><br></p><p><br></p><p><br></p><p><br></p><p><br></p><p><br></p><p></p>', 4, '6850.00', '27400.00', 0, 'Pending', '58,61,66,67', '', 0),
(209, 50, 1148, '<p><span style="font-weight: bold;">Your item code : PUMPGEAR0096</span></p><p><span style="font-weight: bold; text-decoration: underline;">"TUSHACO" Gear Pump</span></p><p>Model&nbsp; &nbsp; :&nbsp; &nbsp; RT 10</p><p>Flow&nbsp; &nbsp; :&nbsp; &nbsp; 10 LPM</p><p>Pressure&nbsp; &nbsp; :&nbsp; &nbsp; 6 Kg/cm2</p><p>Sr. No. : &nbsp;1641727/2100</p><p><br></p><p><br></p><p><br></p><p><br></p><p><br></p><p><br></p><p><br></p><p><br></p><p><br></p><p><br></p><p><br></p><p><br></p>', 1, '3750.00', '3750.00', 0, 'Pending', '68', '', 0),
(212, 48, 806, '<p><span style="font-weight: bold;">Your item code : ENELPTHE0583</span></p><p><span style="font-weight: bold; text-decoration: underline;">"JOHNSON" Self Priming Pump Sets</span></p><p>Model : KGEN 16-6 G1 (with SS Impeller)</p><p>Flow : 30 m3/hr</p><p>Head : 35 Mtrs.</p><p>Sealing : Mechanical Seal</p><p>with "REMI" 7.5 HP/2900 RPM Motor, Coupling L-100, Coupling Guard,Fasteners dully assembled on MS Baseframe.</p><p>Pump Sr. No.: C111152013, C1111152022</p><p>Motor Sr. No. : 16/07/D-1584, 16/07/D-1585</p><p><br></p><p><br></p><p><br></p><p><br></p><p><br></p><p><br></p><p><br></p><p><br></p><p><br></p>', 2, '44500.00', '89000.00', 0, 'Pending', '', '', 0),
(213, 47, 982, '<p><span style="font-weight: bold; text-decoration: underline;">"POSITIVE" Dosing Pumps</span></p><p>Model&nbsp;&nbsp; &nbsp; :&nbsp; &nbsp; ED 01</p><p>Capacity&nbsp; &nbsp; :&nbsp; &nbsp; 6 to 0 LPH</p><p>Pressure&nbsp; &nbsp; :&nbsp; &nbsp; 0 to 4 Kg/cm2</p><p>Sr. No.&nbsp; &nbsp; :&nbsp; &nbsp; 16741/03/2017, 16742/03/2017</p><p><br></p><p><br></p><p><br></p><p><br></p><p><br></p><p><br></p><p><br></p><p><br></p><p><br></p><p><br></p><p><br></p><p><br></p><p><br></p><p><br></p><p><br></p><p><br></p><p><br></p><p><br></p><p><br></p>', 2, '15262.50', '30525.00', 0, 'Pending', '', '', 0),
(214, 46, 982, '<p><span style="font-weight: bold;">Your Item Code : 4000000541</span></p><p><span style="font-weight: bold; text-decoration: underline;">"POSITIVE" Dosing Pump</span></p><p>Model&nbsp;&nbsp;&nbsp;&nbsp;&nbsp;&nbsp;&nbsp;&nbsp;&nbsp;:&nbsp;&nbsp;&nbsp;&nbsp;ED 01&nbsp;</p><p>Capacity&nbsp;&nbsp;&nbsp;&nbsp;:&nbsp;&nbsp;&nbsp;&nbsp;0 to 6 LPH&nbsp;</p><p>Pressure&nbsp;&nbsp;&nbsp;&nbsp;:&nbsp;&nbsp;&nbsp;&nbsp;4 Kg/cm<span style="vertical-align: super;">2</span></p><p><span style="vertical-align: super;">Suc*Dis&nbsp;&nbsp;&nbsp;&nbsp;&nbsp;&nbsp;:&nbsp;&nbsp;&nbsp;&nbsp;1/4" * 1/4"</span></p><p><span style="vertical-align: super;">Drive&nbsp;&nbsp;&nbsp;&nbsp;&nbsp;&nbsp;&nbsp;&nbsp;&nbsp;&nbsp;:&nbsp;&nbsp;&nbsp;&nbsp;Single Phase 230 V, 50 Hz</span></p><p><span style="vertical-align: super;">Sr. No.&nbsp;&nbsp;&nbsp;&nbsp;&nbsp;&nbsp;&nbsp;&nbsp;:&nbsp;&nbsp; &nbsp; 16750/03/2017</span></p><p><span style="vertical-align: super;"><br></span></p><p><span style="vertical-align: super;"><br></span></p><p><span style="vertical-align: super;"><br></span></p><p><span style="vertical-align: super;"><br></span></p><p><span style="vertical-align: super;"><br></span></p><p><span style="vertical-align: super;"><br></span></p><p><span style="vertical-align: super;"><br></span></p><p><span style="vertical-align: super;"><br></span></p><p><span style="vertical-align: super;"><br></span></p><p><span style="vertical-align: super;"><br></span></p><p><span style="vertical-align: super;"><br></span></p><p><span style="vertical-align: super;"><br></span></p><p><span style="vertical-align: super;"><br></span></p><p><span style="vertical-align: super;"><br></span></p>', 1, '7900.00', '7900.00', 0, 'Pending', '', '', 0),
(215, 45, 1128, '<p><span style="font-weight: bold;">Your item code :&nbsp;</span><span style="line-height: 1.42857143; font-weight: bold;">766156747100</span></p><p><span style="font-weight: bold; text-decoration: underline;">Spares for "JOHNSON" Pump</span></p><p>Name of Spares : Mechaincal Seal</p><p>&nbsp; &nbsp; &nbsp; &nbsp; &nbsp; &nbsp; &nbsp; &nbsp; &nbsp; &nbsp; &nbsp; &nbsp; &nbsp; &nbsp; &nbsp; &nbsp; &nbsp; For Pump Model CCR 25 125 R6 S2 L3 &nbsp; &nbsp; &nbsp; &nbsp; &nbsp; &nbsp;&nbsp;</p>', 2, '26944.00', '53888.00', 0, 'Pending', '', '', 0),
(216, 44, 931, '<p><span style="font-weight: bold;">Your item code : 766842027100</span></p><p><span style="font-weight: bold; text-decoration: underline;">"DARLING" Submersible Pumps</span></p><p>Model&nbsp;&nbsp;&nbsp;&nbsp;&nbsp;&nbsp; &nbsp; :&nbsp;&nbsp;&nbsp;&nbsp;&nbsp; &nbsp; S 630</p><p>Head&nbsp;&nbsp;&nbsp;&nbsp;&nbsp;&nbsp;&nbsp;&nbsp;&nbsp;&nbsp; :&nbsp;&nbsp;&nbsp;&nbsp;&nbsp; &nbsp;0 to 32 Mtrs.</p><p>Sr. No.&nbsp;&nbsp;&nbsp;&nbsp;&nbsp; &nbsp; :&nbsp;&nbsp;&nbsp;&nbsp;&nbsp; &nbsp; SD 170893 to SD 170898</p><p>with 5 Mtrs. Cable</p><p><br></p><p><br></p><p><br></p><p><br></p><p><br></p><p><br></p><p><br></p><p><br></p><p><br></p><p><br></p><p><br></p><p><br></p>', 6, '15435.00', '92610.00', 0, 'Pending', '11,12,13,14,15,16', '', 0),
(217, 43, 978, '<p><span style="font-weight: bold; text-decoration: underline;">Spares for "ANTICO" Pump</span></p><p><span style="font-weight: bold;">Model&nbsp;&nbsp;&nbsp;&nbsp;&nbsp; &nbsp; :&nbsp;&nbsp;&nbsp;&nbsp;&nbsp; &nbsp; EXP 160 CT</span></p><p><span style="font-weight: bold;">Item code&nbsp;&nbsp;&nbsp;&nbsp;&nbsp;&nbsp;&nbsp;&nbsp;&nbsp;&nbsp;&nbsp;&nbsp;&nbsp;&nbsp; &nbsp; Part No.&nbsp;&nbsp;&nbsp;&nbsp;&nbsp;&nbsp;&nbsp;&nbsp;&nbsp; &nbsp; Description</span></p><p>760842711010&nbsp;&nbsp;&nbsp;&nbsp;&nbsp;&nbsp;&nbsp;&nbsp;&nbsp; &nbsp; 73900040&nbsp;&nbsp;&nbsp;&nbsp;&nbsp;&nbsp;&nbsp;&nbsp;&nbsp;&nbsp;&nbsp;&nbsp;&nbsp; &nbsp; Stationary Part</p>', 3, '5624.00', '16872.00', 0, 'Pending', '', '', 0),
(218, 43, 979, '<p>760842863010&nbsp;&nbsp;&nbsp;&nbsp;&nbsp;&nbsp;&nbsp;&nbsp;&nbsp; &nbsp; 73500041&nbsp;&nbsp;&nbsp;&nbsp;&nbsp;&nbsp;&nbsp;&nbsp;&nbsp; &nbsp; Rotary Unit</p>', 2, '5989.40', '11978.80', 0, 'Pending', '', '', 0),
(219, 43, 830, '<p>760842210010&nbsp;&nbsp;&nbsp;&nbsp;&nbsp;&nbsp;&nbsp;&nbsp;&nbsp; &nbsp; 70800001&nbsp;&nbsp;&nbsp;&nbsp;&nbsp;&nbsp;&nbsp;&nbsp;&nbsp; &nbsp; Deflector</p>', 2, '136.90', '273.80', 0, 'Pending', '', '', 0),
(220, 43, 835, '<p>760842300010&nbsp;&nbsp;&nbsp;&nbsp;&nbsp;&nbsp;&nbsp;&nbsp;&nbsp; &nbsp; 70410010&nbsp;&nbsp;&nbsp;&nbsp;&nbsp;&nbsp;&nbsp;&nbsp;&nbsp; &nbsp; Adapter Flange</p>', 2, '342.25', '684.50', 0, 'Pending', '', '', 0),
(221, 43, 1174, '<p>760842300020&nbsp;&nbsp;&nbsp;&nbsp;&nbsp;&nbsp;&nbsp;&nbsp;&nbsp; &nbsp; 70422921&nbsp;&nbsp;&nbsp;&nbsp;&nbsp;&nbsp;&nbsp;&nbsp;&nbsp; &nbsp; Locating Flange</p>', 4, '1625.70', '6502.80', 0, 'Pending', '', '', 0),
(222, 43, 1160, '<p>76084260010&nbsp;&nbsp;&nbsp;&nbsp;&nbsp;&nbsp;&nbsp;&nbsp;&nbsp; &nbsp; 70211602&nbsp;&nbsp;&nbsp;&nbsp;&nbsp;&nbsp;&nbsp;&nbsp;&nbsp; &nbsp; Back Plate</p>', 4, '2909.10', '11636.40', 0, 'Pending', '', '', 0),
(223, 43, 1211, '<p>760842752010&nbsp;&nbsp;&nbsp;&nbsp;&nbsp;&nbsp;&nbsp;&nbsp;&nbsp; &nbsp; 75210506&nbsp;&nbsp;&nbsp;&nbsp;&nbsp;&nbsp;&nbsp;&nbsp;&nbsp; &nbsp; Shaft</p>', 2, '6845.00', '13690.00', 0, 'Pending', '', '', 0),
(224, 43, 674, '<p>760842775010&nbsp;&nbsp;&nbsp;&nbsp;&nbsp;&nbsp;&nbsp;&nbsp;&nbsp; &nbsp; 73312901&nbsp;&nbsp;&nbsp;&nbsp;&nbsp;&nbsp;&nbsp;&nbsp;&nbsp; &nbsp; Shaft Sleeve</p>', 4, '7215.00', '28860.00', 0, 'Pending', '', '', 0),
(225, 43, 1213, '<p>760842007010&nbsp;&nbsp;&nbsp;&nbsp;&nbsp;&nbsp;&nbsp;&nbsp;&nbsp; &nbsp; 70111604&nbsp;&nbsp;&nbsp;&nbsp;&nbsp;&nbsp;&nbsp;&nbsp;&nbsp; &nbsp; Adopter</p>', 2, '2909.10', '5818.20', 0, 'Pending', '', '', 0),
(226, 43, 1215, '<p>760842389010&nbsp;&nbsp;&nbsp;&nbsp;&nbsp;&nbsp;&nbsp;&nbsp;&nbsp; &nbsp; 70110507&nbsp;&nbsp;&nbsp;&nbsp;&nbsp;&nbsp;&nbsp;&nbsp;&nbsp; &nbsp; Bearing Housing</p>', 2, '5304.90', '10609.80', 0, 'Pending', '', '', 0),
(227, 42, 1225, '<p><span style="font-weight: bold; text-decoration: underline;">Spares for "JOHNSON" Pump</span></p><p>Name of Spares &nbsp; : &nbsp; Split Gland</p><p>&nbsp;&nbsp;&nbsp;&nbsp;&nbsp;&nbsp;&nbsp;&nbsp;&nbsp;&nbsp;&nbsp;&nbsp;&nbsp;&nbsp;&nbsp;&nbsp;&nbsp;&nbsp;&nbsp;&nbsp;&nbsp;&nbsp;&nbsp;&nbsp;&nbsp;&nbsp;&nbsp;&nbsp;&nbsp;&nbsp;&nbsp;&nbsp;&nbsp; &nbsp; &nbsp;&nbsp;For Johnson Pump Model CN 100 400 G1 S2 L3</p><p>Part No. &nbsp; &nbsp;&nbsp;&nbsp;&nbsp;&nbsp;&nbsp;&nbsp;&nbsp;&nbsp;&nbsp;&nbsp;&nbsp;&nbsp;&nbsp;: &nbsp; &nbsp;1140&nbsp;</p><p><br></p><p><br></p><p><br></p><p><br></p><p><br></p><p><br></p><p><br></p><p><br></p><p><br></p><p><br></p><p><br></p><p><br></p><p><br></p>', 2, '1280.00', '2560.00', 0, 'Pending', '', '', 0),
(229, 41, 872, '<p><span style="font-weight: bold;">Your item code : GBOLOILG0032</span></p><p><span style="font-weight: bold;">SILICON OIL (100 ml Bottle)</span></p><p><br></p><p><br></p><p><br></p><p><br></p><p><br></p><p><br></p><p><br></p><p><br></p><p><br></p><p><br></p><p><br></p><p><br></p><p><br></p><p><br></p><p><br></p><p><br></p><p><br></p>', 50, '95.00', '4750.00', 0, 'Pending', '', '', 0),
(230, 40, 756, '<p>Your item code : 40151503K267</p><p><span style="font-weight: bold; text-decoration: underline;">Spares for "JOHNSON" Pump</span></p><p>Name of Spares : Mechanical Seal</p><p>&nbsp;&nbsp;&nbsp;&nbsp;&nbsp;&nbsp;&nbsp;&nbsp;&nbsp;&nbsp;&nbsp;&nbsp;&nbsp;&nbsp;&nbsp;&nbsp;&nbsp;&nbsp;&nbsp;&nbsp;&nbsp;&nbsp;&nbsp;&nbsp;&nbsp;&nbsp;&nbsp;&nbsp;&nbsp;&nbsp;&nbsp;&nbsp;&nbsp; &nbsp;For Pump Model KGEN 12-6 G1</p><p>Part No. : 0380&nbsp;<br></p><p><span style="font-weight: bold; text-decoration: underline;"><br></span></p>', 5, '1450.00', '7250.00', 0, 'Pending', '', '', 0),
(231, 33, 935, '<p><span style="font-weight: bold;">Your Item Code: PUMPOTHR0371</span></p><p><span style="font-weight: bold; text-decoration: underline;">"DARLING" Submersible Pumps</span></p><p>Pump Model : LJ 15 LN</p><p>Head : 10 Meters</p><p>Flow : 375 LPM</p><p>Power: 1.5 HP / 2980 RPM 3 Phase</p><p>Outlet : 50 MM</p><p>Pump with 10 Meters Cables</p><p>Sr. No.: JC-173498, JC-173499</p>', 2, '34475.00', '68950.00', 0, 'Pending', '', '', 0),
(232, 32, 1219, '<p><span style="font-weight: bold;">Your item code : 23151600Z680</span></p><p><span style="font-weight: bold; text-decoration: underline;">Spare for "ALLWEILER" Pump</span></p><p>Name of Spare : Mechanical Seal</p><p>&nbsp;&nbsp;&nbsp;&nbsp;&nbsp;&nbsp;&nbsp;&nbsp;&nbsp;&nbsp;&nbsp;&nbsp;&nbsp;&nbsp;&nbsp;&nbsp;&nbsp;&nbsp;&nbsp;&nbsp;&nbsp;&nbsp;&nbsp;&nbsp;&nbsp;&nbsp;&nbsp;&nbsp;&nbsp; &nbsp;For Pump Model T3ST 70/46<br></p>', 1, '27600.00', '27600.00', 0, 'Pending', '', '', 0),
(234, 29, 978, '<p><span style="font-weight: bold; text-decoration: underline;">Spares for "ANTICO" Pump</span></p><p><span style="font-weight: bold;">Model&nbsp; &nbsp; :&nbsp; &nbsp; EXP 160 CT</span></p><p><span style="font-weight: bold;">Item code&nbsp;&nbsp;&nbsp;&nbsp;&nbsp;&nbsp;&nbsp;&nbsp;&nbsp;&nbsp;&nbsp;&nbsp;&nbsp;&nbsp; &nbsp; Part No.&nbsp;&nbsp;&nbsp;&nbsp;&nbsp; &nbsp; Description</span></p><p>760842711010&nbsp;&nbsp;&nbsp;&nbsp;&nbsp;&nbsp;&nbsp;&nbsp;&nbsp; &nbsp; 73900040&nbsp;&nbsp;&nbsp;&nbsp;&nbsp; &nbsp; Stationary Ring</p>', 3, '5624.00', '16872.00', 0, 'Pending', '', '', 0),
(235, 29, 979, '<p>760842863010&nbsp;&nbsp;&nbsp;&nbsp;&nbsp;&nbsp;&nbsp;&nbsp;&nbsp; &nbsp; 73500041&nbsp;&nbsp;&nbsp;&nbsp;&nbsp;&nbsp;&nbsp;&nbsp;&nbsp; &nbsp; Rotary Part</p>', 2, '5989.40', '11978.80', 0, 'Pending', '', '', 0),
(236, 29, 830, '<p>760842210010&nbsp;&nbsp;&nbsp;&nbsp;&nbsp;&nbsp;&nbsp;&nbsp;&nbsp; &nbsp; 70800001&nbsp;&nbsp;&nbsp;&nbsp;&nbsp;&nbsp;&nbsp;&nbsp;&nbsp; &nbsp; Deflector</p>', 2, '136.90', '273.80', 0, 'Pending', '', '', 0),
(237, 29, 835, '<p>760842300010&nbsp;&nbsp;&nbsp;&nbsp;&nbsp;&nbsp;&nbsp;&nbsp;&nbsp; &nbsp; 70410010&nbsp;&nbsp;&nbsp;&nbsp;&nbsp;&nbsp;&nbsp;&nbsp;&nbsp; &nbsp; Adapter Flange</p>', 2, '342.25', '684.50', 0, 'Pending', '', '', 0),
(238, 29, 1174, '<p>760842300020&nbsp;&nbsp;&nbsp;&nbsp;&nbsp;&nbsp;&nbsp;&nbsp;&nbsp; &nbsp; 70422921&nbsp;&nbsp;&nbsp;&nbsp;&nbsp;&nbsp;&nbsp;&nbsp;&nbsp; Locating Flange &nbsp;</p>', 4, '1625.70', '6502.80', 0, 'Pending', '', '', 0),
(239, 29, 1160, '<p>760842640010&nbsp;&nbsp;&nbsp;&nbsp;&nbsp;&nbsp;&nbsp;&nbsp;&nbsp; &nbsp; 70211602&nbsp;&nbsp;&nbsp;&nbsp;&nbsp;&nbsp;&nbsp;&nbsp;&nbsp; &nbsp; Back Plate</p>', 4, '2909.10', '11636.40', 0, 'Pending', '', '', 0),
(240, 29, 1211, '<p>760842752010&nbsp;&nbsp;&nbsp;&nbsp;&nbsp;&nbsp;&nbsp;&nbsp;&nbsp; &nbsp; 75210506&nbsp;&nbsp;&nbsp;&nbsp;&nbsp;&nbsp;&nbsp;&nbsp;&nbsp; &nbsp; Shaft</p>', 2, '6845.00', '13690.00', 0, 'Pending', '', '', 0),
(241, 29, 674, '<p><br></p>', 4, '7215.00', '28860.00', 0, 'Pending', '', '', 0),
(242, 29, 1213, '<p><br></p>', 2, '2909.10', '5818.20', 0, 'Pending', '', '', 0),
(243, 29, 1215, '<p><br></p>', 2, '5304.90', '10609.80', 0, 'Pending', '', '', 0),
(244, 28, 606, '<p><span style="font-weight: bold;">Your Item Code : PUMPOILS0016</span></p><p><span style="font-weight: bold; text-decoration: underline;">TUSHACO Three Screw Pump</span></p><p>Pump Model: T3ST 45/42</p><p>Capacity : 120 LPM</p><p>Pressure : 40 Kg/cm2</p>', 1, '175387.00', '175387.00', 0, 'Pending', '', '', 0),
(258, 18, 933, '<p><span style="font-weight: bold;">Your item code : 4000007378</span></p><p><span style="font-weight: bold; text-decoration: underline;">"POSITIVE" Dosing Pump</span></p><p>Model&nbsp; &nbsp; :&nbsp; &nbsp; DD 03</p><p>Flow&nbsp; &nbsp; :&nbsp; &nbsp; 16 LPH</p><p>Pressure&nbsp; &nbsp; :&nbsp; &nbsp; 2 kg/cm2</p><p><br></p><p><br></p><p><br></p><p><br></p><p><br></p><p><br></p>', 1, '41150.00', '41150.00', 0, 'Pending', '', '', 0),
(261, 14, 645, '<p><span style="font-weight: bold; text-decoration: underline;">"DARLING" Submersible Pump</span></p><p>Model&nbsp; &nbsp; :&nbsp; &nbsp; WW 101</p><p>Recd. Power&nbsp; &nbsp; :&nbsp; &nbsp; 1 HP/2900 RPM</p><p>Sr. No.&nbsp;&nbsp;&nbsp;&nbsp;&nbsp;&nbsp;&nbsp;&nbsp;&nbsp;&nbsp;&nbsp;&nbsp;&nbsp; &nbsp; :&nbsp; &nbsp; WD 160569</p><p><br></p><p><br></p><p><br></p><p><br></p><p><br></p><p><br></p><p><br></p><p><br></p><p><br></p><p><br></p><p><br></p>', 1, '7500.00', '7500.00', 0, 'Pending', '', '', 0),
(267, 11, 645, '<p>Your item code : A0703126776</p><p><span style="font-weight: bold; text-decoration: underline;">"DARLING" Submersible Pump Set</span></p><p>Model&nbsp; &nbsp; :&nbsp; &nbsp; WW 101</p><p>Sr. No.:&nbsp; &nbsp; :&nbsp; &nbsp;WD-160569</p><p>with 5 Mtrs. Cable &amp; Control Penal</p><p><br></p><p><br></p><p><br></p><p><br></p><p><br></p>', 1, '31100.00', '31100.00', 0, 'Pending', '', '', 0),
(275, 3, 976, '<p>Your item code&nbsp;&nbsp;&nbsp;&nbsp;&nbsp;&nbsp;&nbsp;&nbsp;&nbsp;&nbsp;&nbsp;&nbsp;&nbsp; &nbsp;: &nbsp; &nbsp; &nbsp; &nbsp; &nbsp; &nbsp; &nbsp; &nbsp; &nbsp; &nbsp;CMM009908</p><p><span style="font-weight: bold; text-decoration: underline;">"JOHNSON" Gear Pump</span>&nbsp;</p><p>Model&nbsp;&nbsp;&nbsp;&nbsp;&nbsp;&nbsp;&nbsp;&nbsp;&nbsp;&nbsp;&nbsp;&nbsp;&nbsp;&nbsp;&nbsp;&nbsp;&nbsp;&nbsp;&nbsp;&nbsp;&nbsp; &nbsp;:TGL 047 2 V</p><p>Recom Power &nbsp; &nbsp; &nbsp; &nbsp; : w/1440 RPM</p><p>Sr. No. &nbsp; &nbsp; &nbsp; &nbsp; &nbsp; &nbsp; &nbsp; &nbsp; &nbsp; &nbsp; &nbsp;: C111639001</p><p></p><p></p><p></p>', 1, '26500.00', '26500.00', 0, 'Pending', '', '', 0),
(301, 58, 1143, '<p><span style="font-weight: bold;">Your item code : 953142030000</span></p><p><span style="font-weight: bold; text-decoration: underline;">"TUSHACO" Jacking Oil Pump</span></p><p>Model&nbsp;&nbsp; &nbsp; :&nbsp; &nbsp; HPG 3E</p><p>Capacity&nbsp; &nbsp; :&nbsp; &nbsp; 50 LPM</p><p>Pressure : 150 kg/cm2</p><p>Sr. No. : &nbsp;1638922/2204</p><p><br></p><p><br></p><p><br></p><p><br></p><p><br></p><p><br></p><p><br></p><p><br></p><p><br></p><p><br></p><p><br></p><p><br></p><p><br></p><p><br></p><p><br></p>', 1, '52500.00', '52500.00', 0, 'Pending', '83', '', 0),
(302, 49, 1112, '<p><span style="font-weight: bold;">You Item Code : 6016076</span></p><p></p><p><span style="font-weight: bold; text-decoration: underline;">"JOHNSON" Centrifugal Pump Set</span></p><p>Model &nbsp; &nbsp;: &nbsp; &nbsp;CCR 25 160 R6 M2 L3 (Impeller Dai-157 mm)</p><p>Head &nbsp; &nbsp;: &nbsp; &nbsp;30 mtrs.</p><p>Capacity &nbsp; &nbsp;: &nbsp; &nbsp;4-5 m<span style="vertical-align: super;">3</span>/hr</p><p>Sealing &nbsp; &nbsp;: &nbsp; &nbsp;Mechanical Seal</p><p>Suc* Dis. &nbsp; &nbsp;: &nbsp; &nbsp;25*25 mm</p><p>With "REMI" 3 HP/2900 RPM Foot Mounted Motor, Coupling L-95,&nbsp;</p><p>Coupling Guard, Fasteners dully assembled on MS Base frame&nbsp;</p><p></p><p></p><p>Pump Sr. No.: &nbsp;D111086003</p><p>Motor Sr. No: 16/10/D/1688</p><p><br></p><p><br></p><p><br></p><p><br></p><p><br></p><p><br></p><p><br></p><p><br></p><p><br></p><p><br></p><p><br></p><p><br></p><p></p>', 1, '54300.00', '54300.00', 0, 'Pending', '', 'Yes', 0),
(303, 59, 677, '<p><span style="font-weight: bold; text-decoration: underline;">"JOHNSON" Pumps</span></p><p>Model&nbsp;&nbsp;&nbsp;&nbsp;&nbsp; &nbsp; :&nbsp;&nbsp;&nbsp;&nbsp;&nbsp; &nbsp; KGEN 11 3 G1</p><p>Sr. No.&nbsp;&nbsp;&nbsp;&nbsp;&nbsp; &nbsp; : &nbsp; &nbsp; &nbsp; &nbsp;B111152004, Z111332002</p><p></p>', 2, '8350.00', '16700.00', 0, 'Pending', '', '', 0),
(304, 59, 679, '<p>Model&nbsp;&nbsp;&nbsp;&nbsp;&nbsp; &nbsp; :&nbsp;&nbsp;&nbsp;&nbsp;&nbsp; &nbsp; KGEN 11 4 G1</p><p>Sr. No.&nbsp;&nbsp;&nbsp;&nbsp;&nbsp; &nbsp; : &nbsp; &nbsp; &nbsp; B111388017, B111398017</p><p></p>', 2, '9420.00', '18840.00', 0, 'Pending', '', '', 0),
(305, 60, 754, '<p><span style="font-weight: bold; text-decoration: underline;">Spares for "JOHNSON" Pumps</span></p><p><span style="font-weight: bold;">Description&nbsp;&nbsp;&nbsp;&nbsp;&nbsp;&nbsp;&nbsp;&nbsp;&nbsp;&nbsp;&nbsp;&nbsp;&nbsp;&nbsp;&nbsp;&nbsp;&nbsp;&nbsp;&nbsp;&nbsp;&nbsp; &nbsp; Pump Model</span></p><p>Intermediate Cover&nbsp;&nbsp;&nbsp;&nbsp;&nbsp;&nbsp;&nbsp;&nbsp;&nbsp;&nbsp;&nbsp;&nbsp;&nbsp;&nbsp;&nbsp;&nbsp;&nbsp; &nbsp; KGEN 25N 10</p>', 1, '2385.00', '2385.00', 0, 'Pending', '', '', 0),
(306, 60, 753, '<p>Intermediate Cover&nbsp;&nbsp;&nbsp;&nbsp;&nbsp;&nbsp;&nbsp;&nbsp;&nbsp;&nbsp;&nbsp;&nbsp;&nbsp;&nbsp;&nbsp;&nbsp;&nbsp; &nbsp; KGEN 16-6</p>', 2, '565.00', '1130.00', 0, 'Pending', '', '', 0),
(307, 60, 780, '<p>Impeller (C.I.)&nbsp;&nbsp;&nbsp;&nbsp;&nbsp;&nbsp;&nbsp;&nbsp;&nbsp;&nbsp;&nbsp;&nbsp;&nbsp;&nbsp;&nbsp;&nbsp;&nbsp;&nbsp;&nbsp;&nbsp;&nbsp;&nbsp;&nbsp;&nbsp;&nbsp; KGEN 25 N 10 &nbsp;&nbsp;&nbsp;&nbsp;&nbsp;</p>', 1, '2087.00', '2087.00', 0, 'Pending', '', '', 0),
(308, 60, 777, '<p>Impeller (C.I.) &nbsp;&nbsp;&nbsp;&nbsp;&nbsp;&nbsp;&nbsp;&nbsp;&nbsp;&nbsp;&nbsp;&nbsp;&nbsp;&nbsp;&nbsp;&nbsp;&nbsp;&nbsp;&nbsp;&nbsp;&nbsp;&nbsp;KGEN 16-6 &nbsp;&nbsp;<br></p>', 2, '969.00', '1938.00', 0, 'Pending', '', '', 0),
(309, 60, 776, '<p>Impeller (C.I.) &nbsp;&nbsp;&nbsp;&nbsp;&nbsp;&nbsp;&nbsp;&nbsp;&nbsp;&nbsp;&nbsp;&nbsp;&nbsp;&nbsp;&nbsp;&nbsp;&nbsp;&nbsp;&nbsp;&nbsp;&nbsp;&nbsp;KGEN 14-8 &nbsp;&nbsp;<br></p>', 2, '810.00', '1620.00', 0, 'Pending', '', '', 0),
(310, 60, 747, '<p><span style="line-height: 1.42857143;">Bearing Housing &nbsp; &nbsp; &nbsp; &nbsp; &nbsp; &nbsp; &nbsp; &nbsp;KGEN 16-6&nbsp;&nbsp;&nbsp;&nbsp;&nbsp;&nbsp;&nbsp;&nbsp; &nbsp; &nbsp; &nbsp;&nbsp;</span></p>', 4, '1704.00', '6816.00', 0, 'Pending', '', '', 0),
(311, 60, 746, '<p>Bearing Housing&nbsp;&nbsp;&nbsp;&nbsp;&nbsp;&nbsp;&nbsp;&nbsp;&nbsp;&nbsp;&nbsp;&nbsp;&nbsp; &nbsp;KGEN 11-3<br></p>', 2, '938.00', '1876.00', 0, 'Pending', '', '', 0),
(312, 60, 766, '<p>Flap Valve&nbsp;&nbsp;&nbsp;&nbsp;&nbsp;&nbsp;&nbsp;&nbsp;&nbsp;&nbsp;&nbsp;&nbsp;&nbsp; &nbsp; KGEN 14-8</p>', 4, '788.00', '3152.00', 0, 'Pending', '', '', 0),
(319, 62, 1346, '<p><span style="font-weight: bold;">Your item code : SEALRING2838</span></p><p><span style="font-weight: bold; text-decoration: underline;">Spares for "TUSHACO" Pump</span></p><p>Name of Spares&nbsp;&nbsp; &nbsp; :&nbsp; &nbsp; Oil Seal</p><p>&nbsp;&nbsp;&nbsp;&nbsp;&nbsp;&nbsp;&nbsp;&nbsp;&nbsp;&nbsp;&nbsp;&nbsp;&nbsp;&nbsp;&nbsp;&nbsp;&nbsp;&nbsp;&nbsp;&nbsp;&nbsp;&nbsp;&nbsp;&nbsp;&nbsp;&nbsp;&nbsp;&nbsp;&nbsp;&nbsp;&nbsp;&nbsp;&nbsp;&nbsp;&nbsp;&nbsp;&nbsp; &nbsp; For Pump Model RT 10</p><p><br></p><p><br></p><p><br></p><p><br></p><p><br></p><p><br></p><p><br></p><p><br></p><p><br></p><p><br></p><p><br></p><p><br></p><p><br></p><p><br></p><p><br></p><p><br></p>', 10, '150.00', '1500.00', 0, 'Pending', '', '', 0),
(320, 63, 668, '<p></p><p></p><p></p><p></p><span style="font-weight: bold; text-decoration: underline;">Spares for "ANTICO" Pump</span><br>Name of Spares&nbsp;&nbsp;&nbsp;&nbsp;&nbsp; &nbsp; :&nbsp;&nbsp;&nbsp;&nbsp;&nbsp; &nbsp; Mechanical Seal&nbsp;&nbsp;&nbsp;&nbsp;&nbsp;&nbsp;&nbsp;&nbsp;&nbsp;&nbsp;&nbsp;&nbsp;&nbsp;&nbsp;&nbsp;&nbsp;&nbsp;&nbsp;&nbsp;&nbsp;&nbsp;&nbsp;&nbsp;&nbsp;&nbsp;&nbsp;&nbsp;&nbsp;&nbsp;&nbsp;&nbsp;&nbsp;&nbsp;&nbsp;&nbsp;&nbsp;&nbsp;<p></p><p>&nbsp;&nbsp;&nbsp;&nbsp;&nbsp;&nbsp;&nbsp;&nbsp;&nbsp;&nbsp;&nbsp;&nbsp;&nbsp;&nbsp;&nbsp;&nbsp;&nbsp;&nbsp;&nbsp;&nbsp;&nbsp;&nbsp;&nbsp;&nbsp;&nbsp;&nbsp;&nbsp;&nbsp;&nbsp;&nbsp;&nbsp;&nbsp;&nbsp;&nbsp;&nbsp;&nbsp;&nbsp;&nbsp;&nbsp;&nbsp;&nbsp;&nbsp;&nbsp;&nbsp;&nbsp; &nbsp; For Pump Model HE 120 CT</p><p><br></p><p><br></p><p><br></p><p><br></p><p><br></p><p><br></p><p><br></p><p><br></p><p><br></p><p><br></p><p><br></p><p><br></p><p><br></p><p><br></p><p><br></p><p><br></p><p><br></p><p></p><p></p><p></p><p></p><p></p>', 2, '3700.00', '7400.00', 0, 'Pending', '', '', 0),
(321, 61, 765, '<p><span style="font-weight: bold; text-decoration: underline;">Spares for "JOHNSON" Pump</span></p><p>Model&nbsp; &nbsp; :&nbsp; &nbsp; KGEN 15-6 G1</p><p>Valve Assembly&nbsp;</p>', 6, '660.00', '3960.00', 0, 'Pending', '', '', 0),
(322, 61, 747, '<p>Bearing Housing</p><p><br></p><p><br></p><p><br></p><p><br></p><p><br></p><p><br></p><p><br></p><p><br></p><p><br></p><p><br></p><p><br></p><p><br></p><p><br></p><p><br></p><p><br></p><p><br></p><p><br></p><p><br></p><p><br></p><p><br></p>', 1, '2890.00', '2890.00', 0, 'Pending', '', '', 0),
(323, 1, 1051, '<p><span style="font-weight: bold; text-decoration: underline;">Spares for "DARLING" DREDER Pumps</span></p><p>Model&nbsp;&nbsp;&nbsp;&nbsp;&nbsp;&nbsp;&nbsp;&nbsp;&nbsp;&nbsp;&nbsp;&nbsp;&nbsp; &nbsp; :&nbsp;&nbsp;&nbsp;&nbsp;&nbsp;&nbsp;&nbsp;&nbsp;&nbsp;&nbsp;&nbsp;&nbsp;&nbsp; &nbsp; 4 DRR 40J/32</p><p><span style="font-weight: bold;">Item code&nbsp;&nbsp;&nbsp;&nbsp;&nbsp;&nbsp; &nbsp; &nbsp;&nbsp;&nbsp;&nbsp;Part No.&nbsp;&nbsp;&nbsp;&nbsp;&nbsp;&nbsp;&nbsp;&nbsp;&nbsp;&nbsp;&nbsp;&nbsp;&nbsp; &nbsp; Description</span></p><p>1511080002&nbsp;&nbsp;&nbsp;&nbsp;&nbsp; &nbsp; &nbsp;&nbsp;&nbsp;&nbsp;02&nbsp;&nbsp;&nbsp;&nbsp;&nbsp;&nbsp;&nbsp;&nbsp;&nbsp;&nbsp;&nbsp;&nbsp;&nbsp;&nbsp;&nbsp;&nbsp;&nbsp;&nbsp;&nbsp;&nbsp;&nbsp;&nbsp;&nbsp;&nbsp;&nbsp;&nbsp;&nbsp;&nbsp;&nbsp;&nbsp;&nbsp;&nbsp;&nbsp; &nbsp; Bottom End Shield</p>', 1, '39270.00', '39270.00', 0, 'Pending', '', '', 0),
(324, 1, 1052, '<p>1511080003&nbsp;&nbsp;&nbsp;&nbsp;&nbsp;&nbsp;&nbsp;&nbsp;&nbsp; &nbsp; 03&nbsp;&nbsp;&nbsp;&nbsp;&nbsp;&nbsp;&nbsp;&nbsp;&nbsp;&nbsp;&nbsp;&nbsp;&nbsp;&nbsp;&nbsp;&nbsp;&nbsp;&nbsp;&nbsp;&nbsp;&nbsp;&nbsp;&nbsp;&nbsp;&nbsp;&nbsp;&nbsp;&nbsp;&nbsp;&nbsp;&nbsp;&nbsp;&nbsp; &nbsp; Top End Shield</p>', 1, '31345.00', '31345.00', 0, 'Pending', '', '', 0),
(325, 1, 1053, '<p>1511080004&nbsp;&nbsp;&nbsp;&nbsp;&nbsp;&nbsp;&nbsp;&nbsp;&nbsp; &nbsp; 04&nbsp;&nbsp;&nbsp;&nbsp;&nbsp;&nbsp;&nbsp;&nbsp;&nbsp;&nbsp;&nbsp;&nbsp;&nbsp;&nbsp;&nbsp;&nbsp;&nbsp;&nbsp;&nbsp;&nbsp;&nbsp;&nbsp;&nbsp;&nbsp;&nbsp;&nbsp;&nbsp;&nbsp;&nbsp;&nbsp;&nbsp;&nbsp;&nbsp; &nbsp; Suction Stand</p>', 1, '46217.00', '46217.00', 0, 'Pending', '', '', 0),
(326, 1, 1054, '<p>1511080005&nbsp;&nbsp;&nbsp;&nbsp;&nbsp;&nbsp;&nbsp;&nbsp;&nbsp; &nbsp; 06&nbsp;&nbsp;&nbsp;&nbsp;&nbsp;&nbsp;&nbsp;&nbsp;&nbsp;&nbsp;&nbsp;&nbsp;&nbsp;&nbsp;&nbsp;&nbsp;&nbsp;&nbsp;&nbsp;&nbsp;&nbsp;&nbsp;&nbsp;&nbsp;&nbsp;&nbsp;&nbsp;&nbsp;&nbsp;&nbsp;&nbsp;&nbsp;&nbsp; &nbsp; Casing Cover Plate&nbsp;&nbsp;&nbsp;&nbsp;&nbsp;&nbsp;&nbsp;&nbsp;&nbsp;&nbsp;&nbsp;&nbsp;&nbsp;&nbsp;&nbsp;&nbsp;</p>', 1, '12393.00', '12393.00', 0, 'Pending', '', '', 0),
(327, 1, 1055, '<p>1511080006&nbsp;&nbsp;&nbsp;&nbsp;&nbsp;&nbsp;&nbsp;&nbsp;&nbsp;&nbsp;&nbsp;&nbsp;&nbsp;&nbsp;&nbsp;&nbsp;&nbsp;&nbsp;&nbsp;&nbsp;&nbsp;&nbsp;&nbsp;&nbsp;&nbsp;&nbsp;&nbsp;&nbsp;&nbsp;&nbsp;&nbsp;&nbsp;&nbsp;&nbsp;&nbsp;&nbsp;&nbsp;&nbsp;&nbsp;&nbsp;&nbsp;&nbsp;&nbsp;&nbsp;&nbsp;&nbsp;&nbsp;&nbsp;&nbsp; &nbsp; Spacer SS410</p>', 2, '7842.00', '15684.00', 0, 'Pending', '', '', 0),
(328, 1, 1056, '<p>1511080007&nbsp;&nbsp;&nbsp;&nbsp;&nbsp;&nbsp;&nbsp;&nbsp;&nbsp;&nbsp;&nbsp;&nbsp;&nbsp; &nbsp; 07&nbsp;&nbsp;&nbsp;&nbsp;&nbsp;&nbsp;&nbsp;&nbsp;&nbsp;&nbsp;&nbsp;&nbsp;&nbsp;&nbsp;&nbsp;&nbsp;&nbsp;&nbsp;&nbsp;&nbsp;&nbsp;&nbsp;&nbsp;&nbsp;&nbsp; &nbsp; Adjusting Plate</p>', 1, '10093.00', '10093.00', 0, 'Pending', '', '', 0),
(329, 1, 1057, '<p>1511080008&nbsp;&nbsp;&nbsp;&nbsp;&nbsp;&nbsp;&nbsp;&nbsp;&nbsp; &nbsp; 08&nbsp;&nbsp;&nbsp;&nbsp;&nbsp;&nbsp;&nbsp;&nbsp;&nbsp;&nbsp;&nbsp;&nbsp;&nbsp;&nbsp;&nbsp;&nbsp;&nbsp;&nbsp;&nbsp;&nbsp;&nbsp;&nbsp;&nbsp;&nbsp;&nbsp; &nbsp; Impeller</p>', 1, '198155.00', '198155.00', 0, 'Pending', '', '', 0),
(330, 1, 1058, '<p>1511080009&nbsp;&nbsp;&nbsp;&nbsp;&nbsp;&nbsp;&nbsp;&nbsp;&nbsp; &nbsp; 10&nbsp;&nbsp;&nbsp;&nbsp;&nbsp;&nbsp;&nbsp;&nbsp;&nbsp;&nbsp;&nbsp;&nbsp;&nbsp;&nbsp;&nbsp;&nbsp;&nbsp; &nbsp; Cable Gland</p>', 1, '1438.00', '1438.00', 0, 'Pending', '', '', 0),
(331, 1, 1059, '<p>1511080010&nbsp;&nbsp;&nbsp;&nbsp;&nbsp;&nbsp;&nbsp;&nbsp;&nbsp; &nbsp; 11&nbsp;&nbsp;&nbsp;&nbsp;&nbsp;&nbsp;&nbsp;&nbsp;&nbsp;&nbsp;&nbsp;&nbsp;&nbsp;&nbsp;&nbsp;&nbsp;&nbsp; &nbsp; Neckring for Impeller</p>', 1, '10408.00', '10408.00', 0, 'Pending', '', '', 0),
(332, 1, 1060, '<p>1511080011&nbsp;&nbsp;&nbsp;&nbsp;&nbsp; &nbsp; 11A&nbsp;&nbsp;&nbsp;&nbsp;&nbsp;&nbsp;&nbsp;&nbsp;&nbsp; &nbsp; Bearing Cover</p>', 1, '1873.00', '1873.00', 0, 'Pending', '', '', 0),
(333, 1, 1061, '<p>1511080012&nbsp;&nbsp;&nbsp;&nbsp;&nbsp;&nbsp;&nbsp;&nbsp;&nbsp;&nbsp;&nbsp;&nbsp;&nbsp; &nbsp; 12/22&nbsp;&nbsp;&nbsp;&nbsp;&nbsp;&nbsp;&nbsp;&nbsp;&nbsp; &nbsp; Rotor Fited Shaft</p>', 1, '184485.00', '184485.00', 0, 'Pending', '', '', 0),
(334, 1, 1062, '<p>1511080013&nbsp;&nbsp;&nbsp;&nbsp;&nbsp;&nbsp;&nbsp;&nbsp;&nbsp; &nbsp; 12A&nbsp;&nbsp;&nbsp;&nbsp;&nbsp;&nbsp;&nbsp;&nbsp;&nbsp;&nbsp;&nbsp;&nbsp;&nbsp; &nbsp; Spacer for Agitator</p>', 4, '8492.00', '33968.00', 0, 'Pending', '', '', 0),
(335, 1, 1063, '<p>1511080014&nbsp;&nbsp;&nbsp;&nbsp;&nbsp;&nbsp;&nbsp;&nbsp;&nbsp;&nbsp;&nbsp;&nbsp;&nbsp; &nbsp; 13&nbsp;&nbsp;&nbsp;&nbsp;&nbsp;&nbsp;&nbsp;&nbsp;&nbsp;&nbsp;&nbsp;&nbsp;&nbsp;&nbsp;&nbsp;&nbsp;&nbsp; &nbsp; Key for Imepller &amp; Agitator</p>', 4, '210.00', '840.00', 0, 'Pending', '', '', 0),
(336, 1, 1064, '<p>1511080015&nbsp;&nbsp;&nbsp;&nbsp;&nbsp;&nbsp;&nbsp;&nbsp;&nbsp; &nbsp; 14&nbsp;&nbsp;&nbsp;&nbsp;&nbsp;&nbsp;&nbsp;&nbsp;&nbsp;&nbsp;&nbsp;&nbsp;&nbsp;&nbsp;&nbsp;&nbsp;&nbsp; &nbsp; Mechanical Seal for Pump<br></p>', 1, '40084.00', '40084.00', 0, 'Pending', '', '', 0),
(337, 1, 1065, '<p>1511080016&nbsp;&nbsp;&nbsp;&nbsp;&nbsp;&nbsp;&nbsp;&nbsp;&nbsp; &nbsp; 15&nbsp;&nbsp;&nbsp;&nbsp;&nbsp;&nbsp;&nbsp;&nbsp;&nbsp;&nbsp;&nbsp;&nbsp;&nbsp; &nbsp; Mechanical Seal for Motor<br></p>', 1, '24176.00', '24176.00', 0, 'Pending', '', '', 0),
(338, 1, 1066, '<p>1511080017&nbsp;&nbsp;&nbsp;&nbsp;&nbsp;&nbsp;&nbsp;&nbsp;&nbsp; &nbsp; 18&nbsp;&nbsp;&nbsp;&nbsp;&nbsp;&nbsp;&nbsp;&nbsp;&nbsp;&nbsp;&nbsp;&nbsp;&nbsp;&nbsp;&nbsp;&nbsp;&nbsp; &nbsp;Lock Nut for Agitator&nbsp;<br></p>', 4, '1203.00', '4812.00', 0, 'Pending', '', '', 0),
(339, 1, 1067, '<p>1511080018&nbsp;&nbsp;&nbsp;&nbsp;&nbsp;&nbsp;&nbsp;&nbsp;&nbsp; &nbsp; 23A&nbsp;&nbsp;&nbsp;&nbsp;&nbsp;&nbsp;&nbsp;&nbsp;&nbsp; &nbsp; Thermostat 80 Deg C<br></p>', 2, '1120.00', '2240.00', 0, 'Pending', '', '', 0),
(340, 1, 1068, '<p>1511080019&nbsp;&nbsp;&nbsp;&nbsp;&nbsp;&nbsp;&nbsp;&nbsp;&nbsp;&nbsp;&nbsp;&nbsp;&nbsp; &nbsp; 24 &amp; 24A&nbsp;&nbsp;&nbsp;&nbsp;&nbsp;&nbsp;&nbsp;&nbsp;&nbsp; &nbsp; Rubber Grommet<br></p>', 2, '315.00', '630.00', 0, 'Pending', '', '', 0),
(341, 1, 1069, '<p>1511080020&nbsp;&nbsp;&nbsp;&nbsp;&nbsp;&nbsp;&nbsp;&nbsp;&nbsp; &nbsp; 41 &amp; 26,27&nbsp;&nbsp;&nbsp;&nbsp;&nbsp;&nbsp;&nbsp;&nbsp;&nbsp; &nbsp; Gasket @ O Ring Set<br></p>', 2, '5321.00', '10642.00', 0, 'Pending', '', '', 0),
(342, 1, 1070, '<p>1511080021&nbsp;&nbsp;&nbsp;&nbsp;&nbsp;&nbsp;&nbsp;&nbsp;&nbsp; &nbsp; 27A&nbsp;&nbsp;&nbsp;&nbsp;&nbsp;&nbsp;&nbsp;&nbsp;&nbsp;&nbsp;&nbsp;&nbsp;&nbsp;&nbsp;&nbsp;&nbsp;&nbsp; &nbsp; Probe for Moisture Sensor<br></p>', 2, '525.00', '1050.00', 0, 'Pending', '', '', 0),
(343, 1, 1071, '<p>1511080022&nbsp;&nbsp;&nbsp;&nbsp;&nbsp;&nbsp;&nbsp;&nbsp;&nbsp; &nbsp; 28&nbsp;&nbsp;&nbsp;&nbsp;&nbsp;&nbsp;&nbsp;&nbsp;&nbsp;&nbsp;&nbsp;&nbsp;&nbsp; &nbsp; Oil Plug<br></p>', 4, '325.00', '1300.00', 0, 'Pending', '', '', 0),
(344, 1, 1072, '<p>1511080023&nbsp;&nbsp;&nbsp;&nbsp;&nbsp; &nbsp; 31&nbsp;&nbsp;&nbsp;&nbsp;&nbsp;&nbsp;&nbsp;&nbsp;&nbsp;&nbsp;&nbsp;&nbsp;&nbsp; &nbsp;Eye Bolt<br></p>', 2, '735.00', '1470.00', 0, 'Pending', '', '', 0),
(345, 1, 1073, '<p>1511080025&nbsp;&nbsp;&nbsp;&nbsp;&nbsp;&nbsp;&nbsp;&nbsp;&nbsp;&nbsp;&nbsp;&nbsp;&nbsp; &nbsp; 40&nbsp;&nbsp;&nbsp;&nbsp;&nbsp;&nbsp;&nbsp;&nbsp;&nbsp; &nbsp;Agitator&nbsp;&nbsp;&nbsp;&nbsp;&nbsp;<br></p>', 1, '40928.00', '40928.00', 0, 'Pending', '', '', 0),
(346, 1, 1074, '<p>1511080025&nbsp;&nbsp;&nbsp;&nbsp;&nbsp;&nbsp;&nbsp;&nbsp;&nbsp;&nbsp;&nbsp;&nbsp;&nbsp;&nbsp;&nbsp;&nbsp;&nbsp;&nbsp;&nbsp;&nbsp;&nbsp;&nbsp;&nbsp;&nbsp;&nbsp;&nbsp;&nbsp;&nbsp;&nbsp;&nbsp;&nbsp;&nbsp;&nbsp; &nbsp;Control Panel&nbsp;<br></p>', 2, '80450.00', '160900.00', 0, 'Pending', '', '', 0),
(347, 2, 953, '<p>Your item code&nbsp;&nbsp; &nbsp; :&nbsp;&nbsp;&nbsp;&nbsp;&nbsp; &nbsp; 766141775030</p><p><span style="font-weight: bold; text-decoration: underline;">Spares for "JOHNSON" Pump</span></p><p><span style="line-height: 1.42857143;">Name of Spares&nbsp;</span><span style="line-height: 1.42857143;">&nbsp;&nbsp;&nbsp;&nbsp;</span><span style="line-height: 1.42857143;">&nbsp;&nbsp;&nbsp;&nbsp;</span><span style="line-height: 1.42857143;">&nbsp; &nbsp; :</span><span style="line-height: 1.42857143;">&nbsp;&nbsp;&nbsp;&nbsp;</span><span style="line-height: 1.42857143;">&nbsp;&nbsp;&nbsp;&nbsp;</span><span style="line-height: 1.42857143;">&nbsp;&nbsp;&nbsp;&nbsp;</span><span style="line-height: 1.42857143;">&nbsp; &nbsp; Shaft Sleeve</span></p><p>&nbsp;&nbsp;&nbsp;&nbsp;&nbsp;&nbsp;&nbsp;&nbsp;&nbsp;&nbsp;&nbsp;&nbsp;&nbsp;&nbsp;&nbsp;&nbsp;&nbsp;&nbsp;&nbsp;&nbsp;&nbsp;&nbsp;&nbsp;&nbsp;&nbsp;&nbsp;&nbsp;&nbsp;&nbsp;&nbsp;&nbsp;&nbsp;&nbsp;&nbsp;&nbsp;&nbsp;&nbsp;&nbsp;&nbsp;&nbsp;&nbsp;&nbsp;&nbsp;&nbsp;&nbsp;&nbsp;&nbsp;&nbsp;&nbsp;&nbsp;&nbsp;&nbsp;&nbsp;&nbsp;&nbsp;&nbsp;&nbsp;&nbsp;&nbsp;&nbsp;&nbsp;For Pump Model CCR 50-200 R6 S2 L6 &nbsp;&nbsp;<span style="line-height: 1.42857143;"><br></span><span style="line-height: 1.42857143;">Part No.&nbsp;&nbsp;&nbsp;&nbsp;&nbsp;&nbsp;&nbsp;&nbsp;&nbsp;&nbsp;&nbsp;&nbsp;&nbsp;&nbsp;&nbsp;&nbsp;&nbsp;&nbsp;&nbsp;&nbsp;&nbsp;&nbsp;&nbsp;&nbsp;&nbsp; &nbsp;: &nbsp; &nbsp; &nbsp; &nbsp; &nbsp; &nbsp; &nbsp; &nbsp; 1100 &nbsp; &nbsp; &nbsp; &nbsp;&nbsp;&nbsp; &nbsp;</span></p><p>&nbsp;&nbsp;&nbsp;&nbsp;&nbsp;&nbsp;&nbsp;&nbsp;&nbsp;&nbsp;&nbsp;&nbsp;&nbsp;&nbsp;&nbsp;&nbsp;&nbsp;&nbsp;&nbsp;&nbsp;&nbsp;&nbsp;&nbsp;&nbsp;&nbsp;&nbsp;&nbsp;&nbsp;&nbsp;&nbsp;&nbsp;&nbsp;&nbsp;&nbsp;&nbsp;&nbsp;&nbsp;&nbsp;&nbsp;&nbsp;&nbsp;&nbsp;&nbsp;&nbsp;&nbsp;&nbsp;&nbsp;&nbsp;&nbsp;&nbsp;&nbsp;&nbsp;&nbsp;&nbsp;&nbsp;&nbsp;&nbsp;&nbsp;&nbsp;&nbsp;<span style="line-height: 1.42857143;"><br></span>&nbsp;&nbsp;&nbsp;&nbsp;&nbsp;&nbsp;&nbsp;&nbsp;&nbsp;&nbsp;&nbsp;&nbsp;&nbsp;&nbsp;&nbsp;&nbsp;&nbsp;&nbsp;</p><p><span style="line-height: 1.42857143;"><br></span></p><p><span style="line-height: 1.42857143;"><br></span></p><p><span style="line-height: 1.42857143;"><br></span></p><p><span style="line-height: 1.42857143;"><br></span></p><p><span style="line-height: 1.42857143;"><br></span></p><p><span style="line-height: 1.42857143;"><br></span></p>', 2, '3250.00', '6500.00', 0, 'Pending', '', '', 0),
(349, 5, 927, '<p><span style="font-weight: bold; text-decoration: underline;">"JOHNSON" Pump Sets</span></p><p>Model : CCR 32 160 R6A M2 L6</p><p>Capacity : 12 m3/hr</p><p>Head : 24 Mtrs.</p><p>Sealing : Mechanical Seal</p><p>with "REMI" 5 HP/2900 RPM Motor, Coupling L-95, Coupling Guard, Fasteners dully assembled on MS Baseframe</p><p>Pump Sr. No.:&nbsp;B111272034</p><p>Motor SR. No.: 16/12/1999</p><p><br></p><p><br></p><p><br></p><p><br></p><p><br></p><p><br></p><p><br></p><p><br></p><p><br></p><p><br></p><p><br></p><p><br></p><p><br></p><p><br></p><p><br></p><p><br></p><p><br></p><p><br></p>', 1, '99000.00', '99000.00', 0, 'Pending', '', '', 0),
(350, 6, 881, '<p>Your item code&nbsp;&nbsp;&nbsp;&nbsp;&nbsp;&nbsp;&nbsp;&nbsp;&nbsp; &nbsp; :&nbsp;&nbsp;&nbsp;&nbsp;&nbsp;&nbsp;&nbsp;&nbsp;&nbsp; &nbsp; FILTELEM1177</p><p><span style="font-weight: bold; text-decoration: underline;">"MECHFILL" Basket Type Filter Element</span></p><p>Model&nbsp;&nbsp;&nbsp;&nbsp;&nbsp;&nbsp;&nbsp;&nbsp;&nbsp;&nbsp;&nbsp;&nbsp;&nbsp; &nbsp; :&nbsp;&nbsp;&nbsp;&nbsp;&nbsp;&nbsp;&nbsp;&nbsp;&nbsp;&nbsp;&nbsp;&nbsp;&nbsp; &nbsp; Filter Element</p><p>Micron&nbsp;&nbsp;&nbsp;&nbsp;&nbsp;&nbsp;&nbsp;&nbsp;&nbsp;&nbsp;&nbsp;&nbsp;&nbsp; :&nbsp;&nbsp;&nbsp;&nbsp;&nbsp;&nbsp;&nbsp;&nbsp;&nbsp;&nbsp;&nbsp;&nbsp;&nbsp; &nbsp; 80 Micron</p>', 4, '3450.00', '13800.00', 0, 'Pending', '', '', 0),
(351, 7, 923, '<p>Your item code&nbsp;&nbsp;&nbsp;&nbsp;&nbsp;&nbsp;&nbsp;&nbsp;&nbsp; &nbsp; :&nbsp;&nbsp;&nbsp;&nbsp;&nbsp;&nbsp;&nbsp;&nbsp;&nbsp;&nbsp;&nbsp;&nbsp;&nbsp; &nbsp; PUMPOILS0017</p><p><span style="font-weight: bold; text-decoration: underline;">"TUSHACO" Gear Pump Sets</span></p><p>Model&nbsp;&nbsp;&nbsp;&nbsp;&nbsp;&nbsp;&nbsp;&nbsp;&nbsp; &nbsp; :&nbsp;&nbsp;&nbsp;&nbsp;&nbsp;&nbsp;&nbsp;&nbsp;&nbsp;&nbsp;&nbsp;&nbsp;&nbsp; &nbsp; RT 40</p><p>Capacity&nbsp;&nbsp;&nbsp;&nbsp;&nbsp; &nbsp; :&nbsp;&nbsp;&nbsp;&nbsp;&nbsp;&nbsp;&nbsp;&nbsp;&nbsp;&nbsp;&nbsp;&nbsp;&nbsp; &nbsp; 40 LPM</p><p>Head&nbsp;&nbsp;&nbsp;&nbsp;&nbsp;&nbsp;&nbsp;&nbsp;&nbsp;&nbsp;&nbsp;&nbsp;&nbsp; &nbsp;:&nbsp;&nbsp;&nbsp;&nbsp;&nbsp;&nbsp;&nbsp;&nbsp;&nbsp;&nbsp;&nbsp;&nbsp;&nbsp; &nbsp; 8 Kg/cm2</p><p>with "CGL" 1 HP/1500 RPM Motor, Coupling L-70, Coupling Guard, Fasteners Dully assembled on MS Baseframe</p><p>Pump Sr. No,&nbsp; &nbsp; :&nbsp;&nbsp;&nbsp;&nbsp;&nbsp;&nbsp;&nbsp;&nbsp;&nbsp; &nbsp; 1594996/2771, 2769</p><p>Motor Sr. No.&nbsp; &nbsp; :&nbsp;&nbsp;&nbsp;&nbsp;&nbsp;&nbsp;&nbsp;&nbsp;&nbsp; &nbsp; PGH-43216, 43244</p><p><br></p><p><br></p><p><br></p><p><br></p>', 2, '17750.00', '35500.00', 0, 'Pending', '', '', 0),
(352, 8, 767, '<p><span style="font-weight: bold;">Your item code&nbsp;&nbsp;&nbsp;&nbsp;&nbsp;&nbsp;&nbsp;&nbsp;&nbsp; &nbsp; :&nbsp;&nbsp;&nbsp;&nbsp;&nbsp;&nbsp;&nbsp;&nbsp;&nbsp; &nbsp; RMPII00033966</span></p><p><span style="font-weight: bold; text-decoration: underline;">Spares for "JOHNSON" Pump</span></p><p>Name of Spares&nbsp;&nbsp;&nbsp;&nbsp;&nbsp;&nbsp;&nbsp;&nbsp;&nbsp; &nbsp; :&nbsp;&nbsp;&nbsp;&nbsp;&nbsp;&nbsp;&nbsp;&nbsp;&nbsp;&nbsp;&nbsp;&nbsp;&nbsp; &nbsp; Shaft</p><p>&nbsp;&nbsp;&nbsp;&nbsp;&nbsp;&nbsp;&nbsp;&nbsp;&nbsp;&nbsp;&nbsp;&nbsp;&nbsp;&nbsp;&nbsp;&nbsp;&nbsp;&nbsp;&nbsp;&nbsp;&nbsp;&nbsp;&nbsp;&nbsp;&nbsp;&nbsp;&nbsp;&nbsp;&nbsp;&nbsp;&nbsp;&nbsp;&nbsp;&nbsp;&nbsp;&nbsp;&nbsp;&nbsp;&nbsp;&nbsp;&nbsp;&nbsp;&nbsp;&nbsp;&nbsp;&nbsp;&nbsp;&nbsp;&nbsp;&nbsp;&nbsp;&nbsp;&nbsp;&nbsp;&nbsp;&nbsp;&nbsp; &nbsp; For Pump Model KGEN 11-4 G1<br></p>', 2, '704.00', '1408.00', 0, 'Pending', '', '', 0),
(353, 9, 803, '<p>Your item code&nbsp;&nbsp;&nbsp;&nbsp;&nbsp; &nbsp; :&nbsp;&nbsp;&nbsp;&nbsp;&nbsp; &nbsp; RMPII00040946</p><p><span style="font-weight: bold; text-decoration: underline;">"JOHNSON" Centrifugal Pump Sets</span></p><p>Model&nbsp;&nbsp;&nbsp;&nbsp;&nbsp;&nbsp;&nbsp;&nbsp;&nbsp; &nbsp; :&nbsp;&nbsp;&nbsp;&nbsp;&nbsp;&nbsp;&nbsp;&nbsp;&nbsp;&nbsp;&nbsp;&nbsp;&nbsp; &nbsp; KGEN 12-5 G1</p><p>Capacity&nbsp;&nbsp;&nbsp;&nbsp;&nbsp; &nbsp; :&nbsp;&nbsp;&nbsp;&nbsp;&nbsp;&nbsp;&nbsp;&nbsp;&nbsp;&nbsp;&nbsp;&nbsp;&nbsp; &nbsp; 8 M3/hr</p><p>Head&nbsp;&nbsp;&nbsp;&nbsp;&nbsp;&nbsp;&nbsp;&nbsp;&nbsp;&nbsp;&nbsp;&nbsp;&nbsp; &nbsp; :&nbsp;&nbsp;&nbsp;&nbsp;&nbsp;&nbsp;&nbsp;&nbsp;&nbsp;&nbsp;&nbsp;&nbsp;&nbsp; &nbsp; 20 Mtrs.</p><p>with "BBL" 3 HP/2900 RPM Motor, Coupling L-95, Coupling Guard, Fasteners dully assembled on MS Baseframe</p><p>Pump Sr. No.&nbsp; &nbsp; : &nbsp; &nbsp; &nbsp; &nbsp; &nbsp; &nbsp; &nbsp;B111398049, 050</p><p>Motor Sr. No.&nbsp; &nbsp; :&nbsp;&nbsp;&nbsp;&nbsp;&nbsp;&nbsp;&nbsp;&nbsp;&nbsp; &nbsp; K1631977, N1700893</p>', 2, '25000.00', '50000.00', 0, 'Pending', '', '', 0),
(354, 10, 930, '<p><span style="font-weight: bold; text-decoration: underline;">"JOHNSON" Pump Set</span></p><p>Pump Model : CCR 40 160</p><p>Head: 30 Meters</p><p>Flow: 30 M3/Hr</p><p><span style="line-height: 1.42857143;">Sealing: Gland Packing</span><br></p><p><span style="line-height: 1.42857143;">Power: 7.5 HP/2900 RPM</span><br></p><p><span style="line-height: 1.42857143;">Suc*Dis Size: 50 x 32 MM / P H : 7</span><br></p><p><span style="line-height: 1.42857143;">Price for pump with REMI / BBL Make STD. Foot mounted motor, 7.5 HP/2900 rpm</span><br></p><p>&nbsp;Coupling L-95, Coupling Guard MS Base Frame</p><p>Pump Sr. No.: Z111241009</p><p>Motor Sr. No. : 16/07/D/1584</p><p><br></p><p><br></p><p><br></p><p><br></p><p><br></p><p><br></p><p><br></p><p><br></p><p><br></p><p><br></p>', 1, '58500.00', '58500.00', 0, 'Pending', '', '', 0),
(357, 13, 941, '<p>Your item code&nbsp; &nbsp; :&nbsp; &nbsp; 766168027010</p><p><span style="font-weight: bold; text-decoration: underline;">"JOHNSON" Centrifugal Pump Set</span></p><p>Model&nbsp;&nbsp;&nbsp;&nbsp;&nbsp; &nbsp; :&nbsp;&nbsp;&nbsp;&nbsp;&nbsp; &nbsp; CCR 125-315 R1A S2 L3 (Impeller Dia-284 mm)</p><p>Head&nbsp;&nbsp;&nbsp;&nbsp;&nbsp;&nbsp;&nbsp;&nbsp;&nbsp; :&nbsp;&nbsp;&nbsp;&nbsp;&nbsp; &nbsp; 20 Mtrs.</p><p>Flow&nbsp;&nbsp;&nbsp;&nbsp;&nbsp;&nbsp;&nbsp;&nbsp;&nbsp; &nbsp; :&nbsp;&nbsp;&nbsp;&nbsp;&nbsp; &nbsp; 225 m3/hr</p><p>Recomd Power&nbsp;&nbsp;&nbsp;&nbsp;&nbsp; &nbsp; :&nbsp;&nbsp;&nbsp;&nbsp;&nbsp; &nbsp; 30 HP/1500 RPM</p><p>with MS Base Frame, Coupling T7C1PB, Fasteners etc.</p><p>Pump Sr. No.&nbsp;&nbsp;&nbsp;&nbsp;&nbsp;&nbsp; &nbsp;&nbsp;&nbsp;&nbsp;&nbsp; : &nbsp; &nbsp;C111627001</p><p><br></p><p><br></p><p><br></p><p><br></p><p><br></p><p><br></p><p><br></p><p><br></p><p><br></p><p><br></p><p><br></p><p><br></p>', 1, '90250.00', '90250.00', 0, 'Pending', '', '', 0);
INSERT INTO `invoice_rows` (`id`, `invoice_id`, `item_id`, `description`, `quantity`, `rate`, `amount`, `height`, `inventory_voucher_status`, `item_serial_number`, `inventory_voucher_applicable`, `sale_return_quantity`) VALUES
(358, 15, 1189, '<p><span style="font-weight: bold; text-decoration: underline;">Spares for "JOHNSON" Pump</span></p><p>Name of Spares : Impeller</p><p>&nbsp;&nbsp;&nbsp;&nbsp;&nbsp;&nbsp;&nbsp;&nbsp;&nbsp;&nbsp;&nbsp;&nbsp;&nbsp;&nbsp;&nbsp;&nbsp;&nbsp;&nbsp;&nbsp;&nbsp;&nbsp;&nbsp;&nbsp;&nbsp;&nbsp;&nbsp;&nbsp;&nbsp;&nbsp;&nbsp;&nbsp;&nbsp;&nbsp; For Pump Model CCR 50-200 R6A S2 L6</p><p> </p><p><br></p><p><br></p><p><br></p><p><br></p><p><br></p><p><br></p><p><br></p><p><br></p><p><br></p><p><br></p><p><br></p><p><br></p><p><br></p><p><br></p><p>&nbsp;<br></p>', 2, '6500.00', '13000.00', 0, 'Pending', '', '', 0),
(359, 17, 803, '<p></p><p></p><span style="font-weight: bold; text-decoration: underline;">"JOHNSON" Pump Set</span><p></p><p>Model&nbsp;&nbsp;&nbsp;&nbsp;&nbsp;&nbsp; &nbsp; :&nbsp;&nbsp;&nbsp;&nbsp;&nbsp;&nbsp; &nbsp; KGEN 12 5 G1</p><p>Head&nbsp;&nbsp;&nbsp;&nbsp;&nbsp; &nbsp; :&nbsp;&nbsp;&nbsp;&nbsp;&nbsp; &nbsp; 19 Mtrs.</p><p>Flow&nbsp;&nbsp;&nbsp;&nbsp;&nbsp; &nbsp; :&nbsp;&nbsp;&nbsp;&nbsp;&nbsp; &nbsp; 30 m3/hr</p><p>Sealing&nbsp;&nbsp;&nbsp;&nbsp;&nbsp; &nbsp; :&nbsp;&nbsp;&nbsp;&nbsp;&nbsp; &nbsp;Mechanical Seal&nbsp;</p><p>with "BBL" IE3 3 HP/2900 Motor, Coupling L-95, Coupling Guard, Fasteners dully assembled on MS Baseframe</p><p>Pump Sr. No. :C111625002</p><p>Motor Sr. No. :&nbsp;N1719022<br><br><br></p><p></p><p></p>', 1, '16700.00', '16700.00', 0, 'Pending', '', '', 0),
(360, 19, 1112, '<p><span style="font-weight: bold;">Your item code : 530888 1000110592</span></p><p><span style="font-weight: bold; text-decoration: underline;">"JOHNSON" Centrifugal Pump Set</span></p><p>Model&nbsp; &nbsp; :&nbsp; &nbsp; CCR 25-160 R6 S2 L3</p><p>Head&nbsp; &nbsp; :&nbsp; &nbsp; 44 Mtrs.</p><p>Capacity&nbsp; &nbsp; :&nbsp; &nbsp; 3.7 m3/hr</p><p>Suc* Dis.&nbsp; &nbsp; :&nbsp; &nbsp; 25*25 mm</p><p>Sealing&nbsp;&nbsp; &nbsp; :&nbsp; &nbsp; Mechanical Seal</p><p>with "REMI" 5 HP/2900 RPM Motor, Coupling L-95, Coupling Guard, Fasteners dully assembled on MS Baseframe </p><p>Pump Sr. No.: C111659005</p><p>Motor Sr. No. : 17/03/D/1155</p><p><br></p><p><br></p><p><br></p><p>&nbsp;</p><p><br></p>', 1, '56800.00', '56800.00', 0, 'Pending', '', '', 0),
(361, 20, 1112, '<p><span style="font-weight: bold;">Your item code : 160000040</span></p><p><span style="font-weight: bold; text-decoration: underline;">"JOHNSON" Centrifugal Pump Set</span></p><p>Model&nbsp; &nbsp; :&nbsp; &nbsp; CCR 25 160 R6 M2 L3</p><p>Head&nbsp; &nbsp; :&nbsp; &nbsp; 40 Mtrs.</p><p>Capacity&nbsp; &nbsp; :&nbsp; &nbsp; 2.4 m3/hr</p><p>Sealing&nbsp; &nbsp; :&nbsp; &nbsp; Mechanical Seal</p><p>Suc* Dis.&nbsp; &nbsp; :&nbsp; &nbsp; 25*25 mm</p><p>with "BBL" 5 HP/2900 RPM Flame Proof Motor, Coupling L-95, Coupling Guard, Fasteners dully assembled on MS Baseframe&nbsp;</p><p>Pump Sr. No.: C111659006</p><p>Motor Sr. No: M1701163</p>', 1, '68575.00', '68575.00', 0, 'Pending', '', '', 0),
(362, 22, 1197, '<p><span style="font-weight: bold;">Your item code :&nbsp;MACHINERY</span></p><p><span style="font-weight: bold; text-decoration: underline;">"JOHNSON" Pump Sets</span></p><p>&nbsp;Model : CCR 32 125</p><p>Head : 25 Mtrs.</p><p>Flow : 20 m3/hr</p><p>Sealing : Gland Packing&nbsp;</p><p>with "BBL" IE3 5 HP/2900 RPM Motor, Coupling L-95,&nbsp;Coupling Guard, Fasteners, Control Penal, dully assembled&nbsp;&nbsp;on MS Baseframe</p><p>Pump Sr. No. :D111008001,&nbsp;</p><p>Motor Sr. No. :N1627290</p>', 1, '44400.00', '44400.00', 0, 'Pending', '', '', 0),
(363, 23, 1197, '<p><span style="font-weight: bold;">Your item code :&nbsp;MACHINERY</span></p><p><span style="font-weight: bold; text-decoration: underline;">"JOHNSON" Pump Sets</span></p><p>&nbsp;Model : CCR 32 125</p><p>Head : 25 Mtrs.</p><p>Flow : 20 m3/hr</p><p>Sealing : Gland Packing&nbsp;</p><p>with "BBL" IE3 5 HP/2900 RPM Motor, Coupling L-95,&nbsp;Coupling Guard, Fasteners, Control Penal, dully assembled&nbsp;&nbsp;on MS Baseframe</p><p>Pump Sr. No. :D111008001,&nbsp;D111008002</p><p>Motor Sr. No. :N1627290</p>', 1, '44400.00', '44400.00', 0, 'Pending', '', '', 0),
(364, 24, 963, '<p><span style="font-weight: bold; text-decoration: underline;">Spares for "JOHNSON" Pump</span>&nbsp;</p><p>Model&nbsp;&nbsp;&nbsp;&nbsp;&nbsp;&nbsp;&nbsp;&nbsp;&nbsp; &nbsp; :&nbsp;&nbsp;&nbsp;&nbsp;&nbsp;&nbsp;&nbsp;&nbsp;&nbsp; &nbsp; CN 25 160 G1 S2 L3</p><p><span style="font-weight: bold;">Item code&nbsp;&nbsp;&nbsp;&nbsp;&nbsp;&nbsp;&nbsp;&nbsp;&nbsp; &nbsp; Part No.&nbsp;&nbsp;&nbsp;&nbsp;&nbsp;&nbsp;&nbsp;&nbsp;&nbsp;&nbsp;&nbsp;&nbsp;&nbsp; &nbsp; Description</span></p><p>ENELOTHE0136&nbsp; &nbsp; 120&nbsp;&nbsp;&nbsp;&nbsp;&nbsp;&nbsp;&nbsp;&nbsp;&nbsp;&nbsp;&nbsp;&nbsp;&nbsp;&nbsp;&nbsp;&nbsp;&nbsp;&nbsp;&nbsp;&nbsp;&nbsp;&nbsp;&nbsp;&nbsp;&nbsp;&nbsp;&nbsp;&nbsp;&nbsp; &nbsp; Impeller SS 316</p>', 2, '6210.00', '12420.00', 0, 'Pending', '', '', 0),
(365, 25, 1204, '<p><span style="font-weight: bold; text-decoration: underline;">"JOHNSON" Pump Set</span></p><p>Model : CB 32 160 G1 S2 L3 (Impeller Dia-149 mm)</p><p>Head : 27 Mtrs.</p><p>Capacity : 200 LPM</p><p>Sealing : Mechanical Seal</p><p>with "BB" 3 HP/2900 RPM Flange Mounted Motor,</p><p>Pump Sr. No. : B111399018</p><p>Motor Sr. No. : U1701072</p>', 1, '26910.00', '26910.00', 0, 'Pending', '', '', 0),
(366, 26, 755, '<p><span style="font-weight: bold; text-decoration: underline;">Spares for "JOHNSON" Pumps Model KGEN 11-3 &amp; 11-4</span></p><p><span style="font-weight: bold;">Part No.&nbsp;&nbsp;&nbsp;&nbsp;&nbsp;&nbsp;&nbsp;&nbsp;&nbsp; &nbsp; Description</span></p><p>PMCSL167&nbsp;&nbsp;&nbsp;&nbsp;&nbsp; &nbsp; &nbsp;&nbsp;&nbsp;&nbsp;Mechancial Seal</p>', 2, '1311.00', '2622.00', 0, 'Pending', '', '', 0),
(367, 26, 757, '<p>PPMPS256&nbsp;&nbsp;&nbsp;&nbsp;&nbsp; &nbsp; Suction Cover</p>', 1, '665.00', '665.00', 0, 'Pending', '', '', 0),
(368, 26, 752, '<p>PPMPS257&nbsp;&nbsp;&nbsp;&nbsp;&nbsp; &nbsp; Intermediate Cover</p>', 2, '845.50', '1691.00', 0, 'Pending', '', '', 0),
(369, 26, 770, '<p>PPMPS317&nbsp;&nbsp;&nbsp;&nbsp;&nbsp; &nbsp; Impeller</p>', 1, '617.50', '617.50', 0, 'Pending', '', '', 0),
(370, 26, 792, '<p>PPMPS352&nbsp;&nbsp;&nbsp;&nbsp;&nbsp; &nbsp; Suction Casing</p>', 1, '4818.40', '4818.40', 0, 'Pending', '', '', 0),
(371, 26, 767, '<p>PPMPS369/ 1050&nbsp;&nbsp;&nbsp;&nbsp;&nbsp; &nbsp; Pump Shaft</p>', 1, '845.50', '845.50', 0, 'Pending', '', '', 0),
(372, 30, 762, '<p>Your item code : 0310</p><p><span style="font-weight: bold; text-decoration-line: underline;">Spares for "JOHNSON" Pump</span></p><p>Name of Spares : Valve Assembly&nbsp;</p><p>&nbsp;&nbsp;&nbsp;&nbsp;&nbsp;&nbsp;&nbsp;&nbsp;&nbsp;&nbsp;&nbsp;&nbsp;&nbsp;&nbsp;&nbsp;&nbsp;&nbsp;&nbsp;&nbsp;&nbsp;&nbsp;&nbsp;&nbsp;&nbsp;&nbsp;&nbsp;&nbsp;&nbsp;&nbsp;&nbsp;&nbsp;&nbsp;&nbsp;&nbsp;&nbsp;&nbsp;&nbsp; &nbsp; For Pump Model KGEN 11-3 G1<br>&nbsp;</p>', 5, '540.00', '2700.00', 0, 'Pending', '', '', 0),
(374, 64, 935, '<p><span style="font-weight: bold;">Your item code&nbsp;&nbsp; &nbsp; :&nbsp; &nbsp; PUMPOTHR0371</span></p><p><span style="font-weight: bold; text-decoration: underline;">"DARLING" Submersible Pump</span></p><p>Model&nbsp; &nbsp; :&nbsp; &nbsp; LJ 15 LN</p><p>Head&nbsp; &nbsp; :&nbsp; &nbsp; 10 Mtrs.</p><p>Flow&nbsp; &nbsp; :&nbsp; &nbsp; 375 LPM</p><p>with 10 Mtrs. cable&nbsp;</p><p>Sr. No.&nbsp; &nbsp; :&nbsp;&nbsp;&nbsp;&nbsp;JE 173569&nbsp;</p><p><br></p><p><br></p><p><br></p><p><br></p><p><br></p><p><br></p><p><br></p><p><br></p><p><br></p><p><br></p><p><br></p><p><br></p><p><br></p><p><br></p><p><br></p><p><br></p>', 1, '34475.00', '34475.00', 0, 'Pending', '85', '', 0),
(375, 4, 903, '<p>Your item code&nbsp; &nbsp; :&nbsp; &nbsp; 1000004583</p><p>Part No.&nbsp;&nbsp;&nbsp;&nbsp;&nbsp;&nbsp;&nbsp;&nbsp;&nbsp;&nbsp;&nbsp;&nbsp;&nbsp; &nbsp; :&nbsp; &nbsp; 1036314</p><p><span style="font-weight: bold; text-decoration: underline;">"ANTICO" Chemical Process Pump Set</span></p><p>Model : &nbsp;NZRP 25 160 (Impeller Dia-170 mm)</p><p>Head : 40 Mtrs.</p><p>Flow &nbsp;:1 00 LPM</p><p>Sealing : Mechanical Seal</p><p>Suc*Dis. : &nbsp;40*25 mm</p><p>with "BBL" 5 HP/2900 RPM Motor, Coupling, Coupling Guard, Fasteners dully assembled on MS BasrFrame</p><p>Pump Sr. No. : &nbsp;NZRPTB17033010</p><p>Motor : N1628962</p>', 1, '44700.00', '44700.00', 0, 'Pending', '', 'Yes', 0),
(378, 12, 951, '<p><span style="font-weight: bold; text-decoration: underline;">Spares for "JOHNSON" Pump</span>&nbsp;</p><p>Model&nbsp;&nbsp;&nbsp;&nbsp;&nbsp; &nbsp; :&nbsp;&nbsp;&nbsp;&nbsp;&nbsp; &nbsp; CCR 50-200 R6A S2 L6</p><p><span style="font-weight: bold;">Item code&nbsp;&nbsp;&nbsp;&nbsp;&nbsp;&nbsp;&nbsp;&nbsp;&nbsp; &nbsp; Part No.&nbsp;&nbsp;&nbsp;&nbsp;&nbsp;&nbsp;&nbsp;&nbsp;&nbsp; &nbsp; Description</span></p><p>766141589020&nbsp;&nbsp;&nbsp;&nbsp;&nbsp;&nbsp;&nbsp;&nbsp;&nbsp; &nbsp; 2650&nbsp;&nbsp;&nbsp;&nbsp;&nbsp;&nbsp;&nbsp;&nbsp;&nbsp; &nbsp; Lock Nut&nbsp; &nbsp;&nbsp;&nbsp;&nbsp;&nbsp;&nbsp;</p>', 2, '227.50', '455.00', 0, 'Pending', '', '', 0),
(379, 12, 953, '<p>766141775030&nbsp;&nbsp;&nbsp;&nbsp;&nbsp;&nbsp;&nbsp;&nbsp;&nbsp; &nbsp; 1100&nbsp;&nbsp;&nbsp;&nbsp;&nbsp;&nbsp;&nbsp;&nbsp;&nbsp; &nbsp; Shaft Sleeve&nbsp;&nbsp;&nbsp;&nbsp;&nbsp;&nbsp;&nbsp;&nbsp;&nbsp;&nbsp;&nbsp;&nbsp;</p><p><br></p><p><br></p><p><br></p><p><br></p><p><br></p><p><br></p><p><br></p><p><br></p><p><br></p><p><br></p><p><br></p><p><br></p><p><br></p>', 2, '3250.00', '6500.00', 0, 'Pending', '', '', 0),
(381, 65, 1208, '<p><span style="font-weight: bold; text-decoration: underline;">"TUSHACO" Pump Set</span></p><p>Model&nbsp;&nbsp; &nbsp; :&nbsp; &nbsp; R 20 DG</p><p>Capacity&nbsp; &nbsp; :&nbsp; &nbsp; 480 kg/Minute</p><p>Suc*dis.&nbsp; &nbsp; :&nbsp; &nbsp; 40 mm</p><p>with "BBL" 3 HP/1500 RPM Motor, Coupling L-95, Coulping Guard dully assembled on MS Baseframe</p><p>Pump Sr. No.;&nbsp; &nbsp; 1633030/2300</p><p>Motor Sr. No.:&nbsp;&nbsp;&nbsp;&nbsp;N1702224</p><p><br></p><p><br></p><p><br></p><p><br></p><p><br></p><p><br></p><p><br></p><p><br></p><p><br></p><p><br></p><p><br></p><p><br></p><p><br></p><p><br></p>', 1, '54580.00', '54580.00', 0, 'Pending', '', 'Yes', 0),
(382, 67, 1222, '<p><span style="font-weight: bold; text-decoration: underline;">Spares for JOHNSON Pump</span></p><p>Mechanical Seal ( Sic / Sic ) for CCR 32 160 R6 S2 L3 with SS Sleeve and Gland Plate</p>', 1, '13490.00', '13490.00', 25, 'Pending', '', '', 0),
(383, 67, 1221, '<p>Mechanical Seal for CCR 40 160 R6 S2 L3&nbsp;</p><p>Mechanical Seal ( Sic / Sic ) for CCR 40 160 R6 S2 L3 with SS Sleeve and Gland Plate</p>', 1, '13490.00', '13490.00', 175, 'Pending', '', '', 0),
(388, 68, 1097, '<p><span style="line-height: 1.42857143;"><span style="font-weight: bold; text-decoration: underline;">Spares for "POSITIVE" Pumps</span></span></p><p><span style="line-height: 1.42857143;"><span style="font-weight: bold;">Material Code</span>&nbsp;&nbsp;&nbsp;&nbsp;&nbsp;&nbsp;&nbsp;&nbsp;&nbsp;&nbsp;&nbsp;&nbsp;&nbsp;&nbsp;&nbsp;&nbsp;&nbsp;&nbsp; &nbsp; <span style="font-weight: bold;">Description</span></span></p><p><span style="line-height: 1.42857143;">768175000000&nbsp;&nbsp;&nbsp;&nbsp;&nbsp;&nbsp;&nbsp;&nbsp;&nbsp;&nbsp;&nbsp;&nbsp;&nbsp;&nbsp;&nbsp;&nbsp;&nbsp; &nbsp; PL 1011 Bare Pump</span><br></p><p><br></p>', 1, '17000.00', '17000.00', 0, 'Pending', '', '', 0),
(389, 68, 1096, '<p>768176000000&nbsp;&nbsp;&nbsp;&nbsp;&nbsp;&nbsp;&nbsp;&nbsp;&nbsp;&nbsp;&nbsp;&nbsp;&nbsp;&nbsp;&nbsp;&nbsp;<span style="line-height: 1.42857143;">PL 2017&nbsp;</span><span style="line-height: 1.42857143;">Bare Pump</span></p>', 1, '17812.50', '17812.50', 0, 'Pending', '', '', 0),
(390, 68, 1100, '<p>768175881100&nbsp;&nbsp;&nbsp;&nbsp;&nbsp;&nbsp;&nbsp;&nbsp;&nbsp;&nbsp;&nbsp;&nbsp;&nbsp;&nbsp;&nbsp;&nbsp;<span style="background-color: transparent; line-height: 1.42857143;">NRV Ball for Pump &nbsp;PL 1011</span></p>', 1, '495.00', '495.00', 0, 'Pending', '', '', 0),
(391, 68, 1110, '<p>768176881100&nbsp;&nbsp;&nbsp;&nbsp;&nbsp;&nbsp;&nbsp;&nbsp;&nbsp;&nbsp;&nbsp;&nbsp;<span style="line-height: 1.42857143;">Valve Seat PL 2017</span></p><p><br></p><p><br></p><p><br></p><p><br></p><p><br></p><p><br></p><p><br></p><p><br></p><p><br></p><p><br></p>', 1, '525.00', '525.00', 0, 'Pending', '', '', 0),
(392, 56, 803, '<p>Your Item Code : 766172027010</p><p><span style="font-weight: bold; text-decoration: underline;">JOHNSON Self Priming Non Clog Pump Sets</span></p><p>Pump Model: KGEN 12 5 G6</p><p>Head : 16 Mtrs &nbsp; &nbsp; &nbsp; &nbsp; &nbsp; &nbsp; &nbsp; &nbsp; &nbsp; &nbsp; &nbsp; &nbsp;</p><p>Flow: 18 m3/hr</p><p>Suc* Dis : 50 * 50 mm</p><p>Impeller &amp; Shaft : SS 316 &nbsp; &nbsp;</p><p>Sealing : Mechanical Seal</p><p>With "BBL" 3 HP / 2900 RPM Motor,Coupling L-95 , Coupling Gaurd,</p><p>Fasteners ,Trolley Mounted MS Base Frame.</p><p>Pump Sr. No : B111388044, 045</p><p>Motor Sr. No : N1655859, N1655146</p><p><br></p><p><br></p><p><br></p><p><br></p><p><br></p><p><br></p><p><br></p><p><br></p><p><br></p><p><br></p><p><br></p>', 2, '30465.00', '60930.00', 0, 'Pending', '', '', 0),
(394, 69, 686, '<p><span style="font-weight: bold;">Your Item Code: ES012300000327</span><span style="font-weight: bold;"><br></span></p><p><span style="font-weight: bold; text-decoration: underline;">JOHNSON Selfpriming Pumps</span></p><p>Model&nbsp;&nbsp;&nbsp;&nbsp;&nbsp; &nbsp; :&nbsp;&nbsp;&nbsp;&nbsp;&nbsp; &nbsp; KGEN 14-8</p><p>Sr. No.&nbsp;&nbsp;&nbsp;&nbsp;&nbsp; &nbsp; :&nbsp;&nbsp;&nbsp;&nbsp;&nbsp; &nbsp; B111388056, 055&nbsp;</p><p><br></p><p><br></p><p><br></p><p><br></p><p><br></p><p><br></p><p><br></p><p><br></p><p><br></p><p><br></p><p><br></p><p><br></p><p><br></p><p><br></p><p><br></p><p></p>', 2, '23275.00', '46550.00', 0, 'Pending', '141,142', '', 0),
(395, 66, 930, '<p><span style="font-weight: bold; text-decoration: underline;">"JOHNSON" Pump Set</span></p><p>Pump Model : CCR 40 160 (Impeller Dia-154 mm)</p><p>Head: 30 Meters</p><p>Flow: 30 M3/Hr</p><p><span style="line-height: 1.42857143;">Sealing: Gland Packing</span><br></p><p><span style="line-height: 1.42857143;">Suc*Dis Size: 50 x 32 mm</span><br></p><p><span style="line-height: 1.42857143;">with "REMI" Foot mounted motor, 7.5 HP/2900 rpm</span><br></p><p>&nbsp;Coupling L-95, Coupling Guard MS Base Frame</p><p>Pump Sr. No.: D111123001</p><p>Motor Sr. No. : 16/07/D/1585</p><p><br></p><p><br></p><p><br></p><p><br></p><p><br></p><p><br></p><p><br></p><p><br></p><p><br></p><p><br></p>', 1, '58500.00', '58500.00', 0, 'Pending', '', '', 0),
(403, 74, 1318, '<p><span style="font-weight: bold; text-decoration: underline;">Spares for "JOHNSON" Pump</span></p><p>Name of Spares&nbsp; &nbsp; :&nbsp;&nbsp;&nbsp;&nbsp;Mechanical Seal with Shaft Sleeve</p><p>&nbsp;&nbsp;&nbsp;&nbsp;&nbsp;&nbsp;&nbsp;&nbsp;&nbsp;&nbsp;&nbsp;&nbsp;&nbsp;&nbsp;&nbsp;&nbsp;&nbsp;&nbsp;&nbsp;&nbsp;&nbsp;&nbsp;&nbsp;&nbsp;&nbsp;&nbsp;&nbsp;&nbsp;&nbsp;&nbsp;&nbsp;&nbsp;&nbsp;&nbsp;&nbsp;&nbsp;&nbsp;&nbsp;&nbsp;&nbsp;For Pump Model : CCR 32 200&nbsp;</p><p><br></p><p><br></p><p><br></p><p><br></p><p><br></p><p><br></p><p><br></p><p><br></p><p><br></p><p><br></p><p><br></p><p><br></p><p><br></p><p><br></p>', 1, '12500.00', '12500.00', 0, 'Pending', '', '', 0),
(406, 75, 755, '<p>Your item code&nbsp;&nbsp;&nbsp;&nbsp;&nbsp; &nbsp; :&nbsp;&nbsp;&nbsp;&nbsp;&nbsp; &nbsp; IMESEL0021</p><p><span style="font-weight: bold; text-decoration: underline;">Spares for "JOHNSON" Pump</span></p><p>Name of Spares&nbsp;&nbsp;&nbsp;&nbsp;&nbsp;&nbsp; &nbsp; :&nbsp;&nbsp;&nbsp;&nbsp;&nbsp; &nbsp; Mechanical Seal</p><p></p><p>&nbsp;&nbsp;&nbsp;&nbsp;&nbsp;&nbsp;&nbsp;&nbsp;&nbsp;&nbsp;&nbsp;&nbsp;&nbsp;&nbsp;&nbsp;&nbsp;&nbsp;&nbsp;&nbsp;&nbsp;&nbsp;&nbsp;&nbsp;&nbsp;&nbsp;&nbsp;&nbsp;&nbsp;&nbsp;&nbsp;&nbsp;&nbsp;&nbsp;&nbsp;&nbsp;&nbsp;&nbsp;&nbsp;&nbsp;&nbsp;&nbsp;&nbsp;&nbsp;&nbsp;&nbsp;&nbsp;&nbsp;&nbsp;&nbsp; &nbsp;For Pump Model KGEN 11-3 G1</p><p><br></p><p><br></p><p><br></p><p><br></p><p><br></p><p><br></p><p><br></p><p><br></p><p><br></p><p><br></p><p><br></p><p><br></p><p><br></p><p><br></p><p><br></p><p><br></p><p></p>', 6, '1400.00', '8400.00', 0, 'Pending', '', '', 0),
(408, 76, 634, '<p><span style="font-weight: bold;">Your Item code : 401515581215</span></p><p><span style="font-weight: bold; text-decoration: underline;">Spares for "ALLWEILER" Pump</span></p><p>Name of Spares&nbsp;&nbsp; &nbsp; :&nbsp; &nbsp; Seal Kit</p><p>&nbsp;&nbsp;&nbsp;&nbsp;&nbsp;&nbsp;&nbsp;&nbsp;&nbsp;&nbsp;&nbsp;&nbsp;&nbsp;&nbsp;&nbsp;&nbsp;&nbsp;&nbsp;&nbsp;&nbsp;&nbsp;&nbsp;&nbsp;&nbsp;&nbsp;&nbsp;&nbsp;&nbsp;&nbsp;&nbsp;&nbsp;&nbsp;&nbsp;&nbsp;&nbsp;&nbsp;&nbsp; &nbsp; For Pump Model TRF 1700</p><p>Part No.&nbsp;&nbsp;&nbsp;&nbsp;&nbsp;&nbsp;&nbsp;&nbsp;&nbsp;&nbsp;&nbsp;&nbsp;&nbsp;&nbsp;&nbsp;&nbsp;&nbsp; &nbsp; :&nbsp; &nbsp; G053A</p><p><br></p><p><br></p><p><br></p><p><br></p><p><br></p><p><br></p><p><br></p><p><br></p><p><br></p><p><br></p><p><br></p><p><br></p><p><br></p>', 1, '178650.00', '178650.00', 0, 'Pending', '', '', 0),
(409, 77, 634, '<p><span style="font-weight: bold;">Your Item code : 401515581215</span></p><p><span style="font-weight: bold; text-decoration: underline;">Spares for "ALLWEILER" Pump</span></p><p>Name of Spares&nbsp;&nbsp; &nbsp; :&nbsp; &nbsp; Seal Kit</p><p>&nbsp;&nbsp;&nbsp;&nbsp;&nbsp;&nbsp;&nbsp;&nbsp;&nbsp;&nbsp;&nbsp;&nbsp;&nbsp;&nbsp;&nbsp;&nbsp;&nbsp;&nbsp;&nbsp;&nbsp;&nbsp;&nbsp;&nbsp;&nbsp;&nbsp;&nbsp;&nbsp;&nbsp;&nbsp;&nbsp;&nbsp;&nbsp;&nbsp;&nbsp;&nbsp;&nbsp;&nbsp; &nbsp; For Pump Model TRF 1700</p><p>Part No.&nbsp;&nbsp;&nbsp;&nbsp;&nbsp;&nbsp;&nbsp;&nbsp;&nbsp;&nbsp;&nbsp;&nbsp;&nbsp;&nbsp;&nbsp;&nbsp;&nbsp; &nbsp; :&nbsp; &nbsp; G053A</p><p><br></p><p><br></p><p><br></p><p><br></p><p><br></p><p><br></p><p><br></p><p><br></p><p><br></p><p><br></p><p><br></p><p><br></p><p><br></p><p><br></p><p><br></p><p><br></p>', 1, '178650.00', '178650.00', 0, 'Pending', '', '', 0),
(412, 78, 756, '<p><span style="font-weight: bold;">Your Item Code: 100017398</span><span style="font-weight: bold; text-decoration: underline;"><br></span></p><p><span style="font-weight: bold; text-decoration: underline;">Spare for "JOHNSON" Pump</span></p><p><span style="line-height: 1.42857143; font-size: 13px;">Name of Spares : Mechanical Seal</span></p><p><span style="line-height: 1.42857143; font-size: 13px;">&nbsp;&nbsp;&nbsp;&nbsp;&nbsp;&nbsp;&nbsp;&nbsp;&nbsp;&nbsp;&nbsp;&nbsp;&nbsp;&nbsp;&nbsp;&nbsp;&nbsp;&nbsp;&nbsp;&nbsp;&nbsp;&nbsp;&nbsp;&nbsp;&nbsp;&nbsp;&nbsp;&nbsp; &nbsp; For Pump Model&nbsp;&nbsp;KGEN 15 6</span><br></p><p>Part No. : 0310</p><p><br></p><p><br></p><p><br></p><p><br></p><p><br></p><p><br></p><p><br></p><p><br></p><p><br></p><p><br></p><p><br></p><p><br></p><p><br></p><p><br></p><p><br></p><p><br></p><p><br></p><p><br></p>', 2, '1988.75', '3977.50', 0, 'Pending', '', '', 0),
(413, 70, 1155, '<p><span style="font-weight: bold;">Your item code : PUMPSCRW0008</span></p><p><span style="font-weight: bold; text-decoration: underline;">"TUSHACO" Pump</span></p><p>Model&nbsp; &nbsp; :&nbsp; &nbsp; 3.20/56 (T3ST 20/56)</p><p>Pressure&nbsp; &nbsp; :&nbsp; &nbsp; 15 kg/cm2</p><p>Capacity&nbsp; &nbsp; :&nbsp; &nbsp; 14 LPM</p><p>Sr. No.&nbsp; &nbsp; : &nbsp; &nbsp;1641765/2260</p><p><br></p><p><br></p><p><br></p><p><br></p><p><br></p><p><br></p><p><br></p><p><br></p><p><br></p><p><br></p><p><br></p><p><br></p><p><br></p><p><br></p>', 1, '69375.00', '69375.00', 0, 'Pending', '219', '', 0),
(414, 71, 606, '<p><span style="font-weight: bold;">Your Item Code: PUMPOILS0016</span></p><p><span style="font-weight: bold; text-decoration: underline;">TUSHACO Three Screw Pump</span></p><p>Pump Model: T3ST 45/42</p><p>Capacity : 120 LPM</p><p>Pressure: 40 Kg/cm2</p><p><br></p><p><br></p><p><br></p><p><br></p><p><br></p><p><br></p><p><br></p><p><br></p><p><br></p><p><br></p><p><br></p><p><br></p><p><br></p><p><br></p>', 2, '175387.00', '350774.00', 0, 'Pending', '213,214', '', 0),
(415, 72, 602, '<p><span style="font-weight: bold;">your item code : PUMPGEAR0016</span></p><p><span style="font-weight: bold; text-decoration: underline;">"TUSHACO" Gear Pump</span></p><p>Model&nbsp;&nbsp;&nbsp;&nbsp;&nbsp;&nbsp; &nbsp; :&nbsp;&nbsp;&nbsp;&nbsp;&nbsp; &nbsp; RT 125/32</p><p>Pressure&nbsp; &nbsp; :&nbsp; &nbsp; 8 Kg/cm2</p><p>Capacity&nbsp; &nbsp; :&nbsp; &nbsp; 120 LPM</p><p>Recomd Power : 5 HP/1500 RPM Motor</p><p>Sr. No.&nbsp; &nbsp; :&nbsp;&nbsp;&nbsp;&nbsp;&nbsp; &nbsp; 163891/2437</p><p><br></p><p><br></p><p><br></p><p><br></p><p><br></p><p><br></p><p><br></p><p><br></p><p><br></p><p><br></p><p><br></p><p><br></p><p><br></p><p><br></p><p><br></p><p><br></p><p><br></p>', 1, '24750.00', '24750.00', 0, 'Pending', '218', '', 0),
(419, 79, 1157, '<p></p><h4><p class="MsoNormal" style="margin: 6.8pt 0in 0.0001pt; line-height: 11.1pt; background-position: initial initial; background-repeat: initial initial;"><span style="font-size: 10pt; font-family: Arial, sans-serif;">Item Code :\r\nES013800000584<o:p></o:p></span></p>\r\n\r\n<p class="MsoNormal" style="margin: 6.8pt 0in 0.0001pt; line-height: 11.1pt; background-position: initial initial; background-repeat: initial initial;"><span style="font-size: 10pt; font-family: Arial, sans-serif;">Spares for\r\n"JOHNSON" Pump<o:p></o:p></span></p>\r\n\r\n<p class="MsoNormal" style="margin: 6.8pt 0in 0.0001pt; line-height: 11.1pt; background-position: initial initial; background-repeat: initial initial;"><span style="font-size: 10pt; font-family: Arial, sans-serif;">Name of Spares &nbsp;\r\n&nbsp; :&nbsp;&nbsp;&nbsp;&nbsp;Mechanical Seal<o:p></o:p></span></p>\r\n\r\n<p class="MsoNormal" style="margin: 6.8pt 0in 0.0001pt; line-height: 11.1pt; background-position: initial initial; background-repeat: initial initial;"><span style="font-size: 10pt; font-family: Arial, sans-serif;">&nbsp;&nbsp;&nbsp;&nbsp;&nbsp;&nbsp;&nbsp;&nbsp;&nbsp;&nbsp;&nbsp;&nbsp;&nbsp;&nbsp;&nbsp;&nbsp;&nbsp;&nbsp;&nbsp;&nbsp;&nbsp;&nbsp;&nbsp;&nbsp;&nbsp;&nbsp;&nbsp;&nbsp;&nbsp;&nbsp;&nbsp;&nbsp;&nbsp;&nbsp;&nbsp;&nbsp;&nbsp;For\r\nJohnson Pump Spares CB 200 200 G1<o:p></o:p></span></p>\r\n\r\n<p class="MsoNormal" style="margin-bottom:0in;margin-bottom:.0001pt"><span style="font-size:10.0pt;line-height:115%"><o:p>&nbsp;</o:p></span></p></h4><h4 style="line-height: 1; color: rgb(51, 51, 51);"><br></h4><h4 style="line-height: 1; color: rgb(51, 51, 51);"><br></h4><h4 style="line-height: 1; color: rgb(51, 51, 51);"><br></h4><h4 style="line-height: 1; color: rgb(51, 51, 51);"><br></h4><h4 style="line-height: 1; color: rgb(51, 51, 51);"><br></h4><h4 style="line-height: 1; color: rgb(51, 51, 51);"><br></h4><h4 style="line-height: 1; color: rgb(51, 51, 51);"><br></h4><p></p>', 2, '6460.00', '12920.00', 0, 'Pending', '', '', 0),
(420, 80, 755, '<p><span style="font-weight: bold; text-decoration: underline;">Spares for "JOHNSON" Pump</span></p><p><span style="font-weight: bold;">Model&nbsp; &nbsp; :&nbsp; &nbsp; KGEN 11 3&nbsp;</span></p><p><span style="font-weight: bold;">Item Code&nbsp;&nbsp;&nbsp;&nbsp;&nbsp;&nbsp;&nbsp;&nbsp;&nbsp;&nbsp;&nbsp;&nbsp;&nbsp;&nbsp;&nbsp;&nbsp;&nbsp;&nbsp;&nbsp;&nbsp;&nbsp;&nbsp;&nbsp;&nbsp;&nbsp;&nbsp;&nbsp;&nbsp;&nbsp; &nbsp; Description&nbsp;&nbsp;&nbsp;&nbsp;&nbsp;&nbsp;&nbsp;&nbsp;&nbsp;&nbsp;&nbsp;&nbsp;&nbsp;&nbsp;&nbsp;&nbsp;&nbsp;&nbsp;&nbsp;&nbsp;&nbsp;&nbsp;&nbsp;&nbsp; </span></p><p>REP-P&amp;M-1028&nbsp;&nbsp;&nbsp;&nbsp;&nbsp;&nbsp;&nbsp;&nbsp;&nbsp;&nbsp;&nbsp;&nbsp;&nbsp; &nbsp; &nbsp;&nbsp;&nbsp;&nbsp;&nbsp;&nbsp;&nbsp;&nbsp;&nbsp;&nbsp;&nbsp;&nbsp;&nbsp; &nbsp;&nbsp;<span style="line-height: 1.42857143; font-size: 13px;">Mechanical Seal</span></p><p>&nbsp;</p>', 4, '1350.00', '5400.00', 0, 'Pending', '', '', 0),
(421, 80, 750, '<p>REP-P&amp;M-3975&nbsp;&nbsp;&nbsp;&nbsp;&nbsp;&nbsp;&nbsp;&nbsp;&nbsp;&nbsp;&nbsp;&nbsp;&nbsp;&nbsp;&nbsp;&nbsp;&nbsp;&nbsp;&nbsp;&nbsp;&nbsp;&nbsp;&nbsp;&nbsp;&nbsp;&nbsp;&nbsp;&nbsp;&nbsp;&nbsp;&nbsp;&nbsp;<span style="line-height: 1.42857143; font-size: 13px;">Oil Seal&nbsp;</span></p><p><span style="line-height: 1.42857143; font-size: 13px;"><br></span></p><p><span style="line-height: 1.42857143; font-size: 13px;"><br></span></p><p><span style="line-height: 1.42857143; font-size: 13px;"><br></span></p><p><span style="line-height: 1.42857143; font-size: 13px;"><br></span></p><p><span style="line-height: 1.42857143; font-size: 13px;"><br></span></p><p><span style="line-height: 1.42857143; font-size: 13px;"><br></span></p><p><span style="line-height: 1.42857143; font-size: 13px;"><br></span></p><p><span style="line-height: 1.42857143; font-size: 13px;"><br></span></p><p><span style="line-height: 1.42857143; font-size: 13px;"><br></span></p><p><span style="line-height: 1.42857143; font-size: 13px;"><br></span></p><p><span style="line-height: 1.42857143; font-size: 13px;"><br></span></p><p><span style="line-height: 1.42857143; font-size: 13px;"><br></span></p><p><span style="line-height: 1.42857143; font-size: 13px;"><br></span></p>', 5, '150.00', '750.00', 0, 'Pending', '', '', 0),
(448, 73, 608, '<p><span style="font-weight: bold;">Your item code : 40151500HJ45</span></p><p><span style="font-weight: bold; text-decoration: underline;">"TUSHACO" Three Screw Pump Set</span></p><p>Model&nbsp; &nbsp; &nbsp;&nbsp;&nbsp;&nbsp;&nbsp;&nbsp;&nbsp;&nbsp;:&nbsp; &nbsp; T3ST 52/40</p><p>Pressure&nbsp;&nbsp;&nbsp;&nbsp;&nbsp; &nbsp;:&nbsp; &nbsp; 50 kg/cm2</p><p>Capacity&nbsp;&nbsp;&nbsp;&nbsp;&nbsp; &nbsp; :&nbsp; &nbsp; 155 LPM</p><p>with Filter</p><p>Sr. No.&nbsp;&nbsp;&nbsp;&nbsp;&nbsp;&nbsp;&nbsp;&nbsp;&nbsp; &nbsp; :&nbsp;&nbsp;&nbsp;&nbsp;&nbsp; &nbsp; 1625332/2345</p><p><br></p><p><br></p><p><br></p><p><br></p><p><br></p><p><br></p><p><br></p><p><br></p><p><br></p><p><br></p><p><br></p><p><br></p><p><br></p>', 1, '318900.00', '318900.00', 0, 'Pending', '215', '', 0),
(449, 81, 1101, '<p><span style="font-weight: bold; text-decoration: underline;">Spares for "POSITIVE" Pump</span></p><table class="table table-bordered"><tbody><tr><td><span style="font-weight: bold; background-color: rgb(255, 252, 218);">Model&nbsp;</span><br></td><td><span style="font-weight: bold; background-color: rgb(255, 252, 218);">:</span><br></td><td><span style="font-weight: bold; background-color: rgb(255, 252, 218);">&nbsp;PL 2017</span><br></td></tr><tr><td><span style="font-weight: bold; background-color: rgb(255, 252, 218);">Item code&nbsp;</span><br></td><td><span style="font-weight: bold; background-color: rgb(255, 252, 218);">Part No.&nbsp;</span><br></td><td><span style="font-weight: bold; background-color: rgb(255, 252, 218);">&nbsp;Description</span><br></td></tr><tr><td><span style="background-color: rgb(255, 252, 218);">768176190100 &nbsp; &nbsp; &nbsp;</span><br></td><td>:</td><td><span style="background-color: rgb(255, 252, 218);">&nbsp;Eccentric Disc</span><br></td></tr></tbody></table><p><br></p>', 2, '3300.00', '6600.00', 0, 'Pending', '', '', 0),
(450, 81, 1102, '<p>768176323100&nbsp;&nbsp;&nbsp;&nbsp;&nbsp;&nbsp;&nbsp;&nbsp;&nbsp;&nbsp;&nbsp;&nbsp;&nbsp;&nbsp;&nbsp;&nbsp;&nbsp;&nbsp;&nbsp;&nbsp;&nbsp;&nbsp;&nbsp;&nbsp;&nbsp;&nbsp;&nbsp;&nbsp;&nbsp;&nbsp;&nbsp;&nbsp;&nbsp;&nbsp;&nbsp;&nbsp;&nbsp;&nbsp;&nbsp;&nbsp;&nbsp;&nbsp;&nbsp;&nbsp; Gasket Set</p>', 2, '975.00', '1950.00', 0, 'Pending', '', '', 0),
(451, 81, 1103, '<p>768176634300&nbsp;&nbsp;&nbsp;&nbsp;&nbsp;&nbsp;&nbsp;&nbsp;&nbsp;&nbsp;&nbsp;&nbsp;&nbsp;&nbsp;&nbsp;&nbsp;&nbsp;&nbsp;&nbsp;&nbsp;&nbsp;&nbsp;&nbsp;&nbsp;&nbsp;&nbsp;&nbsp;&nbsp;&nbsp;&nbsp;&nbsp;&nbsp;&nbsp;&nbsp;&nbsp;&nbsp;&nbsp;&nbsp;&nbsp;&nbsp;&nbsp;&nbsp;&nbsp;&nbsp;Dowel Spring</p>', 4, '675.00', '2700.00', 0, 'Pending', '', '', 0),
(452, 81, 1104, '<p>768176711300&nbsp;&nbsp;&nbsp;&nbsp;&nbsp;&nbsp;&nbsp;&nbsp;&nbsp; &nbsp; 14&nbsp;&nbsp;&nbsp;&nbsp;&nbsp;&nbsp;&nbsp;&nbsp;&nbsp;&nbsp;&nbsp;&nbsp;&nbsp;&nbsp;&nbsp;&nbsp;&nbsp;&nbsp;&nbsp;&nbsp;&nbsp;&nbsp;&nbsp;&nbsp;Seal Ring</p>', 2, '225.00', '450.00', 0, 'Pending', '', '', 0),
(453, 81, 1105, '<p>768176711400&nbsp;&nbsp;&nbsp;&nbsp;&nbsp;&nbsp;&nbsp;&nbsp;&nbsp; &nbsp; 12&nbsp;&nbsp;&nbsp;&nbsp;&nbsp;&nbsp;&nbsp;&nbsp;&nbsp;&nbsp;&nbsp;&nbsp;&nbsp; &nbsp;Seal Ring&nbsp;</p>', 2, '225.00', '450.00', 0, 'Pending', '', '', 0),
(454, 81, 1106, '<p>768176711500&nbsp;&nbsp;&nbsp;&nbsp;&nbsp;&nbsp;&nbsp;&nbsp;&nbsp; &nbsp; 17&nbsp;&nbsp;&nbsp;&nbsp;&nbsp;&nbsp;&nbsp;&nbsp;&nbsp; &nbsp; Seal Ring</p>', 2, '225.00', '450.00', 0, 'Pending', '', '', 0),
(455, 81, 1107, '<p>768176711600&nbsp;&nbsp;&nbsp;&nbsp;&nbsp; &nbsp;&nbsp;&nbsp; &nbsp; 2&nbsp;&nbsp;&nbsp;&nbsp;&nbsp;&nbsp;&nbsp;&nbsp;&nbsp; &nbsp; Plunger Ring</p>', 2, '265.00', '530.00', 0, 'Pending', '', '', 0),
(456, 81, 1108, '<p>768176711700&nbsp;&nbsp;&nbsp;&nbsp;&nbsp;&nbsp;&nbsp;&nbsp;&nbsp; &nbsp; 4&nbsp;&nbsp;&nbsp;&nbsp;&nbsp;&nbsp;&nbsp;&nbsp;&nbsp; &nbsp; Plunger Ring</p>', 2, '265.00', '530.00', 0, 'Pending', '', '', 0),
(457, 81, 1109, '<p>768176752100&nbsp;&nbsp;&nbsp;&nbsp;&nbsp;&nbsp;&nbsp;&nbsp;&nbsp; &nbsp; 67&nbsp;&nbsp;&nbsp;&nbsp;&nbsp;&nbsp;&nbsp;&nbsp;&nbsp; &nbsp; Worm Shaft</p>', 2, '4200.00', '8400.00', 0, 'Pending', '', '', 0),
(458, 81, 1110, '<p>768176881100&nbsp;&nbsp;&nbsp;&nbsp;&nbsp;&nbsp;&nbsp;&nbsp;&nbsp;&nbsp;&nbsp;&nbsp;&nbsp;&nbsp;&nbsp;&nbsp;&nbsp;&nbsp;&nbsp;&nbsp;&nbsp;&nbsp;&nbsp;&nbsp;&nbsp;&nbsp;&nbsp;&nbsp;&nbsp; &nbsp; Valve Set</p>', 2, '1650.00', '3300.00', 0, 'Pending', '', '', 0),
(459, 81, 1099, '<p>768176881200&nbsp;&nbsp;&nbsp;&nbsp;&nbsp;&nbsp;&nbsp;&nbsp;&nbsp; &nbsp; 15&nbsp;&nbsp;&nbsp;&nbsp;&nbsp;&nbsp;&nbsp;&nbsp;&nbsp; &nbsp; Non-Returnable Valve</p>', 2, '252.00', '504.00', 0, 'Pending', '', '', 0),
(460, 81, 1111, '<p>768176905100&nbsp;&nbsp;&nbsp;&nbsp;&nbsp;&nbsp;&nbsp;&nbsp;&nbsp;&nbsp;&nbsp;&nbsp;&nbsp;&nbsp;&nbsp;&nbsp;&nbsp;&nbsp;&nbsp;&nbsp;&nbsp;&nbsp;&nbsp;&nbsp;&nbsp;&nbsp;&nbsp;&nbsp;&nbsp; &nbsp; Worm Wheel</p>', 2, '4800.00', '9600.00', 0, 'Pending', '', '', 0),
(461, 81, 1096, '<p>768176000000&nbsp;&nbsp;&nbsp;&nbsp;&nbsp;&nbsp;&nbsp;&nbsp;&nbsp;&nbsp;&nbsp;&nbsp;&nbsp;&nbsp;&nbsp;&nbsp;&nbsp;&nbsp;&nbsp;&nbsp;&nbsp;&nbsp;&nbsp;&nbsp;&nbsp;&nbsp;&nbsp;&nbsp;&nbsp;&nbsp;&nbsp;&nbsp;PL 2017</p><p>Sr. No.:&nbsp; &nbsp; 041717041, 041717042</p>', 2, '17812.50', '35625.00', 0, 'Pending', '271,272', '', 0),
(462, 82, 1385, '<p>Your item code : 4000006131</p><p><b><u>Spares for "JOHNSON" Pump</u></b></p><p>Name of Spares &nbsp;: &nbsp;Impeller CI (Dia- 293 mm)</p><p>&nbsp; &nbsp; &nbsp; &nbsp; &nbsp; &nbsp; &nbsp; &nbsp; &nbsp; &nbsp; &nbsp; &nbsp; &nbsp; &nbsp; &nbsp; &nbsp; &nbsp; &nbsp;For Pump Model CN 125 315 G1 S2 L3 &nbsp;&nbsp;</p><p><br></p><p><br></p><p><br></p><p><br></p><p><br></p><p><br></p><p><br></p><p><br></p><p><br></p><p><br></p><p><br></p><p><br></p><p><br></p><p><br></p><p><br></p><p><br></p>', 1, '11760.00', '11760.00', 0, 'Pending', '', '', 0),
(464, 83, 804, '<p class="MsoNormal" style="margin-bottom: 7.5pt; line-height: normal; background-image: initial; background-position: initial; background-size: initial; background-repeat: initial; background-attachment: initial; background-origin: initial; background-clip: initial;"><span style="font-weight: bold; text-decoration-line: underline;">Raw Sewage Pump</span><span style="font-family: Arial, sans-serif; font-size: 10pt;"><o:p></o:p></span></p><p class="MsoNormal" style="margin-bottom: 7.5pt; line-height: normal; background-image: initial; background-position: initial; background-size: initial; background-repeat: initial; background-attachment: initial; background-origin: initial; background-clip: initial;">Pump Type\r\n&nbsp;&nbsp;&nbsp;&nbsp;: &nbsp;Self priming non clog pump<o:p></o:p></p><p class="MsoNormal" style="margin-bottom: 7.5pt; line-height: normal; background-image: initial; background-position: initial; background-size: initial; background-repeat: initial; background-attachment: initial; background-origin: initial; background-clip: initial;">Pump Model &nbsp; &nbsp;:\r\nKGEN 12 b 5<o:p></o:p></p><p class="MsoNormal" style="margin-bottom: 7.5pt; line-height: normal; background-image: initial; background-position: initial; background-size: initial; background-repeat: initial; background-attachment: initial; background-origin: initial; background-clip: initial;">Service&nbsp;&nbsp;&nbsp;&nbsp;&nbsp;&nbsp;&nbsp;&nbsp;&nbsp;&nbsp;\r\n: Transfer<o:p></o:p></p><p class="MsoNormal" style="margin-bottom: 7.5pt; line-height: normal; background-image: initial; background-position: initial; background-size: initial; background-repeat: initial; background-attachment: initial; background-origin: initial; background-clip: initial;">Make &nbsp;\r\n&nbsp;&nbsp;&nbsp;&nbsp;&nbsp;&nbsp;&nbsp;&nbsp;&nbsp;&nbsp;&nbsp;: Johnson<o:p></o:p></p><p class="MsoNormal" style="margin-bottom: 7.5pt; line-height: normal; background-image: initial; background-position: initial; background-size: initial; background-repeat: initial; background-attachment: initial; background-origin: initial; background-clip: initial;"><span style="background-color: transparent;">Scope of Supply : Pump\r\nwith Base frame,coupling and coupling guard</span><br></p><p class="MsoNormal" style="margin-bottom: 7.5pt; line-height: normal; background-image: initial; background-position: initial; background-size: initial; background-repeat: initial; background-attachment: initial; background-origin: initial; background-clip: initial;"><span style="font-family: Arial, sans-serif; font-size: 10pt; background-color: transparent;"><span style="font-weight: bold;">Pump Sr. No. :</span>&nbsp;B111388026</span></p><p class="MsoNormal" style="margin-bottom: 7.5pt; line-height: normal; background-image: initial; background-position: initial; background-size: initial; background-repeat: initial; background-attachment: initial; background-origin: initial; background-clip: initial;"><span style="font-family: Arial, sans-serif; font-size: 10pt; background-color: transparent;"><br></span></p><p class="MsoNormal" style="margin-bottom: 7.5pt; line-height: normal; background-image: initial; background-position: initial; background-size: initial; background-repeat: initial; background-attachment: initial; background-origin: initial; background-clip: initial;"><span style="font-family: Arial, sans-serif; font-size: 10pt; background-color: transparent;"><br></span></p><p class="MsoNormal" style="margin-bottom: 7.5pt; line-height: normal; background-image: initial; background-position: initial; background-size: initial; background-repeat: initial; background-attachment: initial; background-origin: initial; background-clip: initial;"><span style="font-family: Arial, sans-serif; font-size: 10pt; background-color: transparent;"><br></span></p><p class="MsoNormal" style="margin-bottom: 7.5pt; line-height: normal; background-image: initial; background-position: initial; background-size: initial; background-repeat: initial; background-attachment: initial; background-origin: initial; background-clip: initial;"><span style="font-family: Arial, sans-serif; font-size: 10pt; background-color: transparent;"><br></span></p><p class="MsoNormal" style="margin-bottom: 7.5pt; line-height: normal; background-image: initial; background-position: initial; background-size: initial; background-repeat: initial; background-attachment: initial; background-origin: initial; background-clip: initial;"><span style="font-family: Arial, sans-serif; font-size: 10pt; background-color: transparent;"><br></span></p><p class="MsoNormal" style="margin-bottom: 7.5pt; line-height: normal; background-image: initial; background-position: initial; background-size: initial; background-repeat: initial; background-attachment: initial; background-origin: initial; background-clip: initial;"><span style="font-family: Arial, sans-serif; font-size: 10pt; background-color: transparent;"><br></span></p><p class="MsoNormal" style="margin-bottom: 7.5pt; line-height: normal; background-image: initial; background-position: initial; background-size: initial; background-repeat: initial; background-attachment: initial; background-origin: initial; background-clip: initial;"><span style="font-family: Arial, sans-serif; font-size: 10pt; background-color: transparent;"><br></span></p><p class="MsoNormal" style="margin-bottom: 7.5pt; line-height: normal; background-image: initial; background-position: initial; background-size: initial; background-repeat: initial; background-attachment: initial; background-origin: initial; background-clip: initial;"><br></p>', 1, '16100.00', '16100.00', 0, 'Pending', '', '', 0);

-- --------------------------------------------------------

--
-- Table structure for table `items`
--

CREATE TABLE IF NOT EXISTS `items` (
  `id` int(10) NOT NULL AUTO_INCREMENT,
  `name` varchar(255) NOT NULL,
  `alias` varchar(50) NOT NULL,
  `item_category_id` int(10) NOT NULL,
  `item_group_id` int(10) NOT NULL,
  `item_sub_group_id` varchar(100) NOT NULL,
  `unit_id` int(11) NOT NULL,
  `ob_quantity` int(5) NOT NULL,
  `ob_rate` decimal(14,8) NOT NULL,
  `ob_value` decimal(20,8) NOT NULL,
  `freeze` tinyint(1) NOT NULL,
  `serial_number_enable` int(1) NOT NULL,
  `source` varchar(30) NOT NULL,
  `minimum_quantity` int(10) NOT NULL,
  `maximum_quantity` int(10) NOT NULL,
  `dynamic_cost` decimal(10,2) NOT NULL,
  `minimum_selling_price_factor` decimal(4,2) NOT NULL,
  PRIMARY KEY (`id`)
) ENGINE=InnoDB  DEFAULT CHARSET=latin1 AUTO_INCREMENT=1434 ;

--
-- Dumping data for table `items`
--

INSERT INTO `items` (`id`, `name`, `alias`, `item_category_id`, `item_group_id`, `item_sub_group_id`, `unit_id`, `ob_quantity`, `ob_rate`, `ob_value`, `freeze`, `serial_number_enable`, `source`, `minimum_quantity`, `maximum_quantity`, `dynamic_cost`, `minimum_selling_price_factor`) VALUES
(556, '0.5 HP / 1500 RPM REMI', '0.5 HP / 1500 RPM REMI', 3, 8, '5', 1, 0, '0.00000000', '0.00000000', 0, 0, 'Purchessed', 0, 0, '0.00', '0.00'),
(558, '1.50 HP / 1500 RPM REMI', '1.50 HP / 1500 RPM REMI', 3, 8, '5', 1, 0, '0.00000000', '0.00000000', 0, 0, 'Purchessed', 0, 0, '0.00', '0.00'),
(559, '2 HP / 1500 RPM REMI', '2 HP / 1500 RPM REMI', 3, 8, '5', 1, 1, '0.00000000', '0.00000000', 0, 1, 'Purchessed', 0, 0, '0.00', '0.00'),
(560, '3 HP / 1500 RPM REMI', '3 HP / 1500 RPM REMI', 3, 8, '5', 1, 0, '0.00000000', '0.00000000', 0, 0, 'Purchessed', 0, 0, '0.00', '0.00'),
(561, '5 HP / 1500 RPM REMI', '5 HP / 1500 RPM REMI', 3, 8, '5', 1, 0, '0.00000000', '0.00000000', 0, 0, 'Purchessed', 0, 0, '0.00', '0.00'),
(562, '7.50 HP / 1500 RPM REMI', '7.50 HP / 1500 RPM REMI', 3, 8, '5', 1, 0, '0.00000000', '0.00000000', 0, 0, 'Purchessed', 0, 0, '0.00', '0.00'),
(563, '10 HP / 1500 RPM REMI', '10 HP / 1500 RPM REMI', 3, 8, '5', 1, 0, '0.00000000', '0.00000000', 0, 0, 'Purchessed', 0, 0, '0.00', '0.00'),
(564, '12.50 HP / 1500 RPM REMI', '12.50 HP / 1500 RPM REMI', 3, 8, '5', 1, 0, '0.00000000', '0.00000000', 0, 0, 'Purchessed', 0, 0, '0.00', '0.00'),
(565, '20 HP / 1500 RPM REMI', '20 HP / 1500 RPM REMI', 3, 8, '5', 1, 0, '0.00000000', '0.00000000', 0, 0, 'Purchessed', 0, 0, '0.00', '0.00'),
(566, '1 HP / 3000 RPM REMI', '1 HP / 3000 RPM REMI', 3, 8, '5', 1, 1, '0.00000000', '0.00000000', 0, 1, 'Purchessed', 1, 1, '0.00', '0.00'),
(567, '1.50 HP / 3000 RPM REMI', '1.50 HP / 3000 RPM REMI', 3, 8, '5', 1, 0, '0.00000000', '0.00000000', 0, 0, 'Purchessed', 0, 0, '0.00', '0.00'),
(568, '2 HP / 3000 RPM REMI', '2 HP / 3000 RPM REMI', 3, 8, '5', 1, 0, '0.00000000', '0.00000000', 0, 0, 'Purchessed', 0, 0, '0.00', '0.00'),
(569, '3 HP / 3000 RPM REMI', '3 HP / 3000 RPM REMI', 3, 8, '5', 1, 1, '0.00000000', '0.00000000', 0, 1, 'Purchessed', 1, 1, '0.00', '0.00'),
(570, '5 HP / 3000 RPM REMI', '5 HP / 3000 RPM REMI', 3, 8, '5', 1, 1, '0.00000000', '0.00000000', 0, 1, 'Purchessed', 1, 1, '0.00', '0.00'),
(572, '10 HP / 3000 RPM REMI', '10 HP / 3000 RPM REMI', 3, 8, '5', 1, 0, '0.00000000', '0.00000000', 0, 0, 'Purchessed', 0, 0, '0.00', '0.00'),
(573, '12.50 HP / 3000 RPM REMI', '12.50 HP / 3000 RPM REMI', 3, 8, '5', 1, 0, '0.00000000', '0.00000000', 0, 0, 'Purchessed', 0, 0, '0.00', '0.00'),
(574, '20 HP / 3000 RPM REMI', '20 HP / 3000 RPM REMI', 3, 8, '5', 1, 0, '0.00000000', '0.00000000', 0, 0, 'Purchessed', 0, 0, '0.00', '0.00'),
(575, '15 HP / 3000 RPM REMI', '15 HP / 3000 RPM REMI', 3, 8, '5', 1, 1, '0.00000000', '0.00000000', 0, 1, 'Purchessed', 0, 0, '0.00', '0.00'),
(576, '2 HP / 32 RPM Geared Motor', '2 HP / 32 RPM Geared Motor', 3, 8, '5', 1, 0, '0.00000000', '0.00000000', 0, 0, 'Purchessed', 0, 0, '0.00', '0.00'),
(577, '1 HP / 1500 RPM BBL', '1 HP / 1500 RPM BBL', 3, 7, '4', 1, 0, '0.00000000', '0.00000000', 0, 0, 'Purchessed', 0, 0, '2242.40', '0.00'),
(578, '1.50 HP / 1500 RPM BBL', '1.50 HP / 1500 RPM BBL', 3, 7, '4', 1, 0, '0.00000000', '0.00000000', 0, 0, 'Purchessed', 0, 0, '0.00', '0.00'),
(579, '2 HP / 1500 RPM BBL', '2 HP / 1500 RPM BBL', 3, 7, '4', 1, 0, '0.00000000', '0.00000000', 0, 0, 'Purchessed', 0, 0, '0.00', '0.00'),
(580, '3 HP / 1500 RPM BBL', '3 HP / 1500 RPM BBL', 3, 7, '4', 1, 0, '0.00000000', '0.00000000', 0, 0, 'Purchessed', 0, 0, '0.00', '0.00'),
(581, '5 HP / 1500 RPM BBL', '5 HP / 1500 RPM BBL', 3, 7, '4', 1, 0, '0.00000000', '0.00000000', 0, 0, 'Purchessed', 0, 0, '0.00', '0.00'),
(582, '7.50 HP / 1500 RPM BBL', '7.50 HP / 1500 RPM BBL', 3, 7, '4', 1, 0, '0.00000000', '0.00000000', 0, 0, 'Purchessed', 0, 0, '0.00', '0.00'),
(583, '10 HP / 1500 RPM BBL', '10 HP / 1500 RPM BBL', 3, 7, '4', 1, 1, '0.00000000', '0.00000000', 0, 1, 'Purchessed', 0, 0, '0.00', '0.00'),
(584, '12.50 HP / 1500 RPM BBL', '12.50 HP / 1500 RPM BBL', 3, 7, '4', 1, 0, '0.00000000', '0.00000000', 0, 0, 'Purchessed', 0, 0, '0.00', '0.00'),
(585, '20 HP / 1500 RPM BBL', '20 HP / 1500 RPM BBL', 3, 7, '4', 1, 0, '0.00000000', '0.00000000', 0, 0, 'Purchessed', 0, 0, '0.00', '0.00'),
(586, '1 HP / 3000 RPM BBL', '1 HP / 3000 RPM BBL', 3, 7, '4', 1, 0, '0.00000000', '0.00000000', 0, 0, 'Purchessed', 0, 0, '0.00', '0.00'),
(587, '1.50 HP / 3000 RPM BBL', '1.50 HP / 3000 RPM BBL', 3, 7, '4', 1, 0, '0.00000000', '0.00000000', 0, 0, 'Purchessed', 0, 0, '0.00', '0.00'),
(588, '2 HP / 3000 RPM BBL', '2 HP / 3000 RPM BBL', 3, 7, '4', 1, 0, '0.00000000', '0.00000000', 0, 0, 'Purchessed', 0, 0, '0.00', '0.00'),
(589, '3 HP / 3000 RPM BBL', '3 HP / 3000 RPM BBL', 3, 7, '4', 1, 3, '0.00000000', '0.00000000', 0, 1, 'Purchessed', 0, 0, '0.00', '0.00'),
(590, '5 HP / 3000 RPM BBL', '5 HP / 3000 RPM BBL', 3, 7, '4', 1, 2, '0.00000000', '0.00000000', 0, 1, 'Purchessed', 0, 0, '0.00', '0.00'),
(591, '7.50 HP / 3000 RPM BBL', '7.50 HP / 3000 RPM BBL', 3, 7, '4', 1, 0, '0.00000000', '0.00000000', 0, 0, 'Purchessed', 0, 0, '0.00', '0.00'),
(592, '10 HP / 3000 RPM BBL', '10 HP / 3000 RPM BBL', 3, 7, '4', 1, 0, '0.00000000', '0.00000000', 0, 0, 'Purchessed', 0, 0, '0.00', '0.00'),
(593, '12.50 HP / 3000 RPM BBL', '12.50 HP / 3000 RPM BBL', 3, 7, '4', 1, 0, '0.00000000', '0.00000000', 0, 0, 'Purchessed', 0, 0, '0.00', '0.00'),
(594, '20 HP / 3000 RPM BBL', '20 HP / 3000 RPM BBL', 3, 7, '4', 1, 0, '0.00000000', '0.00000000', 0, 0, 'Purchessed', 0, 0, '0.00', '0.00'),
(595, '15 HP / 3000 RPM BBL', '15 HP / 3000 RPM BBL', 3, 7, '4', 1, 0, '0.00000000', '0.00000000', 0, 0, 'Purchessed', 0, 0, '0.00', '0.00'),
(596, '3 HP / 3000 RPM FLP CGL', '', 3, 14, '57', 1, 0, '0.00000000', '0.00000000', 0, 0, 'Purchessed', 0, 0, '0.00', '0.00'),
(597, '60 HP / 1500 RPM BBL', '60 HP / 1500 RPM BBL', 3, 7, '4', 1, 1, '0.00000000', '0.00000000', 0, 1, 'Purchessed', 0, 0, '0.00', '0.00'),
(598, '1 HP / 1500 RPM CGL Single Phase', '', 3, 14, '58', 1, 0, '0.00000000', '0.00000000', 0, 0, 'Purchessed', 0, 0, '0.00', '0.00'),
(599, 'RT 15 Gear Pump', 'RT 15 Gear Pump', 1, 2, '7', 1, 0, '0.00000000', '0.00000000', 0, 0, 'Purchessed', 0, 0, '0.00', '0.00'),
(600, 'RT 40 Gear Pump', 'RT 40 Gear Pump', 1, 2, '7', 1, 3, '4044.77333333', '12134.32000000', 0, 1, 'Purchessed', 1, 1, '4044.77', '1.10'),
(601, 'RT 80 Gear Pump', 'RT 80 Gear Pump', 1, 2, '7', 1, 7, '5224.04285714', '36568.00000000', 0, 1, 'Purchessed', 1, 1, '5224.04', '1.10'),
(602, 'RT 125/32 Gear Pump', 'RT 125/32 Gear Pump', 1, 2, '7', 1, 0, '0.00000000', '0.00000000', 0, 0, 'Purchessed', 0, 0, '0.00', '0.00'),
(603, 'RT 125/50 Gear Pump', 'RT 125/50 Gear Pump', 1, 2, '7', 1, 0, '0.00000000', '0.00000000', 0, 0, 'Purchessed', 0, 0, '0.00', '0.00'),
(604, 'RT 20 Gear Pump', 'RT 20 Gear Pump', 1, 2, '7', 1, 10, '3249.14200000', '32491.00000000', 0, 1, 'Purchessed', 1, 1, '3249.14', '1.10'),
(605, 'R 20 DG Gear Pump', 'R 20 DG Gear Pump', 1, 2, '7', 1, 0, '0.00000000', '0.00000000', 0, 0, 'Purchessed', 0, 0, '0.00', '0.00'),
(606, 'T3 S 45 Pump', 'T3 S 45 Pump', 1, 2, '8', 1, 0, '0.00000000', '0.00000000', 0, 0, 'Purchessed', 0, 0, '0.00', '0.00'),
(607, 'T3 S 38 Pump', 'T3 S 38 Pump', 1, 2, '8', 1, 0, '0.00000000', '0.00000000', 0, 0, 'Purchessed', 0, 0, '0.00', '0.00'),
(608, 'T3 S 52 Pump', 'T3 S 52 Pump', 1, 2, '8', 1, 0, '0.00000000', '0.00000000', 0, 0, 'Purchessed', 0, 0, '122400.00', '0.00'),
(609, 'T3 S 60 Pump', 'T3 S 60 Pump', 1, 2, '8', 1, 0, '0.00000000', '0.00000000', 0, 0, 'Purchessed', 0, 0, '0.00', '0.00'),
(610, 'T3 S 80 Pump', 'T3 S 80 Pump', 1, 2, '8', 1, 0, '0.00000000', '0.00000000', 0, 0, 'Purchessed', 0, 0, '0.00', '0.00'),
(611, 'T3 S 90 Pump', 'T3 S 90 Pump', 1, 2, '8', 1, 0, '0.00000000', '0.00000000', 0, 0, 'Purchessed', 0, 0, '0.00', '0.00'),
(612, 'Mechanical Seal T3 S 45', 'Mechanical Seal T3 S 45', 6, 15, '17', 1, 0, '0.00000000', '0.00000000', 0, 0, 'Purchessed', 0, 0, '0.00', '0.00'),
(613, 'Mechanical Seal T3 S 38', 'Mechanical Seal T3 S 38', 6, 15, '17', 1, 0, '0.00000000', '0.00000000', 0, 0, 'Purchessed', 0, 0, '0.00', '0.00'),
(614, 'Mechanical Seal T3 S 52', 'Mechanical Seal T3 S 52', 6, 15, '17', 1, 0, '0.00000000', '0.00000000', 0, 0, 'Purchessed', 0, 0, '0.00', '0.00'),
(615, 'Mechanical Seal T3 S 60', 'Mechanical Seal T3 S 60', 6, 15, '17', 1, 0, '0.00000000', '0.00000000', 0, 0, 'Purchessed', 0, 0, '0.00', '0.00'),
(616, 'Mechanical Seal T3 S 80', 'Mechanical Seal T3 S 80', 6, 15, '17', 1, 0, '0.00000000', '0.00000000', 0, 0, 'Purchessed', 0, 0, '0.00', '0.00'),
(617, 'Mechanical Seal T3 S 90', 'Mechanical Seal T3 S 90', 6, 15, '17', 1, 0, '0.00000000', '0.00000000', 0, 0, 'Purchessed', 0, 0, '0.00', '0.00'),
(618, 'T3 SFP 40/38', 'T3 SFP 40/38', 1, 2, '8', 1, 0, '0.00000000', '0.00000000', 0, 0, 'Purchessed', 0, 0, '0.00', '0.00'),
(619, 'T3 SFP 40/46', 'T3 SFP 40/46', 1, 2, '8', 1, 0, '0.00000000', '0.00000000', 0, 0, 'Purchessed', 0, 0, '0.00', '0.00'),
(620, 'T3 SFP 20/46', 'T3 SFP 20/46', 1, 2, '8', 1, 0, '0.00000000', '0.00000000', 0, 0, 'Purchessed', 0, 0, '0.00', '0.00'),
(621, 'Mechanical Seal T3 SFP', 'Mechanical Seal T3 SFP', 6, 15, '17', 1, 0, '0.00000000', '0.00000000', 0, 0, 'Purchessed', 0, 0, '0.00', '0.00'),
(622, 'T1 S 25.1', 'T1 S 25.1', 1, 2, '10', 1, 0, '0.00000000', '0.00000000', 0, 0, 'Purchessed', 0, 0, '0.00', '0.00'),
(623, 'T1 S 50.1', 'T1 S 50.1', 1, 2, '10', 1, 0, '0.00000000', '0.00000000', 0, 0, 'Purchessed', 0, 0, '0.00', '0.00'),
(624, 'T1 S 380.1', 'T1 S 380.1', 1, 2, '10', 1, 0, '0.00000000', '0.00000000', 0, 0, 'Purchessed', 0, 0, '0.00', '0.00'),
(625, 'T3 SA 38/46 JOP', 'T3 SA 38/46 JOP', 1, 2, '8', 1, 0, '0.00000000', '0.00000000', 0, 0, 'Purchessed', 0, 0, '0.00', '0.00'),
(626, 'IMO Pump', 'IMO Pump', 1, 2, '8', 1, 0, '0.00000000', '0.00000000', 0, 0, 'Purchessed', 0, 0, '0.00', '0.00'),
(627, 'R 50 SL Pump', 'R 50 SL Pump', 1, 2, '56', 1, 0, '0.00000000', '0.00000000', 0, 0, 'Purchessed', 0, 0, '0.00', '0.00'),
(628, 'R 100 SL  Pump', 'R 100 SL Pump', 1, 2, '56', 1, 0, '0.00000000', '0.00000000', 0, 0, 'Purchessed', 0, 0, '0.00', '0.00'),
(629, 'TRF 660 Pump', 'TRF 660 Pump', 1, 2, '8', 1, 0, '0.00000000', '0.00000000', 0, 0, 'Purchessed', 0, 0, '0.00', '0.00'),
(630, 'TRF 1700 Pump', '', 1, 22, '8', 1, 0, '0.00000000', '0.00000000', 0, 0, 'Purchessed', 0, 0, '0.00', '0.00'),
(631, 'TRF 2500 Pump', 'TRF 2500 Pump', 1, 2, '8', 1, 0, '0.00000000', '0.00000000', 0, 0, 'Purchessed', 0, 0, '0.00', '0.00'),
(632, 'TRF 1300 Pump', 'TRF 1300 Pump', 1, 2, '8', 1, 0, '0.00000000', '0.00000000', 0, 0, 'Purchessed', 0, 0, '0.00', '0.00'),
(633, 'TRF 660 Sealkit', 'TRF 660 Sealkit', 6, 15, '17', 3, 0, '0.00000000', '0.00000000', 0, 0, 'Purchessed', 0, 0, '0.00', '0.00'),
(634, 'TRF 1700 Sealkit', '', 6, 15, '17', 3, 0, '0.00000000', '0.00000000', 0, 0, 'Purchessed', 0, 0, '0.00', '0.00'),
(635, 'TRF 2500 Sealkit', 'TRF 2500 Sealkit', 6, 15, '17', 3, 0, '0.00000000', '0.00000000', 0, 0, 'Purchessed', 0, 0, '0.00', '0.00'),
(636, 'TRF 1300 Sealkit', 'TRF 1300 Sealkit', 6, 15, '17', 3, 0, '0.00000000', '0.00000000', 0, 0, 'Purchessed', 0, 0, '0.00', '0.00'),
(637, 'T 2003 H Pump', 'T 2003 H Pump', 1, 4, '53', 1, 0, '0.00000000', '0.00000000', 0, 0, 'Purchessed', 0, 0, '0.00', '0.00'),
(638, 'T 2504 Pump', 'T 2504 Pump', 1, 4, '53', 1, 0, '0.00000000', '0.00000000', 0, 0, 'Purchessed', 0, 0, '0.00', '0.00'),
(639, 'T 1503 H Pump', 'T 1503 H Pump', 1, 4, '53', 1, 0, '0.00000000', '0.00000000', 0, 0, 'Purchessed', 0, 0, '0.00', '0.00'),
(640, 'J 102 SP', 'J 102 SP', 1, 4, '53', 1, 0, '0.00000000', '0.00000000', 0, 0, 'Purchessed', 0, 0, '0.00', '0.00'),
(641, 'J 103', 'J 103', 1, 4, '53', 1, 0, '0.00000000', '0.00000000', 0, 0, 'Purchessed', 0, 0, '0.00', '0.00'),
(642, 'J 52', 'J 52', 1, 4, '53', 1, 0, '0.00000000', '0.00000000', 0, 0, 'Purchessed', 0, 0, '0.00', '0.00'),
(643, 'J 32', 'J 32', 1, 4, '53', 1, 0, '0.00000000', '0.00000000', 0, 0, 'Purchessed', 0, 0, '0.00', '0.00'),
(644, 'J 33', 'J 33', 1, 4, '53', 1, 0, '0.00000000', '0.00000000', 0, 0, 'Purchessed', 0, 0, '0.00', '0.00'),
(645, 'WW 101 With Control Panel', 'WW 101 With Control Panel', 1, 4, '52', 1, 1, '12364.74000000', '12365.00000000', 0, 1, 'Purchessed', 1, 1, '12364.74', '1.10'),
(646, 'WW 151', 'WW 151', 1, 4, '52', 1, 0, '0.00000000', '0.00000000', 0, 0, 'Purchessed', 0, 0, '0.00', '0.00'),
(647, 'WV 01 L/40', 'WV 01 L/40', 1, 4, '52', 1, 0, '0.00000000', '0.00000000', 0, 0, 'Purchessed', 0, 0, '0.00', '0.00'),
(649, 'NSRP 50 Pump Semi Open Impeller', 'NSRP 50 Pump Semi Open Impeller', 1, 5, '60', 1, 0, '0.00000000', '0.00000000', 0, 0, 'Purchessed', 0, 0, '0.00', '0.00'),
(650, 'NSRP 50 Pump Closed Impeller', 'NSRP 50 Pump Closed Impeller', 1, 5, '60', 1, 0, '0.00000000', '0.00000000', 0, 0, 'Purchessed', 0, 0, '0.00', '0.00'),
(651, 'NZ 25 125 Pump Closed Impeller', 'NZ 25 125 Pump Closed Impeller', 1, 5, '59', 1, 0, '0.00000000', '0.00000000', 0, 0, 'Purchessed', 0, 0, '0.00', '0.00'),
(652, 'NZ 32 125 Pump Closed Impeller', 'NZ 32 125 Pump Closed Impeller', 1, 5, '59', 1, 0, '0.00000000', '0.00000000', 0, 0, 'Purchessed', 0, 0, '0.00', '0.00'),
(653, 'NZ 50 125 Pump Closed Impeller', 'NZ 50 125 Pump Closed Impeller', 1, 5, '59', 1, 0, '0.00000000', '0.00000000', 0, 0, 'Purchessed', 0, 0, '0.00', '0.00'),
(654, 'NZ 25 160 Pump Closed Impeller', 'NZ 25 160 Pump Closed Impeller', 1, 5, '59', 1, 0, '0.00000000', '0.00000000', 0, 0, 'Purchessed', 0, 0, '0.00', '0.00'),
(655, 'NZ 32 160 Pump Closed Impeller', 'NZ 32 160 Pump Closed Impeller', 1, 5, '59', 1, 0, '0.00000000', '0.00000000', 0, 0, 'Purchessed', 0, 0, '0.00', '0.00'),
(656, 'NZ 50 160 Pump Closed Impeller', 'NZ 50 160 Pump Closed Impeller', 1, 5, '59', 1, 0, '0.00000000', '0.00000000', 0, 0, 'Purchessed', 0, 0, '0.00', '0.00'),
(658, 'NZ 50 200 Pump Closed Impeller', 'NZ 50 200 Pump Closed Impeller', 1, 5, '59', 1, 0, '0.00000000', '0.00000000', 0, 0, 'Purchessed', 0, 0, '0.00', '0.00'),
(659, 'NZ 25 125 Pump Semi Open Impeller', 'NZ 25 125 Pump Semi Open Impeller', 1, 5, '59', 1, 0, '0.00000000', '0.00000000', 0, 0, 'Purchessed', 0, 0, '0.00', '0.00'),
(660, 'NZ 32 125 Pump Semi Open Impeller', 'NZ 32 125 Pump Semi Open Impeller', 1, 5, '59', 1, 0, '0.00000000', '0.00000000', 0, 0, 'Purchessed', 0, 0, '0.00', '0.00'),
(661, 'NZ 50 125 Pump Semi Open Impeller', 'NZ 50 125 Pump Semi Open Impeller', 1, 5, '59', 1, 0, '0.00000000', '0.00000000', 0, 0, 'Purchessed', 0, 0, '0.00', '0.00'),
(663, 'NZ 32 160 Pump Semi Open Impeller', 'NZ 32 160 Pump Semi Open Impeller', 1, 5, '59', 1, 0, '0.00000000', '0.00000000', 0, 0, 'Purchessed', 0, 0, '0.00', '0.00'),
(664, 'NZ 50 160 Pump Semi Open Impeller', 'NZ 50 160 Pump Semi Open Impeller', 1, 5, '59', 1, 0, '0.00000000', '0.00000000', 0, 0, 'Purchessed', 0, 0, '0.00', '0.00'),
(665, 'NZ 25 160 Pump Semi Open Impeller', 'NZ 25 160 Pump Semi Open Impeller', 1, 5, '59', 1, 0, '0.00000000', '0.00000000', 0, 0, 'Purchessed', 0, 0, '0.00', '0.00'),
(666, 'NZ 50 200 Pump Semi Open Impeller', 'NZ 50 200 Pump Semi Open Impeller', 1, 5, '59', 1, 0, '0.00000000', '0.00000000', 0, 0, 'Purchessed', 0, 0, '0.00', '0.00'),
(667, 'Mechanical Seal 1" Antico', 'Mechanical seal 1" Antico', 6, 17, '33', 1, 0, '0.00000000', '0.00000000', 0, 0, 'Purchessed', 2, 3, '0.00', '0.00'),
(668, 'Mechanical Seal 1.125" Antico', 'Mechanical seal 1.125" Antico', 6, 17, '33', 1, 0, '0.00000000', '0.00000000', 0, 0, 'Purchessed', 2, 3, '0.00', '0.00'),
(669, 'Mechanical Seal 1.375" Antico', 'Mechanical Seal 1.375" Antico', 6, 17, '16', 1, 4, '2907.00000000', '11628.00000000', 0, 0, 'Purchessed', 1, 1, '2907.00', '1.10'),
(670, 'Mechanical Seal 1.625" Antico', 'Mechanical Seal 1.625" Antico', 6, 17, '15', 1, 3, '8262.00000000', '24786.00000000', 0, 0, 'Purchessed', 1, 1, '8262.00', '1.10'),
(671, 'Mechanical seal 1.875" Antico', '', 6, 17, '15', 1, 0, '0.00000000', '0.00000000', 0, 0, 'Purchessed', 2, 3, '0.00', '0.00'),
(672, 'Shaft Sleeve Ceramic 1" Antico', 'Shaft Sleeve Ceramic 1" Antico', 6, 17, '33', 1, 0, '0.00000000', '0.00000000', 0, 0, 'Purchessed', 2, 2, '0.00', '0.00'),
(673, 'Shaft Sleeve Ceramic 1.125" Antico', 'Shaft Sleeve Ceramic 1.125" Antico', 6, 17, '33', 1, 0, '0.00000000', '0.00000000', 0, 0, 'Purchessed', 2, 2, '0.00', '0.00'),
(674, 'Shaft Sleeve Ceramic 1.375" Antico', 'Shaft Sleeve Ceramic 1.375" Antico', 6, 17, '16', 1, 0, '0.00000000', '0.00000000', 0, 0, 'Purchessed', 2, 3, '0.00', '0.00'),
(675, 'Shaft Sleeve Ceramic 1.625" Antico', 'Shaft Sleeve Ceramic 1.625" Antico', 6, 17, '15', 1, 4, '2926.00000000', '11704.00000000', 0, 0, 'Purchessed', 1, 1, '2926.00', '1.10'),
(676, 'Shaft Sleeve Ceramic 1.875" Antico', 'Shaft Sleeve Ceramic 1.875" Antico', 6, 17, '15', 1, 0, '0.00000000', '0.00000000', 0, 0, 'Purchessed', 2, 3, '0.00', '0.00'),
(677, 'KGEN 11 3 G1', 'KGEN 11 3 G1', 1, 1, '21', 1, 0, '0.00000000', '0.00000000', 0, 0, 'Purchessed', 10, 10, '0.00', '0.00'),
(678, 'KGEN 11 3 G6', '', 1, 1, '21', 1, 0, '0.00000000', '0.00000000', 0, 0, 'Purchessed', 10, 10, '0.00', '0.00'),
(679, 'KGEN 11 4 G1', 'KGEN 11 4 G1', 1, 1, '21', 1, 0, '0.00000000', '0.00000000', 0, 0, 'Purchessed', 10, 10, '0.00', '0.00'),
(680, 'KGEN 11 4 G6', 'KGEN 11 4 G6', 1, 1, '21', 1, 0, '0.00000000', '0.00000000', 0, 0, 'Purchessed', 10, 10, '0.00', '0.00'),
(681, 'KGEN 12 5 G1', 'KGEN 12 5 G1', 1, 1, '21', 1, 10, '7498.00000000', '74982.70000000', 0, 1, 'Purchessed', 1, 1, '7498.27', '1.10'),
(682, 'KGEN 12 5 G6', 'KGEN 12 5 G6', 1, 1, '21', 1, 4, '9566.00000000', '38264.00000000', 0, 1, 'Purchessed', 1, 1, '9566.00', '1.10'),
(683, 'KGEN 12b 5 G1', 'KGEN 12b 5 G1', 1, 1, '21', 1, 0, '0.00000000', '0.00000000', 0, 1, 'Purchessed', 0, 0, '0.00', '0.00'),
(684, 'KGEN 16 3 G1', 'KGEN 16 3 G1', 1, 1, '21', 1, 3, '7156.00000000', '21469.50000000', 0, 1, 'Purchessed', 1, 1, '7156.50', '1.10'),
(685, 'KGEN 16 6 G1', 'KGEN 16 6 G1', 1, 1, '21', 1, 12, '10412.00000000', '124945.08000000', 0, 1, 'Purchessed', 1, 1, '10412.09', '1.10'),
(686, 'KGEN 14 8 G1', 'KGEN 14 8 G1', 1, 1, '21', 1, 10, '11155.00000000', '111550.00000000', 0, 1, 'Purchessed', 1, 1, '111155.00', '0.00'),
(687, 'KGEN 15 6 G1', 'KGEN 15 6 G1', 1, 1, '21', 1, 0, '0.00000000', '0.00000000', 0, 0, 'Purchessed', 10, 10, '0.00', '0.00'),
(688, 'KGEN 25N 10 G1', 'KGEN 25N 10 G1', 1, 1, '21', 1, 1, '52895.67000000', '52895.67000000', 0, 1, 'Purchessed', 1, 1, '52894.67', '1.10'),
(689, 'KGEN 25N 10 G6', 'KGEN 25N 10 G6', 1, 1, '21', 1, 2, '47314.00000000', '94628.00000000', 0, 1, 'Purchessed', 1, 1, '47314.00', '1.10'),
(690, 'KGEN 21 8 G1', 'KGEN 21 8 G1', 1, 1, '21', 1, 2, '29777.00000000', '59554.80000000', 0, 1, 'Purchessed', 1, 1, '29777.40', '1.10'),
(691, 'KGEN 15 6 G6', 'KGEN 15 6 G6', 1, 1, '21', 1, 0, '0.00000000', '0.00000000', 0, 0, 'Purchessed', 3, 3, '0.00', '0.00'),
(692, 'KGEN 12 6 G1', 'KGEN 12 6 G1', 1, 1, '21', 1, 0, '0.00000000', '0.00000000', 0, 0, 'Purchessed', 10, 10, '0.00', '0.00'),
(693, 'CN 25 125 G1 S2 L3', 'CN 25 125 G1 S2 L3', 1, 1, '1', 1, 1, '7160.00000000', '7160.00000000', 0, 1, 'Purchessed', 1, 1, '7160.00', '1.10'),
(694, 'CN 25 160 G1 S2 L3', 'CN 25 160 G1 S2 L3', 1, 1, '1', 1, 0, '0.00000000', '0.00000000', 0, 0, 'Purchessed', 0, 0, '0.00', '0.00'),
(695, 'CN 32 160 G1 S2 L3', 'CN 32 160 G1 S2 L3', 1, 1, '1', 1, 4, '9348.00000000', '37393.72000000', 0, 1, 'Purchessed', 1, 1, '9348.43', '1.10'),
(696, 'CN 40 160 G1 S2 L3', 'CN 40 160 G1 S2 L3', 1, 1, '1', 1, 0, '0.00000000', '0.00000000', 0, 0, 'Purchessed', 1, 1, '0.00', '0.00'),
(697, 'CN 50 160 G1 S2 L3', 'CN 50 160 G1 S2 L3', 1, 1, '1', 1, 0, '0.00000000', '0.00000000', 0, 0, 'Purchessed', 1, 1, '0.00', '0.00'),
(698, 'CN 65 160 G1 S2 L3', 'CN 65 160 G1 S2 L3', 1, 1, '1', 1, 2, '13554.00000000', '27108.24000000', 0, 1, 'Purchessed', 1, 1, '13554.12', '1.10'),
(699, 'CN 80 160 G1 S2 L3', 'CN 80 160 G1 S2 L3', 1, 1, '1', 1, 1, '11400.00000000', '11400.00000000', 0, 1, 'Purchessed', 1, 1, '11400.00', '1.10'),
(700, 'CN 100 160 G1 S2 L3', 'CN 100 160 G1 S2 L3', 1, 1, '1', 1, 0, '0.00000000', '0.00000000', 0, 0, 'Purchessed', 0, 0, '0.00', '0.00'),
(701, 'CN 32 160 G1 S2 L1', 'CN 32 160 G1 S2 L1', 1, 1, '1', 1, 0, '0.00000000', '0.00000000', 0, 0, 'Purchessed', 3, 3, '0.00', '0.00'),
(702, 'CN 40 160 G1 S2 L1', 'CN 40 160 G1 S2 L1', 1, 1, '1', 1, 1, '8367.00000000', '8367.50000000', 0, 1, 'Purchessed', 1, 1, '8367.50', '1.10'),
(703, 'CN 50 160 G1 S2 L1', 'CN 50 160 G1 S2 L1', 1, 1, '1', 1, 1, '9245.00000000', '9245.00000000', 0, 1, 'Purchessed', 1, 1, '9245.00', '1.10'),
(704, 'CB 32 160 G1', 'CB 32 160 G1', 1, 1, '61', 1, 1, '5610.00000000', '5610.00000000', 0, 1, 'Purchessed', 1, 1, '5610.00', '1.10'),
(705, 'CB 40 160 G1', 'CB 40 160 G1', 1, 1, '61', 1, 1, '8318.00000000', '8318.00000000', 0, 1, 'Purchessed', 1, 1, '8318.00', '1.10'),
(706, 'CB 40 200 G1', 'CB 40 200 G1', 1, 1, '61', 1, 1, '9190.00000000', '9190.00000000', 0, 1, 'Purchessed', 1, 1, '9190.00', '1.10'),
(707, 'CB 80 200 G1', 'CB 80 200 G1', 1, 1, '61', 1, 0, '0.00000000', '0.00000000', 0, 0, 'Purchessed', 1, 1, '0.00', '0.00'),
(708, 'CB 200 200 G1', 'CB 200 200 G1', 1, 1, '61', 1, 2, '22380.00000000', '44760.00000000', 0, 1, 'Purchessed', 1, 1, '22380.00', '1.10'),
(709, 'CN 32 200 G1 S2 L3', 'CN 32 200 G1 S2 L3', 1, 1, '1', 1, 3, '11172.00000000', '33518.64000000', 0, 1, 'Purchessed', 1, 1, '11172.88', '1.10'),
(710, 'CN 32 125 G1 S2 L1', 'CN 32 125 G1 S2 L1', 1, 1, '1', 1, 0, '0.00000000', '0.00000000', 0, 0, 'Purchessed', 0, 0, '0.00', '0.00'),
(711, 'CN 40 125 G1 S2 L1', 'CN 40 125 G1 S2 L1', 1, 1, '1', 1, 0, '0.00000000', '0.00000000', 0, 0, 'Purchessed', 0, 0, '0.00', '0.00'),
(712, 'CN 50 125 G1 S2 L1', 'CN 50 125 G1 S2 L1', 1, 1, '1', 1, 0, '0.00000000', '0.00000000', 0, 0, 'Purchessed', 0, 0, '0.00', '0.00'),
(713, 'CN 65 125 G1 S2 L1', 'CN 65 125 G1 S2 L1', 1, 1, '1', 1, 0, '0.00000000', '0.00000000', 0, 0, 'Purchessed', 0, 0, '0.00', '0.00'),
(714, 'CN 40 200 G1 S2 L3', 'CN 40 200 G1 S2 L3', 1, 1, '1', 1, 1, '11369.00000000', '11369.42000000', 0, 1, 'Purchessed', 1, 1, '11369.42', '1.10'),
(715, 'CN 50 200 G1 S2 L3', 'CN 50 200 G1 S2 L3', 1, 1, '1', 1, 3, '12959.00000000', '38877.59000000', 0, 1, 'Purchessed', 1, 1, '12959.86', '1.10'),
(716, 'CN 65 200 G1 S2 L3', 'CN 65 200 G1 S2 L3', 1, 1, '1', 1, 2, '13887.00000000', '27774.80000000', 0, 1, 'Purchessed', 1, 1, '13887.40', '1.10'),
(717, 'CN 80 200 G1 S2 L3', 'CN 80 200 G1 S2 L3', 1, 1, '1', 1, 1, '16400.00000000', '16400.00000000', 0, 1, 'Purchessed', 1, 1, '16400.00', '1.10'),
(718, 'CN 100 200 G1 S2 L3', 'CN 100 200 G1 S2 L3', 1, 1, '1', 1, 0, '0.00000000', '0.00000000', 0, 0, 'Purchessed', 0, 0, '0.00', '0.00'),
(719, 'CN 40 250 G1 S2 L3', 'CN 40 250 G1 S2 L3', 1, 1, '1', 1, 1, '13500.00000000', '13500.00000000', 0, 1, 'Purchessed', 1, 1, '13500.00', '1.10'),
(720, 'CN 50 250 G1 S2 L3', 'CN 50 250 G1 S2 L3', 1, 1, '1', 1, 1, '13586.00000000', '13586.17000000', 0, 1, 'Purchessed', 1, 1, '13586.17', '1.10'),
(721, 'CN 200 200 G1 S2 L3', 'CN 200 200 G1 S2 L3', 1, 1, '1', 1, 1, '29804.00000000', '29804.00000000', 0, 1, 'Purchessed', 1, 1, '29804.00', '1.10'),
(722, 'CN 125 315 G1 S2 L3', 'CN 125 315 G1 S2 L3', 1, 1, '1', 1, 1, '26701.00000000', '26701.50000000', 0, 1, 'Purchessed', 1, 1, '26701.50', '1.10'),
(723, 'CN 100 315 G1 S2 L3', 'CN 100 315 G1 S2 L3', 1, 1, '1', 1, 1, '25200.00000000', '25200.00000000', 0, 1, 'Purchessed', 1, 1, '25200.00', '1.10'),
(724, 'CCR 32 200 R6 S2 L3', 'CCR 32 200 R6 S2 L3', 1, 1, '2', 1, 2, '28844.00000000', '57688.00000000', 0, 1, 'Purchessed', 1, 1, '28844.00', '1.10'),
(725, 'CCR 32 250 R6 M2 L3', 'CCR 32 250 R6 M2 L3', 1, 1, '2', 1, 1, '67000.00000000', '67000.00000000', 0, 1, 'Purchessed', 1, 1, '67000.00', '1.10'),
(726, 'CCR 40 200 R6 S2 L3', 'CCR 40 200 R6 S2 L3', 1, 1, '2', 1, 0, '0.00000000', '0.00000000', 0, 0, 'Purchessed', 2, 2, '0.00', '0.00'),
(727, 'CCR 50 200 R6 S2 L3', 'CCR 50 200 R6 S2 L3', 1, 1, '2', 1, 2, '34244.00000000', '68488.00000000', 0, 1, 'Purchessed', 1, 1, '34244.00', '1.10'),
(728, 'CCR 65 200 R6 S2 L3', 'CCR 65 200 R6 S2 L3', 1, 1, '2', 1, 0, '0.00000000', '0.00000000', 0, 0, 'Purchessed', 0, 0, '0.00', '0.00'),
(729, 'CCR 25 125 R6 S2 L3', 'CCR 25 125 R6 S2 L3', 1, 1, '2', 1, 0, '0.00000000', '0.00000000', 0, 0, 'Purchessed', 2, 2, '0.00', '0.00'),
(730, 'CCR 25 160 R6 S2 L3', 'CCR 25 160 R6 S2 L3', 1, 1, '2', 1, 0, '0.00000000', '0.00000000', 0, 0, 'Purchessed', 1, 1, '0.00', '0.00'),
(731, 'CCR 32 160 R6 S2 L3', 'CCR 32 160 R6 S2 L3', 1, 1, '2', 1, 0, '0.00000000', '0.00000000', 0, 0, 'Purchessed', 2, 2, '0.00', '0.00'),
(732, 'CCR 40 160 R6 S2 L3', 'CCR 40 160 R6 S2 L3', 1, 1, '2', 1, 1, '63029.00000000', '63029.00000000', 0, 1, 'Purchessed', 1, 1, '63029.00', '1.10'),
(733, 'CCR 50 160 R6 S2 L3', 'CCR 50 160 R6 S2 L3', 1, 1, '2', 1, 0, '0.00000000', '0.00000000', 0, 0, 'Purchessed', 1, 1, '0.00', '0.00'),
(734, 'CCR 65 160 R6 S2 L3', 'CCR 65 160 R6 S2 L3', 1, 1, '2', 1, 1, '58404.00000000', '58404.00000000', 0, 1, 'Purchessed', 1, 1, '58404.00', '1.10'),
(735, 'CCR 32 125 R6 S2 L3', 'CCR 32 125 R6 S2 L3', 1, 1, '2', 1, 0, '0.00000000', '0.00000000', 0, 0, 'Purchessed', 0, 0, '0.00', '0.00'),
(736, 'CCR 65 160 R1 S2 L3', '', 1, 1, '2', 1, 0, '0.00000000', '0.00000000', 0, 0, 'Purchessed', 0, 0, '0.00', '0.00'),
(737, 'CCR 50 200 R6A S2 L6', 'CCR 50 200 R6A S2 L6', 1, 1, '2', 1, 0, '0.00000000', '0.00000000', 0, 0, 'Purchessed', 0, 0, '0.00', '0.00'),
(738, 'CCR 32 160 R6A M2 L6', 'CCR 32 160 R6A M2 L6', 1, 1, '2', 1, 1, '53347.00000000', '53347.00000000', 0, 1, 'Purchessed', 1, 1, '53347.00', '1.10'),
(739, 'MCH / MCV 12', 'MCH / MCV 12', 1, 1, '3', 1, 0, '0.00000000', '0.00000000', 0, 0, 'Purchessed', 0, 0, '0.00', '0.00'),
(740, 'MCH / MCV 16', 'MCH / MCV 16', 1, 1, '3', 1, 0, '0.00000000', '0.00000000', 0, 0, 'Purchessed', 0, 0, '0.00', '0.00'),
(741, 'MCH / MCV 20', 'MCH / MCV 20', 1, 1, '3', 1, 0, '0.00000000', '0.00000000', 0, 0, 'Purchessed', 0, 0, '0.00', '0.00'),
(742, 'MCH / MCV 12 With Motor', 'MCH / MCV 12 with Motor', 7, 26, '36', 3, 0, '0.00000000', '0.00000000', 0, 0, 'Purchessed/Manufactured', 0, 0, '0.00', '0.00'),
(743, 'MCH / MCV 14 With Motor', 'MCH / MCV 14 with Motor', 7, 26, '36', 3, 0, '0.00000000', '0.00000000', 0, 0, 'Purchessed/Manufactured', 0, 0, '0.00', '0.00'),
(744, 'MCH / MCV 16 With Motor', 'MCH / MCV 16 with Motor', 7, 26, '36', 3, 0, '0.00000000', '0.00000000', 0, 0, 'Purchessed/Manufactured', 0, 0, '0.00', '0.00'),
(745, 'MCH / MCV 20 With Motor', 'MCH / MCV 20 with Motor', 7, 26, '36', 3, 0, '0.00000000', '0.00000000', 0, 0, 'Purchessed/Manufactured', 0, 0, '0.00', '0.00'),
(746, 'Bearing Housing KGEN 11 3 To 11 4', 'Bearing Housing KGEN 11 3 To 11 4', 6, 16, '11', 1, 0, '0.00000000', '0.00000000', 0, 0, 'Purchessed', 5, 5, '0.00', '0.00'),
(747, 'Bearing Housing KGEN 12 5 To 16 6', 'Bearing Housing KGEN 12 5 To 16 6', 6, 16, '11', 1, 6, '1292.00000000', '7752.00000000', 0, 0, 'Purchessed', 1, 1, '1292.00', '1.10'),
(748, 'Bearing Cover KGEN 11 3 To 11 4', 'Bearing Cover KGEN 11 3 To 11 4', 6, 16, '11', 1, 9, '30.00000000', '270.00000000', 0, 0, 'Purchessed', 1, 1, '30.00', '1.10'),
(749, 'Bearing Cover KGEN 12 5 To 16 6', 'Bearing Cover KGEN 12 5 To 16 6', 6, 16, '11', 1, 4, '51.00000000', '204.00000000', 0, 0, 'Purchessed', 1, 1, '51.00', '1.10'),
(750, 'Oil Seal KGEN 11 3 To 11 4', 'Oil Seal KGEN 11 3 To 11 4', 6, 16, '11', 1, 7, '16.00000000', '112.00000000', 0, 0, 'Purchessed', 1, 1, '16.00', '1.10'),
(751, 'Oil Seal KGEN 12 5 To 16 6', 'Oil Seal KGEN 12 5 To 16 6', 6, 16, '11', 1, 12, '22.00000000', '264.00000000', 0, 0, 'Purchessed', 1, 1, '22.00', '1.10'),
(752, 'Intermediate Cover KGEN 11 3 To 11 4', 'Intermediate Cover KGEN 11 3 To 11 4', 6, 16, '11', 1, 6, '348.58333333', '2091.50000000', 0, 0, 'Purchessed', 1, 1, '348.58', '1.10'),
(753, 'Intermediate Cover KGEN 12 5 To 16 6', 'Intermediate Cover KGEN 12 5 To 16 6', 6, 16, '11', 1, 0, '0.00000000', '0.00000000', 0, 0, 'Purchessed', 0, 0, '0.00', '0.00'),
(754, 'Intermediate Cover KGEN 25n 10', 'Intermediate Cover KGEN 25n 10', 6, 16, '11', 1, 1, '1806.00000000', '1806.00000000', 0, 0, 'Purchessed', 1, 1, '1806.00', '1.10'),
(755, 'Mechanical Seal KGEN 11 3 To 11 4', 'Mechanical Seal KGEN 11 3 To 11 4', 6, 16, '11', 1, 0, '0.00000000', '0.00000000', 0, 0, 'Purchessed', 0, 0, '0.00', '0.00'),
(756, 'Mechanical Seal KGEN 12 5 To 16 6', 'Mechanical Seal KGEN 12 5 To 16 6', 6, 16, '11', 1, 2, '721.57000000', '1443.00000000', 0, 0, 'Purchessed', 10, 10, '721.57', '1.10'),
(757, 'Suction Cover KGEN 11 3', 'Suction Cover KGEN 11 3 ', 6, 16, '11', 1, 5, '314.00000000', '1570.00000000', 0, 0, 'Purchessed', 1, 1, '314.00', '1.10'),
(758, 'Suction Cover KGEN 12 5 & 12b 5', 'Suction Cover KGEN 12 5 & 12b 5', 6, 16, '11', 1, 6, '430.34000000', '2582.04000000', 0, 0, 'Purchessed', 1, 1, '430.34', '1.10'),
(759, 'Suction Cover KGEN 12 6, 15 6 & 16 6', 'Suction Cover KGEN 12 6, 15 6 & 16 6', 6, 16, '11', 1, 0, '0.00000000', '0.00000000', 0, 0, 'Purchessed', 0, 0, '0.00', '0.00'),
(760, 'Suction Cover KGEN 14 8', 'Suction Cover KGEN 14 8', 6, 16, '11', 1, 1, '1140.00000000', '1140.00000000', 0, 0, 'Purchessed', 1, 1, '1140.00', '1.10'),
(761, 'Window Cover KGEN 12 5 To 16 6', 'Window Cover KGEN 12 5 To 16 6', 6, 16, '11', 1, 1, '500.00000000', '500.00000000', 0, 0, 'Purchessed', 1, 1, '500.00', '1.10'),
(762, 'Valve Assembly KGEN 11 3', 'Valve Assembly KGEN 11 3', 6, 16, '11', 1, 0, '0.00000000', '0.00000000', 0, 0, 'Purchessed', 5, 5, '0.00', '0.00'),
(763, 'Valve Assembly KGEN 11 4', 'Valve Assembly KGEN 11 4', 6, 16, '11', 1, 13, '130.40000000', '1695.20000000', 0, 0, 'Purchessed', 1, 1, '130.40', '1.10'),
(764, 'Valve Assembly KGEN 12 5 & 12b 5', 'Valve Assembly KGEN 12 5 & 12b 5', 6, 16, '11', 1, 10, '186.96900000', '1869.69000000', 0, 0, 'Purchessed', 1, 1, '186.97', '1.10'),
(765, 'Valve Assembly KGEN 12 6, 15 6 & 16 6', 'Valve Assembly KGEN 12 6, 15 6 & 16 6', 6, 16, '11', 1, 0, '0.00000000', '0.00000000', 0, 0, 'Purchessed', 5, 5, '0.00', '0.00'),
(766, 'Valve Assembly KGEN 14 8', 'Valve Assembly KGEN 14 8', 6, 16, '11', 1, 8, '590.67500000', '4725.40000000', 0, 0, 'Purchessed', 1, 1, '590.68', '1.10'),
(767, 'Shaft KGEN 11 3 To 11 4', 'Shaft KGEN 11 3 to 11 4', 6, 16, '11', 1, 0, '0.00000000', '0.00000000', 0, 0, 'Purchessed/Manufactured', 2, 2, '0.00', '0.00'),
(768, 'Shaft KGEN 12 5 To 16 6', 'Shaft KGEN 12 5 to 16 6', 6, 16, '11', 1, 0, '0.00000000', '0.00000000', 0, 0, 'Purchessed/Manufactured', 2, 2, '0.00', '0.00'),
(769, 'Shaft KGEN 25n 10', 'Shaft KGEN 25n 10', 6, 16, '11', 1, 0, '0.00000000', '0.00000000', 0, 0, 'Purchessed/Manufactured', 1, 1, '0.00', '0.00'),
(770, 'CI Impeller KGEN 11 3', 'CI Impeller KGEN 11 3', 6, 16, '11', 1, 10, '408.52700000', '4085.27000000', 0, 0, 'Purchessed', 1, 1, '408.53', '1.10'),
(771, 'CI Impeller KGEN 11 4', 'CI Impeller KGEN 11 4', 6, 16, '11', 1, 0, '0.00000000', '0.00000000', 0, 0, 'Purchessed', 0, 0, '0.00', '0.00'),
(772, 'CI Impeller KGEN 12 5', 'CI Impeller KGEN 12 5', 6, 16, '11', 1, 17, '567.17647059', '9642.00000000', 0, 0, 'Purchessed', 1, 1, '567.18', '1.10'),
(773, 'CI Impeller KGEN 12b 5', 'CI Impeller KGEN 12b 5', 6, 16, '11', 1, 1, '549.37000000', '549.37000000', 0, 0, 'Purchessed', 1, 1, '549.37', '1.10'),
(774, 'CI Impeller KGEN 12 6', 'CI Impeller KGEN 12 6', 6, 16, '11', 1, 7, '540.00000000', '3780.00000000', 0, 0, 'Purchessed', 1, 1, '540.00', '1.10'),
(775, 'CI Impeller KGEN 15 6', 'CI Impeller KGEN 15 6', 6, 16, '11', 1, 0, '0.00000000', '0.00000000', 0, 0, 'Purchessed', 5, 5, '0.00', '0.00'),
(776, 'CI Impeller KGEN 14 8', 'CI Impeller KGEN 14 8', 6, 16, '11', 1, 5, '606.30400000', '3031.52000000', 0, 0, 'Purchessed', 1, 1, '606.30', '1.10'),
(777, 'CI Impeller KGEN 16 6', 'CI Impeller KGEN 16 6', 6, 16, '11', 1, 0, '0.00000000', '0.00000000', 0, 0, 'Purchessed', 5, 5, '0.00', '0.00'),
(778, 'CI Impeller KGEN 16 3', 'CI Impeller KGEN 16 3', 6, 16, '11', 1, 4, '854.00000000', '3416.00000000', 0, 0, 'Purchessed', 1, 1, '854.00', '1.10'),
(779, 'CI Impeller KGEN 21 8', 'CI Impeller KGEN 21 8', 6, 16, '11', 1, 0, '0.00000000', '0.00000000', 0, 0, 'Purchessed', 0, 0, '0.00', '0.00'),
(780, 'CI Impeller KGEN 25n 10', 'CI Impeller KGEN 25n 10', 6, 16, '11', 1, 1, '1581.00000000', '1581.00000000', 0, 0, 'Purchessed', 1, 1, '1581.00', '1.10'),
(781, 'SS Impeller KGEN 11 3', 'SS Impeller KGEN 11 3', 6, 16, '11', 1, 0, '0.00000000', '0.00000000', 0, 0, 'Purchessed', 2, 2, '0.00', '0.00'),
(782, 'SS Impeller KGEN 11 4', 'SS Impeller KGEN 11 4', 6, 16, '11', 1, 0, '0.00000000', '0.00000000', 0, 0, 'Purchessed', 2, 2, '0.00', '0.00'),
(783, 'SS Impeller KGEN 12 5', 'SS Impeller KGEN 12 5', 6, 16, '11', 1, 0, '0.00000000', '0.00000000', 0, 0, 'Purchessed', 2, 2, '0.00', '0.00'),
(784, 'SS Impeller KGEN 12b 5', 'SS Impeller KGEN 12b 5', 6, 16, '11', 1, 0, '0.00000000', '0.00000000', 0, 0, 'Purchessed', 2, 2, '0.00', '0.00'),
(785, 'SS Impeller KGEN 12 6', 'SS Impeller KGEN 12 6', 6, 16, '11', 1, 0, '0.00000000', '0.00000000', 0, 0, 'Purchessed', 2, 2, '0.00', '0.00'),
(786, 'SS Impeller KGEN 15 6', 'SS Impeller KGEN 15 6', 6, 16, '11', 1, 0, '0.00000000', '0.00000000', 0, 0, 'Purchessed', 2, 2, '0.00', '0.00'),
(787, 'SS Impeller KGEN 14 8', 'SS Impeller KGEN 14 8', 6, 16, '11', 1, 0, '0.00000000', '0.00000000', 0, 0, 'Purchessed', 2, 2, '0.00', '0.00'),
(788, 'SS Impeller KGEN 16 6', 'SS Impeller KGEN 16 6', 6, 16, '11', 1, 0, '0.00000000', '0.00000000', 0, 0, 'Purchessed', 2, 2, '0.00', '0.00'),
(789, 'SS Impeller KGEN 16 3', 'SS Impeller KGEN 16 3', 6, 16, '11', 1, 0, '0.00000000', '0.00000000', 0, 0, 'Purchessed', 0, 0, '0.00', '0.00'),
(790, 'SS Impeller KGEN 21 8', 'SS Impeller KGEN 21 8', 6, 16, '11', 1, 0, '0.00000000', '0.00000000', 0, 0, 'Purchessed', 0, 0, '0.00', '0.00'),
(791, 'SS Impeller KGEN 25n 10', 'SS Impeller KGEN 25n 10', 6, 16, '11', 1, 0, '0.00000000', '0.00000000', 0, 0, 'Purchessed', 1, 1, '0.00', '0.00'),
(792, 'Pump Casing KGEN 11 3', 'Pump Casing KGEN 11 3', 6, 16, '11', 1, 0, '0.00000000', '0.00000000', 0, 0, 'Purchessed', 0, 0, '0.00', '0.00'),
(793, 'Pump Casing KGEN 11 4', 'Pump Casing KGEN 11 4', 6, 16, '11', 1, 0, '0.00000000', '0.00000000', 0, 0, 'Purchessed', 0, 0, '0.00', '0.00'),
(794, 'Pump Casing KGEN 12 5', 'Pump Casing KGEN 12 5', 6, 16, '11', 1, 0, '0.00000000', '0.00000000', 0, 0, 'Purchessed', 0, 0, '0.00', '0.00'),
(795, 'Pump Casing KGEN 12b 5', 'Pump Casing KGEN 12b 5', 6, 16, '11', 1, 0, '0.00000000', '0.00000000', 0, 0, 'Purchessed', 0, 0, '0.00', '0.00'),
(796, 'Pump Casing KGEN 12 6', 'Pump Casing KGEN 12 6', 6, 16, '11', 1, 0, '0.00000000', '0.00000000', 0, 0, 'Purchessed', 0, 0, '0.00', '0.00'),
(797, 'Pump Casing KGEN 15 6', 'Pump Casing KGEN 15 6', 6, 16, '11', 1, 0, '0.00000000', '0.00000000', 0, 0, 'Purchessed', 0, 0, '0.00', '0.00'),
(798, 'Pump Casing KGEN 14 8', 'Pump Casing KGEN 14 8', 6, 16, '11', 1, 0, '0.00000000', '0.00000000', 0, 0, 'Purchessed', 0, 0, '0.00', '0.00'),
(799, 'Pump Casing KGEN 16 6', 'Pump Casing KGEN 16 6', 6, 16, '11', 1, 0, '0.00000000', '0.00000000', 0, 0, 'Purchessed', 0, 0, '0.00', '0.00'),
(800, 'KGEN 11 3 With Motor', 'KGEN 11 3 with Motor', 7, 26, '30', 3, 0, '0.00000000', '0.00000000', 0, 0, 'Purchessed/Manufactured', 0, 0, '0.00', '0.00'),
(801, 'KGEN 11 4 With Motor', 'KGEN 11 4 with Motor', 7, 26, '30', 3, 0, '0.00000000', '0.00000000', 0, 0, 'Purchessed/Manufactured', 0, 0, '0.00', '0.00'),
(802, 'KGEN 12 6 With Motor', 'KGEN 12 6 with Motor', 7, 26, '30', 3, 0, '0.00000000', '0.00000000', 0, 0, 'Purchessed/Manufactured', 0, 0, '0.00', '0.00'),
(803, 'KGEN 12 5 With Motor', 'KGEN 12 5 with Motor', 7, 26, '30', 3, 0, '0.00000000', '0.00000000', 0, 0, 'Purchessed/Manufactured', 0, 0, '0.00', '0.00'),
(804, 'KGEN 12b 5 With Motor', 'KGEN 12b 5 with Motor', 7, 26, '30', 3, 0, '0.00000000', '0.00000000', 0, 0, 'Purchessed/Manufactured', 0, 0, '0.00', '0.00'),
(805, 'KGEN 16 3 With Motor', 'KGEN 16 3 with Motor', 7, 26, '30', 3, 0, '0.00000000', '0.00000000', 0, 0, 'Purchessed/Manufactured', 0, 0, '0.00', '0.00'),
(806, 'KGEN 16 6 With Motor', 'KGEN 16 6 with Motor', 7, 26, '30', 3, 0, '0.00000000', '0.00000000', 0, 0, 'Purchessed/Manufactured', 0, 0, '0.00', '0.00'),
(807, 'KGEN 14 8 With Motor', 'KGEN 14 8 with Motor', 7, 26, '30', 3, 0, '0.00000000', '0.00000000', 0, 0, 'Purchessed/Manufactured', 0, 0, '0.00', '0.00'),
(808, 'KGEN 15 6 With Motor', 'KGEN 15 6 with Motor', 7, 26, '30', 3, 0, '0.00000000', '0.00000000', 0, 0, 'Purchessed/Manufactured', 0, 0, '0.00', '0.00'),
(809, 'KGEN 25n 10 With Motor', 'KGEN 25n 10 with Motor', 7, 26, '30', 3, 0, '0.00000000', '0.00000000', 0, 0, 'Purchessed/Manufactured', 0, 0, '0.00', '0.00'),
(810, 'CN 32 160 With Motor', 'CN 32 160 with Motor', 7, 26, '62', 3, 0, '0.00000000', '0.00000000', 0, 0, 'Purchessed/Manufactured', 0, 0, '0.00', '0.00'),
(811, 'CN 40 200 With Motor', 'CN 40 200 with Motor', 7, 26, '62', 3, 0, '0.00000000', '0.00000000', 0, 0, 'Purchessed/Manufactured', 0, 0, '0.00', '0.00'),
(812, 'CN 50 160 With Motor', 'CN 50 160 With Motor', 7, 26, '62', 3, 0, '0.00000000', '0.00000000', 0, 0, 'Purchessed/Manufactured', 0, 0, '0.00', '0.00'),
(813, 'CI Impeller CN 200 200', 'CI Impeller CN 200 200', 6, 16, '13', 1, 0, '0.00000000', '0.00000000', 0, 0, 'Purchessed', 1, 1, '0.00', '0.00'),
(814, 'CI Impeller CN 80 200', 'CI Impeller CN 80 200', 6, 16, '13', 1, 0, '0.00000000', '0.00000000', 0, 0, 'Purchessed', 1, 1, '0.00', '0.00'),
(815, 'CI Impeller CN 65c 200', 'CI Impeller CN 65c 200', 6, 16, '13', 1, 0, '0.00000000', '0.00000000', 0, 0, 'Purchessed', 0, 0, '0.00', '0.00'),
(816, 'CI Impeller CN 100 400', 'CI Impeller CN 100 400', 6, 16, '13', 1, 1, '6445.85000000', '6445.85000000', 0, 0, 'Purchessed', 1, 1, '6445.85', '1.10'),
(817, 'CI Impeller CN 125 250', 'CI Impeller CN 125 250', 6, 16, '13', 1, 1, '6149.07000000', '6149.00000000', 0, 0, 'Purchessed', 1, 1, '6149.07', '1.10'),
(818, 'CI Impeller CN 40 160', 'CI Impeller CN 40 160', 6, 16, '13', 1, 3, '2294.03333333', '6882.10000000', 0, 0, 'Purchessed', 1, 1, '2294.03', '1.10'),
(819, 'CI Impeller CN 40 200', 'CI Impeller CN 40 200', 6, 16, '13', 1, 1, '2331.50000000', '2331.50000000', 0, 0, 'Purchessed', 1, 1, '2331.50', '1.10'),
(820, 'CI Impeller CN 40c 160 ', 'CI Impeller CN 40c 160 ', 6, 16, '13', 1, 1, '2294.04000000', '2294.04000000', 0, 0, 'Purchessed', 1, 1, '2294.04', '1.10'),
(821, 'CI Impeller CN 50 160', 'CI Impeller CN 50 160', 6, 16, '13', 1, 1, '0.00000000', '0.00000000', 0, 0, 'Purchessed', 0, 0, '0.00', '0.00'),
(822, 'CI Impeller CN 50 250', 'CI Impeller CN 50 250', 6, 16, '13', 1, 0, '0.00000000', '0.00000000', 0, 0, 'Purchessed', 0, 0, '0.00', '0.00'),
(823, 'SS Impeller CCR 40 200 R6A', 'SS Impeller CCR 40 200 R6A', 6, 16, '25', 1, 0, '0.00000000', '0.00000000', 0, 0, 'Purchessed', 0, 0, '0.00', '0.00'),
(824, 'SS Impeller CCR 50 160', 'SS Impeller CCR 50 160', 6, 16, '25', 1, 0, '0.00000000', '0.00000000', 0, 0, 'Purchessed', 0, 0, '0.00', '0.00'),
(825, 'SS Impeller CCR 50c 160', 'SS Impeller CCR 50c 160', 6, 16, '25', 1, 0, '0.00000000', '0.00000000', 0, 0, 'Purchessed', 0, 0, '0.00', '0.00'),
(826, 'CS Impeller CCR 40 160', 'CS Impeller CCR 40 160', 6, 16, '25', 1, 1, '3519.00000000', '3519.00000000', 0, 0, 'Purchessed', 1, 1, '3519.00', '1.10'),
(827, 'Bearing Housing (2100) CCR 32 To 50 160', 'Bearing Housing (2100) CCR 32 To 50 160', 6, 16, '25', 1, 2, '500.00000000', '1000.00000000', 0, 0, 'Purchessed', 0, 0, '500.00', '1.10'),
(829, 'Bearing Cover For EXP 50 CT / 55 ST / 160 CT', 'Bearing Cover For EXP 50 CT / 55 ST / 160 CT', 6, 17, '16', 1, 0, '0.00000000', '0.00000000', 0, 0, 'Purchessed', 0, 0, '0.00', '0.00'),
(830, 'Deflector For EXP 160 CT', 'Deflector For EXP 160 CT', 6, 17, '16', 1, 2, '98.50000000', '197.00000000', 0, 0, 'Purchessed', 1, 1, '98.50', '1.10'),
(831, 'Impeller EXP 160 CT', 'Impeller EXP 160 CT', 6, 17, '16', 1, 2, '1627.00000000', '3254.00000000', 0, 0, 'Purchessed', 1, 1, '1627.00', '1.10'),
(834, 'Shaft SS 316 NZ ', 'Shaft SS 316 NZ ', 6, 17, '15', 1, 1, '6321.00000000', '6321.00000000', 0, 0, 'Purchessed/Manufactured', 1, 1, '6321.00', '1.10'),
(835, 'Adapter Flange 1.375" Antico', 'Adapter Flange 1.375" Antico', 6, 17, '16', 1, 0, '0.00000000', '0.00000000', 0, 0, 'Purchessed', 0, 0, '0.00', '0.00'),
(836, 'Cap Nut TS 105/030', 'Cap Nut TS 105/030', 6, 15, '18', 1, 0, '0.00000000', '0.00000000', 0, 0, 'Purchessed', 0, 0, '0.00', '0.00'),
(837, 'Circlip ', 'Circlip ', 6, 15, '85', 1, 2, '678.50000000', '1357.00000000', 0, 0, 'Purchessed', 1, 1, '678.50', '1.10'),
(838, 'Clamping Band T1SB 50.1', 'Clamping Band T1SB 50.1', 6, 15, '19', 1, 0, '0.00000000', '0.00000000', 0, 0, 'Purchessed', 0, 0, '0.00', '0.00'),
(839, 'Coupling JOP T3SA 38/36', 'Coupling JOP T3SA 38/36', 6, 15, '17', 3, 2, '32064.21000000', '64128.00000000', 0, 0, 'Purchessed', 1, 1, '32064.21', '1.10'),
(840, 'Coupling Rod Pin T1SB 50.1', 'Coupling Rod Pin T1SB 50.1', 6, 15, '19', 1, 0, '0.00000000', '0.00000000', 0, 0, 'Purchessed', 0, 0, '0.00', '0.00'),
(841, 'Cover Sleeve T1SB 50.1', 'Cover Sleeve T1SB 50.1', 6, 15, '19', 1, 0, '0.00000000', '0.00000000', 0, 0, 'Purchessed', 0, 0, '0.00', '0.00'),
(842, 'Distance Bush TS 105/030', 'Distance Bush TS 105/030', 6, 15, '18', 1, 0, '0.00000000', '0.00000000', 0, 0, 'Purchessed', 0, 0, '0.00', '0.00'),
(843, 'Dowel Pin TS 105/030', 'Dowel Pin TS 105/030', 6, 15, '18', 1, 0, '0.00000000', '0.00000000', 0, 0, 'Purchessed', 0, 0, '0.00', '0.00'),
(844, 'Gasket NSS 65 250 W8', 'Gasket NSS 65 250 W8', 6, 15, '85', 1, 4, '509.65000000', '2039.00000000', 0, 0, 'Purchessed/Manufactured', 1, 1, '509.65', '1.10'),
(845, 'Gasket & Ball Bearing T3ST 100/42', 'Gasket & Ball Bearing T3ST 100/42', 6, 15, '17', 1, 0, '0.00000000', '0.00000000', 0, 0, 'Purchessed/Manufactured', 0, 0, '0.00', '0.00'),
(846, 'Gasket & Ball Bearing T3ST 52/46', 'Gasket & Ball Bearing T3ST 52/46', 6, 15, '17', 1, 2, '4779.50000000', '9559.00000000', 0, 0, 'Purchessed/Manufactured', 1, 1, '4779.50', '1.10'),
(847, 'Groove Ball Bearing NSS 65 250 W8', 'Groove Ball Bearing NSS 65 250 W8', 6, 15, '85', 1, 2, '4616.12000000', '9232.00000000', 0, 0, 'Purchessed', 1, 1, '4616.12', '1.10'),
(848, 'Guide Bush T1SB 50.1', 'Guide Bush T1SB 50.1', 6, 15, '19', 1, 0, '0.00000000', '0.00000000', 0, 0, 'Purchessed', 0, 0, '0.00', '0.00'),
(849, 'Hexagon Nut NSS 65 250 W8', 'Hexagon Nut NSS 65 250 W8', 6, 15, '85', 1, 1, '813.41000000', '813.00000000', 0, 0, 'Purchessed', 1, 1, '813.41', '1.10'),
(850, 'Impeller NSS 65 250 W8', 'Impeller NSS 65 250 W8', 6, 15, '85', 1, 1, '53893.75000000', '53894.00000000', 0, 0, 'Purchessed', 1, 1, '53893.75', '1.10'),
(851, 'Minor Joint Kit TRF 660', '', 6, 15, '17', 1, 0, '0.00000000', '0.00000000', 0, 0, 'Purchessed', 0, 0, '0.00', '0.00'),
(852, 'Lock Nut TS 105/030', 'Lock nut TS 105/030', 6, 15, '18', 1, 0, '0.00000000', '0.00000000', 0, 0, 'Purchessed', 0, 0, '0.00', '0.00'),
(853, 'Mechanical Seal TDSH 088/40', 'Mechanical Seal TDSH 088/40', 6, 15, '18', 1, 3, '4500.00000000', '13500.00000000', 0, 0, 'Purchessed', 1, 1, '4500.00', '1.10'),
(854, 'Retaining Sleeve T1 SB 50.1', 'Retaining Sleeve T1 SB 50.1', 6, 15, '19', 1, 0, '0.00000000', '0.00000000', 0, 0, 'Purchessed', 0, 0, '0.00', '0.00'),
(855, 'Rotor Set TIGGM 100/50 ', 'Rotor Set TIGGM 100/50 ', 6, 15, '20', 1, 0, '0.00000000', '0.00000000', 0, 0, 'Purchessed', 0, 0, '0.00', '0.00'),
(856, 'Relief Valve Assembly TDSH 088/40', 'Relief Valve Assembly TDSH 088/40', 6, 15, '18', 1, 0, '0.00000000', '0.00000000', 0, 0, 'Purchessed', 0, 0, '0.00', '0.00'),
(857, 'Shaft NSS 65 250 W8', 'Shaft NSS 65 250 W8', 6, 15, '85', 1, 1, '63939.40000000', '63939.00000000', 0, 0, 'Purchessed/Manufactured', 1, 0, '63939.40', '1.10'),
(858, 'Supporting Washer NSS 65 250 W8', 'Supporting Washer NSS 65 250 W8', 6, 15, '85', 1, 2, '203.07000000', '406.00000000', 0, 0, 'Purchessed', 1, 1, '203.07', '1.10'),
(859, 'Timing Gear TDSH 088/40', 'Timing Gear TDSH 088/40', 6, 15, '18', 1, 1, '5000.00000000', '5000.00000000', 0, 0, 'Purchessed', 1, 1, '5000.00', '1.10'),
(860, 'Timing Gear TS 105/030', 'Timing Gear TS 105/030', 6, 15, '18', 1, 0, '0.00000000', '0.00000000', 0, 0, 'Purchessed', 0, 0, '0.00', '0.00'),
(861, 'Washer Lock TS 105/030', 'Washer Lock TS 105/030', 6, 15, '18', 1, 0, '0.00000000', '0.00000000', 0, 0, 'Purchessed', 0, 0, '0.00', '0.00'),
(862, 'Coupling L 075', 'Coupling L 075', 5, 30, '38', 1, 0, '0.00000000', '0.00000000', 0, 0, 'Purchessed', 10, 10, '0.00', '0.00'),
(863, 'Coupling L 095', 'Coupling L 095', 5, 30, '38', 1, 0, '0.00000000', '0.00000000', 0, 0, 'Purchessed', 10, 10, '0.00', '0.00'),
(864, 'Coupling L 100', 'Coupling L 100', 5, 30, '38', 1, 0, '0.00000000', '0.00000000', 0, 0, 'Purchessed', 10, 10, '0.00', '0.00'),
(865, 'Coupling L 110', 'Coupling L 110', 5, 30, '38', 1, 0, '0.00000000', '0.00000000', 0, 0, 'Purchessed', 10, 10, '0.00', '0.00'),
(866, 'Coupling L 150', 'Coupling L 150', 5, 30, '38', 1, 0, '0.00000000', '0.00000000', 0, 0, 'Purchessed', 1, 1, '0.00', '0.00'),
(867, 'Coupling L 190', 'Coupling L 190', 5, 30, '38', 1, 0, '0.00000000', '0.00000000', 0, 0, 'Purchessed', 0, 0, '0.00', '0.00'),
(868, 'Coupling RRL 095', 'Coupling RRL 095', 5, 30, '38', 1, 0, '0.00000000', '0.00000000', 0, 0, 'Purchessed', 0, 0, '0.00', '0.00'),
(869, 'Coupling RRL 100', 'Coupling RRL 100', 5, 30, '38', 1, 0, '0.00000000', '0.00000000', 0, 0, 'Purchessed', 0, 0, '0.00', '0.00'),
(870, 'Coupling RRL 110', 'Coupling RRL 110', 5, 30, '38', 1, 0, '0.00000000', '0.00000000', 0, 0, 'Purchessed', 0, 0, '0.00', '0.00'),
(871, 'Coupling RRL 150', 'Coupling RRL 150', 5, 30, '38', 1, 0, '0.00000000', '0.00000000', 0, 0, 'Purchessed', 0, 0, '0.00', '0.00'),
(872, 'Silicon Oil', 'Silicon Oil', 5, 30, '38', 4, 5, '370.10000000', '1850.50000000', 0, 0, 'Purchessed', 1, 1, '370.10', '1.10'),
(873, 'Panel Electronic DPPL', 'Panel Electronic DPPL', 5, 30, '38', 1, 0, '0.00000000', '0.00000000', 0, 0, 'Purchessed', 0, 0, '0.00', '0.00'),
(874, 'Control Panel', 'Control Panel', 5, 30, '38', 1, 3, '6966.00000000', '20898.00000000', 0, 0, 'Purchessed', 1, 1, '6966.00', '1.10'),
(875, 'Starter For Pump / Motor', 'Starter for Pump / Motor', 5, 30, '38', 1, 0, '0.00000000', '0.00000000', 0, 0, 'Purchessed', 0, 0, '0.00', '0.00'),
(876, 'PP Ball Valve', 'PP Ball Valve', 5, 30, '38', 1, 40, '180.00000000', '7200.00000000', 0, 0, 'Purchessed', 1, 1, '180.00', '1.10'),
(877, 'PP Flanges', 'PP Flanges', 5, 30, '38', 1, 104, '247.50000000', '25740.00000000', 0, 0, 'Purchessed', 1, 1, '247.50', '1.10'),
(878, 'PP NRV', 'PP NRV', 5, 30, '38', 1, 12, '220.00000000', '2640.00000000', 0, 0, 'Purchessed', 1, 1, '220.00', '1.10'),
(879, 'REMI 200 MM Coach Fan CF 20 12V NDX', 'REMI 200 MM Coach Fan CF 20 12V NDX', 6, 31, '84', 1, 3, '697.75000000', '2093.25000000', 0, 0, 'Purchessed', 1, 1, '697.75', '1.10'),
(880, 'Ball Valve 1.5"', 'Ball Valve 1.5"', 5, 30, '38', 1, 0, '0.00000000', '0.00000000', 0, 0, 'Purchessed', 0, 0, '0.00', '0.00'),
(881, 'Mechfil 0.5" & 1.0" Filter', 'Mechfil 0.5" & 1.0" Filter', 2, 12, '40', 1, 0, '0.00000000', '0.00000000', 0, 0, 'Purchessed/Manufactured', 0, 0, '0.00', '0.00'),
(882, 'Mechfil 0.5" & 1.0" Filter Element', 'Mechfil 0.5" & 1.0" Filter Element', 2, 32, '42', 1, 0, '0.00000000', '0.00000000', 0, 0, 'Purchessed/Manufactured', 0, 0, '0.00', '0.00'),
(883, 'Mechfil 1.5" & 2.0" Filter', 'Mechfil 1.5" & 2.0" Filter', 2, 12, '40', 1, 0, '0.00000000', '0.00000000', 0, 0, 'Purchessed/Manufactured', 0, 0, '0.00', '0.00'),
(884, 'Mechfil 1.5" & 2.0" Filter Element', 'Mechfil 1.5" & 2.0" Filter Element', 2, 32, '42', 1, 0, '0.00000000', '0.00000000', 0, 0, 'Purchessed/Manufactured', 0, 0, '0.00', '0.00'),
(885, 'Mechfil 2.5" & 3.0" Filter', 'Mechfil 2.5" & 3.0" Filter', 2, 12, '40', 1, 0, '0.00000000', '0.00000000', 0, 0, 'Purchessed/Manufactured', 0, 0, '0.00', '0.00'),
(886, 'Mechfil 2.5" & 3.0" Filter Element', 'Mechfil 2.5" & 3.0" Filter Element', 2, 32, '42', 1, 0, '0.00000000', '0.00000000', 0, 0, 'Purchessed/Manufactured', 0, 0, '0.00', '0.00'),
(887, 'Mechfil 6.0" Filter', 'Mechfil 6.0" Filter', 2, 12, '40', 1, 0, '0.00000000', '0.00000000', 0, 0, 'Purchessed/Manufactured', 0, 0, '0.00', '0.00'),
(888, 'Coupling Guard Mechfill', 'Coupling Guard Mechfill', 5, 30, '38', 1, 0, '0.00000000', '0.00000000', 0, 0, 'Purchessed/Manufactured', 0, 0, '0.00', '0.00'),
(889, 'Coupling Guard Antico', 'Coupling Guard Antico', 5, 30, '38', 1, 0, '0.00000000', '0.00000000', 0, 0, 'Purchessed', 0, 0, '0.00', '0.00'),
(890, '4" Cutting Wheel', '4" Cutting Wheel', 5, 30, '43', 1, 0, '0.00000000', '0.00000000', 0, 0, 'Purchessed', 0, 0, '0.00', '0.00'),
(891, '4" Grinding Wheel', '', 5, 30, '43', 1, 0, '0.00000000', '0.00000000', 0, 0, 'Purchessed', 0, 0, '0.00', '0.00'),
(892, 'Tape For Packing', 'Tape for Packing', 5, 30, '43', 1, 0, '0.00000000', '0.00000000', 0, 0, 'Purchessed', 0, 0, '0.00', '0.00'),
(893, 'Priming Chamber Antico', 'Priming Chamber Antico', 6, 17, '15', 1, 0, '0.00000000', '0.00000000', 0, 0, 'Purchessed', 0, 0, '0.00', '0.00'),
(894, '3" Channel', '3" Channel', 5, 30, '38', 5, 0, '0.00000000', '0.00000000', 0, 0, 'Purchessed', 0, 0, '0.00', '0.00'),
(895, '4" Channel', '4" Channel', 5, 30, '38', 5, 0, '0.00000000', '0.00000000', 0, 0, 'Purchessed', 0, 0, '0.00', '0.00'),
(896, 'Tools For Lathe Machine', 'Tools for Lathe Machine', 5, 30, '43', 1, 0, '0.00000000', '0.00000000', 0, 0, 'Purchessed', 0, 0, '0.00', '0.00'),
(897, 'Base Frame 3"', 'Base Frame 3"', 5, 30, '38', 1, 0, '0.00000000', '0.00000000', 0, 0, 'Purchessed/Manufactured', 0, 0, '0.00', '0.00'),
(898, 'Base Frame 4"', 'Base Frame 4"', 5, 30, '38', 1, 0, '0.00000000', '0.00000000', 0, 0, 'Purchessed/Manufactured', 0, 0, '0.00', '0.00'),
(899, 'Cable 6 Core ( 3 *4mm And 3 * 1.5mm )', 'Cable 6 Core ( 3 *4mm and 3 * 1.5mm )', 6, 18, '83', 2, 0, '0.00000000', '0.00000000', 0, 0, 'Purchessed', 0, 0, '0.00', '0.00'),
(900, 'NZ 25 125 Pump Semi Open Impeller With Motor', 'NZ 25 125 Pump Semi Open Impeller With Motor', 7, 27, '27', 3, 0, '0.00000000', '0.00000000', 0, 0, 'Purchessed/Manufactured', 0, 0, '0.00', '0.00'),
(901, 'NZ 32 125 Pump Semi Open Impeller With Motor', 'NZ 32 125 Pump Semi Open Impeller with Motor', 7, 27, '27', 3, 0, '0.00000000', '0.00000000', 0, 0, 'Purchessed/Manufactured', 0, 0, '0.00', '0.00'),
(902, 'NZ 50 125 Pump Semi Open Impeller With Motor', 'NZ 50 125 Pump Semi Open Impeller with Motor', 7, 27, '27', 3, 0, '0.00000000', '0.00000000', 0, 0, 'Purchessed/Manufactured', 0, 0, '0.00', '0.00');
INSERT INTO `items` (`id`, `name`, `alias`, `item_category_id`, `item_group_id`, `item_sub_group_id`, `unit_id`, `ob_quantity`, `ob_rate`, `ob_value`, `freeze`, `serial_number_enable`, `source`, `minimum_quantity`, `maximum_quantity`, `dynamic_cost`, `minimum_selling_price_factor`) VALUES
(903, 'NZ 25 160 Pump SO Impeller With Motor', 'NZ 25 160 Pump SO Impeller with Motor', 7, 27, '27', 3, 0, '0.00000000', '0.00000000', 0, 0, 'Purchessed/Manufactured', 0, 0, '0.00', '0.00'),
(904, 'NZ 32 160 Pump Semi Open Impeller With Motor', 'NZ 32 160 Pump Semi Open Impeller with Motor', 7, 27, '27', 3, 0, '0.00000000', '0.00000000', 0, 0, 'Purchessed/Manufactured', 0, 0, '0.00', '0.00'),
(905, 'NZ 50 160 Pump Semi Open Impeller With Motor', 'NZ 50 160 Pump Semi Open Impeller with Motor', 7, 27, '27', 3, 0, '0.00000000', '0.00000000', 0, 0, 'Purchessed/Manufactured', 0, 0, '0.00', '0.00'),
(907, 'NZ 50 200 Pump Semi Open Impeller With Motor', 'NZ 50 200 Pump Semi Open Impeller with Motor', 7, 27, '27', 3, 0, '0.00000000', '0.00000000', 0, 0, 'Purchessed/Manufactured', 0, 0, '0.00', '0.00'),
(908, 'NZ 25 125 Pump Closed Impeller With Motor', 'NZ 25 125 Pump Closed Impeller with Motor', 7, 27, '27', 3, 0, '0.00000000', '0.00000000', 0, 0, 'Purchessed/Manufactured', 0, 0, '0.00', '0.00'),
(909, 'NZ 32 125 Pump Closed Impeller With Motor', 'NZ 32 125 Pump Closed Impeller with Motor', 7, 27, '27', 3, 0, '0.00000000', '0.00000000', 0, 0, 'Purchessed/Manufactured', 0, 0, '0.00', '0.00'),
(910, 'NZ 50 125 Pump Closed Impeller With Motor', 'NZ 50 125 Pump Closed Impeller with Motor', 7, 27, '27', 3, 0, '0.00000000', '0.00000000', 0, 0, 'Purchessed/Manufactured', 0, 0, '0.00', '0.00'),
(911, 'NZ 25 160 Pump Closed Impeller With Motor', 'NZ 25 160 Pump Closed Impeller with Motor', 7, 27, '27', 3, 0, '0.00000000', '0.00000000', 0, 0, 'Purchessed/Manufactured', 0, 0, '0.00', '0.00'),
(912, 'NZ 32 160 Pump Closed Impeller With Motor', 'NZ 32 160 Pump Closed Impeller with Motor', 7, 27, '27', 3, 0, '0.00000000', '0.00000000', 0, 0, 'Purchessed/Manufactured', 0, 0, '0.00', '0.00'),
(913, 'NZ 50 160 Pump Closed Impeller With Motor', 'NZ 50 160 Pump Closed Impeller with Motor', 7, 27, '27', 3, 0, '0.00000000', '0.00000000', 0, 0, 'Purchessed/Manufactured', 0, 0, '0.00', '0.00'),
(915, 'NZ 50 200 Pump Closed Impeller with Motor', 'NZ 50 200 Pump Closed Impeller with Motor', 7, 27, '27', 3, 0, '0.00000000', '0.00000000', 0, 0, 'Purchessed/Manufactured', 0, 0, '0.00', '0.00'),
(916, 'Tranter Plate Type Heat Exchanger', 'Tranter Plate Type Heat Exchanger', 8, 33, '44', 1, 0, '0.00000000', '0.00000000', 0, 0, 'Purchessed', 0, 0, '0.00', '0.00'),
(917, 'Mechfill Cooling Unit With Simplex Filter', 'Mechfill Cooling Unit with Simplex Filter', 4, 34, '45', 3, 0, '0.00000000', '0.00000000', 0, 0, 'Purchessed/Manufactured', 0, 0, '0.00', '0.00'),
(918, 'Mechfill Cooling Unit With Duplex Filter', 'Mechfill Cooling Unit with Duplex Filter', 4, 34, '45', 3, 0, '0.00000000', '0.00000000', 0, 0, 'Purchessed/Manufactured', 0, 0, '0.00', '0.00'),
(919, 'Mechfill Cooling Unit Without Filter', 'Mechfill Cooling Unit without Filter', 4, 34, '45', 3, 0, '0.00000000', '0.00000000', 0, 0, 'Purchessed/Manufactured', 0, 0, '0.00', '0.00'),
(920, 'NSRP 50 Pump Closed Impeller With Motor', 'NSRP 50 Pump Closed Impeller with Motor', 7, 27, '46', 3, 0, '0.00000000', '0.00000000', 0, 0, 'Purchessed/Manufactured', 0, 0, '0.00', '0.00'),
(921, 'RT 10 Pump With Motor', 'RT 10 Pump with Motor', 7, 22, '22', 3, 0, '0.00000000', '0.00000000', 0, 0, 'Purchessed/Manufactured', 0, 0, '0.00', '0.00'),
(922, 'RT 20 Pump With Motor', 'RT 20 Pump with Motor', 7, 22, '22', 3, 0, '0.00000000', '0.00000000', 0, 0, 'Purchessed/Manufactured', 0, 0, '0.00', '0.00'),
(923, 'RT 40 Pump With Motor', 'RT 40 Pump with Motor', 7, 22, '22', 3, 0, '0.00000000', '0.00000000', 0, 0, 'Purchessed/Manufactured', 0, 0, '0.00', '0.00'),
(924, 'RT 80 Pump With Motor', 'RT 80 Pump with Motor', 7, 22, '22', 3, 0, '0.00000000', '0.00000000', 0, 0, 'Purchessed/Manufactured', 0, 0, '0.00', '0.00'),
(925, 'RT 125 Pump With Motor', 'RT 125 Pump with Motor', 7, 22, '22', 3, 0, '0.00000000', '0.00000000', 0, 0, 'Purchessed/Manufactured', 0, 0, '0.00', '0.00'),
(926, 'WV 03 L/40', 'WV 03 L/40', 1, 4, '52', 1, 0, '0.00000000', '0.00000000', 0, 0, 'Purchessed', 0, 0, '0.00', '0.00'),
(927, 'CCR 32 160  With Motor', 'CCR 32 160  With Motor', 7, 26, '63', 1, 0, '0.00000000', '0.00000000', 0, 0, 'Purchessed/Manufactured', 0, 0, '1.00', '1.10'),
(928, 'CCR 65 125 With Motor', 'CCR 65 125 With Motor', 7, 26, '63', 3, 0, '0.00000000', '0.00000000', 0, 0, 'Purchessed/Manufactured', 0, 0, '0.00', '0.00'),
(929, 'CN 100 400 G1 S2 L3', 'CN 100 400 G1 S2 L3', 1, 1, '1', 1, 0, '0.00000000', '0.00000000', 0, 0, 'Purchessed', 0, 0, '0.00', '0.00'),
(930, 'CCR 40 160 With Motor', 'CCR 40 160 With Motor', 7, 26, '63', 3, 0, '0.00000000', '0.00000000', 0, 0, 'Purchessed/Manufactured', 0, 0, '0.00', '0.00'),
(931, 'S 630', 'S 630', 1, 4, '65', 1, 0, '0.00000000', '0.00000000', 0, 0, 'Purchessed', 0, 0, '0.00', '0.00'),
(932, 'CB 40C 160 G1', 'CB 40C 160 G1', 1, 1, '61', 1, 0, '0.00000000', '0.00000000', 0, 0, 'Purchessed', 0, 0, '0.00', '0.00'),
(933, 'ED 03', 'ED 03', 1, 3, '24', 1, 1, '0.00000000', '0.00000000', 0, 1, 'Purchessed', 1, 1, '0.00', '1.10'),
(934, 'LJ 10', 'LJ 10', 1, 4, '64', 1, 0, '0.00000000', '0.00000000', 0, 0, 'Purchessed', 0, 0, '0.00', '0.00'),
(935, 'LJ 15', 'LJ 15', 1, 4, '64', 1, 0, '0.00000000', '0.00000000', 0, 0, 'Purchessed', 0, 0, '0.00', '0.00'),
(936, 'NZ 25 160 Pump Semi Open Impeller With Motor', 'NZ 25 160 Pump Semi Open Impeller With Motor', 7, 27, '27', 3, 0, '0.00000000', '0.00000000', 0, 0, 'Purchessed/Manufactured', 0, 0, '0.00', '0.00'),
(938, 'CN 40 160 With Motor', 'CN 40 160 With Motor', 7, 26, '62', 3, 0, '0.00000000', '0.00000000', 0, 0, 'Purchessed/Manufactured', 0, 0, '0.00', '0.00'),
(940, 'T3 SFP 20/56 ', 'T3 SFP 20/56 ', 1, 2, '8', 1, 0, '0.00000000', '0.00000000', 0, 0, 'Purchessed', 0, 0, '0.00', '0.00'),
(941, 'CCR 125 315  With Motor', 'CCR 125 315  With Motor', 7, 26, '63', 3, 0, '0.00000000', '0.00000000', 0, 0, 'Purchessed/Manufactured', 0, 0, '0.00', '0.00'),
(942, 'Shaft (2200) CN 40-100 315, 65-200 250, 80-100 200, 100 160', ' Shaft (2200) CN 40-100 315, 65-200 250, 80-10', 6, 16, '13', 1, 0, '0.00000000', '0.00000000', 0, 0, 'Purchessed/Manufactured', 0, 0, '0.00', '0.00'),
(943, 'Bearing Housing (2100) CN 80 To 100 200,100 160', 'Bearing Housing (2100) CN 80 To 100 200,100 160', 6, 16, '13', 1, 0, '0.00000000', '0.00000000', 0, 0, 'Purchessed', 0, 0, '0.00', '0.00'),
(944, 'Bronze Impeller CN 80 200', 'Bronze Impeller CN 80 200', 6, 16, '13', 1, 0, '0.00000000', '0.00000000', 0, 0, 'Purchessed', 0, 0, '0.00', '0.00'),
(945, 'CI Impeller CN 100 315', 'CI Impeller CN 100 315', 6, 16, '13', 1, 0, '0.00000000', '0.00000000', 0, 0, 'Purchessed', 0, 0, '0.00', '0.00'),
(946, 'M 3080', 'M 3080', 1, 4, '65', 1, 0, '0.00000000', '0.00000000', 0, 0, 'Purchessed', 0, 0, '0.00', '0.00'),
(947, 'Cartridge Assembly T3 S 45', 'Cartridge Assembly T3 S 45', 6, 15, '17', 3, 0, '0.00000000', '0.00000000', 0, 0, 'Purchessed', 0, 0, '0.00', '0.00'),
(948, 'Gasket  T3 S', 'Gasket  T3 S ', 6, 15, '17', 3, 0, '0.00000000', '0.00000000', 0, 0, 'Purchessed', 0, 0, '0.00', '0.00'),
(949, 'Bearing Housing KGEN 21 8 ', 'Bearing Housing KGEN 21 8 ', 6, 16, '11', 1, 0, '0.00000000', '0.00000000', 0, 0, 'Purchessed', 0, 0, '0.00', '0.00'),
(950, 'CN 150 400 G1 S2 L3', 'CN 150 400 G1 S2 L3', 1, 1, '1', 1, 0, '0.00000000', '0.00000000', 0, 0, 'Purchessed', 0, 0, '0.00', '0.00'),
(951, 'Impeller Cap Nut SS 316 (1820) CN 100 / 200-160, 80 To 200-200, 65 To 125-250, 40 To 100-315', 'Impeller Cap Nut SS 316 (1820) CN 100 / 200-160, 8', 6, 16, '13', 1, 0, '0.00000000', '0.00000000', 0, 0, 'Purchessed', 0, 0, '0.00', '0.00'),
(952, 'Shaft Sleeve SS (S2) (1100) CN 100-160, 80 To 200-200, 65 To 125-250, 40 To 100-315', 'Shaft Sleeve SS (S2) (1100) CN 100-160, 80 To 200-', 6, 16, '13', 1, 0, '0.00000000', '0.00000000', 0, 0, 'Purchessed/Manufactured', 0, 0, '0.00', '0.00'),
(953, 'Shaft Sleeve SS (S2) (1100) CCR 32 To 65-125, 32 To 50-160, 32 To 50-200', 'Shaft Sleeve SS (S2) (1100) CCR 32 To 65-125, 32 T', 6, 16, '25', 1, 0, '0.00000000', '0.00000000', 0, 0, 'Purchessed/Manufactured', 0, 0, '0.00', '0.00'),
(954, 'CCR 25 125 R6 M2 L3', 'CCR 25 125 R6 M2 L3', 1, 1, '2', 1, 0, '0.00000000', '0.00000000', 0, 0, 'Purchessed', 0, 0, '0.00', '0.00'),
(955, 'CCR 32 125 R6 M2 L3', 'CCR 32 125 R6 M2 L3', 1, 1, '2', 1, 0, '0.00000000', '0.00000000', 0, 0, 'Purchessed', 0, 0, '0.00', '0.00'),
(956, 'Shaft Sleeve SS (M2) (1200) CCR 25-125,25-160', 'Shaft Sleeve SS (M2) (1200) CCR 25-125,25-160', 6, 16, '25', 1, 0, '0.00000000', '0.00000000', 0, 0, 'Purchessed/Manufactured', 0, 0, '0.00', '0.00'),
(957, 'Shaft Sleeve SS (M2) (1200) CCR 32 To 65-125,32 To 50-160,32 To 50-200', 'Shaft Sleeve SS (M2) (1200) CCR 32 To 65-125,32 To', 6, 16, '25', 1, 0, '0.00000000', '0.00000000', 0, 0, 'Purchessed/Manufactured', 0, 0, '0.00', '0.00'),
(958, 'WP 05D/35', 'WP 05D/35', 1, 4, '52', 1, 0, '0.00000000', '0.00000000', 0, 0, 'Purchessed', 0, 0, '0.00', '0.00'),
(959, 'Shaft Sleeve SS (M2) (1200) CCR 32 To 80-250,40 To 50-315,65 To 80-160,65 To 100-200', 'Shaft Sleeve SS (M2) (1200) CCR 32 To 80-250,40 To', 6, 16, '25', 1, 0, '0.00000000', '0.00000000', 0, 0, 'Purchessed/Manufactured', 0, 0, '0.00', '0.00'),
(960, 'CCR 65 160 R6 M2 L3', 'CCR 65 160 R6 M2 L3', 1, 1, '2', 1, 0, '0.00000000', '0.00000000', 0, 0, 'Purchessed', 0, 0, '0.00', '0.00'),
(962, 'CCR 65C 160 R6 M2 L3', 'CCR 65C 160 R6 M2 L3', 1, 1, '2', 1, 0, '0.00000000', '0.00000000', 0, 0, 'Purchessed', 0, 0, '0.00', '0.00'),
(963, 'SS Impeller CCR 25 160 ', 'SS Impeller CCR 25 160 ', 6, 16, '25', 1, 0, '0.00000000', '0.00000000', 0, 0, 'Purchessed', 0, 0, '0.00', '0.00'),
(964, 'CCR 25 160 R6 M2 L3', 'CCR 25 160 R6 M2 L3', 1, 1, '2', 1, 0, '0.00000000', '0.00000000', 0, 0, 'Purchessed', 0, 0, '0.00', '0.00'),
(965, 'CI Bearing Cover CN 25 160 ', 'CI Bearing Cover CN 25 160 ', 6, 16, '13', 1, 0, '0.00000000', '0.00000000', 0, 0, 'Purchessed', 0, 0, '0.00', '0.00'),
(966, 'Pump Casing CN 25 160', 'Pump Casing CN 25 160', 6, 16, '13', 1, 0, '0.00000000', '0.00000000', 0, 0, 'Purchessed', 1, 1, '0.00', '0.00'),
(967, 'Stuffing Box (0110) CN 25 160 ', 'Stuffing Box (0110) CN 25 160', 6, 16, '13', 1, 0, '0.00000000', '0.00000000', 0, 0, 'Purchessed', 1, 1, '0.00', '0.00'),
(968, 'CCR 32C 125 R6 M2 L3', 'CCR 32C 125 R6 M2 L3', 1, 1, '2', 1, 0, '0.00000000', '0.00000000', 0, 0, 'Purchessed', 0, 0, '0.00', '0.00'),
(969, 'CCR 32 160 R6 M2 L3', 'CCR 32 160 R6 M2 L3', 1, 1, '2', 1, 0, '0.00000000', '0.00000000', 0, 0, 'Purchessed', 0, 0, '0.00', '0.00'),
(970, 'CCR 32 200 R6 M2 L3', 'CCR 32 200 R6 M2 L3', 1, 1, '2', 1, 0, '0.00000000', '0.00000000', 0, 0, 'Purchessed', 0, 0, '0.00', '0.00'),
(971, 'DT 33', 'DT 33', 1, 4, '52', 1, 0, '0.00000000', '0.00000000', 0, 0, 'Purchessed', 0, 0, '0.00', '0.00'),
(972, 'HD 2017 / SZ With Motor', 'HD 2017 / SZ With Motor', 7, 28, '66', 3, 0, '0.00000000', '0.00000000', 0, 0, 'Purchessed/Manufactured', 0, 0, '0.00', '0.00'),
(973, 'CN 125 400 G1 S2 L3', 'CN 125 400 G1 S2 L3', 1, 1, '1', 1, 0, '0.00000000', '0.00000000', 0, 0, 'Purchessed', 0, 0, '0.00', '0.00'),
(974, 'CN 125 400 With Motor', 'CN 125 400 With Motor', 7, 26, '62', 3, 0, '0.00000000', '0.00000000', 0, 0, 'Purchessed/Manufactured', 0, 0, '0.00', '0.00'),
(975, 'CCR 25 125 With Motor', 'CCR 25 125 With Motor', 7, 26, '63', 3, 0, '0.00000000', '0.00000000', 0, 0, 'Purchessed/Manufactured', 0, 0, '0.00', '0.00'),
(976, 'TGL 047 2 V', 'TGL 047 2 V', 1, 1, '67', 1, 1, '12440.00000000', '12440.00000000', 0, 1, 'Purchessed', 1, 1, '12500.00', '1.10'),
(977, 'Pump Casing WV 01 L/40', 'Pump Casing WV 01 L/40', 6, 18, '68', 1, 0, '0.00000000', '0.00000000', 0, 0, 'Purchessed', 0, 0, '0.00', '0.00'),
(978, 'Stationary Part 1.375', 'Stationary Part 1.375 ', 6, 17, '16', 1, 0, '0.00000000', '0.00000000', 0, 0, 'Purchessed', 0, 0, '0.00', '0.00'),
(979, 'Rotary Part 1.375', 'Rotay Part 1.375', 6, 17, '16', 1, 0, '0.00000000', '0.00000000', 0, 0, 'Purchessed', 0, 0, '0.00', '0.00'),
(980, 'FRE 80 170 With Motor', 'FRE 80 170 With Motor', 7, 26, '69', 1, 0, '0.00000000', '0.00000000', 0, 0, 'Purchessed/Manufactured', 0, 0, '0.00', '0.00'),
(981, 'CCR 40 250 With Motor', 'CCR 40 250 With Motor', 7, 26, '63', 1, 0, '0.00000000', '0.00000000', 0, 0, 'Purchessed/Manufactured', 0, 0, '0.00', '0.00'),
(982, 'ED 01', 'ED 01', 1, 3, '24', 1, 9, '3400.00000000', '30600.00000000', 0, 0, 'Purchessed', 1, 1, '3400.00', '1.10'),
(983, 'Rotor Set R 50 SL', 'Rotor Set R 50 SL', 6, 15, '78', 1, 0, '0.00000000', '0.00000000', 0, 0, 'Purchessed', 0, 0, '0.00', '0.00'),
(984, 'Shaft HE 120', 'Shaft HE 120', 6, 17, '33', 1, 0, '0.00000000', '0.00000000', 0, 0, 'Purchessed/Manufactured', 1, 1, '0.00', '0.00'),
(985, 'Pump Casing KGEN 16 3', 'Pump Casing KGEN 16 3', 6, 16, '11', 1, 0, '0.00000000', '0.00000000', 0, 0, 'Purchessed', 0, 0, '0.00', '0.00'),
(986, 'WW 201', 'WW 201', 1, 4, '52', 1, 0, '0.00000000', '0.00000000', 0, 0, 'Purchessed', 0, 0, '0.00', '0.00'),
(987, 'CN 32 200 G1 S2 L3 With Motor', 'CN 32 200 G1 S2 L3 With Motor', 7, 26, '62', 3, 0, '0.00000000', '0.00000000', 0, 0, 'Purchessed/Manufactured', 0, 0, '0.00', '0.00'),
(988, 'CBR 25 125 R4', 'CBR 25 125 R4', 1, 1, '61', 1, 1, '18710.00000000', '18710.00000000', 0, 1, 'Purchessed', 1, 1, '18710.00', '1.10'),
(989, 'MCH / MCV 14', 'MCH / MCV 14', 1, 1, '3', 1, 1, '24098.00000000', '24098.00000000', 0, 1, 'Purchessed', 1, 1, '24098.00', '1.10'),
(990, 'CCR 40 250 R6 S2 L3', 'CCR 40 250 R6A/R6  S2 L3', 1, 1, '2', 1, 1, '61162.00000000', '61162.00000000', 0, 1, 'Purchessed', 1, 1, '61162.00', '1.10'),
(991, 'CCR 40C 160 R6 S2 L3', 'CCR 40C 160 R6 S2 L3', 1, 1, '2', 1, 1, '28671.00000000', '28671.00000000', 0, 1, 'Purchessed', 1, 1, '28671.00', '1.10'),
(992, 'CCR 65 250 R1 S2 L3', 'CCR 65 250 R1 S2 L3', 1, 1, '2', 1, 1, '25243.00000000', '25243.00000000', 0, 1, 'Purchessed', 1, 1, '25243.00', '1.10'),
(993, 'CN 40 125 G1 S2 L3', 'CN 40 125 G1 S2 L3', 1, 1, '1', 1, 1, '10802.00000000', '10802.00000000', 0, 1, 'Purchessed', 1, 1, '10802.00', '1.10'),
(994, 'CN 40 200 G1 S2 L1', 'CN 40 200 G1 S2 L1', 1, 1, '1', 1, 2, '10282.00000000', '20564.00000000', 0, 1, 'Purchessed', 1, 1, '10282.00', '1.10'),
(995, 'CN 65 250 G1 S2 L3', 'CN 65 250 G1 S2 L3', 1, 1, '1', 1, 1, '16686.00000000', '16686.00000000', 0, 1, 'Purchessed', 1, 1, '16686.00', '1.10'),
(996, 'Sealing Ring (12) HD 2017', 'Sealing Ring (12) HD 2017', 6, 19, '70', 1, 0, '0.00000000', '0.00000000', 0, 0, 'Purchessed', 0, 0, '0.00', '0.00'),
(997, 'Valve Cage (16) HD 2017', 'Valve Cage (16) HD 2017', 6, 19, '70', 1, 0, '0.00000000', '0.00000000', 0, 0, 'Purchessed', 0, 0, '0.00', '0.00'),
(999, 'Liquid Head (1) HD 2017', 'Liquid Head (1) HD 2017', 6, 19, '70', 1, 0, '0.00000000', '0.00000000', 0, 0, 'Purchessed', 0, 0, '0.00', '0.00'),
(1001, 'Hose Nipple (18) HD 2017', 'Hose Nipple (18) HD 2017', 6, 19, '70', 1, 0, '0.00000000', '0.00000000', 0, 0, 'Purchessed', 0, 0, '0.00', '0.00'),
(1002, 'Plain Washer (33) HD 2017', 'Plain Washer (33) HD 2017', 6, 19, '70', 1, 0, '0.00000000', '0.00000000', 0, 0, 'Purchessed', 0, 0, '0.00', '0.00'),
(1003, 'Allen Bolt (35) HD 2017', 'Allen Bolt (35) HD 2017', 6, 19, '70', 1, 0, '0.00000000', '0.00000000', 0, 0, 'Purchessed', 0, 0, '0.00', '0.00'),
(1004, 'Circlip ', 'Circlip ', 6, 19, '70', 1, 0, '0.00000000', '0.00000000', 0, 0, 'Purchessed', 0, 0, '0.00', '0.00'),
(1005, 'SL Guide (37) HD 2017', 'SL Guide (37) HD 2017', 6, 19, '70', 1, 0, '0.00000000', '0.00000000', 0, 0, 'Purchessed', 0, 0, '0.00', '0.00'),
(1006, 'Allen Bolt (38) HD 2017', 'Allen Bolt (38) HD 2017', 6, 19, '70', 1, 0, '0.00000000', '0.00000000', 0, 0, 'Purchessed', 0, 0, '0.00', '0.00'),
(1007, 'Circlip MCH 14b 5 ', 'Circlip MCH 14b 5', 6, 16, '29', 1, 0, '0.00000000', '0.00000000', 0, 0, 'Purchessed', 0, 0, '0.00', '0.00'),
(1008, 'Nail 1"', 'Nail 1"', 5, 30, '38', 8, 0, '0.00000000', '0.00000000', 0, 0, 'Purchessed', 500, 1000, '0.00', '0.00'),
(1009, 'Top Cover (44) HD 2017', 'Top Cover (44) HD 2017', 6, 19, '70', 1, 0, '0.00000000', '0.00000000', 0, 0, 'Purchessed', 0, 0, '0.00', '0.00'),
(1010, 'SL Screw (45) HD 2017', 'SL Screw (45) HD 2017', 6, 19, '70', 1, 0, '0.00000000', '0.00000000', 0, 0, 'Purchessed', 0, 0, '0.00', '0.00'),
(1011, 'SL Indicator (46) HD 2017', 'SL Indicator (46) HD 2017', 6, 19, '70', 1, 0, '0.00000000', '0.00000000', 0, 0, 'Purchessed', 0, 0, '0.00', '0.00'),
(1012, 'Grubs Screw (49) HD 2017', 'Grubs Screw (49) HD 2017', 6, 19, '70', 1, 0, '0.00000000', '0.00000000', 0, 0, 'Purchessed', 0, 0, '0.00', '0.00'),
(1013, 'Barrel (50) HD 2017', 'Barrel (50) HD 2017', 6, 19, '70', 1, 0, '0.00000000', '0.00000000', 0, 0, 'Purchessed', 0, 0, '0.00', '0.00'),
(1014, 'Valve Seat (13) HD 2017', 'Valve Seat (13) HD 2017', 6, 19, '70', 1, 0, '0.00000000', '0.00000000', 0, 0, 'Purchessed', 0, 0, '0.00', '0.00'),
(1015, 'GI Bolt 6 X 25 MM', 'GI Bolt 6 X 25 MM', 5, 30, '43', 1, 0, '0.00000000', '0.00000000', 0, 0, 'Purchessed', 20, 50, '0.00', '0.00'),
(1016, 'GI Bolt 6 X35 MM', 'GI Bolt 6 X 35 MM', 5, 30, '43', 1, 0, '0.00000000', '0.00000000', 0, 0, 'Purchessed', 20, 50, '0.00', '0.00'),
(1017, 'GI Bolt 8 X 25 MM', 'GI Bolt 8 X 25 MM', 5, 30, '43', 1, 0, '0.00000000', '0.00000000', 0, 0, 'Purchessed', 20, 50, '0.00', '0.00'),
(1018, 'GI Bolt 8 X 35 MM', 'GI Bolt 8 X 35 MM', 5, 30, '43', 1, 0, '0.00000000', '0.00000000', 0, 0, 'Purchessed', 0, 0, '0.00', '0.00'),
(1019, 'GI Bolt 8 X 50 MM', 'GI Bolt 8 X 50 MM', 5, 30, '43', 1, 0, '0.00000000', '0.00000000', 0, 0, 'Purchessed', 0, 0, '0.00', '0.00'),
(1020, 'GI Bolt 10 X 25 MM', 'GI Bolt 10 X 25 MM', 5, 30, '43', 1, 0, '0.00000000', '0.00000000', 0, 0, 'Purchessed', 0, 0, '0.00', '0.00'),
(1021, 'GI Bolt 10 X 35 MM', 'GI Bolt 10 X 35 MM', 5, 30, '43', 1, 0, '0.00000000', '0.00000000', 0, 0, 'Purchessed', 0, 0, '0.00', '0.00'),
(1022, 'GI Bolt 10 X 50 MM', 'GI Bolt 10 X 50 MM', 5, 30, '43', 1, 0, '0.00000000', '0.00000000', 0, 0, 'Purchessed', 0, 0, '0.00', '0.00'),
(1023, 'GI Bolt 12 X 25 MM', 'GI Bolt 12 X 25 MM', 5, 30, '43', 1, 0, '0.00000000', '0.00000000', 0, 0, 'Purchessed', 0, 0, '0.00', '0.00'),
(1024, 'GI Bolt 12 X 35 MM', 'GI Bolt 12 X 35 MM', 5, 30, '43', 1, 0, '0.00000000', '0.00000000', 0, 0, 'Purchessed', 0, 0, '0.00', '0.00'),
(1025, 'GI Bolt 12 X 50 MM', 'GI Bolt 12 X 50 MM', 5, 30, '43', 1, 0, '0.00000000', '0.00000000', 0, 0, 'Purchessed', 0, 0, '0.00', '0.00'),
(1026, 'GI Bolt 16 X 50 MM', 'GI Bolt 16 X 50 MM', 5, 30, '43', 1, 0, '0.00000000', '0.00000000', 0, 0, 'Purchessed', 0, 0, '0.00', '0.00'),
(1027, 'GI Bolt 16 X 75 MM', 'GI Bolt 16 X 75 MM', 5, 30, '43', 1, 0, '0.00000000', '0.00000000', 0, 0, 'Purchessed', 0, 0, '0.00', '0.00'),
(1028, 'GI Nut 6 MM', 'GI Nut 6 MM', 5, 30, '43', 1, 0, '0.00000000', '0.00000000', 0, 0, 'Purchessed', 0, 0, '0.00', '0.00'),
(1029, 'GI Nut 8 MM', 'GI Nut 8 MM', 5, 30, '43', 1, 0, '0.00000000', '0.00000000', 0, 0, 'Purchessed', 0, 0, '0.00', '0.00'),
(1030, 'GI Nut 10 MM', 'GI Nut 10 MM', 5, 30, '43', 1, 0, '0.00000000', '0.00000000', 0, 0, 'Purchessed', 0, 0, '0.00', '0.00'),
(1031, 'GI Nut 12 MM', 'GI Nut 12 MM', 5, 30, '43', 1, 0, '0.00000000', '0.00000000', 0, 0, 'Purchessed', 0, 0, '0.00', '0.00'),
(1032, 'GI Nut 16 MM', 'GI Nut 16 MM', 5, 30, '43', 1, 0, '0.00000000', '0.00000000', 0, 0, 'Purchessed', 0, 0, '0.00', '0.00'),
(1033, 'GI Washer 6 MM', 'GI Washer 6 MM', 5, 30, '43', 1, 0, '0.00000000', '0.00000000', 0, 0, 'Purchessed', 0, 0, '0.00', '0.00'),
(1034, 'GI Washer 8 MM', 'GI Washer 8 MM', 5, 30, '43', 1, 0, '0.00000000', '0.00000000', 0, 0, 'Purchessed', 0, 0, '0.00', '0.00'),
(1035, 'GI Washer 10 MM', 'GI Washer 10 MM', 5, 30, '43', 1, 0, '0.00000000', '0.00000000', 0, 0, 'Purchessed', 0, 0, '0.00', '0.00'),
(1036, 'GI Washer 12 MM', 'GI Washer 12 MM', 5, 30, '43', 1, 0, '0.00000000', '0.00000000', 0, 0, 'Purchessed', 0, 0, '0.00', '0.00'),
(1037, 'GI Washer 16 MM', 'GI Washer 16 MM', 5, 30, '43', 1, 0, '0.00000000', '0.00000000', 0, 0, 'Purchessed', 0, 0, '0.00', '0.00'),
(1038, 'Channel 3"', 'Channel 3"', 5, 30, '38', 6, 0, '0.00000000', '0.00000000', 0, 0, 'Purchessed', 0, 0, '0.00', '0.00'),
(1039, 'Channel 4"', 'Channel 4"', 5, 30, '38', 6, 0, '0.00000000', '0.00000000', 0, 0, 'Purchessed', 0, 0, '0.00', '0.00'),
(1040, 'Angle 1.5"', 'Angle 1.5"', 5, 30, '38', 6, 0, '0.00000000', '0.00000000', 0, 0, 'Purchessed', 0, 0, '0.00', '0.00'),
(1041, 'MS Pattha 10 X 40 MM', 'MS Pattha 10 X 40 MM', 5, 30, '43', 6, 0, '0.00000000', '0.00000000', 0, 0, 'Purchessed', 0, 0, '0.00', '0.00'),
(1042, 'Paint Colour OX Blue', 'Paint Colour OX Blue', 5, 30, '43', 4, 0, '0.00000000', '0.00000000', 0, 0, 'Purchessed', 0, 0, '0.00', '0.00'),
(1043, 'Paint Colour Sky Blue', 'Paint Colour Sky Blue', 5, 30, '43', 4, 0, '0.00000000', '0.00000000', 0, 0, 'Purchessed', 0, 0, '0.00', '0.00'),
(1044, 'Paint Colour Black', 'Paint Colour Black', 5, 30, '43', 4, 0, '0.00000000', '0.00000000', 0, 0, 'Purchessed', 0, 0, '0.00', '0.00'),
(1045, 'Paint Red Oxide', 'Paint Red Oxide', 5, 30, '43', 4, 0, '0.00000000', '0.00000000', 0, 0, 'Purchessed', 0, 0, '0.00', '0.00'),
(1046, 'Paint Thiner', 'Paint Thiner', 5, 30, '43', 4, 0, '0.00000000', '0.00000000', 0, 0, 'Purchessed', 0, 0, '0.00', '0.00'),
(1047, 'Paint Brush 2"', 'Paint Brush 2"', 5, 30, '43', 1, 0, '0.00000000', '0.00000000', 0, 0, 'Purchessed', 0, 0, '0.00', '0.00'),
(1048, 'Name Plate STL', 'Name Plate STL', 5, 30, '43', 1, 0, '0.00000000', '0.00000000', 0, 0, 'Purchessed', 0, 0, '0.00', '0.00'),
(1049, 'Coupling Guard Sheet', 'Coupling Guard Sheet', 5, 30, '43', 9, 0, '0.00000000', '0.00000000', 0, 0, 'Purchessed', 0, 0, '0.00', '0.00'),
(1050, 'Base Frame Antico', 'Base Frame Antico', 5, 30, '38', 1, 0, '0.00000000', '0.00000000', 0, 0, 'Purchessed', 0, 0, '0.00', '0.00'),
(1051, 'Bottom End Shield (02) 4DRR 40J / 32', 'Bottom End Shield (02) 4DRR 40J / 32', 6, 18, '73', 1, 0, '0.00000000', '0.00000000', 0, 0, 'Purchessed', 0, 0, '0.00', '0.00'),
(1052, 'Top End Shield (03) 4DRR 40J / 32', 'Top End Shield (03) 4DRR 40J / 32', 6, 18, '73', 1, 0, '0.00000000', '0.00000000', 0, 0, 'Purchessed', 0, 0, '0.00', '0.00'),
(1053, 'Suction Stand (04) 4DRR 40J / 32', 'Suction Stand (04) 4DRR 40J / 32', 6, 18, '73', 1, 0, '0.00000000', '0.00000000', 0, 0, 'Purchessed', 0, 0, '0.00', '0.00'),
(1054, 'Casing Cover Plate (06) 4DRR 40J / 32', 'Casing Cover Plate (06) 4DRR 40J / 32', 6, 18, '73', 1, 0, '0.00000000', '0.00000000', 0, 0, 'Purchessed', 0, 0, '0.00', '0.00'),
(1055, 'Spacer SS 410 4DRR 40J / 32', 'Spacer SS 410 4DRR 40J / 32', 6, 18, '73', 1, 0, '0.00000000', '0.00000000', 0, 0, 'Purchessed', 0, 0, '0.00', '0.00'),
(1056, 'Adjusting Plate (07) 4DRR 40J / 32', 'Adjusting Plate (07) 4DRR 40J / 32', 6, 18, '73', 1, 0, '0.00000000', '0.00000000', 0, 0, 'Purchessed', 0, 0, '0.00', '0.00'),
(1057, 'HC Alloy Impeller 4DRR 40J / 32', 'HC Alloy Impeller  4DRR 40J / 32', 6, 18, '73', 1, 0, '0.00000000', '0.00000000', 0, 0, 'Purchessed', 0, 0, '0.00', '0.00'),
(1058, 'Cable Gland (10) 4DRR 40J / 32', 'Cable Gland (10) 4DRR 40J / 32', 6, 18, '73', 1, 0, '0.00000000', '0.00000000', 0, 0, 'Purchessed', 0, 0, '0.00', '0.00'),
(1059, 'Neckring For Impeller (11) 4DRR 40J / 32', 'Necking For Impeller (11) 4DRR 40J / 32', 6, 18, '73', 1, 0, '0.00000000', '0.00000000', 0, 0, 'Purchessed', 0, 0, '0.00', '0.00'),
(1060, 'Bearing Cover (11A) 4DRR 40J / 32', 'Bearing Cover (11A) 4DRR 40J / 32', 6, 18, '73', 1, 0, '0.00000000', '0.00000000', 0, 0, 'Purchessed', 0, 0, '0.00', '0.00'),
(1061, 'Rotor Fitted Shaft (12/22) 4DRR 40J / 32', 'Rotor Fitted Shaft (12/22) 4DRR 40J / 32', 6, 18, '73', 1, 0, '0.00000000', '0.00000000', 0, 0, 'Purchessed', 0, 0, '0.00', '0.00'),
(1062, 'Spacer For Agitator (12A) 4DRR 40J / 32', 'Spacer For Agitator (12A) 4DRR 40J / 32', 6, 18, '73', 1, 0, '0.00000000', '0.00000000', 0, 0, 'Purchessed', 0, 0, '0.00', '0.00'),
(1063, 'Key For Impeller & Agitator (13) 4DRR 40J / 32', 'Key For Impeller & Agitator (13) 4DRR 40J / 32', 6, 18, '73', 1, 0, '0.00000000', '0.00000000', 0, 0, 'Purchessed', 0, 0, '0.00', '0.00'),
(1064, 'Mechanical Seal  (14) 4DRR 40J / 32', 'Mechanical Seal  (14) 4DRR 40J / 32', 6, 18, '73', 1, 0, '0.00000000', '0.00000000', 0, 0, 'Purchessed', 0, 0, '0.00', '0.00'),
(1065, 'Mechanical Seal Motor (15) 4DRR 40J / 32', 'Mechanical Seal Motor (15) 4DRR 40J / 32', 6, 18, '73', 1, 0, '0.00000000', '0.00000000', 0, 0, 'Purchessed', 0, 0, '0.00', '0.00'),
(1066, 'Lock Nut For Agitator (18) 4DRR 40J / 32', 'Lock Nut For Agitator (18) 4DRR 40J / 32', 6, 18, '73', 1, 0, '0.00000000', '0.00000000', 0, 0, 'Purchessed', 0, 0, '0.00', '0.00'),
(1067, 'Thermostat 80 Deg.  C (23A) 4DRR 40J / 32', 'Thermostat 80 Deg.  C (23A) 4DRR 40J / 32', 6, 18, '73', 1, 0, '0.00000000', '0.00000000', 0, 0, 'Purchessed', 0, 0, '0.00', '0.00'),
(1068, 'Rubber Grommet (24 & 24A) 4DRR 40J / 32', 'Rubber Grommet (24 & 24A) 4DRR 40J / 32', 6, 18, '73', 1, 0, '0.00000000', '0.00000000', 0, 0, 'Purchessed', 0, 0, '0.00', '0.00'),
(1069, 'Gasket & O Ring Set (41,26,27) 4DRR 40J / 32', 'Gasket & O Ring Set (41,26,27) 4DRR 40J / 32', 6, 18, '73', 1, 0, '0.00000000', '0.00000000', 0, 0, 'Purchessed', 0, 0, '0.00', '0.00'),
(1070, 'Probe For Moisture Sensor (27A) 4DRR 40J / 32', 'Probe For Moisture Sensor (27A) 4DRR 40J / 32', 6, 18, '73', 1, 0, '0.00000000', '0.00000000', 0, 0, 'Purchessed', 0, 0, '0.00', '0.00'),
(1071, 'Oil Plug (28) 4DRR 40J / 32', 'Oil Plug (28) 4DRR 40J / 32', 6, 18, '73', 1, 0, '0.00000000', '0.00000000', 0, 0, 'Purchessed', 0, 0, '0.00', '0.00'),
(1072, 'Eye Bolt (31) 4DRR 40J / 32', 'Eye Bolt (31) 4DRR 40J / 32', 6, 18, '73', 1, 0, '0.00000000', '0.00000000', 0, 0, 'Purchessed', 0, 0, '0.00', '0.00'),
(1073, 'Agitator (40) 4DRR 40J / 32', 'Agitator (40) 4DRR 40J / 32', 6, 18, '73', 1, 0, '0.00000000', '0.00000000', 0, 0, 'Purchessed', 0, 0, '0.00', '0.00'),
(1074, 'Control Panel 4DRR 40J / 32', 'Control Panel 4DRR 40J / 32', 6, 18, '73', 1, 0, '0.00000000', '0.00000000', 0, 0, 'Purchessed', 0, 0, '0.00', '0.00'),
(1075, 'CT 50C 160 NG1 M5 L1', 'CT 50C 160 NG1 M5 L1', 1, 1, '74', 1, 0, '0.00000000', '0.00000000', 0, 0, 'Purchessed', 0, 0, '0.00', '0.00'),
(1076, 'Bearing 6306 CCR 50 160', 'Bearing 6306 CCR 50 160', 6, 16, '25', 1, 6, '1261.00000000', '7566.00000000', 0, 0, 'Purchessed', 1, 1, '1261.00', '1.10'),
(1077, 'Bearing Bush CCR 50C 160', 'Bearing Bush CCR 50C 160', 6, 16, '25', 1, 0, '0.00000000', '0.00000000', 0, 0, 'Purchessed/Manufactured', 0, 0, '0.00', '0.00'),
(1078, 'Bearing Cover CCR 50C 160', 'Bearing Cover CCR 50C 160', 6, 16, '25', 1, 4, '750.00000000', '3000.00000000', 0, 0, 'Purchessed', 1, -1, '750.00', '1.10'),
(1079, 'Bearing Cover CN 100 160 L1', 'Bearing Cover CN 100 160 L1', 6, 16, '13', 1, 1, '2000.00000000', '2000.00000000', 0, 0, 'Purchessed', 1, 1, '2000.00', '1.10'),
(1081, 'Bearing Lock Nut CCR 50C 160', 'Bearing Lock Nut CCR 50C 160', 6, 16, '25', 1, 2, '500.00000000', '1000.00000000', 0, 0, 'Purchessed', 1, 1, '500.00', '1.10'),
(1082, 'Bush For Gland CCR 50 160', 'Bush For Gland CCR 50 160', 6, 16, '25', 1, 2, '500.00000000', '1000.00000000', 0, 0, 'Purchessed', 1, 1, '500.00', '1.10'),
(1083, 'Bush For Gland CN 100 400', 'Bush For Gland CN 100 400', 6, 16, '13', 1, 2, '1620.00000000', '3240.00000000', 0, 0, 'Purchessed', 1, 1, '1620.00', '1.10'),
(1084, 'CT 50C 160 With Motor', 'CT 50C 160 With Motor', 7, 26, '76', 1, 0, '0.00000000', '0.00000000', 0, 0, 'Purchessed/Manufactured', 0, 0, '0.00', '0.00'),
(1085, 'Casing Bolt CCR 50C 160', 'Casing Bolt CCR 50C 160', 6, 16, '25', 1, 16, '100.00000000', '1600.00000000', 0, 0, 'Purchessed', 1, 1, '100.00', '1.10'),
(1087, 'Diffuser For J 52', 'Diffuser For J 52', 6, 18, '68', 1, 1, '4656.00000000', '4656.00000000', 0, 0, 'Purchessed', 1, 1, '4656.00', '1.10'),
(1088, 'Gasket For TGH 58 80 ', 'Gasket For TGH 58 80 ', 6, 16, '77', 1, 2, '183.96000000', '367.92000000', 0, 0, 'Purchessed/Manufactured', 1, 1, '183.96', '1.10'),
(1089, 'Gland Packing ', 'Gland Packing ', 6, 16, '13', 1, 1, '500.00000000', '500.00000000', 0, 0, 'Purchessed', 1, 1, '500.00', '1.10'),
(1090, 'Grub Screw (0603) For TGH 58 80 ', 'Grub Screw (0603) For TGH 58 80 ', 6, 16, '77', 1, 25, '14.94000000', '373.50000000', 0, 0, 'Purchessed', 1, 1, '14.94', '1.10'),
(1091, 'Grub Screw (0703) For TGH 58 80 ', 'Grub Screw (0703) For TGH 58 80 ', 6, 16, '77', 1, 25, '42.02000000', '1050.50000000', 0, 0, 'Purchessed', 1, 1, '42.02', '1.10'),
(1092, 'Cabin Fan 150-4-DC- 12 Volt', 'Cabin Fan 150-4-DC- 12 Volt', 6, 37, '79', 1, 0, '0.00000000', '0.00000000', 0, 0, 'Purchessed', 0, 0, '0.00', '0.00'),
(1093, 'Idler Bush For TGH 58 80', 'Idler Bush For TGH 58 80', 6, 16, '77', 1, 2, '1440.85000000', '2881.70000000', 0, 0, 'Purchessed', 1, 1, '1440.85', '1.10'),
(1094, 'Idler For TGH 58 80', 'Idler For TGH 58 80', 6, 16, '77', 1, 1, '19320.32000000', '19320.32000000', 0, 0, 'Purchessed', 1, 1, '19320.32', '1.10'),
(1096, 'PL 2017 Pump', 'PL 2017 Pump', 1, 3, '48', 1, 0, '0.00000000', '0.00000000', 0, 0, 'Purchessed', 0, 0, '0.00', '0.00'),
(1097, 'PL 1011 Pump', 'PL 1011 Pump', 1, 3, '48', 1, 0, '0.00000000', '0.00000000', 0, 0, 'Purchessed', 0, 0, '0.00', '0.00'),
(1099, 'NRV Ball PL 2017', 'NRV Ball PL 2017', 6, 19, '81', 1, 0, '0.00000000', '0.00000000', 0, 0, 'Purchessed', 0, 0, '0.00', '0.00'),
(1100, 'NRV Ball PL 1011', 'NRV Ball PL 1011', 6, 19, '82', 1, 0, '0.00000000', '0.00000000', 0, 0, 'Purchessed', 0, 0, '0.00', '0.00'),
(1101, 'Eccentric (30) PL 2017', 'Eccentric (30) PL 2017', 6, 19, '81', 1, 0, '0.00000000', '0.00000000', 0, 0, 'Purchessed', 0, 0, '0.00', '0.00'),
(1102, 'Gasket Set PL 2017', 'Gasket Set PL 2017', 6, 19, '81', 3, 0, '0.00000000', '0.00000000', 0, 0, 'Purchessed/Manufactured', 0, 0, '0.00', '0.00'),
(1103, 'Spring Dowel Pin (54) PL 2017', 'Spring Dowel Pin (54) PL 2017', 6, 19, '81', 3, 0, '0.00000000', '0.00000000', 0, 0, 'Purchessed', 0, 0, '0.00', '0.00'),
(1104, 'Sealing Ring (14) PL 2017', 'Sealing Ring (14) PL 2017', 6, 19, '81', 1, 0, '0.00000000', '0.00000000', 0, 0, 'Purchessed', 0, 0, '0.00', '0.00'),
(1105, 'Sealing Ring (12) PL 2017', 'Sealing Ring (12) PL 2017', 6, 19, '81', 1, 0, '0.00000000', '0.00000000', 0, 0, 'Purchessed', 0, 0, '0.00', '0.00'),
(1106, 'Sealing Ring (17) PL 2017', 'Sealing Ring (17) PL 2017', 6, 19, '81', 1, 0, '0.00000000', '0.00000000', 0, 0, 'Purchessed', 0, 0, '0.00', '0.00'),
(1107, 'Plunger Ring (2) PL 2017', 'Plunger Ring (2) PL 2017', 6, 19, '81', 1, 0, '0.00000000', '0.00000000', 0, 0, 'Purchessed', 0, 0, '0.00', '0.00'),
(1108, 'Plunger Ring (4) PL 2017', 'Plunger Ring (4) PL 2017', 6, 19, '81', 1, 0, '0.00000000', '0.00000000', 0, 0, 'Purchessed', 0, 0, '0.00', '0.00'),
(1109, 'Worm Shaft (67) PL 2017', 'Worm Shaft (67) PL 2017', 6, 19, '81', 1, 0, '0.00000000', '0.00000000', 0, 0, 'Purchessed', 0, 0, '0.00', '0.00'),
(1110, 'Valve Seat (13) PL 2017', 'Valve Seat (13) PL 2017', 6, 19, '81', 1, 0, '0.00000000', '0.00000000', 0, 0, 'Purchessed', 0, 0, '0.00', '0.00'),
(1111, 'Worm Wheel (56) PL 2017', 'Worm Wheel (56) PL 2017', 6, 19, '81', 1, 0, '0.00000000', '0.00000000', 0, 0, 'Purchessed', 0, 0, '0.00', '0.00'),
(1112, 'CCR 25 160 With Motor ', 'CCR 25 160 With Motor ', 7, 26, '63', 3, 0, '0.00000000', '0.00000000', 0, 0, 'Purchessed/Manufactured', 0, 0, '0.00', '0.00'),
(1113, 'Plunger (6) PL 2017', 'Plunger (6) PL 2017', 6, 19, '81', 1, 0, '0.00000000', '0.00000000', 0, 0, 'Purchessed', 0, 0, '0.00', '0.00'),
(1114, 'Impeller For J52', 'Impeller For J52', 6, 18, '83', 1, 1, '3009.00000000', '3009.00000000', 0, 0, 'Purchessed', 1, 1, '3009.00', '1.10'),
(1115, 'Coupling Key (2210) CCR 25-65 125, 25-50 160, 32-50 200', 'Coupling Key (2210) CCR 25-65 125, 25-50 160, 32-5', 6, 16, '25', 1, 4, '125.00000000', '500.00000000', 0, 0, 'Purchessed/Manufactured', 1, 1, '125.00', '1.10'),
(1126, 'Lantern Piece CB 32 160', 'Lantern Piece CB 32 160', 6, 16, '80', 1, 1, '1782.00000000', '1782.00000000', 0, 0, 'Purchessed', 1, 1, '1782.00', '1.10'),
(1127, 'Leg Guard With Bolt & Washer CCR 50 160', 'Leg Guard With Bolt & Washer CCR 50 160', 6, 16, '25', 1, 2, '500.00000000', '1000.00000000', 0, 0, 'Purchessed/Manufactured', 1, 1, '500.00', '1.10'),
(1128, 'Mechanical Seal CCR 25 125 ', 'Mechanical Seal CCR 25 125 ', 6, 16, '25', 1, 2, '3022.00000000', '6044.00000000', 0, 0, 'Purchessed', 1, 1, '3022.00', '1.10'),
(1129, 'Nilos Ring KGEN  12 5 To 16 6', 'Nilos Ring KGEN  12 5 To 16 6', 6, 16, '11', 1, 1, '25.00000000', '25.00000000', 0, 0, 'Purchessed', 1, 1, '25.00', '1.10'),
(1131, 'Oil Leveller Antico ', 'Oil Leveller Antico ', 6, 17, '16', 1, 1, '980.00000000', '980.00000000', 0, 0, 'Purchessed', 1, 1, '980.00', '1.10'),
(1132, 'Pump Casing CCR 50 200', 'Pump Casing CCR 50 200', 6, 16, '25', 1, 4, '27661.00000000', '110644.00000000', 0, 0, 'Purchessed', 1, 1, '27661.00', '1.10'),
(1133, 'Rotor For TGH 58 80', 'Rotor For TGH 58 80', 6, 16, '77', 1, 1, '47819.89000000', '47819.89000000', 0, 0, 'Purchessed', 1, 1, '47819.89', '1.10'),
(1134, 'Rotor/ Gasket TIGGM Pump', 'Rotor/Gasket TIGGM Pump', 6, 15, '20', 3, 1, '49324.14000000', '49324.00000000', 0, 0, 'Purchessed', 1, 1, '49324.14', '1.10'),
(1135, 'Shaft TGH  58 80', 'Shaft TGH  58 80', 6, 16, '77', 1, 1, '11469.86000000', '11469.86000000', 0, 0, 'Purchessed', 1, 1, '11469.86', '1.10'),
(1138, 'Star Washer CCR 50C 160', 'Star Washer CCR 50C 160', 6, 16, '25', 1, 2, '200.00000000', '400.00000000', 0, 0, 'Purchessed', 1, 1, '200.00', '1.10'),
(1139, 'Stuffing Box (0110) CCR 32 To 50 160', 'Stuffing Box (0110) CCR 32 To 50 160', 6, 16, '25', 1, 1, '2000.00000000', '2000.00000000', 0, 0, 'Purchessed', 1, 1, '2000.00', '1.10'),
(1140, 'Wear Ring CCR 32 160', 'Wear Ring CCR 32 160', 6, 16, '25', 1, 1, '1424.00000000', '1424.00000000', 0, 0, 'Purchessed', 1, 1, '1424.00', '1.10'),
(1141, 'Window Cover KGEN 11 3', 'Window Cover KGEN 11 3', 6, 16, '11', 1, 5, '180.00000000', '900.00000000', 0, 0, 'Purchessed', 1, 1, '180.00', '1.10'),
(1142, 'Shaft HE 100 CT', 'Shaft HE 100 CT', 6, 17, '33', 1, 0, '0.00000000', '0.00000000', 0, 0, 'Purchessed/Manufactured', 0, 0, '0.00', '0.00'),
(1143, 'HPG 3E Pump', 'HPG 3E Pump', 1, 2, '7', 1, 0, '0.00000000', '0.00000000', 0, 0, 'Purchessed', 0, 0, '0.00', '0.00'),
(1144, '10 HP/ 1500 RPM Siemens', '10 HP/ 1500 RPM Siemens', 3, 13, '86', 1, 2, '0.00000000', '0.00000000', 0, 1, 'Purchessed', 0, 0, '0.00', '0.00'),
(1145, '7.5 HP / 3000 RPM REMI', '7.5 HP / 3000 RPM REMI', 3, 8, '5', 1, 1, '0.00000000', '0.00000000', 0, 1, 'Purchessed', 0, 0, '0.00', '0.00'),
(1148, 'RT 10 Gear Pump', 'RT 10 Gear Pump', 1, 2, '7', 1, 3, '2313.36000000', '6940.00000000', 0, 1, 'Purchessed', 1, 1, '2313.36', '1.10'),
(1149, 'RT 10 F Gear Pump', 'RT 10 F Gear Pump', 1, 2, '7', 1, 2, '2313.36000000', '4627.00000000', 0, 1, 'Purchessed', 0, 0, '2313.36', '1.10'),
(1150, 'Wear Plate KGEN 21 8', 'Wear Plate KGEN 21 8', 6, 16, '11', 1, 1, '1496.00000000', '1496.00000000', 0, 0, 'Purchessed', 1, 1, '1496.00', '1.10'),
(1151, '1 HP / 1500 RPM CGL ', '1 HP / 1500 RPM CGL ', 3, 35, '58', 1, 2, '4209.00000000', '8418.00000000', 0, 1, 'Purchessed', 1, 1, '4209.00', '1.10'),
(1152, 'SS 316 Rod ( OD 32 Mm )  ', 'SS 316 Rod ( OD 32 Mm )  ', 5, 30, '38', 6, 0, '0.00000000', '0.00000000', 0, 0, 'Purchessed/Manufactured', 0, 0, '0.00', '0.00'),
(1155, 'T3 S 20 Pump', 'T3 S 20 Pump', 1, 2, '8', 1, 0, '0.00000000', '0.00000000', 0, 0, 'Purchessed', 0, 0, '0.00', '0.00'),
(1156, 'TUFP 088', 'TUFP 088', 1, 2, '9', 1, 0, '0.00000000', '0.00000000', 0, 0, 'Purchessed', 0, 0, '0.00', '0.00'),
(1157, 'Mechanical Seal  CB 200 200', 'Mechanical Seal  CB 200 200', 6, 16, '80', 1, -4, '0.00000000', '0.00000000', 0, 0, 'Purchessed', 0, 0, '0.00', '0.00'),
(1158, 'AFP 050', 'AFP 050', 5, 30, '38', 1, 4, '194.00000000', '776.00000000', 0, 0, 'Purchessed', 1, 1, '194.00', '1.10'),
(1159, 'CCR 50 200 With Motor', 'CCR 50 200 With Motor', 7, 26, '63', 3, 0, '0.00000000', '0.00000000', 0, 0, 'Purchessed/Manufactured', 0, 0, '0.00', '0.00'),
(1160, 'Back Plate EXP 160 CT', 'Back Plate EXP 160 CT', 6, 17, '16', 1, 4, '1800.00000000', '7200.00000000', 0, 0, 'Purchessed', 1, 1, '1800.00', '1.10'),
(1161, 'Bearing ', 'Bearing ', 5, 30, '38', 1, 4, '120.60000000', '482.40000000', 0, 0, 'Purchessed', 1, 1, '120.60', '1.10'),
(1162, 'Adapter Flange HE 120/HE 130 CT', 'Adapter Flange HE 120/HE 130 CT', 6, 17, '33', 1, 3, '25.00000000', '75.00000000', 0, 0, 'Purchessed', 1, 1, '25.00', '1.10'),
(1163, 'Casing Plug CCR 50C 160', 'Casing Plug CCR 50C 160', 6, 16, '25', 1, 4, '75.00000000', '300.00000000', 0, 0, 'Purchessed', 1, 1, '75.00', '1.10'),
(1164, 'CN 100 250 With Motor', 'CN 100 250 With Motor', 7, 26, '62', 1, 0, '0.00000000', '0.00000000', 0, 1, 'Purchessed/Manufactured', 0, 0, '0.00', '0.00'),
(1166, 'FRE 80 210', 'FRE 80 210', 1, 1, '89', 1, 0, '0.00000000', '0.00000000', 0, 1, 'Purchessed', 0, 0, '0.00', '0.00'),
(1167, 'CN 125 400 G6 S2 L3', 'CN 125 400 G6 S2 L3', 1, 1, '1', 1, 0, '0.00000000', '0.00000000', 0, 1, 'Purchessed', 0, 0, '0.00', '0.00'),
(1168, 'CCR 25 125 R4 M2 L3', 'CCR 25 125 R4 M2 L3', 1, 1, '2', 1, 0, '0.00000000', '0.00000000', 0, 1, 'Purchessed', 0, 0, '0.00', '0.00'),
(1169, 'CCR 40 200 R6L M2 L3', 'CCR 40 200 R6L M2 L3', 1, 1, '2', 1, 0, '0.00000000', '0.00000000', 0, 1, 'Purchessed', 0, 0, '0.00', '0.00'),
(1170, 'CCR 32 125 R4 S2 L3', 'CCR 32 125 R4 S2 L3', 1, 1, '2', 1, 0, '0.00000000', '0.00000000', 0, 1, 'Purchessed', 0, 0, '0.00', '0.00'),
(1171, 'CB 80 200 G1  With Motor', 'CB 80 200 G1 With Motor', 7, 26, '62', 3, 0, '0.00000000', '0.00000000', 0, 1, 'Purchessed/Manufactured', 0, 0, '0.00', '0.00'),
(1172, 'Other Johnson CCR Pump', 'Other Johnson CCR Pump', 1, 1, '2', 1, 0, '0.00000000', '0.00000000', 0, 1, 'Purchessed', 0, 0, '0.00', '0.00'),
(1173, 'Locating Flange 1.375" ', 'Locating Flange 1.375" ', 6, 17, '16', 1, 2, '1137.00000000', '2274.00000000', 0, 0, 'Purchessed', 1, 1, '1137.00', '1.10'),
(1174, 'Locating Flange 1.375" Hylam  ', 'Locating Flange 1.375" Hylam  ', 6, 17, '33', 1, 1, '1137.00000000', '1137.00000000', 0, 0, 'Purchessed', 1, 1, '1137.00', '1.10'),
(1175, 'CCR 125 315 R1A S2 L6', 'CCR 125 315 R1A S2 L6', 1, 1, '2', 1, 1, '94935.00000000', '94935.00000000', 0, 1, 'Purchessed', 1, 1, '94935.00', '1.10'),
(1176, 'Coupling Other', 'Coupling Other', 5, 30, '38', 1, 0, '0.00000000', '0.00000000', 0, 0, 'Purchessed', 0, 0, '0.00', '0.00'),
(1177, 'Coupling L 070', 'Coupling L 070', 5, 30, '38', 1, 0, '0.00000000', '0.00000000', 0, 0, 'Purchessed', 3, 5, '0.00', '0.00'),
(1178, 'Stub Shaft CB 32 160', 'Stub Shaft CB 32 160', 6, 16, '80', 1, 0, '0.00000000', '0.00000000', 0, 0, 'Purchessed', 0, 0, '0.00', '0.00'),
(1179, 'Stuffing Box (0110 ) CN 32 To 50 - 250 ', 'Stuffing Box (0110 ) CN 32 to 50 - 250 ', 6, 16, '13', 1, 0, '0.00000000', '0.00000000', 0, 0, 'Purchessed', 0, 0, '0.00', '0.00'),
(1180, 'Wear Ring (0130) CCR 40c 160 ', 'Wear Ring (0130) CCR 40c 160 ', 6, 16, '25', 1, 0, '0.00000000', '0.00000000', 0, 0, 'Purchessed', 0, 0, '0.00', '0.00'),
(1181, 'CI Impeller CN 32 160 ', 'CI Impeller CN 32 160 ', 6, 16, '13', 1, 0, '0.00000000', '0.00000000', 0, 0, 'Purchessed', 0, 0, '0.00', '0.00'),
(1182, 'Bearing Housing Others Johnson', 'Bearing Housing Others Johnson', 6, 16, '13', 1, 0, '0.00000000', '0.00000000', 0, 0, 'Purchessed', 0, 0, '0.00', '0.00'),
(1183, 'CI Impeller CN 100 160 ', 'CI Impeller CN 100 160 ', 6, 16, '13', 1, 0, '0.00000000', '0.00000000', 0, 0, 'Purchessed', 0, 0, '0.00', '0.00'),
(1185, 'Welding Rod', 'Welding Rod', 5, 30, '43', 11, 0, '0.00000000', '0.00000000', 0, 0, 'Purchessed', 0, 0, '0.00', '0.00'),
(1186, 'CCR 65 315 With Motor', 'CCR 65 315 With Motor', 7, 26, '63', 1, 0, '0.00000000', '0.00000000', 0, 0, 'Purchessed/Manufactured', 0, 0, '0.00', '0.00'),
(1187, 'J 2004', 'J 2004', 1, 4, '53', 1, 2, '0.00000000', '0.00000000', 0, 0, 'Purchessed', 1, 1, '0.00', '0.00'),
(1188, 'KGEN 22 6 G1', 'KGEN 22 6 G1', 1, 1, '21', 1, 0, '0.00000000', '0.00000000', 0, 0, 'Purchessed', 0, 0, '0.00', '0.00'),
(1189, 'SS Impeller CCR 50 200 R6A ', 'SS Impeller CCR 50 200 R6A', 6, 16, '25', 1, 0, '0.00000000', '0.00000000', 0, 0, 'Purchessed', 0, 0, '0.00', '0.00'),
(1190, 'FRE 50 205 ', 'FRE 50 205 ', 1, 1, '89', 1, 0, '0.00000000', '0.00000000', 0, 1, 'Purchessed', 0, 0, '0.00', '0.00'),
(1191, 'SS 304 Rod ( OD 45mm )', 'SS 304 Rod ( OD 45mm )', 5, 30, '38', 6, 0, '0.00000000', '0.00000000', 0, 0, 'Purchessed', 0, 0, '0.00', '0.00'),
(1192, 'SS 316 Rod ( OD 36 Mm )', 'SS 316 Rod ( OD 36 mm ) ', 5, 30, '38', 6, 0, '0.00000000', '0.00000000', 0, 0, 'Purchessed', 0, 0, '0.00', '0.00'),
(1193, 'Mechanical Seal CCR 32 125 ', 'Mechanical Seal CCR 32 125 ', 6, 16, '25', 1, 0, '0.00000000', '0.00000000', 0, 0, 'Purchessed', 0, 0, '0.00', '0.00'),
(1194, 'Gland Plate', 'Gland Plate', 6, 17, '33', 1, 0, '0.00000000', '0.00000000', 0, 0, 'Purchessed', 0, 0, '0.00', '0.00'),
(1195, '3 HP / 3000 RPM SIEMENS', '3 HP / 3000 RPM SIEMENS', 3, 13, '86', 1, 0, '0.00000000', '0.00000000', 0, 0, 'Purchessed', 0, 0, '0.00', '0.00'),
(1197, 'CCR 32 125 With Motor', 'CCR 32 125 With Motor', 7, 26, '63', 3, 0, '0.00000000', '0.00000000', 0, 0, 'Purchessed/Manufactured', 0, 0, '0.00', '0.00'),
(1198, 'Suction Plate CL-120MM/16', 'Suction Plate CL-120MM/16', 6, 18, '91', 1, 0, '0.00000000', '0.00000000', 0, 0, 'Purchessed', 0, 0, '0.00', '0.00'),
(1199, 'Impeller CL-25J/16', 'Impeller CL-25J/16', 6, 18, '91', 1, 0, '0.00000000', '0.00000000', 0, 0, 'Purchessed', 0, 0, '0.00', '0.00'),
(1200, 'Casing CL-25J/16', 'Casing CL-25J/16', 6, 18, '91', 1, 0, '0.00000000', '0.00000000', 0, 0, 'Purchessed', 0, 0, '0.00', '0.00'),
(1201, 'Casing CL-30J/16', 'Casing CL-30J/16', 6, 18, '91', 1, 0, '0.00000000', '0.00000000', 0, 0, 'Purchessed', 0, 0, '0.00', '0.00'),
(1202, 'Casing CL-120MM/16', 'Casing CL-120MM/16', 6, 18, '91', 1, 0, '0.00000000', '0.00000000', 0, 0, 'Purchessed', 0, 0, '0.00', '0.00'),
(1203, 'Impeller CL-30J/16', 'Impeller CL-30J/16', 6, 18, '91', 1, 0, '0.00000000', '0.00000000', 0, 0, 'Purchessed', 0, 0, '0.00', '0.00'),
(1204, 'CB 32 160 With Motor', 'CB 32 160  With Motor', 7, 26, '92', 3, 0, '0.00000000', '0.00000000', 0, 0, 'Purchessed/Manufactured', 0, 0, '0.00', '0.00'),
(1205, 'Impeller CL-120MM/16', 'Impeller CL-120MM/16', 6, 18, '91', 1, 0, '0.00000000', '0.00000000', 0, 0, 'Purchessed', 0, 0, '0.00', '0.00'),
(1207, 'Impeller Cap Nut SS 316 (1820) CCR 32 To 65-125, 32 To 50-160, 32 To 50-200', 'Impeller Cap Nut SS 316 (1820) CCR 32 To 65-125, 3', 6, 16, '25', 1, 0, '0.00000000', '0.00000000', 0, 0, 'Purchessed', 0, 0, '0.00', '0.00'),
(1208, 'R 20 DG With Motor', 'R 20 DG With Motor', 7, 22, '93', 1, 0, '0.00000000', '0.00000000', 0, 0, 'Purchessed/Manufactured', 0, 0, '0.00', '0.00'),
(1209, '3 HP / 960 RPM FLP BBL', '3 HP / 960 RPM FLP BBL', 3, 7, '87', 1, 0, '0.00000000', '0.00000000', 0, 0, 'Purchessed', 0, 0, '0.00', '0.00'),
(1210, 'WV 02L/40', 'WV 02L/40', 1, 4, '52', 1, 0, '0.00000000', '0.00000000', 0, 0, 'Purchessed', 0, 0, '0.00', '0.00'),
(1211, 'Shaft EXP 50 CT / 55 ST / 160 CT', 'Shaft EXP 50 CT / 55 ST / 160 CT', 6, 17, '16', 1, 0, '0.00000000', '0.00000000', 0, 0, 'Purchessed/Manufactured', 0, 0, '0.00', '0.00'),
(1212, 'SS 316 Rod ( OD 45mm )', 'SS 316 Rod ( OD 45mm )', 5, 30, '38', 6, 0, '0.00000000', '0.00000000', 0, 0, 'Purchessed/Manufactured', 0, 0, '0.00', '0.00'),
(1213, 'Adopter EXP 160 CT', 'Adopter EXP 160 CT', 6, 17, '16', 1, 0, '0.00000000', '0.00000000', 0, 0, 'Purchessed', 0, 0, '0.00', '0.00'),
(1214, 'MS Pattha 6 X 40 MM ', 'MS Pattha 6 X 40 MM', 5, 30, '43', 6, 0, '0.00000000', '0.00000000', 0, 0, 'Purchessed', 0, 0, '0.00', '0.00'),
(1215, 'Bearing Housing EXP 160 CT', 'Bearing Housing EXP 160 CT', 6, 17, '16', 1, 0, '0.00000000', '0.00000000', 0, 0, 'Purchessed', 0, 0, '0.00', '0.00'),
(1216, 'CI Impeller  CN 25 160 ', 'CI Impeller  CN 25 160 ', 6, 16, '13', 1, 0, '0.00000000', '0.00000000', 0, 0, 'Purchessed', 0, 0, '0.00', '0.00'),
(1217, 'Shaft (2200) CCR 25 160', 'Shaft (2200) CCR 25 160', 6, 16, '25', 1, 0, '0.00000000', '0.00000000', 0, 0, 'Purchessed/Manufactured', 0, 0, '0.00', '0.00'),
(1218, 'Suction Cover KGEN 11 4', 'Suction Cover KGEN 11 4', 6, 16, '11', 1, 0, '0.00000000', '0.00000000', 0, 0, 'Purchessed', 0, 0, '0.00', '0.00'),
(1219, 'Mechanical Seal T3 S 70', 'Mechanical Seal T3 S 70', 6, 15, '17', 1, 0, '0.00000000', '0.00000000', 0, 0, 'Purchessed', 0, 0, '0.00', '0.00'),
(1221, 'Mechanical Seal CCR 40 160 ', 'Mechanical Seal CCR 40 160 ', 6, 16, '25', 1, 0, '0.00000000', '0.00000000', 0, 0, 'Purchessed', 0, 0, '0.00', '0.00'),
(1222, 'Mechanical Seal CCR 32 160 ', 'Mechanical Seal CCR 32 160 ', 6, 16, '25', 1, 0, '0.00000000', '0.00000000', 0, 0, 'Purchessed', 0, 0, '0.00', '0.00'),
(1223, 'Rotating Assembly CCR 40 200 R6L M2 L3', 'Rotating Assembly CCR 40 200 R6L M2 L3', 6, 16, '25', 1, 0, '0.00000000', '0.00000000', 0, 0, 'Purchessed', 0, 0, '0.00', '0.00'),
(1224, 'M 30140', 'M 30140', 1, 4, '65', 1, 0, '0.00000000', '0.00000000', 0, 0, 'Purchessed', 0, 0, '0.00', '0.00'),
(1225, 'Split Gland CI (1140) CN  80 To 150 -400, 125-315', 'Split Gland CI (1140) CN  80 to 150 -400, 125-315', 6, 16, '13', 1, 0, '0.00000000', '0.00000000', 0, 0, 'Purchessed/Manufactured', 0, 0, '0.00', '0.00'),
(1226, 'Repairing & Service', 'Repairing & Service', 5, 30, '38', 3, 0, '0.00000000', '0.00000000', 0, 0, 'Purchessed/Manufactured', 0, 0, '0.00', '0.00'),
(1227, 'WP 07E/40SS', 'WP 07E/40SS', 1, 4, '52', 1, 0, '0.00000000', '0.00000000', 0, 0, 'Purchessed', 0, 0, '0.00', '0.00'),
(1228, 'S 336', 'S 336', 1, 4, '65', 1, 0, '0.00000000', '0.00000000', 0, 0, 'Purchessed', 0, 0, '0.00', '0.00'),
(1229, 'Silicon Oil Bottle 100 ML', 'Silicon Oil Bottle 100 ML', 5, 30, '43', 1, 0, '0.00000000', '0.00000000', 0, 0, 'Purchessed', 0, 0, '0.00', '0.00'),
(1230, '4 SR 05F / 16', '4 SR 05F / 16', 1, 4, '54', 1, 0, '0.00000000', '0.00000000', 0, 0, 'Purchessed', 0, 0, '0.00', '0.00'),
(1231, 'MCH / MCV 14 A*5', 'MCH / MCV 14 A*5', 1, 1, '3', 1, 0, '0.00000000', '0.00000000', 0, 0, 'Purchessed', 0, 0, '0.00', '0.00'),
(1232, 'Seal Cover CCR 40 160', 'Seal Cover CCR 40 160', 6, 16, '25', 1, 0, '0.00000000', '0.00000000', 0, 0, 'Purchessed', 0, 0, '0.00', '0.00'),
(1233, 'Vacuum Pump 043', 'Vacuum Pump 043', 1, 6, '95', 1, 0, '0.00000000', '0.00000000', 0, 0, 'Purchessed', 0, 0, '0.00', '0.00'),
(1234, 'Slider (53) HD 2017', 'Slider (53) HD 2017', 6, 19, '70', 1, 0, '0.00000000', '0.00000000', 0, 0, 'Purchessed', 0, 0, '0.00', '0.00'),
(1235, 'Eccentric Strap (30) HD 2017', 'Eccentric Strap (30) HD 2017', 6, 19, '70', 1, 0, '0.00000000', '0.00000000', 0, 0, 'Purchessed', 0, 0, '0.00', '0.00'),
(1236, 'Thrust Plate (31) HD 2017', 'Thrust Plate (31) HD 2017', 6, 19, '70', 1, 0, '0.00000000', '0.00000000', 0, 0, 'Purchessed', 0, 0, '0.00', '0.00'),
(1237, 'Minor KGEN Repair Kit', 'Minor KGEN Repair Kit', 6, 16, '11', 1, 0, '0.00000000', '0.00000000', 0, 0, 'Purchessed/Manufactured', 0, 0, '0.00', '0.00'),
(1238, 'SS Impeller CCR 80 250', 'SS Impeller CCR 80 250', 6, 16, '25', 1, 0, '0.00000000', '0.00000000', 0, 0, 'Purchessed', 0, 0, '0.00', '0.00'),
(1239, 'Eccentric  (52) HD 2017', 'Eccentric  (52) HD 2017', 6, 19, '70', 1, 0, '0.00000000', '0.00000000', 0, 0, 'Purchessed', 0, 0, '0.00', '0.00'),
(1240, 'Wear Ring (0130) CCR 65-80 250', 'Wear Ring (0130) CCR 65-80 250', 6, 16, '25', 1, 0, '0.00000000', '0.00000000', 0, 0, 'Purchessed', 0, 0, '0.00', '0.00'),
(1241, 'Guide Pin (51) HD 2017', 'Guide Pin (51) HD 2017', 6, 19, '70', 1, 0, '0.00000000', '0.00000000', 0, 0, 'Purchessed', 0, 0, '0.00', '0.00'),
(1242, 'Slider Housing (55) HD 2017', 'Slider Housing (55) HD 2017', 6, 19, '70', 1, 0, '0.00000000', '0.00000000', 0, 0, 'Purchessed', 0, 0, '0.00', '0.00'),
(1243, 'Worm Wheel (56) HD 2017', 'Worm Wheel (56) HD 2017', 6, 19, '70', 1, 0, '0.00000000', '0.00000000', 0, 0, 'Purchessed', 0, 0, '0.00', '0.00'),
(1244, 'Oil Baffle (2120) CCR 32 To 65-125,32 To 50-160,32 To 50-200', 'Oil Baffle (2120) CCR 32 To 65-125,32 To 50-160,32', 6, 16, '25', 1, 0, '0.00000000', '0.00000000', 0, 0, 'Purchessed/Manufactured', 0, 0, '0.00', '0.00'),
(1245, 'Shaft (2200) CCR 65 To 80 165, 65 To 100 200,32 To 80 250, 40 -50 315', 'Shaft (2200) CCR 65 to 80 165, 65 to 100 200,32 to', 6, 16, '25', 1, 0, '0.00000000', '0.00000000', 0, 0, 'Purchessed/Manufactured', 0, 0, '0.00', '0.00'),
(1247, 'Washer (0315) CCR 32-80 250, 100 200', 'Washer (0315) CCR 32-80 250, 100 200', 6, 16, '25', 1, 0, '0.00000000', '0.00000000', 0, 0, 'Purchessed', 0, 0, '0.00', '0.00'),
(1248, 'Coupling Key', 'Coupling Key', 5, 30, '38', 1, 0, '0.00000000', '0.00000000', 0, 0, 'Purchessed/Manufactured', 0, 0, '0.00', '0.00'),
(1249, 'Oil Baffle (2125) CCR 100 200,32-80 250', 'Oil Baffle (2125) CCR', 6, 16, '25', 1, 0, '0.00000000', '0.00000000', 0, 0, 'Purchessed/Manufactured', 0, 0, '0.00', '0.00'),
(1250, 'Dist. Sleeve (2350) CCR 65-80 160, 65-100 200, 32-80 250, 40-50 315', 'Dist. Sleeve (2350) CCR', 6, 16, '25', 1, 0, '0.00000000', '0.00000000', 0, 0, 'Purchessed/Manufactured', 0, 0, '0.00', '0.00'),
(1251, 'Coupling Key (2210) CCR 65-80 160, 65-100 200, 32-80 250, 40-50 315', 'Coupling Key (2210) CCR 65-80 160, 65-100 200, ', 6, 16, '25', 1, 0, '0.00000000', '0.00000000', 0, 0, 'Purchessed/Manufactured', 0, 0, '0.00', '0.00'),
(1252, 'Internal Circlip (2300) CCR 65-80 160, 65-100 200, 32-80 250, 40-50 315', 'Internal Circlip (2300) CCR 65-80 160, 65-100 200,', 6, 16, '25', 1, 0, '0.00000000', '0.00000000', 0, 0, 'Purchessed', 0, 0, '0.00', '0.00'),
(1253, 'Adjusting Ring(2340) CCR 65-80 160, 65-100 200, 32-80 250, 40-50 315', 'Adjusting Ring(2340) CCR ', 6, 16, '25', 1, 0, '0.00000000', '0.00000000', 0, 0, 'Purchessed/Manufactured', 0, 0, '0.00', '0.00'),
(1254, 'Lock Nut (2560) CCR 65-80 160, 65-100 200, 32-80 250, 40-50 315', 'Lock Nut (2560) CCR 65-80 160, 65-100 200, ', 6, 16, '25', 1, 0, '0.00000000', '0.00000000', 0, 0, 'Purchessed', 0, 0, '0.00', '0.00'),
(1255, 'Splash Ring (2220) CCR 65-80 160, 65-100 200, 32-80 250, 40-50 315', 'Splash Ring (2220) CCR 65-80 160, 65-100 200, 32-8', 6, 16, '25', 1, 0, '0.00000000', '0.00000000', 0, 0, 'Purchessed', 0, 0, '0.00', '0.00'),
(1256, 'Locking Washer(2570) CCR 65-80 160, 65-100 200, 32-80 250, 40-50 315', 'Locking Washer(2570) CCR', 6, 16, '25', 1, 0, '0.00000000', '0.00000000', 0, 0, 'Purchessed', 0, 0, '0.00', '0.00');
INSERT INTO `items` (`id`, `name`, `alias`, `item_category_id`, `item_group_id`, `item_sub_group_id`, `unit_id`, `ob_quantity`, `ob_rate`, `ob_value`, `freeze`, `serial_number_enable`, `source`, `minimum_quantity`, `maximum_quantity`, `dynamic_cost`, `minimum_selling_price_factor`) VALUES
(1257, 'Oil Baffle(2120) CCR 65-80 160, 65-100 200, 32-80 250, 40-50 315', 'Oil Baffle(2120) CCR 65-80 160, 65-100 200, 32', 6, 16, '25', 1, 0, '0.00000000', '0.00000000', 0, 0, 'Purchessed/Manufactured', 0, 0, '0.00', '0.00'),
(1258, 'CI Impeller CB 200 200', 'CI Impeller CB 200 200', 6, 16, '80', 1, 0, '0.00000000', '0.00000000', 0, 0, 'Purchessed', 0, 0, '0.00', '0.00'),
(1259, 'Stub Shaft CB 200 200', 'Stub Shaft CB 200 200', 6, 16, '80', 1, 0, '0.00000000', '0.00000000', 0, 0, 'Purchessed', 0, 0, '0.00', '0.00'),
(1260, 'Stuffing Box CB 32 250 ', 'Stuffing Box CB 32 250 ', 6, 16, '80', 1, 0, '0.00000000', '0.00000000', 0, 0, 'Purchessed', 0, 0, '0.00', '0.00'),
(1261, '14" Cutting Wheel', '14" Cutting Wheel', 5, 30, '43', 1, 0, '0.00000000', '0.00000000', 0, 0, 'Purchessed', 0, 0, '0.00', '0.00'),
(1262, 'Cable Base For T 1503 H', 'Cable Base for T 1503 H', 6, 18, '83', 1, 0, '0.00000000', '0.00000000', 0, 0, 'Purchessed', 0, 0, '0.00', '0.00'),
(1263, 'Strainer T 1503 H', 'Strainer T 1503 H', 6, 18, '83', 1, 0, '0.00000000', '0.00000000', 0, 0, 'Purchessed', 0, 0, '0.00', '0.00'),
(1264, 'Cable Base For T 2003 H', 'Cable Base For T 2003 H', 6, 18, '83', 1, 0, '0.00000000', '0.00000000', 0, 0, 'Purchessed', 0, 0, '0.00', '0.00'),
(1265, 'Strainer T 2504', 'Strainer T 2504', 6, 18, '83', 1, 0, '0.00000000', '0.00000000', 0, 0, 'Purchessed', 0, 0, '0.00', '0.00'),
(1266, 'Cable Base For T 2504 H', 'Cable Base For T 2504 H', 6, 18, '83', 1, 0, '0.00000000', '0.00000000', 0, 0, 'Purchessed', 0, 0, '0.00', '0.00'),
(1267, 'Rubber Grommet Set T1503 H', 'Rubber Grommet Set T1503 H', 6, 18, '83', 1, 0, '0.00000000', '0.00000000', 0, 0, 'Purchessed', 0, 0, '0.00', '0.00'),
(1268, 'Rubber Grommet Set T 2003 H', 'Rubber Grommet Set T 2003 H', 6, 18, '83', 1, 0, '0.00000000', '0.00000000', 0, 0, 'Purchessed', 0, 0, '0.00', '0.00'),
(1269, 'Rubber Grommet Set T 2504', 'Rubber Grommet Set T 2504', 6, 18, '83', 1, 0, '0.00000000', '0.00000000', 0, 0, 'Purchessed', 0, 0, '0.00', '0.00'),
(1270, 'Rubber Grommet Set J 2504+A16', 'Rubber Grommet Set J 2504+A16', 6, 18, '83', 1, 0, '0.00000000', '0.00000000', 0, 0, 'Purchessed', 0, 0, '0.00', '0.00'),
(1271, 'Cable Gland Set For T 1503 H', 'Cable Gland Set For T 1503 H', 6, 18, '83', 1, 0, '0.00000000', '0.00000000', 0, 0, 'Purchessed', 0, 0, '0.00', '0.00'),
(1272, 'Rubber Grommet Set J 102 SP', 'Rubber Grommet Set J 102 SP', 6, 18, '83', 1, 0, '0.00000000', '0.00000000', 0, 0, 'Purchessed', 0, 0, '0.00', '0.00'),
(1273, 'O Ring Part For T 2003 H', 'O Ring Part For T 2003 H', 6, 18, '83', 1, 0, '0.00000000', '0.00000000', 0, 0, 'Purchessed', 0, 0, '0.00', '0.00'),
(1274, 'O Ring Part For T 1503 H', 'O Ring Part For T 1503 H', 6, 18, '83', 1, 0, '0.00000000', '0.00000000', 0, 0, 'Purchessed', 0, 0, '0.00', '0.00'),
(1275, 'Cable Gland Set For T 2504 H', 'Cable Gland Set For T 2504 H', 6, 18, '83', 1, 0, '0.00000000', '0.00000000', 0, 0, 'Purchessed', 0, 0, '0.00', '0.00'),
(1276, 'O Ring For Suction Stand & Discharge Shell J102 SP', 'O Ring For Suction Stand & Discharge Shell J102 SP', 6, 18, '83', 1, 0, '0.00000000', '0.00000000', 0, 0, 'Purchessed', 0, 0, '0.00', '0.00'),
(1277, 'O Ring For Suction Middle & Discharge Shell T 2504', 'O Ring For Suction Middle & Discharge Shell T 2504', 6, 18, '83', 1, 0, '0.00000000', '0.00000000', 0, 0, 'Purchessed', 0, 0, '0.00', '0.00'),
(1278, 'O Ring For Motor Body BES & TES T 2504', 'O Ring For Motor Body BES & TES T 2504', 6, 18, '83', 1, 0, '0.00000000', '0.00000000', 0, 0, 'Purchessed', 0, 0, '0.00', '0.00'),
(1279, 'Cable Gland Set For J 102 SP', 'Cable Gland Set For J 102 SP', 6, 18, '83', 1, 0, '0.00000000', '0.00000000', 0, 0, 'Purchessed', 0, 0, '0.00', '0.00'),
(1280, 'O Ring For Motor Body BES & TES J 102 SP', 'O Ring For Motor Body BES & TES J 102 SP', 6, 18, '83', 1, 0, '0.00000000', '0.00000000', 0, 0, 'Purchessed', 0, 0, '0.00', '0.00'),
(1281, 'O Ring For BES & Diffuser J 102 SP', 'O Ring For BES & Diffuser J 102 SP', 6, 18, '83', 1, 0, '0.00000000', '0.00000000', 0, 0, 'Purchessed', 0, 0, '0.00', '0.00'),
(1282, 'Cable Gland Set For T 2003 H', 'Cable Gland Set For T 2003 H', 6, 18, '83', 1, 0, '0.00000000', '0.00000000', 0, 0, 'Purchessed', 0, 0, '0.00', '0.00'),
(1283, 'O Ring For BES & Diffuser T 2504', 'O Ring For BES & Diffuser T 2504', 6, 18, '83', 1, 0, '0.00000000', '0.00000000', 0, 0, 'Purchessed', 0, 0, '0.00', '0.00'),
(1284, 'Oil Plug T 2504', 'Oil Plug T 2504', 6, 18, '83', 1, 0, '0.00000000', '0.00000000', 0, 0, 'Purchessed', 0, 0, '0.00', '0.00'),
(1285, 'Neck Ring For Impeller T 2504', 'Neck Ring For Impeller T 2504', 6, 18, '83', 1, 0, '0.00000000', '0.00000000', 0, 0, 'Purchessed', 0, 0, '0.00', '0.00'),
(1286, 'Neck Ring For Impeller T 2003 H', 'Neck Ring For Impeller T 2003 H', 6, 18, '83', 1, 0, '0.00000000', '0.00000000', 0, 0, 'Purchessed', 0, 0, '0.00', '0.00'),
(1287, 'Neck Ring For Impeller T 1503 H', 'Neck Ring For Impeller T 1503 H', 6, 18, '83', 1, 0, '0.00000000', '0.00000000', 0, 0, 'Purchessed', 0, 0, '0.00', '0.00'),
(1288, 'Neck Ring For Impeller J 102 SP', 'Neck Ring For Impeller J 102 SP', 6, 18, '83', 1, 0, '0.00000000', '0.00000000', 0, 0, 'Purchessed', 0, 0, '0.00', '0.00'),
(1289, 'Diffuser For J 102 SP', 'Diffuser For J 102 SP', 6, 18, '83', 1, 0, '0.00000000', '0.00000000', 0, 0, 'Purchessed', 0, 0, '0.00', '0.00'),
(1290, 'Diffuser For T 1503 H', 'Diffuser For T 1503 H', 6, 18, '83', 1, 0, '0.00000000', '0.00000000', 0, 0, 'Purchessed', 0, 0, '0.00', '0.00'),
(1291, 'Impeller J 102 SP', 'Impeller J 102 SP', 6, 18, '83', 1, 0, '0.00000000', '0.00000000', 0, 0, 'Purchessed', 0, 0, '0.00', '0.00'),
(1292, 'Impeller T 1503 H', 'Impeller T 1503 H', 6, 18, '83', 1, 0, '0.00000000', '0.00000000', 0, 0, 'Purchessed', 0, 0, '0.00', '0.00'),
(1293, 'Impeller T 2003 H', 'Impeller T 2003 H', 6, 18, '83', 1, 0, '0.00000000', '0.00000000', 0, 0, 'Purchessed', 0, 0, '0.00', '0.00'),
(1294, 'Shaft Sleeve A20 1.125"', 'Shaft Sleeve A20 1.125"', 6, 17, '33', 1, 0, '0.00000000', '0.00000000', 0, 0, 'Purchessed', 0, 0, '0.00', '0.00'),
(1295, 'Cooling Oil', 'Cooling Oil', 5, 30, '43', 4, 0, '0.00000000', '0.00000000', 0, 0, 'Purchessed', 0, 0, '0.00', '0.00'),
(1296, 'Mechanical Seal Motor 10 HP', 'Mechanical Seal Motor 10 HP', 6, 18, '83', 1, 0, '0.00000000', '0.00000000', 0, 0, 'Purchessed', 0, 0, '0.00', '0.00'),
(1297, 'Mechanical Seal Motor 15/20/25 HP', 'Mechanical Seal Motor 15/20/25 HP', 6, 18, '83', 1, 0, '0.00000000', '0.00000000', 0, 0, 'Purchessed', 0, 0, '0.00', '0.00'),
(1298, 'Mechanical Seal Pump 15/20/25 HP', 'Mechanical Seal Pump 15/20/25 HP', 6, 18, '83', 1, 0, '0.00000000', '0.00000000', 0, 0, 'Purchessed', 0, 0, '0.00', '0.00'),
(1299, 'Trolley Wheel 4"', 'Trolley Wheel 4"', 5, 30, '38', 1, 0, '0.00000000', '0.00000000', 0, 0, 'Purchessed', 0, 0, '0.00', '0.00'),
(1303, 'PL 3530 Pump', 'PL 3530 Pump', 1, 3, '48', 1, 0, '0.00000000', '0.00000000', 0, 0, 'Purchessed', 0, 0, '0.00', '0.00'),
(1304, '1 HP / 1500 RPM REMI', '1 HP / 1500 RPM REMI', 3, 8, '5', 1, 0, '0.00000000', '0.00000000', 0, 0, 'Purchessed', 1, 1, '0.00', '0.00'),
(1306, 'SS 316 Rod ( OD 50mm )', 'SS 316 Rod ( OD 50mm )', 5, 30, '38', 6, 0, '0.00000000', '0.00000000', 0, 0, 'Purchessed', 0, 0, '0.00', '0.00'),
(1307, 'HD1011/SZ1', 'HD1011/SZ1', 1, 3, '31', 1, 0, '0.00000000', '0.00000000', 0, 0, 'Purchessed', 0, 0, '0.00', '0.00'),
(1308, 'NZK 50 200 Pump Closed Impeller', 'NZK 50 200 Pump Closed Impeller', 1, 5, '59', 1, 0, '0.00000000', '0.00000000', 0, 0, 'Purchessed', 0, 0, '0.00', '0.00'),
(1309, 'GI Bolt 10 X 40 MM', 'GI Bolt 10 X 40 MM', 5, 30, '43', 1, 0, '0.00000000', '0.00000000', 0, 0, 'Purchessed', 0, 0, '0.00', '0.00'),
(1310, 'GI Bolt 12 X 40 MM', 'GI Bolt 12 X 40 MM', 5, 30, '43', 1, 0, '0.00000000', '0.00000000', 0, 0, 'Purchessed', 0, 0, '0.00', '0.00'),
(1311, 'GI Bolt 16 X 80 MM', 'GI Bolt 16 X 80 MM', 5, 30, '43', 1, 0, '0.00000000', '0.00000000', 0, 0, 'Purchessed', 0, 0, '0.00', '0.00'),
(1312, 'Gasket KGEN (240) 12-5 To 16-6 ', 'Gasket KGEN (240) 12-5 To 16-6 ', 6, 16, '11', 1, 0, '0.00000000', '0.00000000', 0, 0, 'Purchessed/Manufactured', 0, 0, '0.00', '0.00'),
(1313, 'Gasket KGEN (250) 12-5 To 16-6 ', 'Gasket KGEN (250) 12-5 To 16-6 ', 6, 16, '11', 1, 0, '0.00000000', '0.00000000', 0, 0, 'Purchessed/Manufactured', 0, 0, '0.00', '0.00'),
(1314, 'Mechanical Seal 30 MM', 'Mechanical Seal 30 MM', 6, 16, '13', 1, 0, '0.00000000', '0.00000000', 0, 0, 'Purchessed', 0, 0, '0.00', '0.00'),
(1315, 'Allen Bolt Bearing Cover ', 'Allen Bolt Bearing Cover ', 6, 16, '13', 1, 0, '0.00000000', '0.00000000', 0, 0, 'Purchessed', 0, 0, '0.00', '0.00'),
(1316, 'RTBP 10 Gear Pump', 'RTBP 10 Gear Pump', 1, 2, '7', 1, 0, '0.00000000', '0.00000000', 0, 0, 'Purchessed', 0, 0, '0.00', '0.00'),
(1317, 'Impeller Key  (550) KGEN 12 5 To 16 6', 'Impeller Key  (550) KGEN 12 5 To 16 6', 6, 16, '11', 1, 0, '0.00000000', '0.00000000', 0, 0, 'Purchessed/Manufactured', 0, 0, '0.00', '0.00'),
(1318, 'Mechanical Seal With Shaft Sleeve & Seal Cover', 'Mechanical Seal With Shaft Sleeve & Seal Cover', 6, 16, '13', 1, 0, '0.00000000', '0.00000000', 0, 0, 'Purchessed', 0, 0, '0.00', '0.00'),
(1320, 'Bearing Housing Plug CI CCR 50 160', 'Bearing Housing Plug CI CCR 50 160', 6, 16, '25', 1, 0, '0.00000000', '0.00000000', 0, 0, 'Purchessed', 0, 0, '0.00', '0.00'),
(1322, 'Circlip ', 'Circlip ', 6, 16, '11', 1, 0, '0.00000000', '0.00000000', 0, 0, 'Purchessed', 0, 0, '0.00', '0.00'),
(1325, 'Casing Plug KGEN 11 3', 'Casing Plug KGEN 11 3', 6, 16, '11', 1, 0, '0.00000000', '0.00000000', 0, 0, 'Purchessed', 0, 0, '0.00', '0.00'),
(1326, 'Casing PIIG 10 Prakash Pump', 'Casing PIIG 10 Prakash Pump', 1, 6, '95', 1, 0, '0.00000000', '0.00000000', 0, 0, 'Purchessed', 0, 0, '0.00', '0.00'),
(1327, 'Filter 1.5" Inline Vertical', 'Filter 1.5" Inline Vertical', 2, 12, '40', 1, 0, '0.00000000', '0.00000000', 0, 0, 'Purchessed/Manufactured', 0, 0, '0.00', '0.00'),
(1328, 'Filter 0.5"', 'Filter 0.5"', 2, 12, '40', 1, 0, '0.00000000', '0.00000000', 0, 0, 'Purchessed/Manufactured', 0, 0, '0.00', '0.00'),
(1329, 'Filter Element 1" Heavens Simplex', 'Filter Element 1" Heavens Simplex', 2, 32, '42', 1, 0, '0.00000000', '0.00000000', 0, 0, 'Purchessed/Manufactured', 0, 0, '0.00', '0.00'),
(1330, 'Filter Element 3"', 'Filter Element 3"', 2, 32, '42', 1, 0, '0.00000000', '0.00000000', 0, 0, 'Purchessed/Manufactured', 0, 0, '0.00', '0.00'),
(1331, 'Distance Sleeve CCR 50 160', 'Distance Sleeve CCR 50 160', 6, 16, '25', 1, 0, '0.00000000', '0.00000000', 0, 0, 'Purchessed/Manufactured', 0, 0, '0.00', '0.00'),
(1332, 'Mechanical Seal 58 MM', 'Mechanical Seal 58 MM', 6, 16, '25', 1, 0, '0.00000000', '0.00000000', 0, 0, 'Purchessed', 0, 0, '0.00', '0.00'),
(1333, 'CB 50c 160 With Motor', 'CB 50c 160  With Motor', 7, 26, '92', 1, 0, '0.00000000', '0.00000000', 0, 0, 'Purchessed/Manufactured', 0, 0, '0.00', '0.00'),
(1334, 'CCR 40c 200 With Motor', 'CCR 40c 200 With Motor', 7, 26, '63', 1, 0, '0.00000000', '0.00000000', 0, 0, 'Purchessed/Manufactured', 0, 0, '0.00', '0.00'),
(1335, 'CCR 40c 160 With Motor', 'CCR 40c 160 With Motor', 7, 26, '63', 1, 0, '0.00000000', '0.00000000', 0, 0, 'Purchessed/Manufactured', 0, 0, '0.00', '0.00'),
(1336, 'CN 100 250 G1 S2 L3', 'CN 100 250 G1 S2 L3', 1, 1, '1', 1, 0, '0.00000000', '0.00000000', 0, 0, 'Purchessed', 0, 0, '0.00', '0.00'),
(1337, 'CI Impeller CN 200 250', 'CI Impeller CN 200 250', 6, 16, '13', 1, 0, '0.00000000', '0.00000000', 0, 0, 'Purchessed', 0, 0, '0.00', '0.00'),
(1338, 'WW 101 ', 'WW 101 ', 1, 4, '52', 1, 0, '0.00000000', '0.00000000', 0, 0, 'Purchessed', 0, 0, '0.00', '0.00'),
(1339, 'NZK 32 125 Pump Closed Impeller', 'NZK 32 125 Pump Closed Impeller', 1, 5, '59', 1, 0, '0.00000000', '0.00000000', 0, 0, 'Purchessed', 0, 0, '0.00', '0.00'),
(1340, 'CN 150 400 With Motor', 'CN 150 400 With Motor', 7, 26, '62', 1, 0, '0.00000000', '0.00000000', 0, 0, 'Purchessed/Manufactured', 0, 0, '0.00', '0.00'),
(1341, 'Gasket Set For TGH 58 80 ', 'Gasket Set For TGH 58 80 ', 6, 16, '77', 3, 0, '0.00000000', '0.00000000', 0, 0, 'Purchessed/Manufactured', 0, 0, '0.00', '0.00'),
(1342, 'CN 50 200 With Motor', 'CN 50 200 With Motor', 7, 26, '62', 1, 0, '0.00000000', '0.00000000', 0, 0, 'Purchessed/Manufactured', 0, 0, '0.00', '0.00'),
(1343, 'CCR 50 200 R1A S2 L3', 'CCR 50 200 R1A S2 L3', 1, 1, '2', 1, 0, '0.00000000', '0.00000000', 0, 0, 'Purchessed', 0, 0, '0.00', '0.00'),
(1344, 'NSRP 50 Pump Semi Open Impeller With Motor', 'NSRP 50 Pump Semi Open Impeller With Motor', 7, 27, '46', 3, 0, '0.00000000', '0.00000000', 0, 0, 'Purchessed/Manufactured', 0, 0, '0.00', '0.00'),
(1345, 'Bearing Housing CCR 250 250 R4 CD3 L4', 'Bearing Housing CCR 250 250 R4 CD3 L4', 6, 16, '25', 1, 0, '0.00000000', '0.00000000', 0, 0, 'Purchessed', 0, 0, '0.00', '0.00'),
(1346, 'Oil Seal Miscellaneous ', 'Oil Seal Miscellaneous ', 5, 30, '43', 1, 0, '0.00000000', '0.00000000', 0, 0, 'Purchessed', 0, 0, '0.00', '0.00'),
(1347, 'SS Sheet Perforated', 'SS Sheet Perforated', 5, 30, '43', 6, 0, '0.00000000', '0.00000000', 0, 0, 'Purchessed', 0, 0, '0.00', '0.00'),
(1348, 'S 1042', 'S 1042', 1, 4, '65', 1, 0, '0.00000000', '0.00000000', 0, 0, 'Purchessed', 0, 0, '0.00', '0.00'),
(1349, 'Stuffing Box (0110) CCR 150 315', 'Stuffing Box (0110) CCR 150 315', 6, 16, '25', 1, 0, '0.00000000', '0.00000000', 0, 0, 'Purchessed', 0, 0, '0.00', '0.00'),
(1350, 'SS Impeller CCR 150 315', 'SS Impeller CCR 150 315', 6, 16, '25', 1, 0, '0.00000000', '0.00000000', 0, 0, 'Purchessed', 0, 0, '0.00', '0.00'),
(1351, 'Mechanical Seal R 100 SL', 'Mechanical Seal R 100 SL', 6, 15, '78', 1, 0, '0.00000000', '0.00000000', 0, 0, 'Purchessed', 0, 0, '0.00', '0.00'),
(1352, 'NZK 32 125 Pump Closed Impeller With Motor', 'NZK 32 125 Pump Closed Impeller With Motor', 7, 27, '27', 3, 0, '0.00000000', '0.00000000', 0, 0, 'Purchessed/Manufactured', 0, 0, '0.00', '0.00'),
(1353, 'NZK 32 125 Pump Semi Open Impeller ', 'NZK 32 125 Pump Semi Open Impeller', 1, 5, '59', 1, 0, '0.00000000', '0.00000000', 0, 0, 'Purchessed', 0, 0, '0.00', '0.00'),
(1354, 'NZK 32 125 Pump Semi Open Impeller With Motor', 'NZK 32 125 Pump Semi Open Impeller With Motor', 7, 27, '27', 3, 0, '0.00000000', '0.00000000', 0, 0, 'Purchessed/Manufactured', 0, 0, '0.00', '0.00'),
(1355, 'NZK 50 200 Pump Closed Impeller With Motor', 'NZK 50 200 Pump Closed Impeller With Motor', 7, 27, '27', 3, 0, '0.00000000', '0.00000000', 0, 0, 'Purchessed/Manufactured', 0, 0, '0.00', '0.00'),
(1356, 'NZK 50 200 Pump Semi Open Impeller With Motor', 'NZK 50 200 Pump Semi Open Impeller With Motor', 7, 27, '27', 3, 0, '0.00000000', '0.00000000', 0, 0, 'Purchessed/Manufactured', 0, 0, '0.00', '0.00'),
(1357, 'NZK 50 200 Pump Semi Open Impeller ', 'NZK 50 200 Pump Semi Open Impeller ', 1, 5, '59', 1, 0, '0.00000000', '0.00000000', 0, 0, 'Purchessed', 0, 0, '0.00', '0.00'),
(1358, '4" MS Pipe', '4" MS Pipe', 5, 30, '43', 6, 0, '0.00000000', '0.00000000', 0, 0, 'Purchessed', 0, 0, '0.00', '0.00'),
(1359, '7.5 HP/1500 RPM REMI FLP MOTOR', '7.5 HP/1500 RPM REMI FLP MOTOR', 3, 8, '96', 1, 0, '0.00000000', '0.00000000', 0, 0, 'Purchessed', 0, 0, '0.00', '0.00'),
(1360, 'Shaft (2200) CN 25-65 125, 25-65 160, 32-65 200, 32-50 250, 80 160', ' Shaft (2200) CN 25-65 125, 25-65 160, 32-65 2', 6, 16, '13', 1, 0, '0.00000000', '0.00000000', 0, 0, 'Purchessed/Manufactured', 0, 0, '0.00', '0.00'),
(1362, 'Ravels Peristaltic Pump', 'Ravels Peristaltic Pump', 1, 6, '95', 1, 0, '0.00000000', '0.00000000', 0, 0, 'Purchessed', 0, 0, '0.00', '0.00'),
(1363, 'T3 S 38/36', 'T3 S 38/36', 1, 2, '8', 1, 0, '0.00000000', '0.00000000', 0, 0, 'Purchessed', 0, 0, '0.00', '0.00'),
(1364, 'SS Impeller WV 01L/40', 'SS Impeller WV 01L/40', 6, 18, '68', 1, 0, '0.00000000', '0.00000000', 0, 0, 'Purchessed', 0, 0, '0.00', '0.00'),
(1365, 'Seal Cover NZ Pump', 'Seal Cover NZ Pump', 6, 17, '15', 1, 0, '0.00000000', '0.00000000', 0, 0, 'Purchessed', 0, 0, '0.00', '0.00'),
(1366, 'Spares For Waste Water Pump Darling', 'Spares for Waste Water Pump Darling', 6, 18, '68', 1, 0, '0.00000000', '0.00000000', 0, 0, 'Purchessed', 0, 0, '0.00', '0.00'),
(1367, 'Casing NZ Pump', 'Casing NZ Pump', 6, 17, '15', 1, 0, '0.00000000', '0.00000000', 0, 0, 'Purchessed', 0, 0, '0.00', '0.00'),
(1368, 'Top End Shield T 2003H', 'Top End Shield T 2003H', 6, 18, '83', 1, 0, '0.00000000', '0.00000000', 0, 0, 'Purchessed', 0, 0, '0.00', '0.00'),
(1369, 'Impeller NZ 50 200', 'Impeller NZ 50 200', 6, 17, '15', 1, 0, '0.00000000', '0.00000000', 0, 0, 'Purchessed', 0, 0, '0.00', '0.00'),
(1370, 'Suction Flange NZ Pump', 'Suction Flange NZ Pump', 6, 17, '15', 1, 0, '0.00000000', '0.00000000', 0, 0, 'Purchessed', 0, 0, '0.00', '0.00'),
(1371, 'Rotary Unit 1.625"', 'Rotary Unit 1.625"', 6, 17, '15', 1, 0, '0.00000000', '0.00000000', 0, 0, 'Purchessed', 0, 0, '0.00', '0.00'),
(1372, 'Coupling Key (2210) CCR 32-80 250, 40-50  315, 65-100 200, 65-80 160', 'Coupling Key (2210) CCR 32-80 250, 40-50  315, 65-', 6, 16, '25', 1, 0, '0.00000000', '0.00000000', 0, 0, 'Purchessed/Manufactured', 0, 0, '0.00', '0.00'),
(1373, 'CCR 40c 200 R6 S2 L3', 'CCR 40c 200 R6 S2 L3', 1, 1, '2', 1, 0, '0.00000000', '0.00000000', 0, 0, 'Purchessed', 0, 0, '0.00', '0.00'),
(1374, 'Spacer Sleeve CCR 50 160', 'Spacer Sleeve CCR 50 160', 6, 16, '25', 1, 0, '0.00000000', '0.00000000', 0, 0, 'Purchessed/Manufactured', 0, 0, '0.00', '0.00'),
(1375, 'SS Impeller CCR 32 160 ', 'SS Impeller CCR 32 160 ', 6, 16, '25', 1, 0, '0.00000000', '0.00000000', 0, 0, 'Purchessed', 0, 0, '0.00', '0.00'),
(1377, 'KGEN 14 8 G6', 'KGEN 14 8 G6', 1, 1, '21', 1, 0, '0.00000000', '0.00000000', 0, 0, 'Purchessed', 0, 0, '0.00', '0.00'),
(1378, 'Split Gland CI (1140) CN  32 To 65-125, 32  To 80-160,32 To 65-200,32 To 50-250', 'Split Gland CI (1140) CN  32 To 65-125, 32  To 80-', 6, 16, '13', 1, 0, '0.00000000', '0.00000000', 0, 0, 'Purchessed/Manufactured', 0, 0, '0.00', '0.00'),
(1379, 'Bearing Housing (2100) CN 32 To 80 160', 'Bearing Housing (2100) CN 32 To 80 160', 6, 16, '13', 1, 0, '0.00000000', '0.00000000', 0, 0, 'Purchessed', 0, 0, '0.00', '0.00'),
(1380, 'NSRP 40 Pump Closed Impeller ', 'NSRP 40 Pump Closed Impeller ', 1, 5, '60', 1, 0, '0.00000000', '0.00000000', 0, 0, 'Purchessed', 0, 0, '0.00', '0.00'),
(1381, 'NSRP 40 Pump With Motor Closed Impeller', 'NSRP 40 Pump With Motor Closed Impeller', 7, 27, '46', 1, 0, '0.00000000', '0.00000000', 0, 0, 'Purchessed/Manufactured', 0, 0, '0.00', '0.00'),
(1382, 'NSRP 40 Pump With Motor Semi Open Impeller', 'NSRP 40 Pump With Motor Semi Open Impeller', 7, 27, '46', 1, 0, '0.00000000', '0.00000000', 0, 0, 'Purchessed/Manufactured', 0, 0, '0.00', '0.00'),
(1383, 'NSRP 40 Pump Semi Open Impeller', 'NSRP 40 Pump Semi Open Impeller', 1, 5, '60', 1, 0, '0.00000000', '0.00000000', 0, 0, 'Purchessed', 0, 0, '0.00', '0.00'),
(1384, 'CN 100 200 With Motor', 'CN 100 200 With Motor', 7, 26, '62', 1, 0, '0.00000000', '0.00000000', 0, 0, 'Purchessed/Manufactured', 0, 0, '0.00', '0.00'),
(1385, 'Impeller Johnson ', 'Impeller Johnson ', 6, 16, '13', 1, 0, '0.00000000', '0.00000000', 0, 0, 'Purchessed', 0, 0, '0.00', '0.00'),
(1386, 'Stuffing Box Johnson', 'Stuffing Box Johnson', 6, 16, '13', 1, 0, '0.00000000', '0.00000000', 0, 0, 'Purchessed', 0, 0, '0.00', '0.00'),
(1387, 'Lock Nut Johnson', 'Lock Nut Johnson', 6, 16, '13', 1, 0, '0.00000000', '0.00000000', 0, 0, 'Purchessed', 0, 0, '0.00', '0.00'),
(1388, 'Other Spares Tushaco', 'Other Spares Tushaco', 6, 15, '17', 1, 0, '0.00000000', '0.00000000', 0, 0, 'Purchessed/Manufactured', 0, 0, '0.00', '0.00'),
(1389, 'WW 102', 'WW 102', 1, 4, '52', 1, 0, '0.00000000', '0.00000000', 0, 0, 'Purchessed', 0, 0, '0.00', '0.00'),
(1390, 'CN 100 250 G1 S2 L1', 'CN 100 250 G1 S2 L1', 1, 1, '1', 1, 0, '0.00000000', '0.00000000', 0, 0, 'Purchessed', 0, 0, '0.00', '0.00'),
(1391, 'D 365', 'D 365', 1, 4, '53', 1, 0, '0.00000000', '0.00000000', 0, 0, 'Purchessed', 0, 0, '0.00', '0.00'),
(1392, 'SS Flange ', 'SS Flange', 5, 30, '38', 1, 0, '0.00000000', '0.00000000', 0, 0, 'Purchessed/Manufactured', 0, 0, '0.00', '0.00'),
(1393, 'Cartridge Assembly T3ST 38/46', 'Cartridge Assembly T3ST 38/46', 6, 15, '17', 1, 0, '0.00000000', '0.00000000', 0, 0, 'Purchessed', 0, 0, '0.00', '0.00'),
(1397, 'Cage Ring EXP 50 CT / 55 ST', 'Cage Ring EXP 50 CT / 55 ST', 6, 17, '16', 1, 0, '0.00000000', '0.00000000', 0, 0, 'Purchessed', 0, 0, '0.00', '0.00'),
(1399, 'Gasket Sheet ', 'Gasket Sheet', 5, 30, '43', 7, 0, '0.00000000', '0.00000000', 0, 0, 'Purchessed', 0, 0, '0.00', '0.00'),
(1403, 'Pump Casing CCR 65 200 R6', 'Pump Casing CCR 65 200 R6', 6, 16, '25', 1, 0, '0.00000000', '0.00000000', 0, 0, 'Purchessed', 0, 0, '0.00', '0.00'),
(1408, 'SS Impeller CN 125 400', 'SS Impeller CN 125 400', 6, 16, '13', 1, 0, '0.00000000', '0.00000000', 0, 0, 'Purchessed', 0, 0, '0.00', '0.00'),
(1409, 'Shaft Sleeve SS (S2) (1100) CN 125-315, 80 To 150-400', 'Shaft Sleeve SS (S2) (1100) CN 125-315, 80 To 150-', 6, 16, '13', 1, 0, '0.00000000', '0.00000000', 0, 0, 'Purchessed/Manufactured', 0, 0, '0.00', '0.00'),
(1410, 'Stuffing Box (0110) CN 100 To 125 250,125 315,125 To 150 400, 200 200 ', 'Stuffing Box (0110) CN 100 To 125 250,125 315,125 ', 6, 16, '13', 1, 0, '0.00000000', '0.00000000', 0, 0, 'Purchessed', 0, 0, '0.00', '0.00'),
(1411, 'Wear Ring (0130) CN 125 315, 125 400 ', 'Wear Ring (0130) CN 125 315, 125 400', 6, 16, '13', 1, 0, '0.00000000', '0.00000000', 0, 0, 'Purchessed', 0, 0, '0.00', '0.00'),
(1412, 'Leg (0140) CN 65 To 125 315, 125 400,150 400', 'Leg (0140) CN 65 To 125 315, 125 400,150 400', 6, 16, '13', 1, 0, '0.00000000', '0.00000000', 0, 0, 'Purchessed', 0, 0, '0.00', '0.00'),
(1413, 'CN 80 200 G2 S2 L1', 'CN 80 200 G2 S2 L1', 1, 1, '1', 1, 0, '0.00000000', '0.00000000', 0, 0, 'Purchessed', 0, 0, '0.00', '0.00'),
(1414, 'O Ring Adjusting Plate 4SC 10 / 10 HP ', 'O Ring Adjusting Plate 4SC 10 / 10 HP ', 6, 18, '97', 10, 0, '0.00000000', '0.00000000', 0, 0, 'Purchessed', 0, 0, '0.00', '0.00'),
(1415, 'Botom Ring (1110) CN 80 To 150-400,125-315', 'Botom Ring (1110) CN 80 To 150-400,125-315', 6, 16, '13', 1, 0, '0.00000000', '0.00000000', 0, 0, 'Purchessed', 0, 0, '0.00', '0.00'),
(1416, 'Impeller Cap Nut SS 316 (1820) CN 80 To 150-400,125-315', 'Impeller Cap Nut SS 316 (1820) CN 80 To 150-400,12', 6, 16, '13', 1, 0, '0.00000000', '0.00000000', 0, 0, 'Purchessed', 0, 0, '0.00', '0.00'),
(1417, 'Impeller Key  (1860) CN 80 To 150-400,125-315', 'Impeller Key  (1860) CN 80 To 150-400,125-315', 6, 16, '13', 1, 0, '0.00000000', '0.00000000', 0, 0, 'Purchessed/Manufactured', 0, 0, '0.00', '0.00'),
(1418, 'Shaft (2200) CN 80-150 400,125 315', 'Shaft (2200) CN 80-150 400,125 315', 6, 16, '13', 1, 0, '0.00000000', '0.00000000', 0, 0, 'Purchessed/Manufactured', 0, 0, '0.00', '0.00'),
(1419, 'Pump Casing CN 125 400', 'Pump Casing CN 125 400', 6, 16, '13', 1, 0, '0.00000000', '0.00000000', 0, 0, 'Purchessed', 0, 0, '0.00', '0.00'),
(1420, 'Internal Circlip (2300) CN 100 -150 400,125 315', 'Internal Circlip (2300) CN 100 -150 400,125 315', 6, 16, '13', 1, 0, '0.00000000', '0.00000000', 0, 0, 'Purchessed', 0, 0, '0.00', '0.00'),
(1421, 'External Circlip (2360) CN 80 To 150 -400,125-315', 'External Circlip (2360) CN 80 To 150 -400,125-315', 6, 16, '13', 1, 0, '0.00000000', '0.00000000', 0, 0, 'Purchessed', 0, 0, '0.00', '0.00'),
(1422, 'Back Plate EXP 50 CT', 'Back Plate EXP 50 CT', 6, 17, '16', 1, 0, '0.00000000', '0.00000000', 0, 0, 'Purchessed', 0, 0, '0.00', '0.00'),
(1423, 'Back Plate EXP 55 ST', 'Back Plate EXP 55 ST', 6, 17, '16', 1, 0, '0.00000000', '0.00000000', 0, 0, 'Purchessed', 0, 0, '0.00', '0.00'),
(1424, 'Impeller EXP 50 CT', 'Impeller EXP 50 CT', 6, 17, '16', 1, 0, '0.00000000', '0.00000000', 0, 0, 'Purchessed', 0, 0, '0.00', '0.00'),
(1425, 'Impeller EXP 55 ST', 'Impeller EXP 55 ST', 6, 17, '16', 1, 0, '0.00000000', '0.00000000', 0, 0, 'Purchessed', 0, 0, '0.00', '0.00'),
(1426, 'Adopter EXP 50 CT / 55 ST', 'Adopter EXP 50 CT / 55 ST', 6, 17, '16', 1, 0, '0.00000000', '0.00000000', 0, 0, 'Purchessed', 0, 0, '0.00', '0.00'),
(1427, 'Bolt For Clamping EXP 50 CT / 55 ST / 160 CT', 'Bolt For Clamping EXP 50 CT / 55 ST / 160 CT', 6, 17, '16', 3, 0, '0.00000000', '0.00000000', 0, 0, 'Purchessed', 0, 0, '0.00', '0.00'),
(1428, 'Cage Ring Hardware EXP 50 CT / 55 ST / 160 CT', 'Cage Ring Hardware EXP 50 CT / 55 ST / 160 CT', 6, 17, '16', 3, 0, '0.00000000', '0.00000000', 0, 0, 'Purchessed', 0, 0, '0.00', '0.00'),
(1429, 'Circlip EXP 50 CT / 55 ST / 160 CT', 'Circlip EXP 50 CT / 55 ST / 160 CT', 6, 17, '16', 1, 0, '0.00000000', '0.00000000', 0, 0, 'Purchessed', 0, 0, '0.00', '0.00'),
(1430, 'Lock Nut EXP 50 CT / 55 ST / 160 CT', 'Lock Nut EXP 50 CT / 55 ST / 160 CT', 6, 17, '16', 1, 0, '0.00000000', '0.00000000', 0, 0, 'Purchessed', 0, 0, '0.00', '0.00'),
(1431, 'O Ring EXP 50 CT / 55 ST / 160 CT', 'O Ring EXP 50 CT / 55 ST / 160 CT', 6, 17, '16', 1, 0, '0.00000000', '0.00000000', 0, 0, 'Purchessed', 0, 0, '0.00', '0.00'),
(1432, 'Oil Seal EXP 50 CT / 55 ST / 160 CT', 'Oil Seal EXP 50 CT / 55 ST / 160 CT', 6, 17, '16', 3, 0, '0.00000000', '0.00000000', 0, 0, 'Purchessed', 0, 0, '0.00', '0.00'),
(1433, 'Splash Ring (2220) CN 80-150 400, 125 315', 'Splash Ring (2220) CN 80-150 400, 125 315', 6, 16, '13', 1, 0, '0.00000000', '0.00000000', 0, 0, 'Purchessed', 0, 0, '0.00', '0.00');

-- --------------------------------------------------------

--
-- Table structure for table `item_categories`
--

CREATE TABLE IF NOT EXISTS `item_categories` (
  `id` int(10) NOT NULL AUTO_INCREMENT,
  `name` varchar(100) NOT NULL,
  PRIMARY KEY (`id`)
) ENGINE=InnoDB  DEFAULT CHARSET=latin1 AUTO_INCREMENT=9 ;

--
-- Dumping data for table `item_categories`
--

INSERT INTO `item_categories` (`id`, `name`) VALUES
(1, 'Pumps'),
(2, 'Filters & Elements'),
(3, 'Motors'),
(4, 'Skids'),
(5, 'Miscllaneous'),
(6, 'Spares'),
(7, 'Motorised Units'),
(8, 'Heat Exchanger');

-- --------------------------------------------------------

--
-- Table structure for table `item_companies`
--

CREATE TABLE IF NOT EXISTS `item_companies` (
  `item_id` int(11) NOT NULL,
  `company_id` int(11) NOT NULL,
  `serial_number_enable` tinyint(1) NOT NULL,
  `dynamic_cost` decimal(18,5) NOT NULL,
  `minimum_selling_price_factor` decimal(4,2) NOT NULL,
  `freeze` int(10) NOT NULL DEFAULT '0',
  PRIMARY KEY (`item_id`,`company_id`),
  KEY `company_key` (`company_id`)
) ENGINE=InnoDB DEFAULT CHARSET=latin1;

--
-- Dumping data for table `item_companies`
--

INSERT INTO `item_companies` (`item_id`, `company_id`, `serial_number_enable`, `dynamic_cost`, `minimum_selling_price_factor`, `freeze`) VALUES
(556, 25, 0, '0.00000', '0.00', 0),
(556, 27, 0, '0.00000', '0.00', 0),
(558, 25, 0, '0.00000', '0.00', 0),
(558, 27, 0, '0.00000', '0.00', 0),
(559, 25, 1, '0.00000', '0.00', 0),
(559, 27, 0, '0.00000', '0.00', 0),
(560, 25, 0, '0.00000', '0.00', 0),
(560, 27, 0, '0.00000', '0.00', 0),
(561, 25, 0, '0.00000', '0.00', 0),
(561, 27, 0, '0.00000', '0.00', 0),
(562, 25, 0, '0.00000', '0.00', 0),
(562, 27, 0, '0.00000', '0.00', 0),
(563, 25, 0, '0.00000', '0.00', 0),
(563, 27, 0, '0.00000', '0.00', 0),
(564, 25, 0, '0.00000', '0.00', 0),
(564, 27, 0, '0.00000', '0.00', 0),
(565, 25, 0, '0.00000', '0.00', 0),
(565, 27, 0, '0.00000', '0.00', 0),
(566, 25, 1, '0.00000', '0.00', 0),
(566, 27, 0, '0.00000', '0.00', 0),
(567, 25, 0, '0.00000', '0.00', 0),
(567, 27, 0, '0.00000', '0.00', 0),
(568, 25, 0, '5006.00450', '0.00', 0),
(568, 27, 0, '0.00000', '0.00', 0),
(569, 25, 0, '0.00000', '0.00', 0),
(569, 27, 0, '0.00000', '0.00', 0),
(570, 25, 0, '0.00000', '0.00', 0),
(570, 27, 0, '0.00000', '0.00', 0),
(572, 25, 0, '0.00000', '0.00', 0),
(572, 27, 0, '0.00000', '0.00', 0),
(573, 25, 0, '0.00000', '0.00', 0),
(573, 27, 0, '0.00000', '0.00', 0),
(574, 25, 0, '0.00000', '0.00', 0),
(574, 27, 0, '0.00000', '0.00', 0),
(575, 25, 1, '0.00000', '0.00', 0),
(575, 27, 0, '0.00000', '0.00', 0),
(576, 25, 0, '0.00000', '0.00', 0),
(576, 27, 0, '0.00000', '0.00', 0),
(577, 25, 0, '0.00000', '0.00', 0),
(577, 27, 0, '0.00000', '0.00', 0),
(578, 25, 0, '0.00000', '0.00', 0),
(578, 27, 0, '0.00000', '0.00', 0),
(579, 25, 0, '0.00000', '0.00', 0),
(579, 27, 0, '0.00000', '0.00', 0),
(580, 25, 0, '0.00000', '0.00', 0),
(580, 27, 0, '0.00000', '0.00', 0),
(581, 25, 0, '0.00000', '0.00', 0),
(581, 27, 0, '0.00000', '0.00', 0),
(582, 25, 0, '0.00000', '0.00', 0),
(582, 27, 0, '0.00000', '0.00', 0),
(583, 25, 1, '0.00000', '0.00', 0),
(583, 27, 0, '0.00000', '0.00', 0),
(584, 25, 0, '0.00000', '0.00', 0),
(584, 27, 0, '0.00000', '0.00', 0),
(585, 25, 0, '0.00000', '0.00', 0),
(585, 27, 0, '0.00000', '0.00', 0),
(586, 25, 0, '0.00000', '0.00', 0),
(586, 27, 0, '0.00000', '0.00', 0),
(587, 25, 0, '0.00000', '0.00', 0),
(587, 27, 0, '0.00000', '0.00', 0),
(588, 25, 0, '0.00000', '0.00', 0),
(588, 27, 0, '0.00000', '0.00', 0),
(589, 25, 0, '7064.03000', '0.00', 0),
(589, 27, 0, '0.00000', '0.00', 0),
(590, 25, 0, '0.00000', '0.00', 0),
(590, 27, 0, '0.00000', '0.00', 0),
(591, 25, 0, '0.00000', '0.00', 0),
(591, 27, 0, '0.00000', '0.00', 0),
(592, 25, 0, '0.00000', '0.00', 0),
(592, 27, 0, '0.00000', '0.00', 0),
(593, 25, 0, '0.00000', '0.00', 0),
(593, 27, 0, '0.00000', '0.00', 0),
(594, 25, 0, '0.00000', '0.00', 0),
(594, 27, 0, '0.00000', '0.00', 0),
(595, 25, 0, '0.00000', '0.00', 0),
(595, 27, 0, '0.00000', '0.00', 0),
(596, 25, 0, '0.00000', '0.00', 0),
(596, 27, 0, '0.00000', '0.00', 0),
(597, 25, 1, '0.00000', '0.00', 0),
(597, 27, 0, '0.00000', '0.00', 0),
(598, 25, 0, '0.00000', '0.00', 0),
(598, 27, 0, '0.00000', '0.00', 0),
(599, 25, 0, '2859.00000', '0.00', 0),
(599, 27, 0, '0.00000', '0.00', 0),
(600, 25, 0, '3880.27435', '0.00', 0),
(600, 27, 0, '0.00000', '0.00', 0),
(601, 25, 0, '0.00000', '0.00', 0),
(601, 27, 0, '0.00000', '0.00', 0),
(602, 25, 1, '0.00000', '0.00', 0),
(602, 27, 1, '0.00000', '0.00', 0),
(603, 25, 1, '0.00000', '0.00', 0),
(603, 27, 1, '0.00000', '0.00', 0),
(604, 25, 0, '0.00000', '0.00', 0),
(604, 27, 0, '0.00000', '0.00', 0),
(605, 25, 0, '0.00000', '0.00', 0),
(605, 27, 0, '0.00000', '0.00', 0),
(606, 25, 1, '137700.00000', '0.00', 0),
(606, 27, 1, '0.00000', '0.00', 0),
(607, 25, 0, '0.00000', '0.00', 0),
(607, 27, 0, '0.00000', '0.00', 0),
(608, 25, 1, '0.00000', '0.00', 0),
(608, 27, 1, '0.00000', '0.00', 0),
(609, 25, 0, '0.00000', '0.00', 0),
(609, 27, 0, '0.00000', '0.00', 0),
(610, 25, 0, '0.00000', '0.00', 0),
(610, 27, 0, '0.00000', '0.00', 0),
(611, 25, 0, '0.00000', '0.00', 0),
(611, 27, 0, '0.00000', '0.00', 0),
(612, 25, 0, '2485.75000', '0.00', 0),
(612, 27, 0, '0.00000', '0.00', 0),
(613, 25, 0, '0.00000', '0.00', 0),
(613, 27, 0, '0.00000', '0.00', 0),
(614, 25, 0, '0.00000', '0.00', 0),
(614, 27, 0, '0.00000', '0.00', 0),
(615, 25, 0, '0.00000', '0.00', 0),
(615, 27, 0, '0.00000', '0.00', 0),
(616, 25, 0, '0.00000', '0.00', 0),
(616, 27, 0, '0.00000', '0.00', 0),
(617, 25, 0, '0.00000', '0.00', 0),
(617, 27, 0, '0.00000', '0.00', 0),
(618, 25, 0, '0.00000', '0.00', 0),
(618, 27, 0, '0.00000', '0.00', 0),
(619, 25, 0, '0.00000', '0.00', 0),
(619, 27, 0, '0.00000', '0.00', 0),
(620, 25, 0, '0.00000', '0.00', 0),
(620, 27, 0, '0.00000', '0.00', 0),
(621, 25, 0, '1989.00000', '0.00', 0),
(621, 27, 0, '0.00000', '0.00', 0),
(622, 25, 0, '0.00000', '0.00', 0),
(622, 27, 0, '0.00000', '0.00', 0),
(623, 25, 0, '0.00000', '0.00', 0),
(623, 27, 0, '0.00000', '0.00', 0),
(624, 25, 0, '0.00000', '0.00', 0),
(624, 27, 0, '0.00000', '0.00', 0),
(625, 25, 0, '0.00000', '0.00', 0),
(625, 27, 0, '0.00000', '0.00', 0),
(626, 25, 0, '0.00000', '0.00', 0),
(626, 27, 0, '0.00000', '0.00', 0),
(627, 25, 0, '10901.25000', '0.00', 0),
(627, 27, 0, '0.00000', '0.00', 0),
(628, 25, 0, '0.00000', '0.00', 0),
(628, 27, 0, '0.00000', '0.00', 0),
(629, 25, 0, '0.00000', '0.00', 0),
(629, 27, 0, '0.00000', '0.00', 0),
(630, 25, 0, '0.00000', '0.00', 0),
(630, 27, 0, '0.00000', '0.00', 0),
(631, 25, 0, '0.00000', '0.00', 0),
(631, 27, 0, '0.00000', '0.00', 0),
(632, 25, 0, '0.00000', '0.00', 0),
(632, 27, 0, '0.00000', '0.00', 0),
(633, 25, 0, '0.00000', '0.00', 0),
(633, 27, 0, '0.00000', '0.00', 0),
(634, 25, 0, '160592.62667', '0.00', 0),
(634, 27, 0, '0.00000', '0.00', 0),
(635, 25, 0, '0.00000', '0.00', 0),
(635, 27, 0, '0.00000', '0.00', 0),
(636, 25, 0, '0.00000', '0.00', 0),
(636, 27, 0, '0.00000', '0.00', 0),
(637, 25, 0, '0.00000', '0.00', 0),
(637, 27, 0, '0.00000', '0.00', 0),
(638, 25, 0, '0.00000', '0.00', 0),
(638, 27, 0, '0.00000', '0.00', 0),
(639, 25, 0, '0.00000', '0.00', 0),
(639, 27, 0, '0.00000', '0.00', 0),
(640, 25, 0, '0.00000', '0.00', 0),
(640, 27, 0, '0.00000', '0.00', 0),
(641, 25, 0, '0.00000', '0.00', 0),
(641, 27, 0, '0.00000', '0.00', 0),
(642, 25, 0, '0.00000', '0.00', 0),
(642, 27, 0, '0.00000', '0.00', 0),
(643, 25, 0, '0.00000', '0.00', 0),
(643, 27, 0, '0.00000', '0.00', 0),
(644, 25, 0, '0.00000', '0.00', 0),
(644, 27, 0, '0.00000', '0.00', 0),
(645, 25, 0, '0.00000', '0.00', 0),
(645, 27, 0, '0.00000', '0.00', 0),
(646, 25, 0, '0.00000', '0.00', 0),
(646, 27, 0, '0.00000', '0.00', 0),
(647, 25, 0, '0.00000', '0.00', 0),
(647, 27, 0, '0.00000', '0.00', 0),
(649, 25, 0, '0.00000', '0.00', 0),
(649, 27, 0, '0.00000', '0.00', 0),
(650, 25, 0, '0.00000', '0.00', 0),
(650, 27, 0, '0.00000', '0.00', 0),
(651, 25, 0, '0.00000', '0.00', 0),
(651, 27, 0, '0.00000', '0.00', 0),
(652, 25, 0, '0.00000', '0.00', 0),
(652, 27, 0, '0.00000', '0.00', 0),
(653, 25, 0, '0.00000', '0.00', 0),
(653, 27, 0, '0.00000', '0.00', 0),
(654, 25, 0, '0.00000', '0.00', 0),
(654, 27, 0, '0.00000', '0.00', 0),
(655, 25, 0, '0.00000', '0.00', 0),
(655, 27, 0, '0.00000', '0.00', 0),
(656, 25, 0, '0.00000', '0.00', 0),
(656, 27, 0, '0.00000', '0.00', 0),
(658, 25, 0, '0.00000', '0.00', 0),
(658, 27, 0, '0.00000', '0.00', 0),
(659, 25, 0, '0.00000', '0.00', 0),
(659, 27, 0, '0.00000', '0.00', 0),
(660, 25, 0, '0.00000', '0.00', 0),
(660, 27, 0, '0.00000', '0.00', 0),
(661, 25, 0, '0.00000', '0.00', 0),
(661, 27, 0, '0.00000', '0.00', 0),
(663, 25, 0, '0.00000', '0.00', 0),
(663, 27, 0, '0.00000', '0.00', 0),
(664, 25, 0, '0.00000', '0.00', 0),
(664, 27, 0, '0.00000', '0.00', 0),
(665, 25, 0, '0.00000', '0.00', 0),
(665, 27, 0, '0.00000', '0.00', 0),
(666, 25, 0, '0.00000', '0.00', 0),
(666, 27, 0, '0.00000', '0.00', 0),
(667, 25, 0, '0.00000', '0.00', 0),
(667, 27, 0, '0.00000', '0.00', 0),
(668, 25, 0, '0.00000', '0.00', 0),
(668, 27, 0, '0.00000', '0.00', 0),
(669, 25, 0, '0.00000', '0.00', 0),
(669, 27, 0, '0.00000', '0.00', 0),
(670, 25, 0, '0.00000', '0.00', 0),
(670, 27, 0, '0.00000', '0.00', 0),
(671, 25, 0, '0.00000', '0.00', 0),
(671, 27, 0, '0.00000', '0.00', 0),
(672, 25, 0, '0.00000', '0.00', 0),
(672, 27, 0, '0.00000', '0.00', 0),
(673, 25, 0, '0.00000', '0.00', 0),
(673, 27, 0, '0.00000', '0.00', 0),
(674, 25, 0, '0.00000', '0.00', 0),
(674, 27, 0, '0.00000', '0.00', 0),
(675, 25, 0, '0.00000', '0.00', 0),
(675, 27, 0, '0.00000', '0.00', 0),
(676, 25, 0, '0.00000', '0.00', 0),
(676, 27, 0, '0.00000', '0.00', 0),
(677, 25, 1, '0.00000', '0.00', 0),
(677, 27, 0, '0.00000', '0.00', 0),
(678, 25, 0, '0.00000', '0.00', 0),
(678, 27, 0, '0.00000', '0.00', 0),
(679, 25, 1, '0.00000', '0.00', 0),
(679, 27, 0, '0.00000', '0.00', 0),
(680, 25, 0, '0.00000', '0.00', 0),
(680, 27, 0, '0.00000', '0.00', 0),
(681, 25, 1, '0.00000', '0.00', 0),
(681, 27, 0, '0.00000', '0.00', 0),
(682, 25, 1, '0.00000', '0.00', 0),
(682, 27, 0, '0.00000', '0.00', 0),
(683, 25, 1, '0.00000', '0.00', 0),
(683, 27, 0, '0.00000', '0.00', 0),
(684, 25, 1, '0.00000', '0.00', 0),
(684, 27, 0, '0.00000', '0.00', 0),
(685, 25, 1, '0.00000', '0.00', 0),
(685, 27, 0, '0.00000', '0.00', 0),
(686, 25, 1, '0.00000', '0.00', 0),
(686, 27, 0, '0.00000', '0.00', 0),
(687, 25, 1, '0.00000', '0.00', 0),
(687, 27, 0, '0.00000', '0.00', 0),
(688, 25, 1, '0.00000', '0.00', 0),
(688, 27, 0, '0.00000', '0.00', 0),
(689, 25, 1, '0.00000', '0.00', 0),
(689, 27, 0, '0.00000', '0.00', 0),
(690, 25, 1, '0.00000', '0.00', 0),
(690, 27, 0, '0.00000', '0.00', 0),
(691, 25, 1, '0.00000', '0.00', 0),
(691, 27, 0, '0.00000', '0.00', 0),
(692, 25, 0, '0.00000', '0.00', 0),
(692, 27, 0, '0.00000', '0.00', 0),
(693, 25, 1, '0.00000', '0.00', 0),
(693, 27, 0, '0.00000', '0.00', 0),
(694, 25, 0, '0.00000', '0.00', 0),
(694, 27, 0, '0.00000', '0.00', 0),
(695, 25, 1, '0.00000', '0.00', 0),
(695, 27, 0, '0.00000', '0.00', 0),
(696, 25, 0, '0.00000', '0.00', 0),
(696, 27, 0, '0.00000', '0.00', 0),
(697, 25, 0, '0.00000', '0.00', 0),
(697, 27, 0, '0.00000', '0.00', 0),
(698, 25, 1, '0.00000', '0.00', 0),
(698, 27, 0, '0.00000', '0.00', 0),
(699, 25, 1, '0.00000', '0.00', 0),
(699, 27, 0, '0.00000', '0.00', 0),
(700, 25, 0, '0.00000', '0.00', 0),
(700, 27, 0, '0.00000', '0.00', 0),
(701, 25, 0, '0.00000', '0.00', 0),
(701, 27, 0, '0.00000', '0.00', 0),
(702, 25, 1, '8633.83367', '0.00', 0),
(702, 27, 0, '0.00000', '0.00', 0),
(703, 25, 1, '0.00000', '0.00', 0),
(703, 27, 0, '0.00000', '0.00', 0),
(704, 25, 1, '0.00000', '0.00', 0),
(704, 27, 0, '0.00000', '0.00', 0),
(705, 25, 1, '0.00000', '0.00', 0),
(705, 27, 0, '0.00000', '0.00', 0),
(706, 25, 1, '0.00000', '0.00', 0),
(706, 27, 0, '0.00000', '0.00', 0),
(707, 25, 0, '0.00000', '0.00', 0),
(707, 27, 0, '0.00000', '0.00', 0),
(708, 25, 0, '0.00000', '0.00', 0),
(708, 27, 0, '0.00000', '0.00', 0),
(709, 25, 1, '0.00000', '0.00', 0),
(709, 27, 1, '0.00000', '0.00', 0),
(710, 25, 0, '0.00000', '0.00', 0),
(710, 27, 0, '0.00000', '0.00', 0),
(711, 25, 0, '0.00000', '0.00', 0),
(711, 27, 0, '0.00000', '0.00', 0),
(712, 25, 0, '0.00000', '0.00', 0),
(712, 27, 0, '0.00000', '0.00', 0),
(713, 25, 0, '0.00000', '0.00', 0),
(713, 27, 0, '0.00000', '0.00', 0),
(714, 25, 1, '0.00000', '0.00', 0),
(714, 27, 0, '0.00000', '0.00', 0),
(715, 25, 1, '0.00000', '0.00', 0),
(715, 27, 0, '0.00000', '0.00', 0),
(716, 25, 1, '0.00000', '0.00', 0),
(716, 27, 0, '0.00000', '0.00', 0),
(717, 25, 0, '0.00000', '0.00', 0),
(717, 27, 0, '0.00000', '0.00', 0),
(718, 25, 0, '0.00000', '0.00', 0),
(718, 27, 0, '0.00000', '0.00', 0),
(719, 25, 1, '0.00000', '0.00', 0),
(719, 27, 0, '0.00000', '0.00', 0),
(720, 25, 1, '0.00000', '0.00', 0),
(720, 27, 0, '0.00000', '0.00', 0),
(721, 25, 1, '0.00000', '0.00', 0),
(721, 27, 0, '0.00000', '0.00', 0),
(722, 25, 1, '0.00000', '0.00', 0),
(722, 27, 0, '0.00000', '0.00', 0),
(723, 25, 1, '0.00000', '0.00', 0),
(723, 27, 0, '0.00000', '0.00', 0),
(724, 25, 1, '0.00000', '0.00', 0),
(724, 27, 0, '0.00000', '0.00', 0),
(725, 25, 0, '0.00000', '0.00', 0),
(725, 26, 1, '0.00000', '0.00', 0),
(725, 27, 0, '0.00000', '0.00', 0),
(726, 25, 0, '0.00000', '0.00', 0),
(726, 27, 0, '0.00000', '0.00', 0),
(727, 25, 1, '0.00000', '0.00', 0),
(727, 27, 0, '0.00000', '0.00', 0),
(728, 25, 0, '0.00000', '0.00', 0),
(728, 27, 0, '0.00000', '0.00', 0),
(729, 25, 1, '0.00000', '0.00', 0),
(729, 27, 1, '0.00000', '0.00', 0),
(730, 25, 0, '22562.99662', '0.00', 0),
(730, 27, 0, '0.00000', '0.00', 0),
(731, 25, 0, '27875.49925', '0.00', 0),
(731, 27, 0, '0.00000', '0.00', 0),
(732, 25, 1, '0.00000', '0.00', 0),
(732, 27, 0, '0.00000', '0.00', 0),
(733, 25, 0, '0.00000', '0.00', 0),
(733, 27, 0, '0.00000', '0.00', 0),
(734, 25, 1, '0.00000', '0.00', 0),
(734, 27, 0, '0.00000', '0.00', 0),
(735, 25, 0, '0.00000', '0.00', 0),
(735, 27, 0, '0.00000', '0.00', 0),
(736, 25, 0, '0.00000', '0.00', 0),
(736, 27, 0, '0.00000', '0.00', 0),
(737, 25, 0, '80813.99500', '0.00', 0),
(737, 27, 0, '0.00000', '0.00', 0),
(738, 25, 1, '0.00000', '0.00', 0),
(738, 27, 0, '0.00000', '0.00', 0),
(739, 25, 0, '0.00000', '0.00', 0),
(739, 27, 0, '0.00000', '0.00', 0),
(740, 25, 0, '0.00000', '0.00', 0),
(740, 27, 0, '0.00000', '0.00', 0),
(741, 25, 0, '0.00000', '0.00', 0),
(741, 27, 0, '0.00000', '0.00', 0),
(742, 25, 0, '0.00000', '0.00', 0),
(742, 27, 0, '0.00000', '0.00', 0),
(743, 25, 0, '0.00000', '0.00', 0),
(743, 27, 0, '0.00000', '0.00', 0),
(744, 25, 0, '0.00000', '0.00', 0),
(744, 27, 0, '0.00000', '0.00', 0),
(745, 25, 0, '0.00000', '0.00', 0),
(745, 27, 0, '0.00000', '0.00', 0),
(746, 25, 0, '710.30812', '0.00', 0),
(746, 27, 0, '0.00000', '0.00', 0),
(747, 25, 0, '0.00000', '0.00', 0),
(747, 27, 0, '0.00000', '0.00', 0),
(748, 25, 0, '0.00000', '0.00', 0),
(748, 27, 0, '0.00000', '0.00', 0),
(749, 25, 0, '0.00000', '0.00', 0),
(749, 27, 0, '0.00000', '0.00', 0),
(750, 25, 0, '0.00000', '0.00', 0),
(750, 27, 0, '0.00000', '0.00', 0),
(751, 25, 0, '0.00000', '0.00', 0),
(751, 27, 0, '0.00000', '0.00', 0),
(752, 25, 0, '0.00000', '0.00', 0),
(752, 27, 0, '0.00000', '0.00', 0),
(753, 25, 0, '0.00000', '0.00', 0),
(753, 27, 0, '0.00000', '0.00', 0),
(754, 25, 0, '0.00000', '0.00', 0),
(754, 27, 0, '0.00000', '0.00', 0),
(755, 25, 0, '0.00000', '0.00', 0),
(755, 27, 0, '0.00000', '0.00', 0),
(756, 25, 0, '0.00000', '0.00', 0),
(756, 27, 0, '0.00000', '0.00', 0),
(757, 25, 0, '0.00000', '0.00', 0),
(757, 27, 0, '0.00000', '0.00', 0),
(758, 25, 0, '0.00000', '0.00', 0),
(758, 27, 0, '0.00000', '0.00', 0),
(759, 25, 0, '0.00000', '0.00', 0),
(759, 27, 0, '0.00000', '0.00', 0),
(760, 25, 0, '0.00000', '0.00', 0),
(760, 27, 0, '0.00000', '0.00', 0),
(761, 25, 0, '0.00000', '0.00', 0),
(761, 27, 0, '0.00000', '0.00', 0),
(762, 25, 0, '0.00000', '0.00', 0),
(762, 27, 0, '0.00000', '0.00', 0),
(763, 25, 0, '0.00000', '0.00', 0),
(763, 27, 0, '0.00000', '0.00', 0),
(764, 25, 0, '0.00000', '0.00', 0),
(764, 27, 0, '0.00000', '0.00', 0),
(765, 25, 0, '0.00000', '0.00', 0),
(765, 27, 0, '0.00000', '0.00', 0),
(766, 25, 0, '0.00000', '0.00', 0),
(766, 27, 0, '0.00000', '0.00', 0),
(767, 25, 0, '0.00000', '0.00', 0),
(767, 27, 0, '0.00000', '0.00', 0),
(768, 25, 0, '0.00000', '0.00', 0),
(768, 27, 0, '0.00000', '0.00', 0),
(769, 25, 0, '0.00000', '0.00', 0),
(769, 27, 0, '0.00000', '0.00', 0),
(770, 25, 0, '0.00000', '0.00', 0),
(770, 27, 0, '0.00000', '0.00', 0),
(771, 25, 0, '0.00000', '0.00', 0),
(771, 27, 0, '0.00000', '0.00', 0),
(772, 25, 0, '0.00000', '0.00', 0),
(772, 27, 0, '0.00000', '0.00', 0),
(773, 25, 0, '0.00000', '0.00', 0),
(773, 27, 0, '0.00000', '0.00', 0),
(774, 25, 0, '0.00000', '0.00', 0),
(774, 27, 0, '0.00000', '0.00', 0),
(775, 25, 0, '0.00000', '0.00', 0),
(775, 27, 0, '0.00000', '0.00', 0),
(776, 25, 0, '0.00000', '0.00', 0),
(776, 27, 0, '0.00000', '0.00', 0),
(777, 25, 0, '0.00000', '0.00', 0),
(777, 27, 0, '0.00000', '0.00', 0),
(778, 25, 0, '0.00000', '0.00', 0),
(778, 27, 0, '0.00000', '0.00', 0),
(779, 25, 0, '0.00000', '0.00', 0),
(779, 27, 0, '0.00000', '0.00', 0),
(780, 25, 0, '0.00000', '0.00', 0),
(780, 27, 0, '0.00000', '0.00', 0),
(781, 25, 0, '0.00000', '0.00', 0),
(781, 27, 0, '0.00000', '0.00', 0),
(782, 25, 0, '1742.94093', '0.00', 0),
(782, 27, 0, '0.00000', '0.00', 0),
(783, 25, 0, '0.00000', '0.00', 0),
(783, 27, 0, '0.00000', '0.00', 0),
(784, 25, 0, '0.00000', '0.00', 0),
(784, 27, 0, '0.00000', '0.00', 0),
(785, 25, 0, '0.00000', '0.00', 0),
(785, 27, 0, '0.00000', '0.00', 0),
(786, 25, 0, '0.00000', '0.00', 0),
(786, 27, 0, '0.00000', '0.00', 0),
(787, 25, 0, '0.00000', '0.00', 0),
(787, 27, 0, '0.00000', '0.00', 0),
(788, 25, 0, '0.00000', '0.00', 0),
(788, 27, 0, '0.00000', '0.00', 0),
(789, 25, 0, '0.00000', '0.00', 0),
(789, 27, 0, '0.00000', '0.00', 0),
(790, 25, 0, '0.00000', '0.00', 0),
(790, 27, 0, '0.00000', '0.00', 0),
(791, 25, 0, '0.00000', '0.00', 0),
(791, 27, 0, '0.00000', '0.00', 0),
(792, 25, 0, '0.00000', '0.00', 0),
(792, 27, 0, '0.00000', '0.00', 0),
(793, 25, 0, '0.00000', '0.00', 0),
(793, 27, 0, '0.00000', '0.00', 0),
(794, 25, 0, '0.00000', '0.00', 0),
(794, 27, 0, '0.00000', '0.00', 0),
(795, 25, 0, '0.00000', '0.00', 0),
(795, 27, 0, '0.00000', '0.00', 0),
(796, 25, 0, '0.00000', '0.00', 0),
(796, 27, 0, '0.00000', '0.00', 0),
(797, 25, 0, '0.00000', '0.00', 0),
(797, 27, 0, '0.00000', '0.00', 0),
(798, 25, 0, '0.00000', '0.00', 0),
(798, 27, 0, '0.00000', '0.00', 0),
(799, 25, 0, '0.00000', '0.00', 0),
(799, 27, 0, '0.00000', '0.00', 0),
(800, 25, 0, '0.00000', '0.00', 0),
(800, 27, 0, '0.00000', '0.00', 0),
(801, 25, 0, '0.00000', '0.00', 0),
(801, 27, 0, '0.00000', '0.00', 0),
(802, 25, 0, '0.00000', '0.00', 0),
(802, 27, 0, '0.00000', '0.00', 0),
(803, 25, 0, '0.00000', '0.00', 0),
(803, 27, 0, '0.00000', '0.00', 0),
(804, 25, 0, '0.00000', '0.00', 0),
(804, 27, 0, '0.00000', '0.00', 0),
(805, 25, 0, '0.00000', '0.00', 0),
(805, 27, 0, '0.00000', '0.00', 0),
(806, 25, 0, '0.00000', '0.00', 0),
(806, 27, 0, '0.00000', '0.00', 0),
(807, 25, 0, '0.00000', '0.00', 0),
(807, 27, 0, '0.00000', '0.00', 0),
(808, 25, 0, '0.00000', '0.00', 0),
(808, 27, 0, '0.00000', '0.00', 0),
(809, 25, 0, '0.00000', '0.00', 0),
(809, 27, 0, '0.00000', '0.00', 0),
(810, 25, 0, '0.00000', '0.00', 0),
(810, 27, 0, '0.00000', '0.00', 0),
(811, 25, 0, '0.00000', '0.00', 0),
(811, 27, 0, '0.00000', '0.00', 0),
(812, 25, 0, '0.00000', '0.00', 0),
(812, 27, 0, '0.00000', '0.00', 0),
(813, 25, 0, '0.00000', '0.00', 0),
(813, 27, 0, '0.00000', '0.00', 0),
(814, 25, 0, '0.00000', '0.00', 0),
(814, 27, 0, '0.00000', '0.00', 0),
(815, 25, 0, '0.00000', '0.00', 0),
(815, 27, 0, '0.00000', '0.00', 0),
(816, 25, 0, '0.00000', '0.00', 0),
(816, 27, 0, '0.00000', '0.00', 0),
(817, 25, 0, '0.00000', '0.00', 0),
(817, 27, 0, '0.00000', '0.00', 0),
(818, 25, 0, '0.00000', '0.00', 0),
(818, 27, 0, '0.00000', '0.00', 0),
(819, 25, 0, '0.00000', '0.00', 0),
(819, 27, 0, '0.00000', '0.00', 0),
(820, 25, 0, '0.00000', '0.00', 0),
(820, 27, 0, '0.00000', '0.00', 0),
(821, 25, 0, '0.00000', '0.00', 0),
(821, 27, 0, '0.00000', '0.00', 0),
(822, 25, 0, '0.00000', '0.00', 0),
(822, 27, 0, '0.00000', '0.00', 0),
(823, 25, 0, '0.00000', '0.00', 0),
(823, 27, 0, '0.00000', '0.00', 0),
(824, 25, 0, '0.00000', '0.00', 0),
(824, 27, 0, '0.00000', '0.00', 0),
(825, 25, 0, '0.00000', '0.00', 0),
(825, 27, 0, '0.00000', '0.00', 0),
(826, 25, 0, '0.00000', '0.00', 0),
(826, 27, 0, '0.00000', '0.00', 0),
(827, 25, 0, '0.00000', '0.00', 0),
(827, 27, 0, '0.00000', '0.00', 0),
(829, 25, 0, '0.00000', '0.00', 0),
(829, 27, 0, '0.00000', '0.00', 0),
(830, 25, 0, '0.00000', '0.00', 0),
(830, 27, 0, '0.00000', '0.00', 0),
(831, 25, 0, '0.00000', '0.00', 0),
(831, 27, 0, '0.00000', '0.00', 0),
(834, 25, 0, '0.00000', '0.00', 0),
(834, 27, 0, '0.00000', '0.00', 0),
(835, 25, 0, '0.00000', '0.00', 0),
(835, 27, 0, '0.00000', '0.00', 0),
(836, 25, 0, '0.00000', '0.00', 0),
(836, 27, 0, '0.00000', '0.00', 0),
(837, 25, 0, '0.00000', '0.00', 0),
(837, 27, 0, '0.00000', '0.00', 0),
(838, 25, 0, '0.00000', '0.00', 0),
(838, 27, 0, '0.00000', '0.00', 0),
(839, 25, 0, '0.00000', '0.00', 0),
(839, 27, 0, '0.00000', '0.00', 0),
(840, 25, 0, '0.00000', '0.00', 0),
(840, 27, 0, '0.00000', '0.00', 0),
(841, 25, 0, '0.00000', '0.00', 0),
(841, 27, 0, '0.00000', '0.00', 0),
(842, 25, 0, '0.00000', '0.00', 0),
(842, 27, 0, '0.00000', '0.00', 0),
(843, 25, 0, '0.00000', '0.00', 0),
(843, 27, 0, '0.00000', '0.00', 0),
(844, 25, 0, '0.00000', '0.00', 0),
(844, 27, 0, '0.00000', '0.00', 0),
(845, 25, 0, '0.00000', '0.00', 0),
(845, 27, 0, '0.00000', '0.00', 0),
(846, 25, 0, '0.00000', '0.00', 0),
(846, 27, 0, '0.00000', '0.00', 0),
(847, 25, 0, '0.00000', '0.00', 0),
(847, 27, 0, '0.00000', '0.00', 0),
(848, 25, 0, '0.00000', '0.00', 0),
(848, 27, 0, '0.00000', '0.00', 0),
(849, 25, 0, '0.00000', '0.00', 0),
(849, 27, 0, '0.00000', '0.00', 0),
(850, 25, 0, '0.00000', '0.00', 0),
(850, 27, 0, '0.00000', '0.00', 0),
(851, 25, 0, '0.00000', '0.00', 0),
(851, 27, 0, '0.00000', '0.00', 0),
(852, 25, 0, '0.00000', '0.00', 0),
(852, 27, 0, '0.00000', '0.00', 0),
(853, 25, 0, '0.00000', '0.00', 0),
(853, 27, 0, '0.00000', '0.00', 0),
(854, 25, 0, '0.00000', '0.00', 0),
(854, 27, 0, '0.00000', '0.00', 0),
(855, 25, 0, '0.00000', '0.00', 0),
(855, 27, 0, '0.00000', '0.00', 0),
(856, 25, 0, '0.00000', '0.00', 0),
(856, 27, 0, '0.00000', '0.00', 0),
(857, 25, 0, '0.00000', '0.00', 0),
(857, 27, 0, '0.00000', '0.00', 0),
(858, 25, 0, '0.00000', '0.00', 0),
(858, 27, 0, '0.00000', '0.00', 0),
(859, 25, 0, '0.00000', '0.00', 0),
(859, 27, 0, '0.00000', '0.00', 0),
(860, 25, 0, '0.00000', '0.00', 0),
(860, 27, 0, '0.00000', '0.00', 0),
(861, 25, 0, '0.00000', '0.00', 0),
(861, 27, 0, '0.00000', '0.00', 0),
(862, 25, 0, '0.00000', '0.00', 0),
(862, 27, 0, '0.00000', '0.00', 0),
(863, 25, 0, '303.89054', '0.00', 0),
(863, 27, 0, '0.00000', '0.00', 0),
(864, 25, 0, '0.00000', '0.00', 0),
(864, 27, 0, '0.00000', '0.00', 0),
(865, 25, 0, '0.00000', '0.00', 0),
(865, 27, 0, '0.00000', '0.00', 0),
(866, 25, 0, '0.00000', '0.00', 0),
(866, 27, 0, '0.00000', '0.00', 0),
(867, 25, 0, '1420.67000', '0.00', 0),
(867, 27, 0, '0.00000', '0.00', 0),
(868, 25, 0, '0.00000', '0.00', 0),
(868, 27, 0, '0.00000', '0.00', 0),
(869, 25, 0, '0.00000', '0.00', 0),
(869, 27, 0, '0.00000', '0.00', 0),
(870, 25, 0, '0.00000', '0.00', 0),
(870, 27, 0, '0.00000', '0.00', 0),
(871, 25, 0, '0.00000', '0.00', 0),
(871, 27, 0, '0.00000', '0.00', 0),
(872, 25, 0, '0.00000', '0.00', 0),
(872, 27, 0, '0.00000', '0.00', 0),
(873, 25, 0, '0.00000', '0.00', 0),
(873, 27, 0, '0.00000', '0.00', 0),
(874, 25, 0, '0.00000', '0.00', 0),
(874, 27, 0, '0.00000', '0.00', 0),
(875, 25, 0, '0.00000', '0.00', 0),
(875, 27, 0, '0.00000', '0.00', 0),
(876, 25, 0, '0.00000', '0.00', 0),
(876, 27, 0, '0.00000', '0.00', 0),
(877, 25, 0, '0.00000', '0.00', 0),
(877, 27, 0, '0.00000', '0.00', 0),
(878, 25, 0, '0.00000', '0.00', 0),
(878, 27, 0, '0.00000', '0.00', 0),
(879, 25, 0, '0.00000', '0.00', 0),
(879, 27, 0, '0.00000', '0.00', 0),
(880, 25, 0, '0.00000', '0.00', 0),
(880, 27, 0, '0.00000', '0.00', 0),
(881, 25, 0, '0.00000', '0.00', 0),
(881, 27, 0, '0.00000', '0.00', 0),
(882, 25, 0, '0.00000', '0.00', 0),
(882, 27, 0, '0.00000', '0.00', 0),
(883, 25, 0, '0.00000', '0.00', 0),
(883, 27, 0, '0.00000', '0.00', 0),
(884, 25, 0, '0.00000', '0.00', 0),
(884, 27, 0, '0.00000', '0.00', 0),
(885, 25, 0, '0.00000', '0.00', 0),
(885, 27, 0, '0.00000', '0.00', 0),
(886, 25, 0, '0.00000', '0.00', 0),
(886, 27, 0, '0.00000', '0.00', 0),
(887, 25, 0, '0.00000', '0.00', 0),
(887, 27, 0, '0.00000', '0.00', 0),
(888, 25, 0, '0.00000', '0.00', 0),
(888, 27, 0, '0.00000', '0.00', 0),
(889, 25, 0, '0.00000', '0.00', 0),
(889, 27, 0, '0.00000', '0.00', 0),
(890, 25, 0, '0.00000', '0.00', 0),
(890, 27, 0, '0.00000', '0.00', 0),
(891, 25, 0, '0.00000', '0.00', 0),
(891, 27, 0, '0.00000', '0.00', 0),
(892, 25, 0, '0.00000', '0.00', 0),
(892, 27, 0, '0.00000', '0.00', 0),
(893, 25, 0, '0.00000', '0.00', 0),
(893, 27, 0, '0.00000', '0.00', 0),
(894, 25, 0, '0.00000', '0.00', 0),
(894, 27, 0, '0.00000', '0.00', 0),
(895, 25, 0, '0.00000', '0.00', 0),
(895, 27, 0, '0.00000', '0.00', 0),
(896, 25, 0, '0.00000', '0.00', 0),
(896, 27, 0, '0.00000', '0.00', 0),
(897, 25, 0, '0.00000', '0.00', 0),
(897, 27, 0, '0.00000', '0.00', 0),
(898, 25, 0, '0.00000', '0.00', 0),
(898, 27, 0, '0.00000', '0.00', 0),
(899, 25, 0, '0.00000', '0.00', 0),
(899, 27, 0, '0.00000', '0.00', 0),
(900, 25, 0, '0.00000', '0.00', 0),
(900, 27, 0, '0.00000', '0.00', 0),
(901, 25, 0, '0.00000', '0.00', 0),
(901, 27, 0, '0.00000', '0.00', 0),
(902, 25, 0, '0.00000', '0.00', 0),
(902, 27, 0, '0.00000', '0.00', 0),
(903, 25, 0, '0.00000', '0.00', 0),
(903, 27, 0, '0.00000', '0.00', 0),
(904, 25, 0, '0.00000', '0.00', 0),
(904, 27, 0, '0.00000', '0.00', 0),
(905, 25, 0, '0.00000', '0.00', 0),
(905, 27, 0, '0.00000', '0.00', 0),
(907, 25, 0, '0.00000', '0.00', 0),
(907, 27, 0, '0.00000', '0.00', 0),
(908, 25, 0, '0.00000', '0.00', 0),
(908, 27, 0, '0.00000', '0.00', 0),
(909, 25, 0, '0.00000', '0.00', 0),
(909, 27, 0, '0.00000', '0.00', 0),
(910, 25, 0, '0.00000', '0.00', 0),
(910, 27, 0, '0.00000', '0.00', 0),
(911, 25, 0, '0.00000', '0.00', 0),
(911, 27, 0, '0.00000', '0.00', 0),
(912, 25, 0, '0.00000', '0.00', 0),
(912, 27, 0, '0.00000', '0.00', 0),
(913, 25, 0, '0.00000', '0.00', 0),
(913, 27, 0, '0.00000', '0.00', 0),
(915, 25, 0, '0.00000', '0.00', 0),
(915, 27, 0, '0.00000', '0.00', 0),
(916, 25, 0, '0.00000', '0.00', 0),
(916, 27, 0, '0.00000', '0.00', 0),
(917, 25, 0, '0.00000', '0.00', 0),
(917, 27, 0, '0.00000', '0.00', 0),
(918, 25, 0, '0.00000', '0.00', 0),
(918, 27, 0, '0.00000', '0.00', 0),
(919, 25, 0, '0.00000', '0.00', 0),
(919, 27, 0, '0.00000', '0.00', 0),
(920, 25, 0, '0.00000', '0.00', 0),
(920, 27, 0, '0.00000', '0.00', 0),
(921, 25, 0, '0.00000', '0.00', 0),
(921, 27, 0, '0.00000', '0.00', 0),
(922, 25, 0, '0.00000', '0.00', 0),
(922, 27, 0, '0.00000', '0.00', 0),
(923, 25, 0, '0.00000', '0.00', 0),
(923, 27, 0, '0.00000', '0.00', 0),
(924, 25, 0, '0.00000', '0.00', 0),
(924, 27, 0, '0.00000', '0.00', 0),
(925, 25, 0, '0.00000', '0.00', 0),
(925, 27, 0, '0.00000', '0.00', 0),
(926, 25, 0, '0.00000', '0.00', 0),
(926, 27, 0, '0.00000', '0.00', 0),
(927, 25, 0, '0.00000', '0.00', 0),
(927, 27, 0, '0.00000', '0.00', 0),
(928, 25, 0, '0.00000', '0.00', 0),
(928, 27, 0, '0.00000', '0.00', 0),
(929, 25, 0, '0.00000', '0.00', 0),
(929, 27, 0, '0.00000', '0.00', 0),
(930, 25, 0, '0.00000', '0.00', 0),
(930, 27, 0, '0.00000', '0.00', 0),
(931, 25, 0, '15299.00000', '0.00', 0),
(931, 27, 0, '0.00000', '0.00', 0),
(932, 25, 0, '0.00000', '0.00', 0),
(932, 27, 0, '0.00000', '0.00', 0),
(933, 25, 0, '0.00000', '0.00', 0),
(933, 27, 0, '0.00000', '0.00', 0),
(934, 25, 0, '0.00000', '0.00', 0),
(934, 27, 0, '0.00000', '0.00', 0),
(935, 25, 1, '26371.00240', '0.00', 0),
(935, 27, 0, '0.00000', '0.00', 0),
(936, 25, 0, '0.00000', '0.00', 0),
(936, 27, 0, '0.00000', '0.00', 0),
(938, 25, 0, '0.00000', '0.00', 0),
(938, 27, 0, '0.00000', '0.00', 0),
(940, 25, 0, '0.00000', '0.00', 0),
(940, 27, 0, '0.00000', '0.00', 0),
(941, 25, 0, '0.00000', '0.00', 0),
(941, 27, 0, '0.00000', '0.00', 0),
(942, 25, 0, '0.00000', '0.00', 0),
(942, 27, 0, '0.00000', '0.00', 0),
(943, 25, 0, '0.00000', '0.00', 0),
(943, 27, 0, '0.00000', '0.00', 0),
(944, 25, 0, '0.00000', '0.00', 0),
(944, 27, 0, '0.00000', '0.00', 0),
(945, 25, 0, '0.00000', '0.00', 0),
(945, 27, 0, '0.00000', '0.00', 0),
(946, 25, 0, '0.00000', '0.00', 0),
(946, 27, 0, '0.00000', '0.00', 0),
(947, 25, 0, '0.00000', '0.00', 0),
(947, 27, 0, '0.00000', '0.00', 0),
(948, 25, 0, '0.00000', '0.00', 0),
(948, 27, 0, '0.00000', '0.00', 0),
(949, 25, 0, '0.00000', '0.00', 0),
(949, 27, 0, '0.00000', '0.00', 0),
(950, 25, 0, '0.00000', '0.00', 0),
(950, 27, 0, '0.00000', '0.00', 0),
(951, 25, 0, '0.00000', '0.00', 0),
(951, 27, 0, '0.00000', '0.00', 0),
(952, 25, 0, '0.00000', '0.00', 0),
(952, 27, 0, '0.00000', '0.00', 0),
(953, 25, 0, '994.50000', '0.00', 0),
(953, 27, 0, '0.00000', '0.00', 0),
(954, 25, 0, '0.00000', '0.00', 0),
(954, 27, 0, '0.00000', '0.00', 0),
(955, 25, 0, '0.00000', '0.00', 0),
(955, 27, 0, '0.00000', '0.00', 0),
(956, 25, 0, '0.00000', '0.00', 0),
(956, 27, 0, '0.00000', '0.00', 0),
(957, 25, 0, '0.00000', '0.00', 0),
(957, 27, 0, '0.00000', '0.00', 0),
(958, 25, 0, '0.00000', '0.00', 0),
(958, 27, 0, '0.00000', '0.00', 0),
(959, 25, 0, '0.00000', '0.00', 0),
(959, 27, 0, '0.00000', '0.00', 0),
(960, 25, 0, '0.00000', '0.00', 0),
(960, 27, 0, '0.00000', '0.00', 0),
(962, 25, 0, '0.00000', '0.00', 0),
(962, 27, 0, '0.00000', '0.00', 0),
(963, 25, 0, '2240.15662', '0.00', 0),
(963, 27, 0, '0.00000', '0.00', 0),
(964, 25, 0, '31323.49848', '0.00', 0),
(964, 27, 0, '0.00000', '0.00', 0),
(965, 25, 0, '0.00000', '0.00', 0),
(965, 27, 0, '0.00000', '0.00', 0),
(966, 25, 0, '2687.23291', '0.00', 0),
(966, 27, 0, '0.00000', '0.00', 0),
(967, 25, 0, '0.00000', '0.00', 0),
(967, 27, 0, '0.00000', '0.00', 0),
(968, 25, 0, '0.00000', '0.00', 0),
(968, 27, 0, '0.00000', '0.00', 0),
(969, 25, 0, '0.00000', '0.00', 0),
(969, 27, 0, '0.00000', '0.00', 0),
(970, 25, 0, '0.00000', '0.00', 0),
(970, 27, 0, '0.00000', '0.00', 0),
(971, 25, 0, '0.00000', '0.00', 0),
(971, 27, 0, '0.00000', '0.00', 0),
(972, 25, 0, '0.00000', '0.00', 0),
(972, 27, 0, '0.00000', '0.00', 0),
(973, 25, 0, '0.00000', '0.00', 0),
(973, 27, 0, '0.00000', '0.00', 0),
(974, 25, 0, '0.00000', '0.00', 0),
(974, 27, 0, '0.00000', '0.00', 0),
(975, 25, 0, '0.00000', '0.00', 0),
(975, 27, 0, '0.00000', '0.00', 0),
(976, 25, 0, '0.00000', '0.00', 0),
(976, 27, 0, '0.00000', '0.00', 0),
(977, 25, 0, '0.00000', '0.00', 0),
(977, 27, 0, '0.00000', '0.00', 0),
(978, 25, 0, '0.00000', '0.00', 0),
(978, 27, 0, '0.00000', '0.00', 0),
(979, 25, 0, '0.00000', '0.00', 0),
(979, 27, 0, '0.00000', '0.00', 0),
(980, 25, 0, '0.00000', '0.00', 0),
(980, 27, 0, '0.00000', '0.00', 0),
(981, 25, 0, '0.00000', '0.00', 0),
(981, 27, 0, '0.00000', '0.00', 0),
(982, 25, 1, '0.00000', '0.00', 0),
(982, 27, 0, '0.00000', '0.00', 0),
(983, 25, 0, '0.00000', '0.00', 0),
(983, 27, 0, '0.00000', '0.00', 0),
(984, 25, 0, '0.00000', '0.00', 0),
(984, 27, 0, '0.00000', '0.00', 0),
(985, 25, 0, '0.00000', '0.00', 0),
(985, 27, 0, '0.00000', '0.00', 0),
(986, 25, 0, '19975.00000', '0.00', 0),
(986, 27, 0, '0.00000', '0.00', 0),
(987, 25, 0, '0.00000', '0.00', 0),
(987, 27, 0, '0.00000', '0.00', 0),
(988, 25, 1, '0.00000', '0.00', 0),
(988, 27, 0, '0.00000', '0.00', 0),
(989, 25, 1, '0.00000', '0.00', 0),
(989, 27, 0, '0.00000', '0.00', 0),
(990, 25, 1, '0.00000', '0.00', 0),
(990, 27, 0, '0.00000', '0.00', 0),
(991, 25, 1, '0.00000', '0.00', 0),
(991, 27, 0, '0.00000', '0.00', 0),
(992, 25, 1, '0.00000', '0.00', 0),
(992, 27, 0, '0.00000', '0.00', 0),
(993, 25, 1, '0.00000', '0.00', 0),
(993, 27, 0, '0.00000', '0.00', 0),
(994, 25, 1, '0.00000', '0.00', 0),
(994, 27, 0, '0.00000', '0.00', 0),
(995, 25, 1, '0.00000', '0.00', 0),
(995, 27, 0, '0.00000', '0.00', 0),
(996, 25, 0, '0.00000', '0.00', 0),
(996, 27, 0, '0.00000', '0.00', 0),
(997, 25, 0, '0.00000', '0.00', 0),
(997, 27, 0, '0.00000', '0.00', 0),
(999, 25, 0, '0.00000', '0.00', 0),
(999, 27, 0, '0.00000', '0.00', 0),
(1001, 25, 0, '0.00000', '0.00', 0),
(1001, 27, 0, '0.00000', '0.00', 0),
(1002, 25, 0, '0.00000', '0.00', 0),
(1002, 27, 0, '0.00000', '0.00', 0),
(1003, 25, 0, '0.00000', '0.00', 0),
(1003, 27, 0, '0.00000', '0.00', 0),
(1004, 25, 0, '0.00000', '0.00', 0),
(1004, 27, 0, '0.00000', '0.00', 0),
(1005, 25, 0, '0.00000', '0.00', 0),
(1005, 27, 0, '0.00000', '0.00', 0),
(1006, 25, 0, '0.00000', '0.00', 0),
(1006, 27, 0, '0.00000', '0.00', 0),
(1007, 25, 0, '0.00000', '0.00', 0),
(1007, 27, 0, '0.00000', '0.00', 0),
(1008, 25, 0, '0.00000', '0.00', 0),
(1008, 26, 0, '0.00000', '0.00', 0),
(1008, 27, 0, '0.00000', '0.00', 0),
(1009, 25, 0, '0.00000', '0.00', 0),
(1009, 27, 0, '0.00000', '0.00', 0),
(1010, 25, 0, '0.00000', '0.00', 0),
(1010, 27, 0, '0.00000', '0.00', 0),
(1011, 25, 0, '0.00000', '0.00', 0),
(1011, 27, 0, '0.00000', '0.00', 0),
(1012, 25, 0, '0.00000', '0.00', 0),
(1012, 27, 0, '0.00000', '0.00', 0),
(1013, 25, 0, '0.00000', '0.00', 0),
(1013, 27, 0, '0.00000', '0.00', 0),
(1014, 25, 0, '0.00000', '0.00', 0),
(1014, 27, 0, '0.00000', '0.00', 0),
(1015, 25, 0, '0.10825', '0.00', 0),
(1015, 27, 0, '0.00000', '0.00', 0),
(1016, 25, 0, '0.11082', '0.00', 0),
(1016, 27, 0, '0.00000', '0.00', 0),
(1017, 25, 0, '0.16065', '0.00', 0),
(1017, 27, 0, '0.00000', '0.00', 0),
(1018, 25, 0, '0.16664', '0.00', 0),
(1018, 27, 0, '0.00000', '0.00', 0),
(1019, 25, 0, '0.00000', '0.00', 0),
(1019, 27, 0, '0.00000', '0.00', 0),
(1020, 25, 0, '0.00000', '0.00', 0),
(1020, 27, 0, '0.00000', '0.00', 0),
(1021, 25, 0, '0.63440', '0.00', 0),
(1021, 27, 0, '0.00000', '0.00', 0),
(1022, 25, 0, '0.00000', '0.00', 0),
(1022, 27, 0, '0.00000', '0.00', 0),
(1023, 25, 0, '0.34072', '0.00', 0),
(1023, 27, 0, '0.00000', '0.00', 0),
(1024, 25, 0, '0.00000', '0.00', 0),
(1024, 27, 0, '0.00000', '0.00', 0),
(1025, 25, 0, '0.00000', '0.00', 0),
(1025, 27, 0, '0.00000', '0.00', 0),
(1026, 25, 0, '3.37871', '0.00', 0),
(1026, 27, 0, '0.00000', '0.00', 0),
(1027, 25, 0, '0.00000', '0.00', 0),
(1027, 27, 0, '0.00000', '0.00', 0),
(1028, 25, 0, '0.22831', '0.00', 0),
(1028, 27, 0, '0.00000', '0.00', 0),
(1029, 25, 0, '0.53043', '0.00', 0),
(1029, 27, 0, '0.00000', '0.00', 0),
(1030, 25, 0, '0.02391', '0.00', 0),
(1030, 27, 0, '0.00000', '0.00', 0),
(1031, 25, 0, '0.37806', '0.00', 0),
(1031, 27, 0, '0.00000', '0.00', 0),
(1032, 25, 0, '2.07765', '0.00', 0),
(1032, 27, 0, '0.00000', '0.00', 0),
(1033, 25, 0, '0.31000', '0.00', 0),
(1033, 27, 0, '0.00000', '0.00', 0),
(1034, 25, 0, '0.52000', '0.00', 0),
(1034, 27, 0, '0.00000', '0.00', 0),
(1035, 25, 0, '0.35000', '0.00', 0),
(1035, 27, 0, '0.00000', '0.00', 0),
(1036, 25, 0, '0.17000', '0.00', 0),
(1036, 27, 0, '0.00000', '0.00', 0),
(1037, 25, 0, '1.79264', '0.00', 0),
(1037, 27, 0, '0.00000', '0.00', 0),
(1038, 25, 0, '42.33346', '0.00', 0),
(1038, 27, 0, '0.00000', '0.00', 0),
(1039, 25, 0, '42.43040', '0.00', 0),
(1039, 27, 0, '0.00000', '0.00', 0),
(1040, 25, 0, '40.09355', '0.00', 0),
(1040, 27, 0, '0.00000', '0.00', 0),
(1041, 25, 0, '40.59472', '0.00', 0),
(1041, 27, 0, '0.00000', '0.00', 0),
(1042, 25, 0, '0.00000', '0.00', 0),
(1042, 27, 0, '0.00000', '0.00', 0),
(1043, 25, 0, '0.00000', '0.00', 0),
(1043, 27, 0, '0.00000', '0.00', 0),
(1044, 25, 0, '0.00000', '0.00', 0),
(1044, 27, 0, '0.00000', '0.00', 0),
(1045, 25, 0, '0.00000', '0.00', 0),
(1045, 27, 0, '0.00000', '0.00', 0),
(1046, 25, 0, '0.00000', '0.00', 0),
(1046, 27, 0, '0.00000', '0.00', 0),
(1047, 25, 0, '0.00000', '0.00', 0),
(1047, 27, 0, '0.00000', '0.00', 0),
(1048, 25, 0, '0.00000', '0.00', 0),
(1048, 26, 0, '0.00000', '0.00', 0),
(1048, 27, 0, '0.00000', '0.00', 0),
(1049, 25, 0, '0.00000', '0.00', 0),
(1049, 26, 0, '0.00000', '0.00', 0),
(1049, 27, 0, '0.00000', '0.00', 0),
(1050, 25, 0, '0.00000', '0.00', 0),
(1050, 26, 0, '0.00000', '0.00', 0),
(1050, 27, 0, '0.00000', '0.00', 0),
(1051, 25, 0, '0.00000', '0.00', 0),
(1051, 27, 0, '0.00000', '0.00', 0),
(1052, 25, 0, '0.00000', '0.00', 0),
(1052, 27, 0, '0.00000', '0.00', 0),
(1053, 25, 0, '0.00000', '0.00', 0),
(1053, 27, 0, '0.00000', '0.00', 0),
(1054, 25, 0, '0.00000', '0.00', 0),
(1054, 27, 0, '0.00000', '0.00', 0),
(1055, 25, 0, '0.00000', '0.00', 0),
(1055, 27, 0, '0.00000', '0.00', 0),
(1056, 25, 0, '0.00000', '0.00', 0),
(1056, 27, 0, '0.00000', '0.00', 0),
(1057, 25, 0, '0.00000', '0.00', 0),
(1057, 27, 0, '0.00000', '0.00', 0),
(1058, 25, 0, '0.00000', '0.00', 0),
(1058, 27, 0, '0.00000', '0.00', 0),
(1059, 25, 0, '0.00000', '0.00', 0),
(1059, 27, 0, '0.00000', '0.00', 0),
(1060, 25, 0, '0.00000', '0.00', 0),
(1060, 27, 0, '0.00000', '0.00', 0),
(1061, 25, 0, '0.00000', '0.00', 0),
(1061, 27, 0, '0.00000', '0.00', 0),
(1062, 25, 0, '0.00000', '0.00', 0),
(1062, 27, 0, '0.00000', '0.00', 0),
(1063, 25, 0, '0.00000', '0.00', 0),
(1063, 27, 0, '0.00000', '0.00', 0),
(1064, 25, 0, '0.00000', '0.00', 0),
(1064, 27, 0, '0.00000', '0.00', 0),
(1065, 25, 0, '0.00000', '0.00', 0),
(1065, 27, 0, '0.00000', '0.00', 0),
(1066, 25, 0, '0.00000', '0.00', 0),
(1066, 27, 0, '0.00000', '0.00', 0),
(1067, 25, 0, '0.00000', '0.00', 0),
(1067, 27, 0, '0.00000', '0.00', 0),
(1068, 25, 0, '0.00000', '0.00', 0),
(1068, 27, 0, '0.00000', '0.00', 0),
(1069, 25, 0, '0.00000', '0.00', 0),
(1069, 27, 0, '0.00000', '0.00', 0),
(1070, 25, 0, '0.00000', '0.00', 0),
(1070, 27, 0, '0.00000', '0.00', 0),
(1071, 25, 0, '0.00000', '0.00', 0),
(1071, 27, 0, '0.00000', '0.00', 0),
(1072, 25, 0, '0.00000', '0.00', 0),
(1072, 27, 0, '0.00000', '0.00', 0),
(1073, 25, 0, '0.00000', '0.00', 0),
(1073, 27, 0, '0.00000', '0.00', 0),
(1074, 25, 0, '0.00000', '0.00', 0),
(1074, 27, 0, '0.00000', '0.00', 0),
(1075, 25, 0, '0.00000', '0.00', 0),
(1075, 27, 0, '0.00000', '0.00', 0),
(1076, 25, 0, '0.00000', '0.00', 0),
(1076, 27, 0, '0.00000', '0.00', 0),
(1077, 25, 0, '0.00000', '0.00', 0),
(1077, 27, 0, '0.00000', '0.00', 0),
(1078, 25, 0, '0.00000', '0.00', 0),
(1078, 27, 0, '0.00000', '0.00', 0),
(1079, 25, 0, '0.00000', '0.00', 0),
(1079, 27, 0, '0.00000', '0.00', 0),
(1081, 25, 0, '0.00000', '0.00', 0),
(1081, 27, 0, '0.00000', '0.00', 0),
(1082, 25, 0, '0.00000', '0.00', 0),
(1082, 27, 0, '0.00000', '0.00', 0),
(1083, 25, 0, '0.00000', '0.00', 0),
(1083, 27, 0, '0.00000', '0.00', 0),
(1084, 25, 0, '0.00000', '0.00', 0),
(1084, 27, 0, '0.00000', '0.00', 0),
(1085, 25, 0, '0.00000', '0.00', 0),
(1085, 27, 0, '0.00000', '0.00', 0),
(1087, 25, 0, '0.00000', '0.00', 0),
(1087, 27, 0, '0.00000', '0.00', 0),
(1088, 25, 0, '0.00000', '0.00', 0),
(1088, 27, 0, '0.00000', '0.00', 0),
(1089, 25, 0, '0.00000', '0.00', 0),
(1089, 27, 0, '0.00000', '0.00', 0),
(1090, 25, 0, '0.00000', '0.00', 0),
(1090, 27, 0, '0.00000', '0.00', 0),
(1091, 25, 0, '0.00000', '0.00', 0),
(1091, 27, 0, '0.00000', '0.00', 0),
(1092, 25, 0, '0.00000', '0.00', 0),
(1092, 27, 0, '0.00000', '0.00', 0),
(1093, 25, 0, '0.00000', '0.00', 0),
(1093, 27, 0, '0.00000', '0.00', 0),
(1094, 25, 0, '0.00000', '0.00', 0),
(1094, 27, 0, '0.00000', '0.00', 0),
(1096, 25, 1, '20081.25667', '0.00', 0),
(1096, 27, 1, '0.00000', '0.00', 0),
(1097, 25, 0, '16065.00000', '0.00', 0),
(1097, 27, 0, '0.00000', '0.00', 0),
(1099, 25, 0, '434.52000', '0.00', 0),
(1099, 27, 0, '0.00000', '0.00', 0),
(1100, 25, 0, '401.87500', '0.00', 0),
(1100, 27, 0, '0.00000', '0.00', 0),
(1101, 25, 0, '2840.06250', '0.00', 0),
(1101, 27, 0, '0.00000', '0.00', 0),
(1102, 25, 0, '838.82250', '0.00', 0),
(1102, 27, 0, '0.00000', '0.00', 0),
(1103, 25, 0, '580.63500', '0.00', 0),
(1103, 27, 0, '0.00000', '0.00', 0),
(1104, 25, 0, '192.78000', '0.00', 0),
(1104, 27, 0, '0.00000', '0.00', 0),
(1105, 25, 0, '192.78000', '0.00', 0),
(1105, 27, 0, '0.00000', '0.00', 0),
(1106, 25, 0, '192.78000', '0.00', 0),
(1106, 27, 0, '0.00000', '0.00', 0),
(1107, 25, 0, '224.91000', '0.00', 0),
(1107, 27, 0, '0.00000', '0.00', 0),
(1108, 25, 0, '224.91000', '0.00', 0),
(1108, 27, 0, '0.00000', '0.00', 0),
(1109, 25, 0, '3614.62500', '0.00', 0),
(1109, 27, 0, '0.00000', '0.00', 0),
(1110, 25, 0, '1419.45750', '0.00', 0),
(1110, 27, 0, '0.00000', '0.00', 0),
(1111, 25, 0, '4131.00000', '0.00', 0),
(1111, 27, 0, '0.00000', '0.00', 0),
(1112, 25, 0, '0.00000', '0.00', 0),
(1112, 27, 0, '0.00000', '0.00', 0),
(1113, 25, 0, '0.00000', '0.00', 0),
(1113, 27, 0, '0.00000', '0.00', 0),
(1114, 25, 0, '0.00000', '0.00', 0),
(1114, 27, 0, '0.00000', '0.00', 0),
(1115, 25, 0, '0.00000', '0.00', 0),
(1115, 27, 0, '0.00000', '0.00', 0),
(1126, 25, 0, '0.00000', '0.00', 0),
(1126, 27, 0, '0.00000', '0.00', 0),
(1127, 25, 0, '0.00000', '0.00', 0),
(1127, 27, 0, '0.00000', '0.00', 0),
(1128, 25, 0, '0.00000', '0.00', 0),
(1128, 27, 0, '0.00000', '0.00', 0),
(1129, 25, 0, '0.00000', '0.00', 0),
(1129, 27, 0, '0.00000', '0.00', 0),
(1131, 25, 0, '0.00000', '0.00', 0),
(1131, 27, 0, '0.00000', '0.00', 0),
(1132, 25, 0, '0.00000', '0.00', 0),
(1132, 27, 0, '0.00000', '0.00', 0),
(1133, 25, 0, '0.00000', '0.00', 0),
(1133, 27, 0, '0.00000', '0.00', 0),
(1134, 25, 0, '0.00000', '0.00', 0),
(1134, 27, 0, '0.00000', '0.00', 0),
(1135, 25, 0, '0.00000', '0.00', 0),
(1135, 27, 0, '0.00000', '0.00', 0),
(1138, 25, 0, '0.00000', '0.00', 0),
(1138, 27, 0, '0.00000', '0.00', 0),
(1139, 25, 0, '0.00000', '0.00', 0),
(1139, 27, 0, '0.00000', '0.00', 0),
(1140, 25, 0, '0.00000', '0.00', 0),
(1140, 27, 0, '0.00000', '0.00', 0),
(1141, 25, 0, '0.00000', '0.00', 0),
(1141, 27, 0, '0.00000', '0.00', 0),
(1142, 25, 0, '0.00000', '0.00', 0),
(1142, 27, 0, '0.00000', '0.00', 0),
(1143, 25, 0, '33186.27375', '0.00', 0),
(1143, 27, 0, '0.00000', '0.00', 0),
(1144, 25, 1, '0.00000', '0.00', 0),
(1144, 27, 0, '0.00000', '0.00', 0),
(1145, 25, 0, '11932.99775', '0.00', 0),
(1145, 27, 0, '0.00000', '0.00', 0),
(1148, 25, 0, '2313.36000', '0.00', 0),
(1148, 27, 0, '0.00000', '0.00', 0),
(1149, 25, 1, '0.00000', '0.00', 0),
(1149, 27, 0, '0.00000', '0.00', 0),
(1150, 25, 0, '0.00000', '0.00', 0),
(1150, 27, 0, '0.00000', '0.00', 0),
(1151, 25, 0, '2333.33333', '0.00', 0),
(1151, 27, 0, '0.00000', '0.00', 0),
(1152, 25, 0, '221.27778', '0.00', 0),
(1152, 27, 0, '0.00000', '0.00', 0),
(1155, 25, 1, '32703.75000', '0.00', 0),
(1155, 27, 1, '0.00000', '0.00', 0),
(1156, 25, 0, '0.00000', '0.00', 0),
(1156, 27, 0, '0.00000', '0.00', 0),
(1157, 25, 0, '0.00000', '0.00', 0),
(1157, 27, 0, '0.00000', '0.00', 0),
(1158, 25, 0, '0.00000', '0.00', 0),
(1158, 27, 0, '0.00000', '0.00', 0),
(1159, 25, 0, '0.00000', '0.00', 0),
(1159, 27, 0, '0.00000', '0.00', 0),
(1160, 25, 0, '0.00000', '0.00', 0),
(1160, 27, 0, '0.00000', '0.00', 0),
(1161, 25, 0, '0.00000', '0.00', 0),
(1161, 27, 0, '0.00000', '0.00', 0),
(1162, 25, 0, '0.00000', '0.00', 0),
(1162, 27, 0, '0.00000', '0.00', 0),
(1163, 25, 0, '0.00000', '0.00', 0),
(1163, 27, 0, '0.00000', '0.00', 0),
(1164, 25, 0, '0.00000', '0.00', 0),
(1164, 27, 0, '0.00000', '0.00', 0),
(1166, 25, 0, '0.00000', '0.00', 0),
(1166, 27, 0, '0.00000', '0.00', 0),
(1167, 25, 0, '51339.00080', '0.00', 0),
(1167, 27, 0, '0.00000', '0.00', 0),
(1168, 25, 0, '25459.00005', '0.00', 0),
(1168, 27, 0, '0.00000', '0.00', 0),
(1169, 25, 0, '86068.00000', '0.00', 0),
(1169, 27, 0, '0.00000', '0.00', 0),
(1170, 25, 0, '22634.49850', '0.00', 0),
(1170, 27, 0, '0.00000', '0.00', 0),
(1171, 25, 0, '23591.49900', '0.00', 0),
(1172, 25, 0, '0.00000', '0.00', 0),
(1172, 27, 0, '0.00000', '0.00', 0),
(1173, 25, 0, '1397.58125', '0.00', 0),
(1173, 27, 0, '0.00000', '0.00', 0),
(1174, 25, 0, '0.00000', '0.00', 0),
(1174, 27, 0, '0.00000', '0.00', 0),
(1175, 25, 0, '0.00000', '0.00', 0),
(1175, 27, 0, '0.00000', '0.00', 0),
(1176, 25, 0, '0.00000', '0.00', 0),
(1176, 27, 0, '0.00000', '0.00', 0),
(1177, 25, 0, '0.00000', '0.00', 0),
(1177, 27, 0, '0.00000', '0.00', 0),
(1178, 25, 0, '2561.88441', '0.00', 0),
(1179, 25, 0, '0.00000', '0.00', 0),
(1180, 25, 0, '0.00000', '0.00', 0),
(1181, 25, 0, '0.00000', '0.00', 0),
(1181, 27, 0, '0.00000', '0.00', 0),
(1182, 25, 0, '0.00000', '0.00', 0),
(1182, 27, 0, '0.00000', '0.00', 0),
(1183, 25, 0, '0.00000', '0.00', 0),
(1185, 25, 0, '2410.31651', '0.00', 0),
(1185, 26, 0, '0.00000', '0.00', 0),
(1185, 27, 0, '0.00000', '0.00', 0),
(1186, 25, 0, '0.00000', '0.00', 0),
(1186, 27, 0, '0.00000', '0.00', 0),
(1187, 25, 0, '0.00000', '0.00', 0),
(1187, 27, 0, '0.00000', '0.00', 0),
(1188, 25, 0, '0.00000', '0.00', 0),
(1188, 27, 0, '0.00000', '0.00', 0),
(1189, 25, 0, '0.00000', '0.00', 0),
(1189, 27, 0, '0.00000', '0.00', 0),
(1190, 25, 0, '0.00000', '0.00', 0),
(1190, 27, 0, '0.00000', '0.00', 0),
(1191, 25, 0, '3.45758', '0.00', 0),
(1191, 26, 0, '0.00000', '0.00', 0),
(1191, 27, 0, '0.00000', '0.00', 0),
(1192, 25, 0, '3.28540', '0.00', 0),
(1192, 26, 0, '0.00000', '0.00', 0),
(1192, 27, 0, '0.00000', '0.00', 0),
(1193, 25, 0, '6028.00000', '0.00', 0),
(1193, 26, 0, '0.00000', '0.00', 0),
(1193, 27, 0, '0.00000', '0.00', 0),
(1194, 25, 0, '0.00000', '0.00', 0),
(1194, 27, 0, '0.00000', '0.00', 0),
(1195, 25, 0, '0.00000', '0.00', 0),
(1195, 26, 0, '0.00000', '0.00', 0),
(1195, 27, 0, '0.00000', '0.00', 0),
(1197, 25, 0, '0.00000', '0.00', 0),
(1197, 27, 0, '0.00000', '0.00', 0),
(1198, 25, 0, '0.00000', '0.00', 0),
(1198, 27, 0, '0.00000', '0.00', 0),
(1199, 25, 0, '0.00000', '0.00', 0),
(1199, 27, 0, '0.00000', '0.00', 0),
(1200, 25, 0, '0.00000', '0.00', 0),
(1200, 27, 0, '0.00000', '0.00', 0),
(1201, 25, 0, '0.00000', '0.00', 0),
(1201, 27, 0, '0.00000', '0.00', 0),
(1202, 25, 0, '0.00000', '0.00', 0),
(1202, 27, 0, '0.00000', '0.00', 0),
(1203, 25, 0, '0.00000', '0.00', 0),
(1203, 27, 0, '0.00000', '0.00', 0),
(1204, 25, 0, '0.00000', '0.00', 0),
(1204, 27, 0, '0.00000', '0.00', 0),
(1205, 25, 0, '0.00000', '0.00', 0),
(1205, 27, 0, '0.00000', '0.00', 0),
(1207, 25, 0, '543.57180', '0.00', 0),
(1207, 27, 0, '0.00000', '0.00', 0),
(1208, 25, 0, '0.00000', '0.00', 0),
(1208, 27, 0, '0.00000', '0.00', 0),
(1209, 25, 0, '0.00000', '0.00', 0),
(1209, 27, 0, '0.00000', '0.00', 0),
(1210, 25, 0, '0.00000', '0.00', 0),
(1210, 27, 0, '0.00000', '0.00', 0),
(1211, 25, 0, '0.00000', '0.00', 0),
(1211, 27, 0, '0.00000', '0.00', 0),
(1212, 25, 0, '0.00000', '0.00', 0),
(1212, 27, 0, '0.00000', '0.00', 0),
(1213, 25, 0, '1853.21250', '0.00', 0),
(1213, 27, 0, '0.00000', '0.00', 0),
(1214, 25, 0, '43.21856', '0.00', 0),
(1214, 26, 0, '0.00000', '0.00', 0),
(1214, 27, 0, '0.00000', '0.00', 0),
(1215, 25, 0, '2926.12500', '0.00', 0),
(1215, 27, 0, '0.00000', '0.00', 0),
(1216, 25, 0, '0.00000', '0.00', 0),
(1216, 27, 0, '0.00000', '0.00', 0),
(1217, 25, 0, '0.00000', '0.00', 0),
(1217, 27, 0, '0.00000', '0.00', 0),
(1218, 25, 0, '0.00000', '0.00', 0),
(1218, 27, 0, '0.00000', '0.00', 0),
(1219, 25, 0, '0.00000', '0.00', 0),
(1221, 25, 0, '6081.50000', '0.00', 0),
(1221, 27, 0, '0.00000', '0.00', 0),
(1222, 25, 0, '0.00000', '0.00', 0),
(1222, 27, 0, '0.00000', '0.00', 0),
(1223, 25, 0, '0.00000', '0.00', 0),
(1223, 27, 0, '0.00000', '0.00', 0),
(1224, 25, 0, '0.00000', '0.00', 0),
(1224, 27, 0, '0.00000', '0.00', 0),
(1225, 25, 0, '0.00000', '0.00', 0),
(1225, 27, 0, '0.00000', '0.00', 0),
(1226, 25, 0, '0.00000', '0.00', 0),
(1226, 27, 0, '0.00000', '0.00', 0),
(1227, 25, 0, '0.00000', '0.00', 0),
(1227, 27, 0, '0.00000', '0.00', 0),
(1228, 25, 0, '0.00000', '0.00', 0),
(1228, 27, 0, '0.00000', '0.00', 0),
(1229, 25, 0, '0.00000', '0.00', 0),
(1229, 27, 0, '0.00000', '0.00', 0),
(1230, 25, 0, '0.00000', '0.00', 0),
(1230, 27, 0, '0.00000', '0.00', 0),
(1231, 25, 0, '0.00000', '0.00', 0),
(1231, 27, 0, '0.00000', '0.00', 0),
(1232, 25, 0, '2397.00000', '0.00', 0),
(1232, 27, 0, '0.00000', '0.00', 0),
(1233, 25, 0, '0.00000', '0.00', 0),
(1233, 27, 0, '0.00000', '0.00', 0),
(1234, 25, 0, '0.00000', '0.00', 0),
(1234, 27, 0, '0.00000', '0.00', 0),
(1235, 25, 0, '0.00000', '0.00', 0),
(1235, 27, 0, '0.00000', '0.00', 0),
(1236, 25, 0, '0.00000', '0.00', 0),
(1236, 27, 0, '0.00000', '0.00', 0),
(1237, 25, 0, '0.00000', '0.00', 0),
(1237, 27, 0, '0.00000', '0.00', 0),
(1238, 25, 0, '0.00000', '0.00', 0),
(1238, 27, 0, '0.00000', '0.00', 0),
(1239, 25, 0, '0.00000', '0.00', 0),
(1239, 27, 0, '0.00000', '0.00', 0),
(1240, 25, 0, '0.00000', '0.00', 0),
(1240, 27, 0, '0.00000', '0.00', 0),
(1241, 25, 0, '0.00000', '0.00', 0),
(1241, 27, 0, '0.00000', '0.00', 0),
(1242, 25, 0, '0.00000', '0.00', 0),
(1242, 27, 0, '0.00000', '0.00', 0),
(1243, 25, 0, '0.00000', '0.00', 0),
(1243, 27, 0, '0.00000', '0.00', 0),
(1244, 25, 0, '0.00000', '0.00', 0),
(1244, 27, 0, '0.00000', '0.00', 0),
(1245, 25, 0, '0.00000', '0.00', 0),
(1245, 27, 0, '0.00000', '0.00', 0),
(1247, 25, 0, '0.00000', '0.00', 0),
(1247, 27, 0, '0.00000', '0.00', 0),
(1248, 25, 0, '0.00000', '0.00', 0),
(1248, 27, 0, '0.00000', '0.00', 0),
(1249, 25, 0, '0.00000', '0.00', 0),
(1249, 27, 0, '0.00000', '0.00', 0),
(1250, 25, 0, '0.00000', '0.00', 0),
(1250, 27, 0, '0.00000', '0.00', 0),
(1251, 25, 0, '0.00000', '0.00', 0),
(1251, 27, 0, '0.00000', '0.00', 0),
(1252, 25, 0, '0.00000', '0.00', 0),
(1252, 27, 0, '0.00000', '0.00', 0),
(1253, 25, 0, '0.00000', '0.00', 0),
(1253, 27, 0, '0.00000', '0.00', 0),
(1254, 25, 0, '0.00000', '0.00', 0),
(1254, 27, 0, '0.00000', '0.00', 0),
(1255, 25, 0, '0.00000', '0.00', 0),
(1255, 27, 0, '0.00000', '0.00', 0),
(1256, 25, 0, '0.00000', '0.00', 0),
(1256, 27, 0, '0.00000', '0.00', 0),
(1257, 25, 0, '0.00000', '0.00', 0),
(1257, 27, 0, '0.00000', '0.00', 0),
(1258, 25, 0, '0.00000', '0.00', 0),
(1258, 27, 0, '0.00000', '0.00', 0),
(1259, 25, 0, '0.00000', '0.00', 0),
(1259, 27, 0, '0.00000', '0.00', 0),
(1260, 25, 0, '0.00000', '0.00', 0),
(1260, 27, 0, '0.00000', '0.00', 0),
(1261, 27, 0, '0.00000', '0.00', 0),
(1262, 27, 0, '0.00000', '0.00', 0),
(1263, 27, 0, '0.00000', '0.00', 0),
(1264, 27, 0, '0.00000', '0.00', 0),
(1265, 27, 0, '0.00000', '0.00', 0),
(1266, 27, 0, '0.00000', '0.00', 0),
(1267, 27, 0, '0.00000', '0.00', 0),
(1268, 27, 0, '0.00000', '0.00', 0),
(1269, 27, 0, '0.00000', '0.00', 0),
(1270, 27, 0, '0.00000', '0.00', 0),
(1271, 27, 0, '0.00000', '0.00', 0),
(1272, 27, 0, '0.00000', '0.00', 0),
(1273, 27, 0, '0.00000', '0.00', 0),
(1274, 27, 0, '0.00000', '0.00', 0),
(1275, 27, 0, '0.00000', '0.00', 0),
(1276, 27, 0, '0.00000', '0.00', 0),
(1277, 27, 0, '0.00000', '0.00', 0),
(1278, 27, 0, '0.00000', '0.00', 0),
(1279, 27, 0, '0.00000', '0.00', 0),
(1280, 27, 0, '0.00000', '0.00', 0),
(1281, 27, 0, '0.00000', '0.00', 0),
(1282, 27, 0, '0.00000', '0.00', 0),
(1283, 27, 0, '0.00000', '0.00', 0),
(1284, 27, 0, '0.00000', '0.00', 0),
(1285, 27, 0, '0.00000', '0.00', 0),
(1286, 27, 0, '0.00000', '0.00', 0),
(1287, 27, 0, '0.00000', '0.00', 0),
(1288, 27, 0, '0.00000', '0.00', 0),
(1289, 27, 0, '0.00000', '0.00', 0),
(1290, 27, 0, '0.00000', '0.00', 0),
(1291, 27, 0, '0.00000', '0.00', 0),
(1292, 27, 0, '0.00000', '0.00', 0),
(1293, 27, 0, '0.00000', '0.00', 0),
(1294, 27, 0, '0.00000', '0.00', 0),
(1295, 25, 0, '0.00000', '0.00', 0),
(1295, 27, 0, '0.00000', '0.00', 0),
(1296, 27, 0, '0.00000', '0.00', 0),
(1297, 27, 0, '0.00000', '0.00', 0),
(1298, 27, 0, '0.00000', '0.00', 0),
(1299, 25, 0, '0.00000', '0.00', 0),
(1299, 27, 0, '0.00000', '0.00', 0),
(1303, 25, 0, '0.00000', '0.00', 0),
(1303, 27, 0, '0.00000', '0.00', 0),
(1304, 25, 0, '0.00000', '0.00', 0),
(1304, 27, 0, '0.00000', '0.00', 0),
(1306, 25, 0, '0.00000', '0.00', 0),
(1306, 27, 0, '0.00000', '0.00', 0),
(1307, 25, 0, '0.00000', '0.00', 0),
(1307, 27, 0, '0.00000', '0.00', 0),
(1308, 25, 0, '0.00000', '0.00', 0),
(1308, 27, 0, '0.00000', '0.00', 0),
(1309, 25, 0, '0.00000', '0.00', 0),
(1309, 27, 0, '0.00000', '0.00', 0),
(1310, 25, 0, '0.00000', '0.00', 0),
(1310, 27, 0, '0.00000', '0.00', 0),
(1311, 25, 0, '0.00000', '0.00', 0),
(1311, 27, 0, '0.00000', '0.00', 0),
(1312, 25, 0, '0.00000', '0.00', 0),
(1312, 27, 0, '0.00000', '0.00', 0),
(1313, 25, 0, '0.00000', '0.00', 0),
(1313, 27, 0, '0.00000', '0.00', 0),
(1314, 25, 0, '0.00000', '0.00', 0),
(1314, 27, 0, '0.00000', '0.00', 0),
(1315, 25, 0, '0.00000', '0.00', 0),
(1315, 27, 0, '0.00000', '0.00', 0),
(1316, 25, 0, '0.00000', '0.00', 0),
(1316, 27, 0, '0.00000', '0.00', 0),
(1317, 25, 0, '0.00000', '0.00', 0),
(1317, 27, 0, '0.00000', '0.00', 0),
(1318, 25, 0, '0.00000', '0.00', 0),
(1318, 27, 0, '0.00000', '0.00', 0),
(1320, 25, 0, '0.00000', '0.00', 0),
(1320, 27, 0, '0.00000', '0.00', 0),
(1322, 25, 0, '0.00000', '0.00', 0),
(1322, 27, 0, '0.00000', '0.00', 0),
(1325, 25, 0, '0.00000', '0.00', 0),
(1325, 27, 0, '0.00000', '0.00', 0),
(1326, 25, 0, '0.00000', '0.00', 0),
(1326, 27, 0, '0.00000', '0.00', 0),
(1327, 25, 0, '0.00000', '0.00', 0),
(1327, 27, 0, '0.00000', '0.00', 0),
(1328, 25, 0, '0.00000', '0.00', 0),
(1328, 27, 0, '0.00000', '0.00', 0),
(1329, 25, 0, '0.00000', '0.00', 0),
(1329, 27, 0, '0.00000', '0.00', 0),
(1330, 25, 0, '0.00000', '0.00', 0),
(1330, 27, 0, '0.00000', '0.00', 0),
(1331, 25, 0, '0.00000', '0.00', 0),
(1331, 27, 0, '0.00000', '0.00', 0),
(1332, 25, 0, '8262.00000', '0.00', 0),
(1332, 27, 0, '0.00000', '0.00', 0),
(1333, 25, 0, '0.00000', '0.00', 0),
(1333, 27, 0, '0.00000', '0.00', 0),
(1334, 25, 0, '0.00000', '0.00', 0),
(1334, 27, 0, '0.00000', '0.00', 0),
(1335, 25, 0, '0.00000', '0.00', 0),
(1335, 27, 0, '0.00000', '0.00', 0),
(1336, 25, 0, '0.00000', '0.00', 0),
(1336, 27, 0, '0.00000', '0.00', 0),
(1337, 25, 0, '0.00000', '0.00', 0),
(1337, 27, 0, '0.00000', '0.00', 0),
(1338, 25, 0, '0.00000', '0.00', 0),
(1338, 27, 0, '0.00000', '0.00', 0),
(1339, 25, 0, '0.00000', '0.00', 0),
(1339, 27, 0, '0.00000', '0.00', 0),
(1340, 25, 0, '0.00000', '0.00', 0),
(1340, 27, 0, '0.00000', '0.00', 0),
(1341, 25, 0, '0.00000', '0.00', 0),
(1341, 27, 0, '0.00000', '0.00', 0),
(1342, 25, 0, '0.00000', '0.00', 0),
(1342, 27, 0, '0.00000', '0.00', 0),
(1343, 25, 0, '0.00000', '0.00', 0);
INSERT INTO `item_companies` (`item_id`, `company_id`, `serial_number_enable`, `dynamic_cost`, `minimum_selling_price_factor`, `freeze`) VALUES
(1343, 27, 0, '0.00000', '0.00', 0),
(1344, 25, 0, '0.00000', '0.00', 0),
(1344, 27, 0, '0.00000', '0.00', 0),
(1345, 25, 0, '0.00000', '0.00', 0),
(1345, 27, 0, '0.00000', '0.00', 0),
(1346, 25, 0, '10.99500', '0.00', 0),
(1346, 27, 0, '0.00000', '0.00', 0),
(1347, 25, 0, '0.00000', '0.00', 0),
(1347, 27, 0, '0.00000', '0.00', 0),
(1348, 25, 0, '0.00000', '0.00', 0),
(1348, 27, 0, '0.00000', '0.00', 0),
(1349, 25, 0, '0.00000', '0.00', 0),
(1350, 25, 0, '0.00000', '0.00', 0),
(1351, 25, 0, '0.00000', '0.00', 0),
(1351, 27, 0, '0.00000', '0.00', 0),
(1352, 25, 0, '0.00000', '0.00', 0),
(1352, 27, 0, '0.00000', '0.00', 0),
(1353, 25, 0, '0.00000', '0.00', 0),
(1353, 27, 0, '0.00000', '0.00', 0),
(1354, 25, 0, '0.00000', '0.00', 0),
(1354, 27, 0, '0.00000', '0.00', 0),
(1355, 25, 0, '0.00000', '0.00', 0),
(1355, 27, 0, '0.00000', '0.00', 0),
(1356, 25, 0, '0.00000', '0.00', 0),
(1356, 27, 0, '0.00000', '0.00', 0),
(1357, 25, 0, '0.00000', '0.00', 0),
(1357, 27, 0, '0.00000', '0.00', 0),
(1358, 25, 0, '0.31237', '0.00', 0),
(1358, 26, 0, '0.00000', '0.00', 0),
(1358, 27, 0, '0.00000', '0.00', 0),
(1359, 25, 0, '0.00000', '0.00', 0),
(1359, 27, 0, '0.00000', '0.00', 0),
(1360, 25, 0, '0.00000', '0.00', 0),
(1360, 27, 0, '0.00000', '0.00', 0),
(1362, 25, 0, '0.00000', '0.00', 0),
(1362, 27, 0, '0.00000', '0.00', 0),
(1363, 25, 0, '0.00000', '0.00', 0),
(1363, 27, 0, '0.00000', '0.00', 0),
(1364, 25, 0, '0.00000', '0.00', 0),
(1364, 27, 0, '0.00000', '0.00', 0),
(1365, 25, 0, '0.00000', '0.00', 0),
(1365, 27, 0, '0.00000', '0.00', 0),
(1366, 25, 0, '0.00000', '0.00', 0),
(1366, 27, 0, '0.00000', '0.00', 0),
(1367, 25, 0, '0.00000', '0.00', 0),
(1367, 27, 0, '0.00000', '0.00', 0),
(1368, 25, 0, '0.00000', '0.00', 0),
(1368, 27, 0, '0.00000', '0.00', 0),
(1369, 25, 0, '0.00000', '0.00', 0),
(1369, 27, 0, '0.00000', '0.00', 0),
(1370, 25, 0, '0.00000', '0.00', 0),
(1370, 27, 0, '0.00000', '0.00', 0),
(1371, 25, 0, '0.00000', '0.00', 0),
(1371, 27, 0, '0.00000', '0.00', 0),
(1372, 25, 0, '0.00000', '0.00', 0),
(1372, 27, 0, '0.00000', '0.00', 0),
(1373, 25, 0, '0.00000', '0.00', 0),
(1373, 27, 0, '0.00000', '0.00', 0),
(1374, 25, 0, '0.00000', '0.00', 0),
(1374, 27, 0, '0.00000', '0.00', 0),
(1375, 25, 0, '0.00000', '0.00', 0),
(1375, 27, 0, '0.00000', '0.00', 0),
(1377, 25, 1, '0.00000', '0.00', 0),
(1377, 27, 0, '0.00000', '0.00', 0),
(1378, 25, 0, '0.00000', '0.00', 0),
(1378, 27, 0, '0.00000', '0.00', 0),
(1379, 25, 0, '0.00000', '0.00', 0),
(1379, 27, 0, '0.00000', '0.00', 0),
(1380, 25, 0, '0.00000', '0.00', 0),
(1380, 27, 0, '0.00000', '0.00', 0),
(1381, 25, 0, '0.00000', '0.00', 0),
(1381, 27, 0, '0.00000', '0.00', 0),
(1382, 25, 0, '0.00000', '0.00', 0),
(1382, 27, 0, '0.00000', '0.00', 0),
(1383, 25, 0, '0.00000', '0.00', 0),
(1383, 27, 0, '0.00000', '0.00', 0),
(1384, 25, 0, '0.00000', '0.00', 0),
(1384, 27, 0, '0.00000', '0.00', 0),
(1385, 25, 0, '0.00000', '0.00', 0),
(1385, 27, 0, '0.00000', '0.00', 0),
(1386, 25, 0, '0.00000', '0.00', 0),
(1386, 27, 0, '0.00000', '0.00', 0),
(1387, 25, 0, '0.00000', '0.00', 0),
(1387, 27, 0, '0.00000', '0.00', 0),
(1388, 25, 0, '0.00000', '0.00', 0),
(1388, 27, 0, '0.00000', '0.00', 0),
(1389, 25, 0, '0.00000', '0.00', 0),
(1389, 27, 0, '0.00000', '0.00', 0),
(1390, 25, 0, '0.00000', '0.00', 0),
(1390, 27, 0, '0.00000', '0.00', 0),
(1391, 25, 0, '0.00000', '0.00', 0),
(1391, 27, 0, '0.00000', '0.00', 0),
(1392, 25, 0, '0.00000', '0.00', 0),
(1392, 27, 0, '0.00000', '0.00', 0),
(1393, 25, 0, '0.00000', '0.00', 0),
(1393, 27, 0, '0.00000', '0.00', 0),
(1397, 25, 0, '0.00000', '0.00', 0),
(1397, 27, 0, '0.00000', '0.00', 0),
(1399, 25, 0, '0.00000', '0.00', 0),
(1399, 27, 0, '0.00000', '0.00', 0),
(1403, 25, 0, '0.00000', '0.00', 0),
(1403, 27, 0, '0.00000', '0.00', 0),
(1408, 25, 0, '0.00000', '0.00', 0),
(1408, 27, 0, '0.00000', '0.00', 0),
(1409, 25, 0, '0.00000', '0.00', 0),
(1409, 27, 0, '0.00000', '0.00', 0),
(1410, 25, 0, '0.00000', '0.00', 0),
(1410, 27, 0, '0.00000', '0.00', 0),
(1411, 25, 0, '0.00000', '0.00', 0),
(1411, 27, 0, '0.00000', '0.00', 0),
(1412, 25, 0, '0.00000', '0.00', 0),
(1412, 27, 0, '0.00000', '0.00', 0),
(1413, 25, 1, '0.00000', '0.00', 0),
(1413, 27, 1, '0.00000', '0.00', 0),
(1414, 25, 0, '0.00000', '0.00', 0),
(1414, 27, 0, '0.00000', '0.00', 0),
(1415, 25, 0, '0.00000', '0.00', 0),
(1415, 27, 0, '0.00000', '0.00', 0),
(1416, 25, 0, '0.00000', '0.00', 0),
(1416, 27, 0, '0.00000', '0.00', 0),
(1417, 25, 0, '0.00000', '0.00', 0),
(1417, 27, 0, '0.00000', '0.00', 0),
(1418, 25, 0, '0.00000', '0.00', 0),
(1418, 27, 0, '0.00000', '0.00', 0),
(1419, 25, 0, '0.00000', '0.00', 0),
(1419, 27, 0, '0.00000', '0.00', 0),
(1420, 25, 0, '0.00000', '0.00', 0),
(1420, 27, 0, '0.00000', '0.00', 0),
(1421, 25, 0, '0.00000', '0.00', 0),
(1421, 27, 0, '0.00000', '0.00', 0),
(1422, 25, 0, '0.00000', '0.00', 0),
(1422, 27, 0, '0.00000', '0.00', 0),
(1423, 25, 0, '0.00000', '0.00', 0),
(1423, 27, 0, '0.00000', '0.00', 0),
(1424, 25, 0, '0.00000', '0.00', 0),
(1424, 27, 0, '0.00000', '0.00', 0),
(1425, 25, 0, '0.00000', '0.00', 0),
(1425, 27, 0, '0.00000', '0.00', 0),
(1426, 25, 0, '0.00000', '0.00', 0),
(1426, 27, 0, '0.00000', '0.00', 0),
(1427, 25, 0, '0.00000', '0.00', 0),
(1427, 27, 0, '0.00000', '0.00', 0),
(1428, 25, 0, '0.00000', '0.00', 0),
(1428, 27, 0, '0.00000', '0.00', 0),
(1429, 25, 0, '0.00000', '0.00', 0),
(1429, 27, 0, '0.00000', '0.00', 0),
(1430, 25, 0, '0.00000', '0.00', 0),
(1430, 27, 0, '0.00000', '0.00', 0),
(1431, 25, 0, '0.00000', '0.00', 0),
(1431, 27, 0, '0.00000', '0.00', 0),
(1432, 25, 0, '0.00000', '0.00', 0),
(1432, 27, 0, '0.00000', '0.00', 0),
(1433, 25, 0, '0.00000', '0.00', 0),
(1433, 27, 0, '0.00000', '0.00', 0);

-- --------------------------------------------------------

--
-- Table structure for table `item_groups`
--

CREATE TABLE IF NOT EXISTS `item_groups` (
  `id` int(10) NOT NULL AUTO_INCREMENT,
  `item_category_id` int(10) NOT NULL,
  `name` varchar(100) NOT NULL,
  PRIMARY KEY (`id`)
) ENGINE=InnoDB  DEFAULT CHARSET=latin1 AUTO_INCREMENT=39 ;

--
-- Dumping data for table `item_groups`
--

INSERT INTO `item_groups` (`id`, `item_category_id`, `name`) VALUES
(1, 1, 'Johnson Pumps'),
(2, 1, 'Tushaco Pumps'),
(3, 1, 'Positive Pumps'),
(4, 1, 'Darling Pumps'),
(5, 1, 'Antico Pumps'),
(6, 1, 'Other Pumps'),
(7, 3, 'BBL Motors'),
(8, 3, 'REMI Motors'),
(12, 2, 'Filters'),
(13, 3, 'Siemens Motors'),
(15, 6, 'Tushaco Spares'),
(16, 6, 'Johnson Spares'),
(17, 6, 'Antico Spares'),
(18, 6, 'Darling Spares'),
(19, 6, 'Positive Spares'),
(20, 6, 'Other Spares'),
(21, 6, 'Motor Spares'),
(22, 7, 'Tushaco Pump with Motor'),
(26, 7, 'Johnson Pump with Motor'),
(27, 7, 'Antico Pump With Motor'),
(28, 7, 'Positive Pump With Motor'),
(29, 5, 'Other Spares'),
(30, 5, 'Others'),
(31, 6, 'Motor Spares'),
(32, 2, 'Filter Element'),
(33, 8, 'Plate Type Heat Exchanger'),
(34, 4, 'Cooling Units'),
(35, 3, 'CGL Motors'),
(37, 6, 'Remi Spares');

-- --------------------------------------------------------

--
-- Table structure for table `item_ledgers`
--

CREATE TABLE IF NOT EXISTS `item_ledgers` (
  `id` int(11) NOT NULL AUTO_INCREMENT,
  `item_id` int(11) NOT NULL,
  `quantity` int(11) DEFAULT NULL,
  `rate` decimal(20,5) NOT NULL,
  `source_model` varchar(100) NOT NULL,
  `source_id` int(10) NOT NULL,
  `in_out` varchar(100) NOT NULL,
  `processed_on` date NOT NULL,
  `company_id` int(11) NOT NULL,
  `rate_updated` varchar(5) NOT NULL,
  `left_item_id` int(11) NOT NULL,
  PRIMARY KEY (`id`)
) ENGINE=InnoDB  DEFAULT CHARSET=latin1 AUTO_INCREMENT=1060 ;

--
-- Dumping data for table `item_ledgers`
--

INSERT INTO `item_ledgers` (`id`, `item_id`, `quantity`, `rate`, `source_model`, `source_id`, `in_out`, `processed_on`, `company_id`, `rate_updated`, `left_item_id`) VALUES
(40, 988, 1, '24500.00000', 'Invoices', 16, 'Out', '2017-04-11', 25, '', 0),
(48, 1159, 1, '109434.00000', 'Invoices', 21, 'Out', '2017-04-12', 25, '', 0),
(52, 589, 1, '7792.99000', 'Grns', 1, 'In', '2017-04-12', 25, 'Yes', 0),
(53, 867, 2, '1374.89000', 'Grns', 2, 'In', '2017-04-12', 25, 'Yes', 0),
(54, 1191, 495, '3.45758', 'Grns', 3, 'In', '2017-04-12', 25, 'Yes', 0),
(55, 1192, 404, '3.28540', 'Grns', 3, 'In', '2017-04-12', 25, 'Yes', 0),
(57, 1161, 1, '0.00000', 'Grns', 4, 'In', '2017-04-12', 27, '', 0),
(58, 1161, 1, '0.00000', 'Grns', 4, 'In', '2017-04-12', 27, '', 0),
(82, 1169, 1, '84376.00000', 'Invoices', 27, 'Out', '2017-04-13', 25, '', 0),
(87, 863, 4, '280.10000', 'Grns', 5, 'In', '2017-04-13', 25, 'Yes', 0),
(106, 677, 2, '8880.00000', 'Invoices', 31, 'Out', '2017-04-14', 25, '', 0),
(147, 1171, 2, '23591.49900', 'Grns', 6, 'In', '2017-04-17', 25, 'Yes', 0),
(148, 1226, 1, '41000.00000', 'Invoices', 34, 'Out', '2017-04-17', 27, '', 0),
(149, 938, 2, '18330.00000', 'Invoices', 35, 'Out', '2017-04-17', 27, '', 0),
(150, 812, 2, '27166.00000', 'Invoices', 35, 'Out', '2017-04-17', 27, '', 0),
(151, 683, 3, '9900.00000', 'Invoices', 36, 'Out', '2017-04-17', 27, '', 0),
(152, 963, 2, '2240.15662', 'Grns', 7, 'In', '2017-04-17', 25, 'Yes', 0),
(153, 966, 1, '2687.23291', 'Grns', 7, 'In', '2017-04-17', 25, 'Yes', 0),
(154, 1178, 1, '2561.88441', 'Grns', 7, 'In', '2017-04-17', 25, 'Yes', 0),
(155, 746, 5, '710.30812', 'Grns', 7, 'In', '2017-04-17', 25, 'Yes', 0),
(156, 782, 2, '1742.94093', 'Grns', 7, 'In', '2017-04-17', 25, 'Yes', 0),
(157, 1207, 2, '543.57180', 'Grns', 7, 'In', '2017-04-17', 25, 'Yes', 0),
(159, 964, 2, '31323.49848', 'Grns', 8, 'In', '2017-04-17', 25, 'Yes', 0),
(161, 943, 2, '4590.00000', 'Invoices', 37, 'Out', '2017-04-17', 27, '', 0),
(162, 944, 4, '10070.00000', 'Invoices', 37, 'Out', '2017-04-17', 27, '', 0),
(163, 942, 1, '7050.00000', 'Invoices', 37, 'Out', '2017-04-17', 27, '', 0),
(164, 687, 1, '21500.00000', 'Invoices', 38, 'Out', '2017-04-17', 27, '', 0),
(165, 1226, 1, '8750.00000', 'Invoices', 39, 'Out', '2017-04-17', 27, '', 0),
(166, 1170, 2, '22634.49850', 'Grns', 9, 'In', '2017-04-18', 25, 'Yes', 0),
(167, 737, 1, '80813.99500', 'Grns', 10, 'In', '2017-04-18', 25, 'Yes', 0),
(168, 1169, 1, '86068.00000', 'Grns', 11, 'In', '2017-04-18', 25, 'Yes', 0),
(169, 1039, 60, '42.43040', 'Grns', 12, 'In', '2017-04-18', 25, 'Yes', 0),
(170, 1038, 91, '42.33346', 'Grns', 12, 'In', '2017-04-18', 25, 'Yes', 0),
(171, 1040, 23, '40.09355', 'Grns', 12, 'In', '2017-04-18', 25, 'Yes', 0),
(172, 1041, 23, '40.59472', 'Grns', 12, 'In', '2017-04-18', 25, 'Yes', 0),
(173, 1185, 1, '2410.31651', 'Grns', 12, 'In', '2017-04-18', 25, 'Yes', 0),
(174, 1038, 239, '42.33346', 'Grns', 12, 'In', '2017-04-18', 25, 'Yes', 0),
(175, 1214, 8, '43.21856', 'Grns', 12, 'In', '2017-04-18', 25, 'Yes', 0),
(179, 1167, 1, '51339.00080', 'Grns', 13, 'In', '2017-04-21', 25, 'Yes', 0),
(192, 1213, 2, '1853.21250', 'Grns', 14, 'In', '2017-04-25', 25, 'Yes', 0),
(193, 1215, 2, '2926.12500', 'Grns', 14, 'In', '2017-04-25', 25, 'Yes', 0),
(194, 1173, 2, '1658.16250', 'Grns', 14, 'In', '2017-04-25', 25, 'Yes', 0),
(195, 931, 6, '15299.00000', 'Grns', 15, 'In', '2017-04-25', 25, 'Yes', 0),
(256, 1264, 1, '3977.00000', 'Items', 1264, 'In', '2017-04-01', 27, 'Yes', 0),
(260, 1266, 2, '3977.24000', 'Items', 1266, 'In', '2017-04-01', 27, 'Yes', 0),
(270, 1275, 1, '588.88000', 'Items', 1275, 'In', '2017-04-01', 27, 'Yes', 0),
(279, 1282, 1, '1173.00000', 'Items', 1282, 'In', '2017-04-01', 27, 'Yes', 0),
(281, 1271, 2, '1172.50000', 'Items', 1271, 'In', '2017-04-01', 27, 'Yes', 0),
(285, 1282, 1, '1173.00000', 'Items', 1282, 'In', '2017-04-01', 27, 'Yes', 0),
(287, 1288, 2, '3161.00000', 'Items', 1288, 'In', '2017-04-01', 27, 'Yes', 0),
(288, 1287, 1, '1806.00000', 'Items', 1287, 'In', '2017-04-01', 27, 'Yes', 0),
(289, 1286, 1, '1763.93000', 'Items', 1286, 'In', '2017-04-01', 27, 'Yes', 0),
(292, 1284, 4, '217.50000', 'Items', 1284, 'In', '2017-04-01', 27, 'Yes', 0),
(293, 1273, 1, '749.00000', 'Items', 1273, 'In', '2017-04-01', 27, 'Yes', 0),
(295, 1274, 2, '748.50000', 'Items', 1274, 'In', '2017-04-01', 27, 'Yes', 0),
(297, 1277, 3, '277.81000', 'Items', 1277, 'In', '2017-04-01', 27, 'Yes', 0),
(298, 1278, 3, '200.94000', 'Items', 1278, 'In', '2017-04-01', 27, 'Yes', 0),
(299, 1289, 2, '9088.84000', 'Items', 1289, 'In', '2017-04-01', 27, 'Yes', 0),
(300, 1283, 3, '49.06000', 'Items', 1283, 'In', '2017-04-01', 27, 'Yes', 0),
(302, 1290, 1, '7548.07000', 'Items', 1290, 'In', '2017-04-01', 27, 'Yes', 0),
(303, 1270, 3, '116.78000', 'Items', 1270, 'In', '2017-04-01', 27, 'Yes', 0),
(304, 1269, 3, '453.09000', 'Items', 1269, 'In', '2017-04-01', 27, 'Yes', 0),
(305, 1268, 1, '485.00000', 'Items', 1268, 'In', '2017-04-01', 27, 'Yes', 0),
(307, 1267, 2, '207.00000', 'Items', 1267, 'In', '2017-04-01', 27, 'Yes', 0),
(308, 1265, 1, '1599.60000', 'Items', 1265, 'In', '2017-04-01', 27, 'Yes', 0),
(309, 1291, 2, '6641.73000', 'Items', 1291, 'In', '2017-04-01', 27, 'Yes', 0),
(310, 1263, 2, '344.00000', 'Items', 1263, 'In', '2017-04-01', 27, 'Yes', 0),
(313, 1292, 1, '8678.89000', 'Items', 1292, 'In', '2017-04-01', 27, 'Yes', 0),
(315, 1293, 1, '11436.00000', 'Items', 1293, 'In', '2017-04-01', 27, 'Yes', 0),
(318, 1157, 4, '2703.00000', 'Items', 1157, 'In', '2017-04-01', 27, 'Yes', 0),
(319, 755, 5, '433.50000', 'Items', 755, 'In', '2017-04-01', 27, 'Yes', 0),
(321, 1295, 11, '823.87000', 'Items', 1295, 'In', '2017-04-01', 27, 'Yes', 0),
(328, 1298, 3, '2626.87000', 'Items', 1298, 'In', '2017-04-01', 27, 'Yes', 0),
(337, 1147, 1, '0.00000', 'Items', 1147, 'In', '2017-04-26', 25, '', 0),
(354, 891, 1, '32.80000', 'Items', 891, 'In', '2017-04-01', 25, 'Yes', 0),
(356, 1315, 16, '10.00000', 'Items', 1315, 'In', '2017-04-01', 25, 'Yes', 0),
(357, 1160, 7, '1635.00000', 'Items', 1160, 'In', '2017-04-01', 25, 'Yes', 0),
(358, 1076, 6, '1261.00000', 'Items', 1076, 'In', '2017-04-01', 25, 'Yes', 0),
(359, 748, 9, '30.00000', 'Items', 748, 'In', '2017-04-01', 25, 'Yes', 0),
(360, 749, 4, '51.00000', 'Items', 749, 'In', '2017-04-01', 25, 'Yes', 0),
(361, 1078, 4, '750.00000', 'Items', 1078, 'In', '2017-04-01', 25, 'Yes', 0),
(362, 1079, 1, '2000.00000', 'Items', 1079, 'In', '2017-04-01', 25, 'Yes', 0),
(365, 1152, 36, '221.27778', 'Grns', 16, 'In', '2017-04-27', 25, 'Yes', 0),
(366, 1081, 2, '500.00000', 'Items', 1081, 'In', '2017-04-01', 25, 'Yes', 0),
(367, 1082, 2, '500.00000', 'Items', 1082, 'In', '2017-04-01', 25, 'Yes', 0),
(368, 1083, 2, '1620.00000', 'Items', 1083, 'In', '2017-04-01', 25, 'Yes', 0),
(370, 1085, 16, '100.00000', 'Items', 1085, 'In', '2017-04-01', 25, 'Yes', 0),
(378, 724, 2, '28844.00000', 'Items', 724, 'In', '2017-04-01', 25, 'Yes', 0),
(380, 732, 1, '63029.00000', 'Items', 732, 'In', '2017-04-01', 25, 'Yes', 0),
(381, 990, 1, '61162.00000', 'Items', 990, 'In', '2017-04-01', 25, 'Yes', 0),
(382, 991, 1, '28671.00000', 'Items', 991, 'In', '2017-04-01', 25, 'Yes', 0),
(383, 727, 2, '34244.00000', 'Items', 727, 'In', '2017-04-01', 25, 'Yes', 0),
(384, 734, 1, '58404.00000', 'Items', 734, 'In', '2017-04-01', 25, 'Yes', 0),
(385, 992, 1, '25243.00000', 'Items', 992, 'In', '2017-04-01', 25, 'Yes', 0),
(388, 723, 1, '25200.00000', 'Items', 723, 'In', '2017-04-01', 25, 'Yes', 0),
(390, 721, 1, '29804.00000', 'Items', 721, 'In', '2017-04-01', 25, 'Yes', 0),
(391, 693, 1, '7160.00000', 'Items', 693, 'In', '2017-04-01', 25, 'Yes', 0),
(392, 695, 4, '9348.43000', 'Items', 695, 'In', '2017-04-01', 25, 'Yes', 0),
(393, 709, 3, '11172.88000', 'Items', 709, 'In', '2017-04-01', 25, 'Yes', 0),
(394, 993, 1, '10802.00000', 'Items', 993, 'In', '2017-04-01', 25, 'Yes', 0),
(395, 702, 1, '8367.50000', 'Items', 702, 'In', '2017-04-01', 25, 'Yes', 0),
(396, 994, 2, '10282.00000', 'Items', 994, 'In', '2017-04-01', 25, 'Yes', 0),
(397, 714, 1, '11369.42000', 'Items', 714, 'In', '2017-04-01', 25, 'Yes', 0),
(398, 719, 1, '13500.00000', 'Items', 719, 'In', '2017-04-01', 25, 'Yes', 0),
(400, 715, 3, '12959.86333', 'Items', 715, 'In', '2017-04-01', 25, 'Yes', 0),
(401, 720, 1, '13586.17000', 'Items', 720, 'In', '2017-04-01', 25, 'Yes', 0),
(402, 698, 2, '13554.12000', 'Items', 698, 'In', '2017-04-01', 25, 'Yes', 0),
(403, 716, 2, '13887.40000', 'Items', 716, 'In', '2017-04-01', 25, 'Yes', 0),
(404, 995, 1, '16686.00000', 'Items', 995, 'In', '2017-04-01', 25, 'Yes', 0),
(405, 699, 1, '11400.00000', 'Items', 699, 'In', '2017-04-01', 25, 'Yes', 0),
(406, 717, 1, '16400.00000', 'Items', 717, 'In', '2017-04-01', 25, 'Yes', 0),
(407, 839, 2, '32064.21000', 'Items', 839, 'In', '2017-04-01', 25, 'Yes', 0),
(411, 830, 2, '98.50000', 'Items', 830, 'In', '2017-04-01', 25, 'Yes', 0),
(412, 1087, 1, '4656.00000', 'Items', 1087, 'In', '2017-04-01', 25, 'Yes', 0),
(419, 847, 2, '4616.12000', 'Items', 847, 'In', '2017-04-01', 25, 'Yes', 0),
(423, 648, 1, '17774.00000', 'Items', 648, 'In', '2017-04-01', 25, 'Yes', 0),
(424, 849, 1, '813.41000', 'Items', 849, 'In', '2017-04-01', 25, 'Yes', 0),
(425, 1093, 2, '1440.85000', 'Items', 1093, 'In', '2017-04-01', 25, 'Yes', 0),
(426, 1094, 1, '19320.32000', 'Items', 1094, 'In', '2017-04-01', 25, 'Yes', 0),
(428, 816, 1, '6445.85000', 'Items', 816, 'In', '2017-04-01', 25, 'Yes', 0),
(429, 817, 1, '6149.07000', 'Items', 817, 'In', '2017-04-01', 25, 'Yes', 0),
(430, 818, 3, '2294.03000', 'Items', 818, 'In', '2017-04-01', 25, 'Yes', 0),
(431, 730, 1, '22562.99662', 'Grns', 17, 'In', '2017-04-28', 25, 'Yes', 0),
(432, 819, 1, '2331.50000', 'Items', 819, 'In', '2017-04-01', 25, 'Yes', 0),
(435, 770, 10, '408.53000', 'Items', 770, 'In', '2017-04-01', 25, 'Yes', 0),
(436, 772, 17, '567.18000', 'Items', 772, 'In', '2017-04-01', 25, 'Yes', 0),
(437, 774, 7, '540.00000', 'Items', 774, 'In', '2017-04-01', 25, 'Yes', 0),
(438, 773, 1, '549.37000', 'Items', 773, 'In', '2017-04-01', 25, 'Yes', 0),
(439, 776, 5, '606.30000', 'Items', 776, 'In', '2017-04-01', 25, 'Yes', 0),
(440, 778, 4, '854.00000', 'Items', 778, 'In', '2017-04-01', 25, 'Yes', 0),
(441, 780, 1, '1581.00000', 'Items', 780, 'In', '2017-04-01', 25, 'Yes', 0),
(443, 1114, 1, '3009.00000', 'Items', 1114, 'In', '2017-04-01', 25, 'Yes', 0),
(444, 850, 1, '5389.75000', 'Items', 850, 'In', '2017-04-01', 25, 'Yes', 0),
(460, 604, 10, '3249.14000', 'Items', 604, 'In', '2017-04-01', 25, 'Yes', 0),
(461, 600, 3, '4044.77000', 'Items', 600, 'In', '2017-04-01', 25, 'Yes', 0),
(462, 601, 7, '5224.04000', 'Items', 601, 'In', '2017-04-01', 25, 'Yes', 0),
(463, 1148, 3, '2313.36000', 'Items', 1148, 'In', '2017-04-01', 25, 'Yes', 0),
(465, 876, 40, '180.00000', 'Items', 876, 'In', '2017-04-01', 25, 'Yes', 0),
(466, 877, 104, '247.50000', 'Items', 877, 'In', '2017-04-01', 25, 'Yes', 0),
(467, 878, 12, '220.00000', 'Items', 878, 'In', '2017-04-01', 25, 'Yes', 0),
(469, 670, 3, '8262.00000', 'Items', 670, 'In', '2017-04-01', 25, 'Yes', 0),
(470, 1128, 2, '3022.00000', 'Items', 1128, 'In', '2017-04-01', 25, 'Yes', 0),
(471, 853, 3, '4500.00000', 'Items', 853, 'In', '2017-04-01', 25, 'Yes', 0),
(480, 1189, 2, '6175.00000', 'Items', 1189, 'In', '2017-04-01', 25, 'Yes', 0),
(489, 752, 6, '348.58000', 'Items', 752, 'In', '2017-04-01', 25, 'Yes', 0),
(490, 754, 1, '1806.00000', 'Items', 754, 'In', '2017-04-01', 25, 'Yes', 0),
(491, 1132, 4, '27661.00000', 'Items', 1132, 'In', '2017-04-01', 25, 'Yes', 0),
(494, 1141, 5, '180.00000', 'Items', 1141, 'In', '2017-04-01', 25, 'Yes', 0),
(495, 1140, 1, '1424.00000', 'Items', 1140, 'In', '2017-04-01', 25, 'Yes', 0),
(496, 1150, 1, '1496.00000', 'Items', 1150, 'In', '2017-04-01', 25, 'Yes', 0),
(497, 766, 8, '590.68000', 'Items', 766, 'In', '2017-04-01', 25, 'Yes', 0),
(499, 764, 10, '186.97000', 'Items', 764, 'In', '2017-04-01', 25, 'Yes', 0),
(500, 763, 13, '130.40000', 'Items', 763, 'In', '2017-04-01', 25, 'Yes', 0),
(502, 758, 6, '430.34000', 'Items', 758, 'In', '2017-04-01', 25, 'Yes', 0),
(503, 760, 1, '1140.00000', 'Items', 760, 'In', '2017-04-01', 25, 'Yes', 0),
(507, 1193, 1, '6028.00000', 'Grns', 18, 'In', '2017-04-29', 25, 'Yes', 0),
(510, 606, 1, '0.00000', 'Grns', 19, 'In', '2017-04-29', 25, '', 0),
(511, 1015, 269, '0.10825', 'Grns', 20, 'In', '2017-04-29', 25, 'Yes', 0),
(512, 1016, 233, '0.11082', 'Grns', 20, 'In', '2017-04-29', 25, 'Yes', 0),
(513, 1017, 154, '0.16065', 'Grns', 20, 'In', '2017-04-29', 25, 'Yes', 0),
(514, 1018, 131, '0.16664', 'Grns', 20, 'In', '2017-04-29', 25, 'Yes', 0),
(515, 1023, 69, '0.34072', 'Grns', 20, 'In', '2017-04-29', 25, 'Yes', 0),
(516, 1026, 62, '3.37871', 'Grns', 20, 'In', '2017-04-29', 25, 'Yes', 0),
(517, 1021, 175, '0.63440', 'Grns', 20, 'In', '2017-04-29', 25, 'Yes', 0),
(518, 1028, 590, '0.22831', 'Grns', 21, 'In', '2017-04-29', 25, 'Yes', 0),
(519, 1029, 376, '0.53043', 'Grns', 21, 'In', '2017-04-29', 25, 'Yes', 0),
(520, 1032, 68, '2.07765', 'Grns', 21, 'In', '2017-04-29', 25, 'Yes', 0),
(521, 1030, 184, '0.02391', 'Grns', 21, 'In', '2017-04-29', 25, 'Yes', 0),
(522, 1031, 160, '0.37806', 'Grns', 21, 'In', '2017-04-29', 25, 'Yes', 0),
(523, 1033, 358, '0.31000', 'Grns', 22, 'In', '2017-04-29', 25, 'Yes', 0),
(524, 1034, 322, '0.52000', 'Grns', 22, 'In', '2017-04-29', 25, 'Yes', 0),
(525, 1035, 804, '0.35000', 'Grns', 22, 'In', '2017-04-29', 25, 'Yes', 0),
(526, 1036, 665, '0.17000', 'Grns', 22, 'In', '2017-04-29', 25, 'Yes', 0),
(527, 1037, 91, '1.79264', 'Grns', 22, 'In', '2017-04-29', 25, 'Yes', 0),
(528, 1309, 124, '0.00000', 'Grns', 23, 'In', '2017-04-29', 25, '', 0),
(529, 1024, 152, '0.00000', 'Grns', 23, 'In', '2017-04-29', 25, '', 0),
(530, 1310, 77, '0.00000', 'Grns', 23, 'In', '2017-04-29', 25, '', 0),
(531, 1311, 14, '0.00000', 'Grns', 23, 'In', '2017-04-29', 25, '', 0),
(533, 634, 1, '160592.63000', 'Items', 634, 'In', '2017-04-01', 25, 'Yes', 0),
(534, 1138, 2, '200.00000', 'Items', 1138, 'In', '2017-04-01', 25, 'Yes', 0),
(535, 872, 5, '370.10000', 'Items', 872, 'In', '2017-04-01', 25, 'Yes', 0),
(536, 1131, 1, '980.00000', 'Items', 1131, 'In', '2017-04-01', 25, 'Yes', 0),
(537, 675, 4, '2926.00000', 'Items', 675, 'In', '2017-04-01', 25, 'Yes', 0),
(538, 1173, 2, '1137.00000', 'Items', 1173, 'In', '2017-04-01', 25, 'Yes', 0),
(541, 858, 2, '203.07000', 'Items', 858, 'In', '2017-04-01', 25, 'Yes', 0),
(543, 750, 7, '16.00000', 'Items', 750, 'In', '2017-04-01', 25, 'Yes', 0),
(544, 751, 12, '22.00000', 'Items', 751, 'In', '2017-04-01', 25, 'Yes', 0),
(548, 1331, 2, '50.00000', 'Items', 1331, 'In', '2017-04-01', 25, 'Yes', 0),
(549, 1327, 2, '2553.00000', 'Items', 1327, 'In', '2017-04-01', 25, 'Yes', 0),
(550, 1328, 2, '1248.00000', 'Items', 1328, 'In', '2017-04-01', 25, 'Yes', 0),
(551, 1329, 1, '3017.90000', 'Items', 1329, 'In', '2017-04-01', 25, 'Yes', 0),
(552, 1330, 1, '4003.20000', 'Items', 1330, 'In', '2017-04-01', 25, 'Yes', 0),
(554, 1163, 4, '75.00000', 'Items', 1163, 'In', '2017-04-01', 25, 'Yes', 0),
(555, 1326, 2, '200.00000', 'Items', 1326, 'In', '2017-04-01', 25, 'Yes', 0),
(556, 1325, 3, '15.00000', 'Items', 1325, 'In', '2017-04-01', 25, 'Yes', 0),
(557, 1320, 4, '20.00000', 'Items', 1320, 'In', '2017-04-01', 25, 'Yes', 0),
(560, 1323, 2, '10.00000', 'Items', 1323, 'In', '2017-04-01', 25, 'Yes', 0),
(562, 986, 2, '23000.00000', 'Invoices', 52, 'Out', '2017-05-02', 25, '', 0),
(581, 612, 4, '2485.75000', 'Grns', 24, 'In', '2017-05-02', 25, 'Yes', 0),
(582, 621, 1, '1989.00000', 'Grns', 24, 'In', '2017-05-02', 25, 'Yes', 0),
(583, 731, 2, '27875.49925', 'Grns', 25, 'In', '2017-05-02', 25, 'Yes', 0),
(584, 600, 20, '3855.60000', 'Grns', 26, 'In', '2017-05-02', 25, 'Yes', 0),
(585, 1148, 10, '2313.36000', 'Grns', 26, 'In', '2017-05-02', 25, 'Yes', 0),
(590, 627, 1, '10901.25000', 'Grns', 27, 'In', '2017-05-02', 25, 'Yes', 0),
(591, 986, 2, '19975.00000', 'Grns', 28, 'In', '2017-05-02', 25, 'Yes', 0),
(592, 634, 1, '160592.62500', 'Grns', 29, 'In', '2017-05-02', 25, 'Yes', 0),
(593, 634, 1, '160592.62500', 'Grns', 30, 'In', '2017-05-02', 25, 'Yes', 0),
(594, 1145, 2, '11932.99775', 'Grns', 31, 'In', '2017-05-02', 25, 'Yes', 0),
(595, 568, 1, '5006.00450', 'Grns', 32, 'In', '2017-05-02', 25, 'Yes', 0),
(603, 589, 2, '6699.55000', 'Grns', 33, 'In', '2017-05-03', 25, 'Yes', 0),
(604, 1143, 1, '33186.27375', 'Grns', 34, 'In', '2017-05-03', 25, 'Yes', 0),
(605, 599, 1, '2859.00000', 'Grns', 35, 'In', '2017-05-03', 25, 'Yes', 0),
(617, 599, 1, '3237.50000', 'Invoices', 57, 'Out', '2017-05-05', 25, '', 0),
(619, 627, 1, '13301.25000', 'Invoices', 55, 'Out', '2017-05-05', 25, '', 0),
(620, 982, 6, '7410.00000', 'Invoices', 54, 'Out', '2017-05-05', 25, '', 0),
(621, 612, 2, '6800.00000', 'Invoices', 53, 'Out', '2017-05-05', 25, '', 0),
(622, 621, 1, '10600.00000', 'Invoices', 53, 'Out', '2017-05-05', 25, '', 0),
(623, 612, 2, '6800.00000', 'Invoices', 53, 'Out', '2017-05-05', 25, '', 0),
(627, 600, 4, '5480.00000', 'Invoices', 51, 'Out', '2017-05-05', 25, '', 0),
(628, 1148, 1, '3000.00000', 'Invoices', 50, 'Out', '2017-05-05', 25, '', 0),
(631, 806, 2, '42176.87000', 'Invoices', 48, 'Out', '2017-05-05', 25, '', 0),
(632, 982, 2, '15262.50000', 'Invoices', 47, 'Out', '2017-05-05', 25, '', 0),
(633, 982, 1, '7900.00000', 'Invoices', 46, 'Out', '2017-05-05', 25, '', 0),
(634, 1128, 2, '26944.00000', 'Invoices', 45, 'Out', '2017-05-05', 25, '', 0),
(635, 931, 6, '16584.00000', 'Invoices', 44, 'Out', '2017-05-05', 25, '', 0),
(636, 978, 3, '5624.00000', 'Invoices', 43, 'Out', '2017-05-05', 25, '', 0),
(637, 979, 2, '5989.40000', 'Invoices', 43, 'Out', '2017-05-05', 25, '', 0),
(638, 830, 2, '136.90000', 'Invoices', 43, 'Out', '2017-05-05', 25, '', 0),
(639, 835, 2, '342.25000', 'Invoices', 43, 'Out', '2017-05-05', 25, '', 0),
(640, 1174, 4, '1625.70000', 'Invoices', 43, 'Out', '2017-05-05', 25, '', 0),
(641, 1160, 4, '2909.10000', 'Invoices', 43, 'Out', '2017-05-05', 25, '', 0),
(642, 1211, 2, '6845.00000', 'Invoices', 43, 'Out', '2017-05-05', 25, '', 0),
(643, 674, 4, '7215.00000', 'Invoices', 43, 'Out', '2017-05-05', 25, '', 0),
(644, 1213, 2, '2909.10000', 'Invoices', 43, 'Out', '2017-05-05', 25, '', 0),
(645, 1215, 2, '5304.90000', 'Invoices', 43, 'Out', '2017-05-05', 25, '', 0),
(646, 1225, 2, '1152.00000', 'Invoices', 42, 'Out', '2017-05-05', 25, '', 0),
(648, 872, 50, '95.00000', 'Invoices', 41, 'Out', '2017-05-05', 25, '', 0),
(649, 756, 5, '1450.00000', 'Invoices', 40, 'Out', '2017-05-05', 25, '', 0),
(650, 935, 2, '29614.00000', 'Invoices', 33, 'Out', '2017-05-05', 25, '', 0),
(651, 1219, 1, '27040.00000', 'Invoices', 32, 'Out', '2017-05-05', 25, '', 0),
(663, 606, 1, '191637.00000', 'Invoices', 28, 'Out', '2017-05-05', 25, '', 0),
(677, 933, 1, '38063.75000', 'Invoices', 18, 'Out', '2017-05-05', 25, '', 0),
(680, 645, 1, '7500.00000', 'Invoices', 14, 'Out', '2017-05-05', 25, '', 0),
(686, 645, 1, '28767.50000', 'Invoices', 11, 'Out', '2017-05-05', 25, '', 0),
(694, 976, 1, '23850.00000', 'Invoices', 3, 'Out', '2017-05-05', 25, '', 0),
(720, 1143, 1, '52500.00000', 'Invoices', 58, 'Out', '2017-05-05', 25, '', 0),
(721, 1112, 1, '54975.75000', 'Invoices', 49, 'Out', '2017-05-06', 25, '', 0),
(722, 677, 2, '7932.50000', 'Invoices', 59, 'Out', '2017-05-06', 27, '', 0),
(723, 679, 2, '8949.00000', 'Invoices', 59, 'Out', '2017-05-06', 27, '', 0),
(724, 754, 1, '2385.00000', 'Invoices', 60, 'Out', '2017-05-06', 27, '', 0),
(725, 753, 2, '565.00000', 'Invoices', 60, 'Out', '2017-05-06', 27, '', 0),
(726, 780, 1, '2087.00000', 'Invoices', 60, 'Out', '2017-05-06', 27, '', 0),
(727, 777, 2, '969.00000', 'Invoices', 60, 'Out', '2017-05-06', 27, '', 0),
(728, 776, 2, '810.00000', 'Invoices', 60, 'Out', '2017-05-06', 27, '', 0),
(729, 747, 4, '1704.00000', 'Invoices', 60, 'Out', '2017-05-06', 27, '', 0),
(730, 746, 2, '938.00000', 'Invoices', 60, 'Out', '2017-05-06', 27, '', 0),
(731, 766, 4, '788.00000', 'Invoices', 60, 'Out', '2017-05-06', 27, '', 0),
(738, 1346, 10, '10.99500', 'Grns', 36, 'In', '2017-05-06', 25, 'Yes', 0),
(739, 1346, 10, '150.00000', 'Invoices', 62, 'Out', '2017-05-06', 25, '', 0),
(740, 668, 2, '3700.00000', 'Invoices', 63, 'Out', '2017-05-06', 27, '', 0),
(745, 1151, 2, '0.00000', 'Items', 1151, 'In', '2017-05-08', 25, '', 0),
(748, 765, 6, '660.00000', 'Invoices', 61, 'Out', '2017-05-08', 27, '', 0),
(749, 747, 1, '2890.00000', 'Invoices', 61, 'Out', '2017-05-08', 27, '', 0),
(751, 798, 1, '0.00000', 'Grns', 37, 'In', '2017-05-08', 25, '', 0),
(752, 799, 1, '0.00000', 'Grns', 37, 'In', '2017-05-08', 25, '', 0),
(753, 965, 1, '0.00000', 'Grns', 37, 'In', '2017-05-08', 25, '', 0),
(754, 967, 1, '0.00000', 'Grns', 37, 'In', '2017-05-08', 25, '', 0),
(755, 798, 1, '0.00000', 'Grns', 38, 'In', '2017-05-08', 25, '', 0),
(756, 799, 1, '0.00000', 'Grns', 38, 'In', '2017-05-08', 25, '', 0),
(757, 965, 1, '0.00000', 'Grns', 38, 'In', '2017-05-08', 25, '', 0),
(758, 967, 1, '0.00000', 'Grns', 38, 'In', '2017-05-08', 25, '', 0),
(760, 703, 1, '9245.00000', 'Items', 703, 'In', '2017-05-08', 25, '', 0),
(763, 826, 1, '0.00000', 'Items', 826, 'In', '2017-05-08', 25, '', 0),
(764, 846, 2, '0.00000', 'Items', 846, 'In', '2017-05-08', 25, '', 0),
(766, 1088, 2, '0.00000', 'Items', 1088, 'In', '2017-05-08', 25, '', 0),
(767, 844, 4, '0.00000', 'Items', 844, 'In', '2017-05-08', 25, '', 0),
(768, 1089, 1, '0.00000', 'Items', 1089, 'In', '2017-05-08', 25, '', 0),
(769, 1051, 1, '37306.50000', 'Invoices', 1, 'Out', '2017-05-09', 25, '', 0),
(770, 1052, 1, '29777.75000', 'Invoices', 1, 'Out', '2017-05-09', 25, '', 0),
(771, 1053, 1, '43906.15000', 'Invoices', 1, 'Out', '2017-05-09', 25, '', 0),
(772, 1054, 1, '11773.35000', 'Invoices', 1, 'Out', '2017-05-09', 25, '', 0),
(773, 1055, 2, '7449.90000', 'Invoices', 1, 'Out', '2017-05-09', 25, '', 0),
(774, 1056, 1, '9588.35000', 'Invoices', 1, 'Out', '2017-05-09', 25, '', 0),
(775, 1057, 1, '188247.25000', 'Invoices', 1, 'Out', '2017-05-09', 25, '', 0),
(776, 1058, 1, '1366.10000', 'Invoices', 1, 'Out', '2017-05-09', 25, '', 0),
(777, 1059, 1, '9887.60000', 'Invoices', 1, 'Out', '2017-05-09', 25, '', 0),
(778, 1060, 1, '1779.35000', 'Invoices', 1, 'Out', '2017-05-09', 25, '', 0),
(779, 1061, 1, '175260.75000', 'Invoices', 1, 'Out', '2017-05-09', 25, '', 0),
(780, 1062, 4, '8067.40000', 'Invoices', 1, 'Out', '2017-05-09', 25, '', 0),
(781, 1063, 4, '199.50000', 'Invoices', 1, 'Out', '2017-05-09', 25, '', 0),
(782, 1064, 1, '38079.80000', 'Invoices', 1, 'Out', '2017-05-09', 25, '', 0),
(783, 1065, 1, '22967.20000', 'Invoices', 1, 'Out', '2017-05-09', 25, '', 0),
(784, 1066, 4, '1142.85000', 'Invoices', 1, 'Out', '2017-05-09', 25, '', 0),
(785, 1067, 2, '1064.00000', 'Invoices', 1, 'Out', '2017-05-09', 25, '', 0),
(786, 1068, 2, '299.25000', 'Invoices', 1, 'Out', '2017-05-09', 25, '', 0),
(787, 1069, 2, '5054.95000', 'Invoices', 1, 'Out', '2017-05-09', 25, '', 0),
(788, 1070, 2, '498.75000', 'Invoices', 1, 'Out', '2017-05-09', 25, '', 0),
(789, 1071, 4, '308.75000', 'Invoices', 1, 'Out', '2017-05-09', 25, '', 0),
(790, 1072, 2, '698.25000', 'Invoices', 1, 'Out', '2017-05-09', 25, '', 0),
(791, 1073, 1, '38881.60000', 'Invoices', 1, 'Out', '2017-05-09', 25, '', 0),
(792, 1074, 2, '76427.50000', 'Invoices', 1, 'Out', '2017-05-09', 25, '', 0),
(793, 953, 2, '3250.00000', 'Invoices', 2, 'Out', '2017-05-09', 25, '', 0),
(795, 927, 1, '89100.00000', 'Invoices', 5, 'Out', '2017-05-09', 25, '', 0),
(796, 881, 4, '2760.00000', 'Invoices', 6, 'Out', '2017-05-09', 25, '', 0),
(797, 923, 2, '14594.19000', 'Invoices', 7, 'Out', '2017-05-09', 25, '', 0),
(798, 767, 2, '668.80000', 'Invoices', 8, 'Out', '2017-05-09', 25, '', 0),
(799, 803, 2, '25611.16000', 'Invoices', 9, 'Out', '2017-05-09', 25, '', 0),
(800, 930, 1, '56712.25000', 'Invoices', 10, 'Out', '2017-05-09', 25, '', 0),
(803, 941, 1, '98034.00000', 'Invoices', 13, 'Out', '2017-05-09', 25, '', 0),
(804, 1189, 2, '6175.00000', 'Invoices', 15, 'Out', '2017-05-09', 25, '', 0),
(805, 803, 1, '17478.44000', 'Invoices', 17, 'Out', '2017-05-09', 25, '', 0),
(806, 1112, 1, '52012.13000', 'Invoices', 19, 'Out', '2017-05-09', 25, '', 0),
(807, 1112, 1, '65146.25000', 'Invoices', 20, 'Out', '2017-05-09', 25, '', 0),
(808, 1197, 1, '49331.00000', 'Invoices', 22, 'Out', '2017-05-09', 25, '', 0),
(809, 1197, 1, '45426.88000', 'Invoices', 23, 'Out', '2017-05-09', 25, '', 0),
(810, 963, 2, '5433.75000', 'Invoices', 24, 'Out', '2017-05-09', 25, '', 0),
(811, 1204, 1, '25564.50000', 'Invoices', 25, 'Out', '2017-05-09', 25, '', 0),
(812, 755, 2, '1311.00000', 'Invoices', 26, 'Out', '2017-05-09', 25, '', 0),
(813, 757, 1, '665.00000', 'Invoices', 26, 'Out', '2017-05-09', 25, '', 0),
(814, 752, 2, '845.50000', 'Invoices', 26, 'Out', '2017-05-09', 25, '', 0),
(815, 770, 1, '617.50000', 'Invoices', 26, 'Out', '2017-05-09', 25, '', 0),
(816, 792, 1, '4818.40000', 'Invoices', 26, 'Out', '2017-05-09', 25, '', 0),
(817, 767, 1, '845.50000', 'Invoices', 26, 'Out', '2017-05-09', 25, '', 0),
(818, 762, 5, '540.00000', 'Invoices', 30, 'Out', '2017-05-09', 25, '', 0),
(819, 1174, 1, '1137.00000', 'Items', 1174, 'In', '2017-04-01', 25, 'Yes', 0),
(820, 852, 1, '126.00000', 'Items', 852, 'In', '2017-04-01', 25, 'Yes', 0),
(821, 989, 1, '24098.00000', 'Items', 989, 'In', '2017-04-01', 25, 'Yes', 0),
(824, 935, 1, '29614.00000', 'Invoices', 64, 'Out', '2017-05-09', 25, '', 0),
(825, 1358, 3050, '0.31237', 'Grns', 39, 'In', '2017-05-09', 25, 'Yes', 0),
(829, 1127, 2, '500.00000', 'Items', 1127, 'In', '2017-04-01', 25, 'Yes', 0),
(830, 859, 1, '5000.00000', 'Items', 859, 'In', '2017-04-01', 25, 'Yes', 0),
(832, 834, 1, '6321.00000', 'Items', 834, 'In', '2017-04-01', 25, 'Yes', 0),
(834, 1137, 4, '2001.25000', 'Items', 1137, 'In', '2017-04-01', 25, 'Yes', 0),
(835, 857, 1, '63939.40000', 'Items', 857, 'In', '2017-04-01', 25, 'Yes', 0),
(838, 1149, 2, '2313.36000', 'Items', 1149, 'In', '2017-04-01', 25, 'Yes', 0),
(839, 566, 1, '3773.89000', 'Items', 566, 'In', '2017-04-01', 25, 'Yes', 0),
(840, 583, 1, '14986.00000', 'Items', 583, 'In', '2017-04-01', 25, 'Yes', 0),
(841, 1144, 2, '14986.00000', 'Items', 1144, 'In', '2017-04-01', 25, 'Yes', 0),
(842, 575, 1, '24153.00000', 'Items', 575, 'In', '2017-04-01', 25, 'Yes', 0),
(843, 559, 1, '4964.66000', 'Items', 559, 'In', '2017-04-01', 25, 'Yes', 0),
(844, 597, 1, '79710.90000', 'Items', 597, 'In', '2017-04-01', 25, 'Yes', 0),
(845, 935, 1, '27688.00480', 'Grns', 40, 'In', '2017-05-09', 25, 'Yes', 0),
(846, 1115, 4, '125.00000', 'Items', 1115, 'In', '2017-05-10', 25, '', 0),
(848, 1139, 1, '0.00000', 'Items', 1139, 'In', '2017-05-10', 25, '', 0),
(849, 1162, 3, '25.00000', 'Items', 1162, 'In', '2017-04-01', 25, 'Yes', 0),
(850, 669, 4, '0.00000', 'Items', 669, 'In', '2017-05-10', 25, '', 0),
(851, 903, 1, '47027.76000', 'Invoices', 4, 'Out', '2017-05-11', 25, '', 0),
(852, 605, 1, '0.00000', 'Grns', 41, 'In', '2017-05-12', 25, '', 0),
(853, 1332, 2, '8262.00000', 'Grns', 42, 'In', '2017-05-12', 25, 'Yes', 0),
(856, 951, 2, '227.50000', 'Invoices', 12, 'Out', '2017-05-12', 25, '', 0),
(857, 953, 2, '3250.00000', 'Invoices', 12, 'Out', '2017-05-12', 25, '', 0),
(858, 1168, 1, '25459.00005', 'Grns', 43, 'In', '2017-05-12', 25, 'Yes', 0),
(859, 1135, 1, '0.00000', 'Items', 1135, 'In', '2017-05-13', 25, '', 0),
(860, 747, 8, '1292.00000', 'Items', 747, 'In', '2017-04-01', 25, 'Yes', 0),
(862, 725, 1, '67000.00000', 'Items', 725, 'In', '2017-04-01', 26, 'Yes', 0),
(863, 815, 2, '3766.50000', 'Items', 815, 'In', '2017-04-01', 25, 'Yes', 0),
(864, 771, 4, '442.65250', 'Items', 771, 'In', '2017-04-01', 25, 'Yes', 0),
(865, 775, 6, '510.04833', 'Items', 775, 'In', '2017-04-01', 25, 'Yes', 0),
(866, 777, 9, '734.27000', 'Items', 777, 'In', '2017-04-01', 25, 'Yes', 0),
(867, 1376, 5, '1979.40000', 'Items', 1376, 'In', '2017-04-01', 25, 'Yes', 0),
(869, 677, 4, '5081.72000', 'Items', 677, 'In', '2017-04-01', 25, 'Yes', 0),
(870, 679, 18, '5924.43000', 'Items', 679, 'In', '2017-04-01', 25, 'Yes', 0),
(871, 681, 10, '7498.27000', 'Items', 681, 'In', '2017-04-01', 25, 'Yes', 0),
(872, 682, 4, '9566.00000', 'Items', 682, 'In', '2017-04-01', 25, 'Yes', 0),
(873, 686, 9, '11155.00000', 'Items', 686, 'In', '2017-04-01', 25, 'Yes', 0),
(874, 1377, 1, '11155.00000', 'Items', 1377, 'In', '2017-04-01', 25, 'Yes', 0),
(875, 687, 11, '9835.61000', 'Items', 687, 'In', '2017-04-01', 25, 'Yes', 0),
(876, 691, 4, '11585.25000', 'Items', 691, 'In', '2017-04-01', 25, 'Yes', 0),
(877, 684, 3, '7156.50000', 'Items', 684, 'In', '2017-04-01', 25, 'Yes', 0),
(878, 685, 13, '10462.09000', 'Items', 685, 'In', '2017-04-01', 25, 'Yes', 0),
(879, 690, 2, '29777.40000', 'Items', 690, 'In', '2017-04-01', 25, 'Yes', 0),
(880, 688, 1, '52894.67000', 'Items', 688, 'In', '2017-04-01', 25, 'Yes', 0),
(881, 689, 2, '47314.00000', 'Items', 689, 'In', '2017-04-01', 25, 'Yes', 0),
(883, 704, 1, '5610.00000', 'Items', 704, 'In', '2017-04-01', 25, 'Yes', 0),
(884, 705, 1, '8318.00000', 'Items', 705, 'In', '2017-04-01', 25, 'Yes', 0),
(885, 706, 1, '9190.00000', 'Items', 706, 'In', '2017-04-01', 25, 'Yes', 0),
(886, 988, 1, '18710.00000', 'Items', 988, 'In', '2017-04-01', 25, 'Yes', 0),
(887, 738, 1, '53347.00000', 'Items', 738, 'In', '2017-04-01', 25, 'Yes', 0),
(889, 827, 2, '0.00000', 'Items', 827, 'In', '2017-05-15', 25, '', 0),
(890, 732, 1, '0.00000', 'Grns', 44, 'In', '2017-05-15', 25, '', 0),
(891, 795, 1, '0.00000', 'Grns', 45, 'In', '2017-05-15', 25, '', 0),
(892, 1179, 1, '0.00000', 'Grns', 45, 'In', '2017-05-15', 25, '', 0),
(893, 1180, 1, '0.00000', 'Grns', 45, 'In', '2017-05-15', 25, '', 0),
(894, 820, 1, '0.00000', 'Grns', 45, 'In', '2017-05-15', 25, '', 0),
(895, 1181, 1, '0.00000', 'Grns', 45, 'In', '2017-05-15', 25, '', 0),
(896, 765, 4, '0.00000', 'Grns', 45, 'In', '2017-05-15', 25, '', 0),
(897, 773, 2, '0.00000', 'Grns', 45, 'In', '2017-05-15', 25, '', 0),
(898, 771, 3, '0.00000', 'Grns', 45, 'In', '2017-05-15', 25, '', 0),
(899, 1096, 1, '17212.50000', 'Grns', 46, 'In', '2017-05-15', 25, 'Yes', 0),
(900, 1097, 1, '16065.00000', 'Grns', 46, 'In', '2017-05-15', 25, 'Yes', 0),
(901, 1099, 1, '401.62500', 'Grns', 46, 'In', '2017-05-15', 25, 'Yes', 0),
(902, 1100, 1, '401.87500', 'Grns', 46, 'In', '2017-05-15', 25, 'Yes', 0),
(917, 1208, 1, '56763.20000', 'Invoices', 65, 'Out', '2017-05-15', 25, '', 0),
(919, 820, 1, '0.00000', 'Items', 820, 'In', '2017-05-15', 25, '', 0),
(920, 1090, 24, '14.94000', 'Items', 1090, 'In', '2017-05-15', 25, '', 0),
(921, 1091, 24, '42.02000', 'Items', 1091, 'In', '2017-05-15', 25, '', 0),
(922, 703, 2, '0.00000', 'Grns', 49, 'In', '2017-05-15', 25, '', 0),
(923, 1232, 1, '2397.00000', 'Grns', 50, 'In', '2017-05-15', 25, 'Yes', 0),
(924, 953, 1, '994.50000', 'Grns', 50, 'In', '2017-05-15', 25, 'Yes', 0),
(925, 1221, 1, '6081.50000', 'Grns', 50, 'In', '2017-05-15', 25, 'Yes', 0),
(926, 1222, 1, '12262.41000', 'Invoices', 67, 'Out', '2017-05-16', 25, '', 0),
(927, 1221, 1, '12262.41000', 'Invoices', 67, 'Out', '2017-05-16', 25, '', 0),
(928, 757, 4, '314.00000', 'Items', 757, 'In', '2017-04-01', 25, 'Yes', 0),
(929, 1374, 2, '15.00000', 'Items', 1374, 'In', '2017-04-01', 25, 'Yes', 0),
(930, 1378, 3, '100.00000', 'Items', 1378, 'In', '2017-04-01', 25, 'Yes', 0),
(931, 1133, 1, '47819.89000', 'Items', 1133, 'In', '2017-04-01', 25, 'Yes', 0),
(932, 1134, 1, '49324.14000', 'Items', 1134, 'In', '2017-04-01', 25, 'Yes', 0),
(933, 1362, 1, '2500.00000', 'Items', 1362, 'In', '2017-04-01', 25, 'Yes', 0),
(934, 868, 1, '252.00000', 'Items', 868, 'In', '2017-04-01', 25, 'Yes', 0),
(935, 869, 4, '100.00000', 'Items', 869, 'In', '2017-04-01', 25, 'Yes', 0),
(936, 856, 1, '4500.00000', 'Items', 856, 'In', '2017-04-01', 25, 'Yes', 0),
(941, 1097, 1, '19078.35764', 'Invoices', 68, 'Out', '2017-05-17', 25, '', 0),
(942, 1096, 1, '19990.19091', 'Invoices', 68, 'Out', '2017-05-17', 25, '', 0),
(943, 1100, 1, '555.51688', 'Invoices', 68, 'Out', '2017-05-17', 25, '', 0),
(944, 1110, 1, '589.18457', 'Invoices', 68, 'Out', '2017-05-17', 25, '', 0),
(945, 803, 2, '31076.16000', 'Invoices', 56, 'Out', '2017-05-17', 25, '', 0),
(947, 686, 2, '23275.00000', 'Invoices', 69, 'Out', '2017-05-17', 25, '', 0),
(948, 930, 1, '58868.50000', 'Invoices', 66, 'Out', '2017-05-17', 25, '', 0),
(949, 606, 2, '137700.00000', 'Grns', 51, 'In', '2017-05-17', 25, 'Yes', 0),
(950, 608, 1, '0.00000', 'Grns', 52, 'In', '2017-05-17', 25, '', 0),
(951, 602, 1, '0.00000', 'Grns', 53, 'In', '2017-05-17', 25, '', 0),
(952, 1155, 1, '32703.75000', 'Grns', 54, 'In', '2017-05-17', 25, 'Yes', 0),
(953, 935, 3, '27088.00000', 'Items', 935, 'In', '2017-04-01', 25, 'Yes', 0),
(959, 722, 2, '26701.50000', 'Items', 722, 'In', '2017-04-01', 25, 'Yes', 0),
(961, 683, 10, '7306.00000', 'Items', 683, 'In', '2017-04-01', 25, 'Yes', 0),
(963, 1318, 1, '12500.00000', 'Invoices', 74, 'Out', '2017-05-18', 27, '', 0),
(966, 755, 6, '1400.00000', 'Invoices', 75, 'Out', '2017-05-18', 27, '', 0),
(967, 1318, 2, '0.00000', 'Grns', 55, 'In', '2017-05-18', 25, '', 0),
(969, 634, 1, '199292.63000', 'Invoices', 76, 'Out', '2017-05-18', 25, '', 0),
(970, 634, 1, '199292.63000', 'Invoices', 77, 'Out', '2017-05-18', 25, '', 0),
(973, 756, 2, '1988.75000', 'Invoices', 78, 'Out', '2017-05-18', 25, '', 0),
(974, 1155, 1, '55500.00000', 'Invoices', 70, 'Out', '2017-05-18', 25, '', 0),
(975, 606, 2, '175387.00000', 'Invoices', 71, 'Out', '2017-05-18', 25, '', 0),
(976, 602, 1, '19800.00000', 'Invoices', 72, 'Out', '2017-05-18', 25, '', 0),
(977, 761, 2, '500.00000', 'Items', 761, 'In', '2017-04-01', 25, 'Yes', 0),
(978, 879, 3, '697.75000', 'Items', 879, 'In', '2017-04-01', 25, 'Yes', 0),
(982, 1157, 2, '6137.00000', 'Invoices', 79, 'Out', '2017-05-19', 25, '', 0),
(983, 755, 4, '1350.00000', 'Invoices', 80, 'Out', '2017-05-19', 25, '', 0),
(984, 750, 5, '150.00000', 'Invoices', 80, 'Out', '2017-05-19', 25, '', 0),
(985, 1393, 1, '89505.00000', 'Items', 1393, 'In', '2017-04-01', 25, 'Yes', 0),
(986, 1129, 1, '25.00000', 'Items', 1129, 'In', '2017-04-01', 25, 'Yes', 0),
(987, 1007, 4, '10.00000', 'Items', 1007, 'In', '2017-04-01', 25, 'Yes', 0),
(988, 1399, 1, '1733.00000', 'Items', 1399, 'In', '2017-04-01', 25, 'Yes', 0),
(989, 1207, 1, '133.33000', 'Items', 1207, 'In', '2017-04-01', 25, 'Yes', 0),
(990, 1126, 1, '1782.00000', 'Items', 1126, 'In', '2017-05-19', 25, '', 0),
(991, 831, 6, '1355.00000', 'Items', 831, 'In', '2017-05-19', 25, '', 0),
(992, 702, 2, '8767.00050', 'Grns', 56, 'In', '2017-05-19', 25, 'Yes', 0),
(993, 1403, 1, '200.00000', 'Items', 1403, 'In', '2017-04-01', 25, 'Yes', 0),
(994, 625, 1, '956301.00000', 'Items', 625, 'In', '2017-04-01', 25, 'Yes', 0),
(995, 1102, 2, '838.82250', 'Grns', 57, 'In', '2017-05-19', 25, 'Yes', 0),
(996, 1101, 2, '2840.06250', 'Grns', 57, 'In', '2017-05-19', 25, 'Yes', 0),
(997, 1103, 4, '580.63500', 'Grns', 57, 'In', '2017-05-19', 25, 'Yes', 0),
(998, 1104, 2, '192.78000', 'Grns', 57, 'In', '2017-05-19', 25, 'Yes', 0),
(999, 1105, 2, '192.78000', 'Grns', 57, 'In', '2017-05-19', 25, 'Yes', 0),
(1000, 1106, 2, '192.78000', 'Grns', 57, 'In', '2017-05-19', 25, 'Yes', 0),
(1001, 1107, 2, '224.91000', 'Grns', 57, 'In', '2017-05-19', 25, 'Yes', 0),
(1002, 1108, 2, '224.91000', 'Grns', 57, 'In', '2017-05-19', 25, 'Yes', 0),
(1003, 1109, 2, '3614.62500', 'Grns', 57, 'In', '2017-05-19', 25, 'Yes', 0),
(1004, 1110, 2, '1419.45750', 'Grns', 57, 'In', '2017-05-19', 25, 'Yes', 0),
(1005, 1099, 2, '450.96750', 'Grns', 57, 'In', '2017-05-19', 25, 'Yes', 0),
(1006, 1111, 2, '4131.00000', 'Grns', 57, 'In', '2017-05-19', 25, 'Yes', 0),
(1007, 1096, 2, '21515.63500', 'Grns', 57, 'In', '2017-05-19', 25, 'Yes', 0),
(1008, 729, 1, '0.00000', 'Grns', 58, 'In', '2017-05-19', 25, '', 0),
(1009, 982, 9, '0.00000', 'Items', 982, 'In', '2017-05-19', 25, '', 0),
(1010, 933, 1, '0.00000', 'Items', 933, 'In', '2017-05-19', 25, '', 0),
(1011, 874, 4, '8500.00000', 'Items', 874, 'In', '2017-04-01', 25, 'Yes', 0),
(1012, 626, 2, '90387.32000', 'Items', 626, 'In', '2017-04-01', 25, 'Yes', 0),
(1039, 1413, 1, '0.00000', 'Grns', 59, 'In', '2017-05-19', 25, '', 0),
(1040, 1371, 1, '0.00000', 'Grns', 60, 'In', '2017-05-19', 25, '', 0),
(1041, 608, 1, '315747.44000', 'Invoices', 73, 'Out', '2017-05-19', 25, '', 0),
(1042, 1101, 2, '3741.55262', 'Invoices', 81, 'Out', '2017-05-20', 25, '', 0),
(1043, 1102, 2, '1105.45873', 'Invoices', 81, 'Out', '2017-05-20', 25, '', 0),
(1044, 1103, 4, '765.31758', 'Invoices', 81, 'Out', '2017-05-20', 25, '', 0),
(1045, 1104, 2, '255.10586', 'Invoices', 81, 'Out', '2017-05-20', 25, '', 0),
(1046, 1105, 2, '255.10586', 'Invoices', 81, 'Out', '2017-05-20', 25, '', 0),
(1047, 1106, 2, '255.10586', 'Invoices', 81, 'Out', '2017-05-20', 25, '', 0),
(1048, 1107, 2, '300.45801', 'Invoices', 81, 'Out', '2017-05-20', 25, '', 0),
(1049, 1108, 2, '300.45801', 'Invoices', 81, 'Out', '2017-05-20', 25, '', 0),
(1050, 1109, 2, '4761.97606', 'Invoices', 81, 'Out', '2017-05-20', 25, '', 0),
(1051, 1110, 2, '1870.77631', 'Invoices', 81, 'Out', '2017-05-20', 25, '', 0),
(1052, 1099, 2, '285.71856', 'Invoices', 81, 'Out', '2017-05-20', 25, '', 0),
(1053, 1111, 2, '5442.25835', 'Invoices', 81, 'Out', '2017-05-20', 25, '', 0),
(1054, 1096, 2, '20195.88060', 'Invoices', 81, 'Out', '2017-05-20', 25, '', 0),
(1055, 1222, 1, '0.00000', 'Grns', 61, 'In', '2017-05-20', 25, '', 0),
(1056, 1385, 1, '10878.00000', 'Invoices', 82, 'Out', '2017-05-20', 25, '', 0),
(1057, 1314, 1, '0.00000', 'Grns', 62, 'In', '2017-05-20', 25, '', 0),
(1059, 804, 1, '14490.00000', 'Invoices', 83, 'Out', '2017-05-20', 27, '', 0);

-- --------------------------------------------------------

--
-- Table structure for table `item_serial_numbers`
--

CREATE TABLE IF NOT EXISTS `item_serial_numbers` (
  `id` int(10) NOT NULL AUTO_INCREMENT,
  `item_id` int(10) NOT NULL,
  `serial_no` varchar(20) NOT NULL,
  `status` varchar(20) NOT NULL,
  `grn_id` int(10) NOT NULL,
  `invoice_id` int(10) NOT NULL,
  `iv_invoice_id` int(10) NOT NULL,
  `q_item_id` int(10) NOT NULL,
  `in_inventory_voucher_id` int(10) NOT NULL,
  `master_item_id` int(10) NOT NULL,
  `company_id` int(10) NOT NULL,
  `sale_return_id` int(11) NOT NULL,
  `purchase_return_id` int(11) NOT NULL,
  PRIMARY KEY (`id`)
) ENGINE=InnoDB  DEFAULT CHARSET=latin1 AUTO_INCREMENT=275 ;

--
-- Dumping data for table `item_serial_numbers`
--

INSERT INTO `item_serial_numbers` (`id`, `item_id`, `serial_no`, `status`, `grn_id`, `invoice_id`, `iv_invoice_id`, `q_item_id`, `in_inventory_voucher_id`, `master_item_id`, `company_id`, `sale_return_id`, `purchase_return_id`) VALUES
(1, 1171, 'C111659003', 'In', 6, 0, 0, 0, 0, 0, 25, 0, 0),
(2, 1171, 'C111659004', 'In', 6, 0, 0, 0, 0, 0, 25, 0, 0),
(3, 964, 'C111659005', 'In', 8, 0, 0, 0, 0, 0, 25, 0, 0),
(4, 964, 'C111659006', 'In', 8, 0, 0, 0, 0, 0, 25, 0, 0),
(5, 1168, 'C111659010', 'In', 8, 0, 0, 0, 0, 0, 25, 0, 0),
(6, 1170, 'D111008001', 'In', 9, 0, 0, 0, 0, 0, 25, 0, 0),
(7, 1170, 'D111008002', 'In', 9, 0, 0, 0, 0, 0, 25, 0, 0),
(8, 737, 'C111658001', 'In', 10, 0, 0, 0, 0, 0, 25, 0, 0),
(9, 1169, 'C111657001', 'In', 11, 0, 0, 0, 0, 0, 25, 0, 0),
(10, 1167, 'C111659007', 'In', 13, 0, 0, 0, 0, 0, 25, 0, 0),
(11, 931, 'SD 170893', 'Out', 15, 44, 0, 0, 0, 0, 25, 0, 0),
(12, 931, 'SD 170894', 'Out', 15, 44, 0, 0, 0, 0, 25, 0, 0),
(13, 931, 'SD 170895', 'Out', 15, 44, 0, 0, 0, 0, 25, 0, 0),
(14, 931, 'SD 170896', 'Out', 15, 44, 0, 0, 0, 0, 25, 0, 0),
(15, 931, 'SD 170897', 'Out', 15, 44, 0, 0, 0, 0, 25, 0, 0),
(16, 931, 'SD 170898', 'Out', 15, 44, 0, 0, 0, 0, 25, 0, 0),
(17, 730, 'D111086003', 'In', 17, 0, 0, 0, 0, 0, 25, 0, 0),
(48, 600, '1641727/2080', 'In', 26, 0, 0, 0, 0, 0, 25, 0, 0),
(49, 600, '1641727/2081', 'In', 26, 0, 0, 0, 0, 0, 25, 0, 0),
(50, 600, '1641727/2082', 'In', 26, 0, 0, 0, 0, 0, 25, 0, 0),
(51, 600, '1641727/2083', 'In', 26, 0, 0, 0, 0, 0, 25, 0, 0),
(52, 600, '1641727/2084', 'In', 26, 0, 0, 0, 0, 0, 25, 0, 0),
(53, 600, '1641727/2085', 'In', 26, 0, 0, 0, 0, 0, 25, 0, 0),
(54, 600, '1641727/2086', 'In', 26, 0, 0, 0, 0, 0, 25, 0, 0),
(55, 600, '1641727/2087', 'In', 26, 0, 0, 0, 0, 0, 25, 0, 0),
(56, 600, '1641727/2088', 'In', 26, 0, 0, 0, 0, 0, 25, 0, 0),
(57, 600, '1641727/2089', 'In', 26, 0, 0, 0, 0, 0, 25, 0, 0),
(58, 600, '1641727/2090', 'Out', 26, 51, 0, 0, 0, 0, 25, 0, 0),
(59, 600, '1641727/2091', 'In', 26, 0, 0, 0, 0, 0, 25, 0, 0),
(60, 600, '1641727/2092', 'In', 26, 0, 0, 0, 0, 0, 25, 0, 0),
(61, 600, '1641727/2093', 'Out', 26, 51, 0, 0, 0, 0, 25, 0, 0),
(62, 600, '1641727/2094', 'In', 26, 0, 0, 0, 0, 0, 25, 0, 0),
(63, 600, '1641727/2095', 'In', 26, 0, 0, 0, 0, 0, 25, 0, 0),
(64, 600, '1641727/2096', 'In', 26, 0, 0, 0, 0, 0, 25, 0, 0),
(65, 600, '1641727/2097', 'In', 26, 0, 0, 0, 0, 0, 25, 0, 0),
(66, 600, '1641727/2098', 'Out', 26, 51, 0, 0, 0, 0, 25, 0, 0),
(67, 600, '1641727/2099', 'Out', 26, 51, 0, 0, 0, 0, 25, 0, 0),
(68, 1148, '1641727/2100', 'Out', 26, 50, 0, 0, 0, 0, 25, 0, 0),
(69, 1148, '1641727/2101', 'In', 26, 0, 0, 0, 0, 0, 25, 0, 0),
(70, 1148, '1641727/2102', 'In', 26, 0, 0, 0, 0, 0, 25, 0, 0),
(71, 1148, '1641727/2103', 'In', 26, 0, 0, 0, 0, 0, 25, 0, 0),
(72, 1148, '1641727/2104', 'In', 26, 0, 0, 0, 0, 0, 25, 0, 0),
(73, 1148, '1641727/2105', 'In', 26, 0, 0, 0, 0, 0, 25, 0, 0),
(74, 1148, '1641727/2106', 'In', 26, 0, 0, 0, 0, 0, 25, 0, 0),
(75, 1148, '1641727/2107', 'In', 26, 0, 0, 0, 0, 0, 25, 0, 0),
(76, 1148, '1641727/2108', 'In', 26, 0, 0, 0, 0, 0, 25, 0, 0),
(77, 1148, '1641727/2109', 'In', 26, 0, 0, 0, 0, 0, 25, 0, 0),
(78, 731, 'D111070001', 'In', 25, 0, 0, 0, 0, 0, 25, 0, 0),
(79, 731, 'D111070002', 'In', 25, 0, 0, 0, 0, 0, 25, 0, 0),
(80, 589, 'N1655859', 'In', 33, 0, 0, 0, 0, 0, 25, 0, 0),
(81, 589, 'N1655146', 'In', 33, 0, 0, 0, 0, 0, 25, 0, 0),
(82, 599, '1638922/2114', 'Out', 35, 57, 0, 0, 0, 0, 25, 0, 0),
(83, 1143, '1638922/2204', 'Out', 34, 58, 0, 0, 0, 0, 25, 0, 0),
(84, 989, 'C111270001', 'In', 0, 0, 0, 0, 0, 989, 25, 0, 0),
(85, 935, 'JE 173569', 'Out', 0, 64, 0, 0, 0, 935, 25, 0, 0),
(86, 1149, '1553188/3531', 'In', 0, 0, 0, 0, 0, 1149, 25, 0, 0),
(87, 1149, '1553188/3532', 'In', 0, 0, 0, 0, 0, 1149, 25, 0, 0),
(88, 566, '14/10/D0696N', 'In', 0, 0, 0, 0, 0, 566, 25, 0, 0),
(89, 583, 'K1432454', 'In', 0, 0, 0, 0, 0, 583, 25, 0, 0),
(90, 1144, '13112643508', 'In', 0, 0, 0, 0, 0, 1144, 25, 0, 0),
(91, 1144, '13112643507', 'In', 0, 0, 0, 0, 0, 1144, 25, 0, 0),
(92, 575, '16/12D1696', 'In', 0, 0, 0, 0, 0, 575, 25, 0, 0),
(93, 559, '14/3/D829', 'In', 0, 0, 0, 0, 0, 559, 25, 0, 0),
(94, 597, 'L1501508', 'In', 0, 0, 0, 0, 0, 597, 25, 0, 0),
(96, 605, '1633030/2300', 'In', 41, 0, 0, 0, 0, 0, 25, 0, 0),
(97, 1168, 'PC111659010', 'In', 43, 0, 0, 0, 0, 0, 25, 0, 0),
(98, 694, 'Y111139001', 'In', 0, 0, 0, 0, 0, 694, 25, 0, 0),
(99, 725, 'B111272040', 'In', 0, 0, 0, 0, 0, 725, 26, 0, 0),
(100, 677, 'C111152006', 'In', 0, 0, 0, 0, 0, 677, 25, 0, 0),
(101, 677, 'C111152009', 'In', 0, 0, 0, 0, 0, 677, 25, 0, 0),
(102, 677, 'C111152004', 'In', 0, 0, 0, 0, 0, 677, 25, 0, 0),
(103, 677, 'C111152002', 'In', 0, 0, 0, 0, 0, 677, 25, 0, 0),
(104, 679, 'X111081012', 'In', 0, 0, 0, 0, 0, 679, 25, 0, 0),
(105, 679, 'B111398014', 'In', 0, 0, 0, 0, 0, 679, 25, 0, 0),
(106, 679, 'B111388019', 'In', 0, 0, 0, 0, 0, 679, 25, 0, 0),
(107, 679, 'B111398018', 'In', 0, 0, 0, 0, 0, 679, 25, 0, 0),
(108, 679, 'B111398017', 'In', 0, 0, 0, 0, 0, 679, 25, 0, 0),
(109, 679, 'B111398015', 'In', 0, 0, 0, 0, 0, 679, 25, 0, 0),
(110, 679, 'B111388016', 'In', 0, 0, 0, 0, 0, 679, 25, 0, 0),
(111, 679, 'B111398013', 'In', 0, 0, 0, 0, 0, 679, 25, 0, 0),
(112, 679, 'B111388015', 'In', 0, 0, 0, 0, 0, 679, 25, 0, 0),
(113, 679, 'B111398016', 'In', 0, 0, 0, 0, 0, 679, 25, 0, 0),
(114, 679, 'B111388017', 'In', 0, 0, 0, 0, 0, 679, 25, 0, 0),
(115, 679, 'B111389014', 'In', 0, 0, 0, 0, 0, 679, 25, 0, 0),
(116, 679, 'B111388018', 'In', 0, 0, 0, 0, 0, 679, 25, 0, 0),
(117, 679, 'B111398019', 'In', 0, 0, 0, 0, 0, 679, 25, 0, 0),
(118, 679, 'B111388013', 'In', 0, 0, 0, 0, 0, 679, 25, 0, 0),
(119, 679, 'X111119008', 'In', 0, 0, 0, 0, 0, 679, 25, 0, 0),
(120, 679, 'Z111332014', 'In', 0, 0, 0, 0, 0, 679, 25, 0, 0),
(121, 679, 'Z111332020', 'In', 0, 0, 0, 0, 0, 679, 25, 0, 0),
(122, 681, 'B111388049', 'In', 0, 0, 0, 0, 0, 681, 25, 0, 0),
(123, 681, 'B111398050', 'In', 0, 0, 0, 0, 0, 681, 25, 0, 0),
(124, 681, 'B111388034', 'In', 0, 0, 0, 0, 0, 681, 25, 0, 0),
(125, 681, 'B111388042', 'In', 0, 0, 0, 0, 0, 681, 25, 0, 0),
(126, 681, 'B111388039', 'In', 0, 0, 0, 0, 0, 681, 25, 0, 0),
(127, 681, 'B111388033', 'In', 0, 0, 0, 0, 0, 681, 25, 0, 0),
(128, 681, 'B111388038', 'In', 0, 0, 0, 0, 0, 681, 25, 0, 0),
(129, 681, 'B111388041', 'In', 0, 0, 0, 0, 0, 681, 25, 0, 0),
(130, 681, 'B111398049', 'In', 0, 0, 0, 0, 0, 681, 25, 0, 0),
(131, 681, 'C111629013', 'In', 0, 0, 0, 0, 0, 681, 25, 0, 0),
(132, 682, 'B111398046', 'In', 0, 0, 0, 0, 0, 682, 25, 0, 0),
(133, 682, 'B111388046', 'In', 0, 0, 0, 0, 0, 682, 25, 0, 0),
(134, 682, 'B111388044', 'In', 0, 0, 0, 0, 0, 682, 25, 0, 0),
(135, 682, 'B111388045', 'In', 0, 0, 0, 0, 0, 682, 25, 0, 0),
(136, 686, 'B111388057', 'In', 0, 0, 0, 0, 0, 686, 25, 0, 0),
(137, 686, 'B111388058', 'In', 0, 0, 0, 0, 0, 686, 25, 0, 0),
(138, 686, 'B111070044', 'In', 0, 0, 0, 0, 0, 686, 25, 0, 0),
(139, 686, 'B111070037', 'In', 0, 0, 0, 0, 0, 686, 25, 0, 0),
(140, 686, 'A111109036', 'In', 0, 0, 0, 0, 0, 686, 25, 0, 0),
(141, 686, 'B111388055', 'Out', 0, 69, 0, 0, 0, 686, 25, 0, 0),
(142, 686, 'B111388056', 'Out', 0, 69, 0, 0, 0, 686, 25, 0, 0),
(143, 686, 'B111388054', 'In', 0, 0, 0, 0, 0, 686, 25, 0, 0),
(144, 686, 'B111070036', 'In', 0, 0, 0, 0, 0, 686, 25, 0, 0),
(145, 1377, 'Y111293009', 'In', 0, 0, 0, 0, 0, 1377, 25, 0, 0),
(146, 687, 'C111659014', 'In', 0, 0, 0, 0, 0, 687, 25, 0, 0),
(147, 687, 'C111659012', 'In', 0, 0, 0, 0, 0, 687, 25, 0, 0),
(148, 687, 'C111659013', 'In', 0, 0, 0, 0, 0, 687, 25, 0, 0),
(149, 687, 'C111659016', 'In', 0, 0, 0, 0, 0, 687, 25, 0, 0),
(150, 687, 'B111398063', 'In', 0, 0, 0, 0, 0, 687, 25, 0, 0),
(151, 687, 'B111398059', 'In', 0, 0, 0, 0, 0, 687, 25, 0, 0),
(152, 687, 'B111388062', 'In', 0, 0, 0, 0, 0, 687, 25, 0, 0),
(153, 687, 'B111388060', 'In', 0, 0, 0, 0, 0, 687, 25, 0, 0),
(154, 687, 'B111388059', 'In', 0, 0, 0, 0, 0, 687, 25, 0, 0),
(155, 687, 'C111659015', 'In', 0, 0, 0, 0, 0, 687, 25, 0, 0),
(156, 687, 'C111659017', 'In', 0, 0, 0, 0, 0, 687, 25, 0, 0),
(157, 691, 'C111659020', 'In', 0, 0, 0, 0, 0, 691, 25, 0, 0),
(158, 691, 'C111659021', 'In', 0, 0, 0, 0, 0, 691, 25, 0, 0),
(159, 691, 'C111659018', 'In', 0, 0, 0, 0, 0, 691, 25, 0, 0),
(160, 691, 'C111659019', 'In', 0, 0, 0, 0, 0, 691, 25, 0, 0),
(161, 684, 'B111398064', 'In', 0, 0, 0, 0, 0, 684, 25, 0, 0),
(162, 684, 'B111398065', 'In', 0, 0, 0, 0, 0, 684, 25, 0, 0),
(163, 684, 'B111388064', 'In', 0, 0, 0, 0, 0, 684, 25, 0, 0),
(164, 685, 'B111070053', 'In', 0, 0, 0, 0, 0, 685, 25, 0, 0),
(165, 685, 'C111152023', 'In', 0, 0, 0, 0, 0, 685, 25, 0, 0),
(166, 685, 'C111152014', 'In', 0, 0, 0, 0, 0, 685, 25, 0, 0),
(167, 685, 'C111152015', 'In', 0, 0, 0, 0, 0, 685, 25, 0, 0),
(168, 685, 'B111070059', 'In', 0, 0, 0, 0, 0, 685, 25, 0, 0),
(169, 685, 'C111152011', 'In', 0, 0, 0, 0, 0, 685, 25, 0, 0),
(170, 685, 'C111152020', 'In', 0, 0, 0, 0, 0, 685, 25, 0, 0),
(171, 685, 'C111152019', 'In', 0, 0, 0, 0, 0, 685, 25, 0, 0),
(172, 685, 'C111152024', 'In', 0, 0, 0, 0, 0, 685, 25, 0, 0),
(173, 685, 'C111152022', 'In', 0, 0, 0, 0, 0, 685, 25, 0, 0),
(174, 685, 'C111152013', 'In', 0, 0, 0, 0, 0, 685, 25, 0, 0),
(175, 685, 'C111152012', 'In', 0, 0, 0, 0, 0, 685, 25, 0, 0),
(176, 685, 'A1', 'In', 0, 0, 0, 0, 0, 685, 25, 0, 0),
(177, 690, 'Y111293038', 'In', 0, 0, 0, 0, 0, 690, 25, 0, 0),
(178, 690, 'Y111293040', 'In', 0, 0, 0, 0, 0, 690, 25, 0, 0),
(179, 688, 'B111176003', 'In', 0, 0, 0, 0, 0, 688, 25, 0, 0),
(180, 689, 'B111398070', 'In', 0, 0, 0, 0, 0, 689, 25, 0, 0),
(181, 689, 'B111388070', 'In', 0, 0, 0, 0, 0, 689, 25, 0, 0),
(184, 704, 'B111399018', 'In', 0, 0, 0, 0, 0, 704, 25, 0, 0),
(185, 705, 'B111399019', 'In', 0, 0, 0, 0, 0, 705, 25, 0, 0),
(186, 706, 'B111399020', 'In', 0, 0, 0, 0, 0, 706, 25, 0, 0),
(187, 988, 'B111625002', 'In', 0, 0, 0, 0, 0, 988, 25, 0, 0),
(188, 738, 'B111272034', 'In', 0, 0, 0, 0, 0, 738, 25, 0, 0),
(189, 732, 'D111123001', 'In', 44, 0, 0, 0, 0, 0, 25, 0, 0),
(196, 1096, '041717043', 'In', 46, 0, 0, 0, 0, 0, 25, 0, 0),
(197, 1097, '041717044', 'In', 46, 0, 0, 0, 0, 0, 25, 0, 0),
(198, 703, 'D111124003', 'In', 49, 0, 0, 0, 0, 0, 25, 0, 0),
(199, 703, 'D111124004', 'In', 49, 0, 0, 0, 0, 0, 25, 0, 0),
(200, 724, 'B111272038', 'In', 0, 0, 0, 0, 0, 724, 25, 0, 0),
(201, 724, 'Y111139010', 'In', 0, 0, 0, 0, 0, 724, 25, 0, 0),
(202, 723, 'X111088028', 'In', 0, 0, 0, 0, 0, 723, 25, 0, 0),
(203, 722, 'B111399007', 'In', 0, 0, 0, 0, 0, 722, 25, 0, 0),
(205, 721, 'B111272028', 'In', 0, 0, 0, 0, 0, 721, 25, 0, 0),
(206, 693, 'X111127001', 'In', 0, 0, 0, 0, 0, 693, 25, 0, 0),
(208, 695, 'C111149004', 'In', 0, 0, 0, 0, 0, 695, 25, 0, 0),
(209, 695, 'C111149003', 'In', 0, 0, 0, 0, 0, 695, 25, 0, 0),
(210, 695, 'C111149002', 'In', 0, 0, 0, 0, 0, 695, 25, 0, 0),
(211, 695, 'B111399002', 'In', 0, 0, 0, 0, 0, 695, 25, 0, 0),
(213, 606, '1641763/2278', 'Out', 51, 71, 0, 0, 0, 0, 25, 0, 0),
(214, 606, '1641763/2279', 'Out', 51, 71, 0, 0, 0, 0, 25, 0, 0),
(215, 608, '1625332/2345', 'Out', 52, 73, 0, 0, 0, 0, 25, 0, 0),
(218, 602, '1638917/2437', 'Out', 53, 72, 0, 0, 0, 0, 25, 0, 0),
(219, 1155, '1641765/2260', 'Out', 54, 70, 0, 0, 0, 0, 25, 0, 0),
(220, 935, 'JC173498', 'In', 0, 0, 0, 0, 0, 935, 25, 0, 0),
(221, 935, 'JC173499', 'In', 0, 0, 0, 0, 0, 935, 25, 0, 0),
(222, 732, 'Z111241009', 'In', 0, 0, 0, 0, 0, 732, 25, 0, 0),
(223, 990, 'Z111300006', 'In', 0, 0, 0, 0, 0, 990, 25, 0, 0),
(224, 991, 'B111272024', 'In', 0, 0, 0, 0, 0, 991, 25, 0, 0),
(225, 727, 'B111399014', 'In', 0, 0, 0, 0, 0, 727, 25, 0, 0),
(226, 727, 'B111399015', 'In', 0, 0, 0, 0, 0, 727, 25, 0, 0),
(227, 734, 'B111399016', 'In', 0, 0, 0, 0, 0, 734, 25, 0, 0),
(228, 992, 'B111399017', 'In', 0, 0, 0, 0, 0, 992, 25, 0, 0),
(229, 722, 'B111399007', 'In', 0, 0, 0, 0, 0, 722, 25, 0, 0),
(230, 709, 'Y111139005', 'In', 0, 0, 0, 0, 0, 709, 25, 0, 0),
(231, 709, 'Y111139003', 'In', 0, 0, 0, 0, 0, 709, 25, 0, 0),
(232, 709, 'B111272011', 'In', 0, 0, 0, 0, 0, 709, 25, 0, 0),
(233, 993, 'Z111241005', 'In', 0, 0, 0, 0, 0, 993, 25, 0, 0),
(234, 702, 'C111629021', 'In', 0, 0, 0, 0, 0, 702, 25, 0, 0),
(235, 994, 'C111628001', 'In', 0, 0, 0, 0, 0, 994, 25, 0, 0),
(236, 994, 'C111626001', 'In', 0, 0, 0, 0, 0, 994, 25, 0, 0),
(237, 714, 'C111149008', 'In', 0, 0, 0, 0, 0, 714, 25, 0, 0),
(238, 719, 'X111056001', 'In', 0, 0, 0, 0, 0, 719, 25, 0, 0),
(239, 715, 'B111272016', 'In', 0, 0, 0, 0, 0, 715, 25, 0, 0),
(240, 715, 'B111272014', 'In', 0, 0, 0, 0, 0, 715, 25, 0, 0),
(241, 715, 'B111091006', 'In', 0, 0, 0, 0, 0, 715, 25, 0, 0),
(242, 720, 'C111149009', 'In', 0, 0, 0, 0, 0, 720, 25, 0, 0),
(243, 698, 'C111421010', 'In', 0, 0, 0, 0, 0, 698, 25, 0, 0),
(244, 698, 'C111421009', 'In', 0, 0, 0, 0, 0, 698, 25, 0, 0),
(245, 716, 'B111272020', 'In', 0, 0, 0, 0, 0, 716, 25, 0, 0),
(246, 716, 'B111272021', 'In', 0, 0, 0, 0, 0, 716, 25, 0, 0),
(247, 995, 'B111272022', 'In', 0, 0, 0, 0, 0, 995, 25, 0, 0),
(248, 699, 'X111088004', 'In', 0, 0, 0, 0, 0, 699, 25, 0, 0),
(249, 703, 'C111625003', 'In', 0, 0, 0, 0, 0, 703, 25, 0, 0),
(250, 683, 'B111398022', 'In', 0, 0, 0, 0, 0, 683, 25, 0, 0),
(251, 683, 'B111398021', 'In', 0, 0, 0, 0, 0, 683, 25, 0, 0),
(252, 683, 'B111398026', 'In', 0, 0, 0, 0, 0, 683, 25, 0, 0),
(253, 683, 'B111388024', 'In', 0, 0, 0, 0, 0, 683, 25, 0, 0),
(254, 683, 'B111398025', 'In', 0, 0, 0, 0, 0, 683, 25, 0, 0),
(255, 683, 'B111398020', 'In', 0, 0, 0, 0, 0, 683, 25, 0, 0),
(256, 683, 'B111388026', 'In', 0, 0, 0, 0, 0, 683, 25, 0, 0),
(257, 683, 'B111070005', 'In', 0, 0, 0, 0, 0, 683, 25, 0, 0),
(258, 683, 'B111398027', 'In', 0, 0, 0, 0, 0, 683, 25, 0, 0),
(259, 683, 'B111398025', 'In', 0, 0, 0, 0, 0, 683, 25, 0, 0),
(260, 702, 'D111124001', 'In', 56, 0, 0, 0, 0, 0, 25, 0, 0),
(261, 702, 'D111124002', 'In', 56, 0, 0, 0, 0, 0, 25, 0, 0),
(271, 1096, '041717041', 'Out', 57, 81, 0, 0, 0, 0, 25, 0, 0),
(272, 1096, '041717042', 'Out', 57, 81, 0, 0, 0, 0, 25, 0, 0),
(273, 729, 'D111124005', 'In', 58, 0, 0, 0, 0, 0, 25, 0, 0),
(274, 1413, 'D111068001', 'In', 59, 0, 0, 0, 0, 0, 25, 0, 0);

-- --------------------------------------------------------

--
-- Table structure for table `item_sources`
--

CREATE TABLE IF NOT EXISTS `item_sources` (
  `item_id` int(10) NOT NULL,
  `source_id` int(10) NOT NULL,
  `item_name` varchar(100) NOT NULL,
  `purchased` varchar(100) NOT NULL,
  `purchase_manufactured` varchar(100) NOT NULL,
  PRIMARY KEY (`item_id`,`source_id`)
) ENGINE=InnoDB DEFAULT CHARSET=latin1;

-- --------------------------------------------------------

--
-- Table structure for table `item_sub_groups`
--

CREATE TABLE IF NOT EXISTS `item_sub_groups` (
  `id` int(10) NOT NULL AUTO_INCREMENT,
  `item_category_id` int(10) NOT NULL,
  `item_group_id` int(10) NOT NULL,
  `name` varchar(100) NOT NULL,
  PRIMARY KEY (`id`)
) ENGINE=InnoDB  DEFAULT CHARSET=latin1 AUTO_INCREMENT=98 ;

--
-- Dumping data for table `item_sub_groups`
--

INSERT INTO `item_sub_groups` (`id`, `item_category_id`, `item_group_id`, `name`) VALUES
(1, 1, 1, 'Combinorm Pump'),
(2, 1, 1, 'Combichem Pump'),
(3, 1, 1, 'Multistage Pumps'),
(4, 3, 7, 'BBL STD TEFC Motors'),
(5, 3, 8, 'REMI STD TEFC Motors'),
(6, 3, 7, 'BBL IE Motors'),
(7, 1, 2, 'Gear Pumps'),
(8, 1, 2, 'Three Screw Pumps'),
(9, 1, 2, 'Twin Screw Pumps'),
(10, 1, 2, 'Single Screw Pumps'),
(11, 6, 16, 'KGEN Spares'),
(13, 6, 16, 'Combinorm Pump Spares'),
(14, 6, 16, 'Valve Assembly'),
(15, 6, 17, 'NZ Pump Spares'),
(16, 6, 17, 'EXP Pumps Spares'),
(17, 6, 15, 'Three Screw Pump Spares'),
(18, 6, 15, 'Twin Screw Pump Spares'),
(19, 6, 15, 'Single Screw Pump Spares'),
(20, 6, 15, 'Gear Pump Spares'),
(21, 1, 1, 'KGEN Pumps'),
(22, 7, 22, 'RT Pump With Motor'),
(23, 2, 12, 'SS Rollers Oil'),
(24, 1, 3, 'Electronic Dosing Pump'),
(25, 6, 16, 'Combichem Pump Spares'),
(27, 7, 27, 'NZ Pump With Motor'),
(29, 6, 16, 'Johnson Multistage Spares'),
(30, 7, 26, 'KGEN Pump With Motor'),
(31, 1, 3, 'Hydraulic Diaphragm Pump'),
(32, 1, 3, 'Mechanical Diaphragm Pump'),
(33, 6, 17, 'HE Pump Spares'),
(36, 7, 26, 'Multistage With Motor'),
(37, 5, 29, 'Coupling'),
(38, 5, 30, 'Others'),
(39, 6, 31, 'Motor Spares'),
(40, 2, 12, 'Filters'),
(42, 2, 32, 'Filter Element'),
(43, 5, 30, 'Consumables'),
(44, 8, 33, 'Tranter PHE'),
(45, 4, 34, 'Cooling Units'),
(46, 7, 27, 'NS Pump With Motor'),
(47, 7, 22, 'RT Pump With Motor'),
(48, 1, 3, 'Plunger Type Dosing Pump'),
(52, 1, 4, 'Waste Water Pump'),
(53, 1, 4, 'Jumbo Pumps'),
(54, 1, 4, 'Unclog Pumps'),
(55, 1, 2, 'Tushaco Centrifugal Pump'),
(56, 1, 2, 'Shuttle Block Pumps'),
(57, 3, 35, 'CGL FLP Motors'),
(58, 3, 35, 'CGL STD TEFC Motors'),
(59, 1, 5, 'NZ Series Pump'),
(60, 1, 5, 'NS Series Pump'),
(61, 1, 1, 'Combibloc Pump'),
(62, 7, 26, 'Combinorm Pump With Motor'),
(63, 7, 26, 'Combichem Pump With Motor'),
(64, 1, 4, 'Little Jumbo Pumps'),
(65, 1, 4, 'Sinco Bloc Pump'),
(66, 7, 28, 'Hydraulic Diaphragm Pump'),
(67, 1, 1, 'Top Gear Pumps'),
(68, 6, 18, 'Waste Water Pump Spares'),
(69, 7, 26, 'FRE Pump With Motor'),
(70, 6, 19, 'HD 2017 Pump Spares'),
(71, 6, 19, 'HD 1011 Pump Spares'),
(72, 1, 4, 'Dredger Pump'),
(73, 6, 18, 'Dredger Pump Spare'),
(74, 1, 1, 'CombiTherm Pump'),
(75, 6, 16, 'Combitherm Pump Spares'),
(76, 7, 26, 'CombiTherm Pump With Motor'),
(77, 6, 16, 'Top Gear Pump Spares'),
(78, 6, 15, 'Shuttle Block Pump Spares'),
(79, 6, 37, 'Cabin Fan'),
(80, 6, 16, 'Combibloc Pump Spares'),
(81, 6, 19, 'PL 2017 Pump Spares'),
(82, 6, 19, 'PL 1011 Pump Spares'),
(83, 6, 18, 'Jumbo Pump Spares'),
(84, 6, 31, 'Remi Motor Spares'),
(85, 6, 15, 'Allweiler Spares'),
(86, 3, 13, 'Siemens STD Motors'),
(87, 3, 7, 'BBL Flame Proof'),
(89, 1, 1, 'FRE Pumps'),
(91, 6, 18, 'Cantilever Pumps'),
(92, 7, 26, 'CombiBloc With Motor'),
(93, 7, 22, 'R 20 DG With Motor'),
(95, 1, 6, 'Other Pumps'),
(96, 3, 8, 'REMI FLP Motor'),
(97, 6, 18, 'Unclog Pump Spares');

-- --------------------------------------------------------

--
-- Table structure for table `job_cards`
--

CREATE TABLE IF NOT EXISTS `job_cards` (
  `id` int(10) NOT NULL AUTO_INCREMENT,
  `sales_order_id` int(10) NOT NULL,
  `company_id` int(10) NOT NULL,
  `jc1` varchar(10) NOT NULL,
  `jc2` int(10) NOT NULL,
  `jc3` varchar(10) NOT NULL,
  `jc4` varchar(10) NOT NULL,
  `created_by` int(10) NOT NULL,
  `created_on` date NOT NULL,
  `customer_id` int(10) NOT NULL,
  `dispatch_destination` varchar(255) NOT NULL,
  `customer_po_no` varchar(50) NOT NULL,
  `required_date` date NOT NULL,
  `packing` varchar(255) NOT NULL,
  `status` varchar(20) NOT NULL,
  PRIMARY KEY (`id`)
) ENGINE=InnoDB  DEFAULT CHARSET=latin1 AUTO_INCREMENT=16 ;

--
-- Dumping data for table `job_cards`
--

INSERT INTO `job_cards` (`id`, `sales_order_id`, `company_id`, `jc1`, `jc2`, `jc3`, `jc4`, `created_by`, `created_on`, `customer_id`, `dispatch_destination`, `customer_po_no`, `required_date`, `packing`, `status`) VALUES
(1, 41, 25, 'STL', 1, 'BE-3320', '17-18', 15, '2017-04-12', 66, 'To Pay Basis Book unit to Bhilwara', '151700094', '2017-04-15', 'Normal Packing ', 'Pending'),
(2, 51, 25, 'STL', 2, 'BE-3253', '17-18', 4, '2017-05-10', 17, 'Hindustan Zinc Ltd.,\r\nDariba Smelter Complex,\r\nRD Mines Dist.- Rajasthan\r\n', '2000039196', '2017-04-14', 'Normal Packing', 'Pending'),
(3, 54, 25, 'STL', 3, 'BE-3311', '17-18', 15, '2017-04-14', 15, 'Book material To-Pay Basis Nimbahera', '4100096473', '2017-04-22', 'Cartoon Packing', 'Closed'),
(4, 66, 25, 'STL', 4, 'BE-3183', '17-18', 16, '2017-04-26', 95, 'Paid Up  to  Chittorgarh Transporter Godown.  Trolley Mounted Unit on Angle\r\n\r\n', '2000039835', '2017-05-24', 'Normal  Packing', 'Pending'),
(5, 80, 25, 'STL', 5, 'BE-3353', '17-18', 15, '2017-04-29', 51, 'Neemrana', '4700010834', '2017-05-01', 'Wooden packing', 'Pending'),
(6, 83, 25, 'STL', 6, 'BE-3364', '17-18', 11, '2017-05-03', 11, 'Beawer Transporter Godown  Paid Basis Through Aastha Logistics ', '2800635009 NE24 / Radhey Shyam', '2017-05-20', 'Normal Packing', 'Pending'),
(7, 102, 25, 'STL', 7, 'BE-3386', '17-18', 11, '2017-05-05', 30, 'Freight Paid Upto Transporter Godown Boloda Bazar \r\nThrough ARC Transport', '430092', '2017-06-09', 'Wooden Packing', 'Pending'),
(8, 115, 25, 'STL', 8, 'BE-3370', '17-18', 4, '2017-05-10', 40, 'Freight Paid Upto Transporter Godown Pali-Marwar\r\n\r\n', '4600016490', '2017-06-30', 'Wooden packing', 'Pending'),
(9, 100, 25, 'STL', 9, 'BE-3189', '17-18', 4, '2017-05-10', 40, 'Through courier .\r\nFreight Paid', '4600016431', '2017-05-31', 'Normal Packing', 'Pending'),
(10, 97, 25, 'STL', 10, 'BE-2960', '17-18', 4, '2017-05-10', 5, 'Through authorised Vichecle \r\nFreight Paid Upto Banswara door delivery Basis.\r\n\r\nImpeller Dia : 382 MM', 'H14 / CORP / 15', '2017-07-07', 'Wooden Packing', 'Pending'),
(11, 117, 25, 'STL', 11, 'BE-3', '17-18', 4, '2017-05-10', 95, 'Aastha logistic Paid Upto Chittor Transporter Godown.\r\n', '2000040414 / 4100088317', '2017-06-30', 'Wooden Packing\r\n(Motor Frame -132S)', 'Pending'),
(14, 47, 25, 'STL', 12, 'BE-3375', '17-18', 4, '2017-05-11', 123, 'Hand Delivery \r\n', '4500294926', '2017-05-30', 'Normal Packing', 'Pending'),
(15, 79, 25, 'STL', 13, 'BE-3291', '17-18', 12, '2017-05-12', 111, 'Nadbai / Bharatpur', 'RCDF/CFP/NAD/F.( )/2016/3724', '2017-05-13', 'Wooden Packing', 'Pending');

-- --------------------------------------------------------

--
-- Table structure for table `job_card_rows`
--

CREATE TABLE IF NOT EXISTS `job_card_rows` (
  `id` int(10) NOT NULL AUTO_INCREMENT,
  `job_card_id` int(10) NOT NULL,
  `sales_order_row_id` int(10) NOT NULL,
  `item_id` int(10) NOT NULL,
  `quantity` int(10) NOT NULL,
  `remark` varchar(255) NOT NULL,
  PRIMARY KEY (`id`)
) ENGINE=InnoDB  DEFAULT CHARSET=latin1 AUTO_INCREMENT=248 ;

--
-- Dumping data for table `job_card_rows`
--

INSERT INTO `job_card_rows` (`id`, `job_card_id`, `sales_order_row_id`, `item_id`, `quantity`, `remark`) VALUES
(2, 1, 241, 685, 2, 'KGEN pump with SS Impeller '),
(3, 1, 241, 1145, 2, ''),
(4, 1, 241, 897, 2, ''),
(5, 1, 241, 888, 2, ''),
(6, 1, 241, 863, 2, ''),
(7, 1, 241, 1021, 16, ''),
(8, 1, 241, 1030, 16, ''),
(9, 1, 241, 1035, 32, ''),
(10, 1, 241, 1017, 4, ''),
(11, 1, 241, 1034, 8, ''),
(12, 1, 241, 1029, 4, ''),
(13, 1, 241, 1048, 2, ''),
(14, 1, 241, 788, 2, ''),
(21, 3, 384, 1152, 750, 'CCR 25 160 Pump Shaft  Qty 2 Nos.) 750 MM'),
(49, 4, 265, 682, 2, 'Delivery On or before 24.05.2017'),
(50, 4, 265, 589, 2, ''),
(51, 4, 265, 863, 2, ''),
(52, 4, 265, 888, 2, ''),
(53, 4, 265, 897, 2, ''),
(54, 4, 265, 1048, 2, ''),
(55, 4, 265, 1017, 4, ''),
(56, 4, 265, 1029, 12, ''),
(57, 4, 265, 1018, 8, ''),
(58, 4, 265, 1034, 24, ''),
(59, 4, 265, 1021, 8, ''),
(60, 4, 265, 1030, 8, ''),
(61, 4, 265, 1035, 16, ''),
(62, 4, 265, 1299, 8, ''),
(74, 5, 390, 730, 1, 'Pump Convert gland to mechanical seal and Impeller dia 159 mm'),
(75, 5, 390, 569, 1, ''),
(76, 5, 390, 897, 1, ''),
(77, 5, 390, 863, 1, ''),
(78, 5, 390, 888, 1, ''),
(79, 5, 390, 1021, 4, ''),
(80, 5, 390, 1020, 4, ''),
(81, 5, 390, 1017, 2, ''),
(82, 5, 390, 1035, 20, ''),
(83, 5, 390, 1030, 8, ''),
(84, 5, 390, 1029, 2, ''),
(101, 6, 371, 731, 2, 'CCR 32 160 R6 S2 L3 with Siemens Make IE 3 Motor  Impeller DIA 161 MM Required'),
(102, 6, 371, 1195, 2, ''),
(103, 6, 371, 863, 2, ''),
(104, 6, 371, 897, 2, ''),
(105, 6, 371, 1024, 8, ''),
(106, 6, 371, 1020, 4, ''),
(107, 6, 371, 888, 2, ''),
(108, 6, 371, 1017, 4, ''),
(109, 6, 371, 1021, 8, ''),
(110, 6, 371, 1031, 8, ''),
(111, 6, 371, 1036, 16, ''),
(112, 6, 371, 1029, 4, ''),
(113, 6, 371, 1034, 8, ''),
(114, 6, 371, 1035, 24, ''),
(115, 6, 371, 1030, 12, ''),
(116, 6, 371, 1048, 2, ''),
(133, 7, 426, 715, 1, 'CN 50 200 G1 S2 L3 with REMI make 7.5 HP /2900 RPM Impeller Dia 178'),
(134, 7, 426, 1145, 1, ''),
(135, 7, 426, 863, 1, ''),
(136, 7, 426, 888, 1, ''),
(137, 7, 426, 897, 1, ''),
(138, 7, 426, 1048, 1, ''),
(139, 7, 426, 1017, 2, ''),
(140, 7, 426, 1029, 2, ''),
(141, 7, 426, 1034, 4, ''),
(142, 7, 426, 1020, 2, ''),
(143, 7, 426, 1021, 4, ''),
(144, 7, 426, 1030, 6, ''),
(145, 7, 426, 1035, 12, ''),
(146, 7, 426, 1024, 4, ''),
(147, 7, 426, 1031, 4, ''),
(148, 7, 426, 1036, 8, ''),
(155, 2, 217, 1212, 900, 'Shaft EXP 160 CT (2)'),
(156, 11, 489, 603, 1, 'Delivery on Or before 30.06.2017 ('),
(157, 11, 489, 1359, 1, ''),
(158, 11, 489, 897, 1, ''),
(159, 11, 489, 864, 1, ''),
(160, 11, 489, 888, 1, ''),
(161, 11, 489, 1048, 1, ''),
(162, 11, 489, 1024, 6, ''),
(163, 11, 489, 1031, 6, ''),
(164, 11, 489, 1036, 12, ''),
(165, 11, 489, 1017, 2, ''),
(166, 11, 489, 1029, 2, ''),
(167, 11, 489, 1034, 4, ''),
(175, 8, 490, 1373, 3, 'Impeller Dia : 180 MM'),
(176, 8, 490, 558, 3, ''),
(177, 8, 490, 897, 3, ''),
(178, 8, 490, 863, 3, ''),
(179, 8, 490, 888, 3, ''),
(180, 8, 490, 1048, 3, ''),
(181, 8, 490, 1024, 12, ''),
(182, 8, 490, 1031, 12, ''),
(183, 8, 490, 1036, 24, ''),
(184, 8, 490, 1020, 6, ''),
(185, 8, 490, 1030, 6, ''),
(186, 8, 490, 1035, 12, ''),
(187, 8, 490, 1017, 6, ''),
(188, 8, 490, 1018, 12, ''),
(189, 8, 490, 1029, 18, ''),
(190, 8, 490, 1034, 36, ''),
(218, 14, 188, 605, 1, 'Delivery Through authorised Vehicle'),
(219, 14, 188, 1209, 1, ''),
(220, 14, 188, 864, 1, ''),
(221, 14, 188, 897, 1, ''),
(222, 14, 188, 888, 1, ''),
(223, 14, 188, 1048, 1, ''),
(224, 14, 188, 1024, 4, ''),
(225, 14, 188, 1031, 4, ''),
(226, 14, 188, 1036, 8, ''),
(227, 14, 188, 1017, 2, ''),
(228, 14, 188, 1029, 2, ''),
(229, 14, 188, 1034, 4, ''),
(230, 14, 188, 1021, 4, ''),
(231, 14, 188, 1030, 4, ''),
(232, 14, 188, 1035, 8, ''),
(233, 15, 505, 605, 1, 'Delivery through Jaipur Golden Transport on TO PAY Basis'),
(234, 15, 505, 580, 1, ''),
(235, 15, 505, 863, 1, ''),
(236, 15, 505, 897, 1, ''),
(237, 15, 505, 888, 1, ''),
(238, 15, 505, 1048, 1, ''),
(239, 15, 505, 1024, 4, ''),
(240, 15, 505, 1031, 4, ''),
(241, 15, 505, 1036, 8, ''),
(242, 15, 505, 1017, 2, ''),
(243, 15, 505, 1029, 2, ''),
(244, 15, 505, 1034, 4, ''),
(245, 15, 505, 1021, 4, ''),
(246, 15, 505, 1030, 4, ''),
(247, 15, 505, 1035, 8, '');

-- --------------------------------------------------------

--
-- Table structure for table `journal_vouchers`
--

CREATE TABLE IF NOT EXISTS `journal_vouchers` (
  `id` int(10) NOT NULL AUTO_INCREMENT,
  `voucher_no` varchar(10) NOT NULL,
  `created_on` date NOT NULL,
  `transaction_date` date NOT NULL,
  `narration` text NOT NULL,
  `company_id` int(11) NOT NULL,
  `created_by` int(11) NOT NULL,
  `edited_on` date NOT NULL,
  `edited_by` int(11) NOT NULL,
  PRIMARY KEY (`id`)
) ENGINE=InnoDB  DEFAULT CHARSET=latin1 AUTO_INCREMENT=10 ;

--
-- Dumping data for table `journal_vouchers`
--

INSERT INTO `journal_vouchers` (`id`, `voucher_no`, `created_on`, `transaction_date`, `narration`, `company_id`, `created_by`, `edited_on`, `edited_by`) VALUES
(1, '1', '2017-05-07', '2017-04-17', '', 25, 16, '2017-05-13', 16),
(2, '2', '2017-05-07', '2017-04-30', '', 25, 16, '2017-05-13', 16),
(3, '3', '0000-00-00', '2017-04-30', '', 25, 16, '2017-05-13', 16),
(4, '4', '2017-05-07', '2017-05-05', '', 25, 16, '2017-05-13', 16),
(5, '1', '2017-05-07', '2017-04-30', '', 27, 16, '0000-00-00', 0),
(6, '5', '2017-05-19', '2017-04-01', '', 25, 16, '0000-00-00', 0),
(7, '6', '2017-05-19', '2017-04-01', '', 25, 16, '0000-00-00', 0),
(8, '7', '2017-05-19', '2017-04-01', '', 25, 16, '0000-00-00', 0),
(9, '8', '2017-05-19', '2017-04-01', '', 25, 16, '0000-00-00', 0);

-- --------------------------------------------------------

--
-- Table structure for table `journal_voucher_rows`
--

CREATE TABLE IF NOT EXISTS `journal_voucher_rows` (
  `id` int(10) NOT NULL AUTO_INCREMENT,
  `journal_voucher_id` int(10) NOT NULL,
  `received_from_id` int(10) NOT NULL,
  `cr_dr` varchar(10) NOT NULL,
  `amount` int(10) NOT NULL,
  `narration` varchar(100) NOT NULL,
  `auto_inc` int(11) NOT NULL,
  PRIMARY KEY (`id`)
) ENGINE=InnoDB  DEFAULT CHARSET=latin1 AUTO_INCREMENT=62 ;

--
-- Dumping data for table `journal_voucher_rows`
--

INSERT INTO `journal_voucher_rows` (`id`, `journal_voucher_id`, `received_from_id`, `cr_dr`, `amount`, `narration`, `auto_inc`) VALUES
(29, 5, 586, 'Dr', 750, 'DSC food bill april 2017', 0),
(30, 5, 589, 'Dr', 240, 'PP food bill 2017', 1),
(31, 5, 344, 'Cr', 990, 'DSC and pallav food bill april 2017', 2),
(32, 4, 614, 'Cr', 650, 'VSM & Devraj SK Mines visit 2.5.17 for pump seal issue', 0),
(33, 4, 614, 'Cr', 442, 'VSM visit JK Mangrol for seal issue CCR 25 160 dt. 26.4.17', 1),
(34, 4, 125, 'Dr', 1092, 'VSM visit skmines 2.5.17 and JK magrol 26.4.17', 2),
(35, 2, 22, 'Cr', 795, 'Jagdish travel to abu road 7.4.17 bhansali, kian and modern.', 0),
(36, 2, 22, 'Cr', 234, 'local conveyance april 2017 madri, umarda etc', 1),
(37, 2, 125, 'Dr', 1029, 'jagdish travel to abu road 7.4.17 bhansali kian and modern', 2),
(38, 2, 134, 'Dr', 230, 'mala expenses for april 2017', 3),
(39, 2, 52, 'Cr', 230, 'mala for april 2017 month ofr office', 4),
(40, 2, 134, 'Dr', 750, 'dress stiching bill for jitendra delux tailor 2539 bill attached', 5),
(41, 2, 31, 'Cr', 750, 'dress stiching bill for jitendra delux tailor 2539 bill attached', 6),
(42, 2, 134, 'Dr', 750, 'dress stiching bill for b s jhala ideal tailor bill attached', 7),
(43, 2, 46, 'Cr', 750, 'dress stiching bill for b s jhala ideal tailor bill attached', 8),
(44, 3, 44, 'Dr', 600, 'PNC food bill for april 2017', 0),
(45, 3, 547, 'Dr', 80, 'jayanti food bill for april 2017', 1),
(46, 3, 294, 'Dr', 450, 'MA foor bill for april 2017', 2),
(47, 3, 22, 'Dr', 80, 'JS food bill april 2017', 3),
(48, 3, 45, 'Dr', 80, 'Vikram rao food bill april 2017', 4),
(49, 3, 135, 'Cr', 1290, 'food bill for PNC MA HS VR for april 2017', 5),
(50, 1, 44, 'Cr', 80, 'PNC visit vikram cement on 5.4.17 with prakash chhajed', 0),
(51, 1, 44, 'Cr', 4050, 'PNC and JS visit to shree cement and ambuja cement dt, 17.4.17', 1),
(52, 1, 44, 'Cr', 840, 'PNC with vikram singh trinetra cement 1.4.17', 2),
(53, 1, 125, 'Dr', 4970, 'PNC visit vikram cement 5.4.17, shree cement 17.4.17 , trinetra cement 1.4.17', 3),
(54, 6, 474, 'Dr', 52329, 'Recd credit note agst Debit note 16', 0),
(55, 6, 544, 'Cr', 52329, 'Recd credit note agst Debit note 16 from SPX', 1),
(56, 7, 474, 'Dr', 8619, 'recd agst debit note DN 01', 0),
(57, 7, 544, 'Cr', 8619, 'recd agst debit note DN 01  SPX flow', 1),
(58, 8, 474, 'Dr', 5143, 'recd agst debit note DN6 from spx', 0),
(59, 8, 544, 'Cr', 5143, 'recd agst debit note DN6 from spx', 1),
(60, 9, 474, 'Dr', 15059, 'recd credit note note agst DN 17 from spx', 0),
(61, 9, 544, 'Cr', 15059, 'recd credit note note agst DN 17 from spx', 1);

-- --------------------------------------------------------

--
-- Table structure for table `leave_types`
--

CREATE TABLE IF NOT EXISTS `leave_types` (
  `id` int(10) NOT NULL AUTO_INCREMENT,
  `leave_name` varchar(100) NOT NULL,
  `maximum_leave_in_month` decimal(4,2) NOT NULL,
  PRIMARY KEY (`id`)
) ENGINE=MyISAM  DEFAULT CHARSET=latin1 AUTO_INCREMENT=2 ;

--
-- Dumping data for table `leave_types`
--

INSERT INTO `leave_types` (`id`, `leave_name`, `maximum_leave_in_month`) VALUES
(1, 'Casual Leave', '1.25');

-- --------------------------------------------------------

--
-- Table structure for table `ledgers`
--

CREATE TABLE IF NOT EXISTS `ledgers` (
  `id` int(11) NOT NULL AUTO_INCREMENT,
  `transaction_date` date NOT NULL,
  `ledger_account_id` int(10) NOT NULL,
  `debit` decimal(18,2) NOT NULL,
  `credit` decimal(18,2) NOT NULL,
  `voucher_id` int(10) NOT NULL,
  `voucher_source` varchar(255) NOT NULL,
  `company_id` int(11) NOT NULL,
  `ref_no` varchar(100) DEFAULT NULL,
  PRIMARY KEY (`id`)
) ENGINE=InnoDB  DEFAULT CHARSET=latin1 AUTO_INCREMENT=1934 ;

--
-- Dumping data for table `ledgers`
--

INSERT INTO `ledgers` (`id`, `transaction_date`, `ledger_account_id`, `debit`, `credit`, `voucher_id`, `voucher_source`, `company_id`, `ref_no`) VALUES
(33, '2017-04-01', 399, '0.00', '771700.00', 0, 'Opening Balance', 25, 'NIL'),
(34, '2017-04-01', 400, '0.00', '3620029.47', 0, 'Opening Balance', 25, 'Op.'),
(35, '2017-04-01', 401, '0.00', '3464263.00', 0, 'Opening Balance', 25, 'Op'),
(36, '2017-04-01', 402, '0.00', '1135420.00', 0, 'Opening Balance', 25, 'Op'),
(37, '2017-04-01', 403, '0.00', '263741.00', 0, 'Opening Balance', 25, 'Op'),
(38, '2017-04-01', 147, '0.00', '250244.40', 0, 'Opening Balance', 25, 'Op'),
(39, '2017-04-01', 149, '0.00', '643170.50', 0, 'Opening Balance', 25, 'Op'),
(40, '2017-04-01', 406, '0.00', '0.00', 0, 'Opening Balance', 25, ''),
(42, '2017-04-01', 405, '0.00', '0.00', 0, 'Opening Balance', 25, 'Op'),
(43, '2017-04-01', 408, '0.00', '73265.00', 0, 'Opening Balance', 25, 'Op'),
(44, '2017-04-01', 407, '0.00', '24000.00', 0, 'Opening Balance', 25, 'Op'),
(45, '2017-04-01', 409, '0.00', '13450.00', 0, 'Opening Balance', 25, 'Op'),
(46, '2017-04-01', 411, '0.00', '40147.00', 0, 'Opening Balance', 25, 'Op'),
(47, '2017-04-01', 413, '0.00', '71428.00', 0, 'Opening Balance', 25, 'Op'),
(48, '2017-04-01', 412, '0.00', '176240.00', 0, 'Opening Balance', 25, 'Op'),
(49, '2017-04-01', 23, '0.00', '100.00', 0, 'Opening Balance', 25, '001'),
(51, '2017-04-01', 414, '0.00', '25000.00', 0, 'Opening Balance', 25, 'Op.'),
(52, '2017-04-01', 415, '0.00', '8000.00', 0, 'Opening Balance', 25, 'Op'),
(53, '2017-04-01', 416, '0.00', '26000.00', 0, 'Opening Balance', 25, 'Op.'),
(54, '2017-04-01', 418, '0.00', '48000.00', 0, 'Opening Balance', 25, 'Op.'),
(55, '2017-04-01', 417, '0.00', '14000.00', 0, 'Opening Balance', 25, 'Op.'),
(56, '2017-04-01', 419, '0.00', '12500.00', 0, 'Opening Balance', 25, 'Op.'),
(57, '2017-04-01', 420, '0.00', '50000.00', 0, 'Opening Balance', 25, 'Op.'),
(58, '2017-04-01', 421, '0.00', '41000.00', 0, 'Opening Balance', 25, 'Op.'),
(59, '2017-04-01', 422, '0.00', '24000.00', 0, 'Opening Balance', 25, 'op.'),
(60, '2017-04-01', 423, '0.00', '24000.00', 0, 'Opening Balance', 25, 'Op.'),
(61, '2017-04-01', 428, '0.00', '2000.00', 0, 'Opening Balance', 25, 'AmbujaSharma'),
(62, '2017-04-01', 428, '0.00', '6000.00', 0, 'Opening Balance', 25, 'AshokRana'),
(63, '2017-04-01', 428, '0.00', '2500.00', 0, 'Opening Balance', 25, 'Dashrath'),
(64, '2017-04-01', 428, '0.00', '5000.00', 0, 'Opening Balance', 25, 'DeepakVerma'),
(65, '2017-04-01', 428, '0.00', '3000.00', 0, 'Opening Balance', 25, 'DineshVaishnav'),
(66, '2017-04-01', 428, '0.00', '2500.00', 0, 'Opening Balance', 25, 'GajendraTanwar'),
(67, '2017-04-01', 428, '0.00', '4500.00', 0, 'Opening Balance', 25, 'GurpreetKaur'),
(68, '2017-04-01', 428, '0.00', '8000.00', 0, 'Opening Balance', 25, 'Gyaneshwar'),
(69, '2017-04-01', 428, '0.00', '3000.00', 0, 'Opening Balance', 25, 'Hozefa'),
(70, '2017-04-01', 428, '0.00', '11500.00', 0, 'Opening Balance', 25, 'PradeepSisodiya'),
(71, '2017-04-01', 428, '0.00', '5000.00', 0, 'Opening Balance', 25, 'Saiffuddin'),
(72, '2017-04-01', 428, '0.00', '12000.00', 0, 'Opening Balance', 25, 'SawaiSingh'),
(73, '2017-04-01', 428, '0.00', '48000.00', 0, 'Opening Balance', 25, 'VijayGohil'),
(74, '2017-04-01', 428, '0.00', '3000.00', 0, 'Opening Balance', 25, 'VinayBhatnagar'),
(75, '2017-04-01', 428, '0.00', '6000.00', 0, 'Opening Balance', 25, 'Yogeshnagar'),
(76, '2017-04-01', 428, '0.00', '3000.00', 0, 'Opening Balance', 25, 'Zainab'),
(77, '2017-04-01', 430, '500.00', '0.00', 0, 'Opening Balance', 25, 'Op.'),
(78, '2017-04-01', 431, '9900.00', '0.00', 0, 'Opening Balance', 25, 'Op.'),
(79, '2017-04-01', 432, '12000.00', '0.00', 0, 'Opening Balance', 25, 'Op.'),
(80, '2017-04-01', 152, '492222.98', '0.00', 0, 'Opening Balance', 25, 'Op.'),
(81, '2017-04-01', 153, '11549961.10', '0.00', 0, 'Opening Balance', 25, 'Op.'),
(82, '2017-04-01', 155, '625700.00', '0.00', 0, 'Opening Balance', 25, 'Op.'),
(83, '2017-04-01', 434, '4264387.69', '0.00', 0, 'Opening Balance', 25, 'Op.'),
(84, '2017-04-01', 433, '161709.00', '0.00', 0, 'Opening Balance', 25, 'Op.'),
(85, '2017-04-01', 436, '68404.00', '0.00', 0, 'Opening Balance', 25, 'Op.'),
(86, '2017-04-01', 435, '100000.00', '0.00', 0, 'Opening Balance', 25, 'Op.'),
(87, '2017-04-01', 437, '0.00', '448838.00', 0, 'Opening Balance', 25, 'Op.'),
(88, '2017-04-01', 438, '0.00', '1810970.00', 0, 'Opening Balance', 25, 'Op.'),
(89, '2017-04-01', 439, '0.00', '524516.00', 0, 'Opening Balance', 25, 'Op.'),
(90, '2017-04-01', 440, '0.00', '2470979.00', 0, 'Opening Balance', 25, 'Op.'),
(91, '2017-04-01', 442, '3000.00', '0.00', 0, 'Opening Balance', 25, 'Op.'),
(92, '2017-04-01', 444, '864850.00', '0.00', 0, 'Opening Balance', 25, 'Op.'),
(93, '2017-04-01', 446, '203656.00', '0.00', 0, 'Opening Balance', 25, 'Op.'),
(94, '2017-04-01', 443, '45001.00', '0.00', 0, 'Opening Balance', 25, 'Op.'),
(95, '2017-04-01', 443, '7300.00', '0.00', 0, 'Opening Balance', 25, 'IOCL'),
(96, '2017-04-01', 443, '51485.00', '0.00', 0, 'Opening Balance', 25, 'PHED'),
(97, '2017-04-01', 443, '35000.00', '0.00', 0, 'Opening Balance', 25, 'CTPP'),
(98, '2017-04-01', 443, '2500.00', '0.00', 0, 'Opening Balance', 25, 'HCL'),
(99, '2017-04-01', 451, '117279.00', '0.00', 0, 'Opening Balance', 25, 'Op.'),
(100, '2017-04-01', 452, '509045.00', '0.00', 0, 'Opening Balance', 25, 'Op.'),
(101, '2017-04-01', 453, '10000.00', '0.00', 0, 'Opening Balance', 25, 'Op.'),
(102, '2017-04-01', 454, '0.00', '0.00', 0, 'Opening Balance', 25, 'Op.'),
(103, '2017-04-01', 32, '12000.00', '0.00', 0, 'Opening Balance', 25, 'Op.'),
(104, '2017-04-01', 142, '495007.38', '0.00', 0, 'Opening Balance', 25, 'Op.'),
(105, '2017-04-01', 145, '252097.20', '0.00', 0, 'Opening Balance', 25, 'Op.'),
(106, '2017-04-01', 301, '21846.60', '0.00', 0, 'Opening Balance', 25, 'V500'),
(107, '2017-04-01', 301, '7912.50', '0.00', 0, 'Opening Balance', 25, 'V526'),
(108, '2017-04-01', 274, '45500.75', '0.00', 0, 'Opening Balance', 25, 'V432'),
(109, '2017-04-01', 274, '22511.00', '0.00', 0, 'Opening Balance', 25, 'V505'),
(110, '2017-04-01', 69, '31492.50', '0.00', 0, 'Opening Balance', 25, 'R071'),
(111, '2017-04-01', 91, '209396.66', '0.00', 0, 'Opening Balance', 25, 'V410'),
(112, '2017-04-01', 369, '67802.22', '0.00', 0, 'Opening Balance', 25, 'V475'),
(113, '2017-04-01', 369, '43838.42', '0.00', 0, 'Opening Balance', 25, 'V493'),
(114, '2017-04-01', 368, '91283.98', '0.00', 0, 'Opening Balance', 25, 'V516'),
(115, '2017-04-01', 368, '91575.32', '0.00', 0, 'Opening Balance', 25, 'V517'),
(116, '2017-04-01', 23, '94052.50', '0.00', 0, 'Opening Balance', 25, 'R069'),
(117, '2017-04-01', 23, '197870.00', '0.00', 0, 'Opening Balance', 25, 'R072'),
(118, '2017-04-01', 54, '103925.00', '0.00', 0, 'Opening Balance', 25, 'V510'),
(119, '2017-04-01', 299, '7763.43', '0.00', 0, 'Opening Balance', 25, 'V509'),
(120, '2017-04-01', 89, '15650.59', '0.00', 0, 'Opening Balance', 25, 'V390'),
(121, '2017-04-01', 374, '173291.14', '0.00', 0, 'Opening Balance', 25, 'V511'),
(122, '2017-04-01', 372, '6630.00', '0.00', 0, 'Opening Balance', 25, 'V514'),
(123, '2017-04-01', 372, '4420.00', '0.00', 0, 'Opening Balance', 25, 'V530'),
(124, '2017-04-01', 275, '9697.44', '0.00', 0, 'Opening Balance', 25, 'V489'),
(125, '2017-04-01', 275, '67757.38', '0.00', 0, 'Opening Balance', 25, 'V490'),
(126, '2017-04-01', 97, '32577.40', '0.00', 0, 'Opening Balance', 25, 'V525'),
(127, '2017-04-01', 63, '293187.50', '0.00', 0, 'Opening Balance', 25, 'R070'),
(128, '2017-04-01', 64, '75837.00', '0.00', 0, 'Opening Balance', 25, 'R066'),
(129, '2017-04-01', 64, '26718.34', '0.00', 0, 'Opening Balance', 25, 'R065'),
(130, '2017-04-01', 64, '61994.58', '0.00', 0, 'Opening Balance', 25, 'R067'),
(131, '2017-04-01', 73, '52441.68', '0.00', 0, 'Opening Balance', 25, 'V524'),
(132, '2017-04-01', 39, '0.00', '90603.80', 0, 'Opening Balance', 25, 'Op.'),
(133, '2017-04-01', 41, '56225.17', '0.00', 0, 'Opening Balance', 25, 'V502'),
(134, '2017-04-01', 41, '53906.28', '0.00', 0, 'Opening Balance', 25, 'V501'),
(135, '2017-04-01', 41, '49008.72', '0.00', 0, 'Opening Balance', 25, 'V512'),
(136, '2017-04-01', 41, '52044.21', '0.00', 0, 'Opening Balance', 25, 'V513'),
(137, '2017-04-01', 41, '17618.50', '0.00', 0, 'Opening Balance', 25, 'V521'),
(138, '2017-04-01', 41, '36879.51', '0.00', 0, 'Opening Balance', 25, 'V523'),
(139, '2017-04-01', 41, '19788.84', '0.00', 0, 'Opening Balance', 25, 'V528'),
(140, '2017-04-01', 41, '19261.01', '0.00', 0, 'Opening Balance', 25, 'V529'),
(141, '2017-04-01', 28, '10634.40', '0.00', 0, 'Opening Balance', 25, 'V280'),
(142, '2017-04-01', 25, '59936.95', '0.00', 0, 'Opening Balance', 25, 'V434'),
(143, '2017-04-01', 58, '14700.00', '0.00', 0, 'Opening Balance', 25, 'V396'),
(144, '2017-04-01', 273, '84302.45', '0.00', 0, 'Opening Balance', 25, 'V118'),
(145, '2017-04-01', 273, '43300.00', '0.00', 0, 'Opening Balance', 25, 'V200'),
(146, '2017-04-01', 273, '19035.90', '0.00', 0, 'Opening Balance', 25, 'V295'),
(147, '2017-04-01', 93, '3851.13', '0.00', 0, 'Opening Balance', 25, 'V508'),
(148, '2017-04-01', 93, '0.00', '0.00', 0, 'Opening Balance', 25, '3'),
(149, '2017-04-01', 291, '121314.72', '0.00', 0, 'Opening Balance', 25, 'V310'),
(150, '2017-04-01', 291, '110968.86', '0.00', 0, 'Opening Balance', 25, 'V309'),
(172, '2017-04-01', 479, '0.00', '132680.00', 0, 'Opening Balance', 25, '801'),
(173, '2017-04-01', 479, '0.00', '3488.00', 0, 'Opening Balance', 25, 'SA298'),
(174, '2017-04-01', 479, '0.00', '253389.00', 0, 'Opening Balance', 25, '800'),
(175, '2017-04-01', 479, '0.00', '29491.00', 0, 'Opening Balance', 25, 'SA297'),
(176, '2017-04-01', 479, '0.00', '180020.00', 0, 'Opening Balance', 25, '835'),
(177, '2017-04-01', 479, '0.00', '94677.00', 0, 'Opening Balance', 25, 'Op.'),
(178, '2017-04-01', 481, '0.00', '9563.00', 0, 'Opening Balance', 25, 'T157'),
(179, '2017-04-01', 481, '0.00', '3022.00', 0, 'Opening Balance', 25, '616'),
(180, '2017-04-01', 481, '0.00', '2945.00', 0, 'Opening Balance', 25, '632'),
(181, '2017-04-01', 481, '0.00', '1511.00', 0, 'Opening Balance', 25, '647'),
(182, '2017-04-01', 481, '0.00', '6503.00', 0, 'Opening Balance', 25, 'T169'),
(183, '2017-04-01', 481, '0.00', '6082.00', 0, 'Opening Balance', 25, '646'),
(184, '2017-04-01', 481, '0.00', '9486.00', 0, 'Opening Balance', 25, '671'),
(185, '2017-04-01', 475, '0.00', '15342.00', 0, 'Opening Balance', 25, '938'),
(186, '2017-04-01', 478, '0.00', '25245.00', 0, 'Opening Balance', 25, 'Op.'),
(187, '2017-04-01', 480, '0.00', '5005.00', 0, 'Opening Balance', 25, '3888V/17'),
(188, '2017-04-01', 480, '0.00', '6203.00', 0, 'Opening Balance', 25, '3887V/17'),
(189, '2017-04-01', 480, '0.00', '24153.00', 0, 'Opening Balance', 25, '3886V/17'),
(190, '2017-04-01', 480, '0.00', '8190.00', 0, 'Opening Balance', 25, '3885V/17'),
(193, '2017-04-01', 476, '0.00', '90652.50', 0, 'Opening Balance', 25, '0101602456'),
(194, '2017-04-01', 476, '0.00', '5163.75', 0, 'Opening Balance', 25, '0101602525'),
(195, '2017-04-01', 476, '0.00', '20196.00', 0, 'Opening Balance', 25, '0101602632'),
(242, '2017-04-11', 94, '25847.50', '0.00', 16, 'Invoice', 25, NULL),
(243, '2017-04-11', 37, '0.00', '24500.00', 16, 'Invoice', 25, NULL),
(244, '2017-04-11', 488, '0.00', '1347.50', 16, 'Invoice', 25, NULL),
(257, '2017-04-12', 54, '115452.87', '0.00', 21, 'Invoice', 25, NULL),
(258, '2017-04-12', 37, '0.00', '109434.00', 21, 'Invoice', 25, NULL),
(259, '2017-04-12', 488, '0.00', '6018.87', 21, 'Invoice', 25, NULL),
(275, '2017-04-13', 381, '89016.68', '0.00', 27, 'Invoice', 25, NULL),
(276, '2017-04-13', 37, '0.00', '84376.00', 27, 'Invoice', 25, NULL),
(277, '2017-04-13', 488, '0.00', '4640.68', 27, 'Invoice', 25, NULL),
(290, '2017-04-14', 461, '18736.80', '0.00', 31, 'Invoice', 25, NULL),
(291, '2017-04-14', 37, '0.00', '17760.00', 31, 'Invoice', 25, NULL),
(292, '2017-04-14', 488, '0.00', '976.80', 31, 'Invoice', 25, NULL),
(321, '2017-04-17', 534, '43255.00', '0.00', 34, 'Invoice', 27, NULL),
(322, '2017-04-17', 311, '0.00', '41000.00', 34, 'Invoice', 27, NULL),
(323, '2017-04-17', 505, '0.00', '2255.00', 34, 'Invoice', 27, NULL),
(324, '2017-04-17', 543, '95996.56', '0.00', 35, 'Invoice', 27, NULL),
(325, '2017-04-17', 311, '0.00', '90992.00', 35, 'Invoice', 27, NULL),
(326, '2017-04-17', 505, '0.00', '5004.56', 35, 'Invoice', 27, NULL),
(327, '2017-04-17', 514, '31333.50', '0.00', 36, 'Invoice', 27, NULL),
(328, '2017-04-17', 311, '0.00', '29700.00', 36, 'Invoice', 27, NULL),
(329, '2017-04-17', 505, '0.00', '1633.50', 36, 'Invoice', 27, NULL),
(330, '2017-04-17', 545, '59618.05', '0.00', 37, 'Invoice', 27, NULL),
(331, '2017-04-17', 311, '0.00', '56510.00', 37, 'Invoice', 27, NULL),
(332, '2017-04-17', 505, '0.00', '3108.05', 37, 'Invoice', 27, NULL),
(333, '2017-04-17', 513, '22682.50', '0.00', 38, 'Invoice', 27, NULL),
(334, '2017-04-17', 311, '0.00', '21500.00', 38, 'Invoice', 27, NULL),
(335, '2017-04-17', 505, '0.00', '1182.50', 38, 'Invoice', 27, NULL),
(336, '2017-04-17', 513, '9231.25', '0.00', 39, 'Invoice', 27, NULL),
(337, '2017-04-17', 311, '0.00', '8750.00', 39, 'Invoice', 27, NULL),
(338, '2017-04-17', 505, '0.00', '481.25', 39, 'Invoice', 27, NULL),
(349, '2017-04-03', 275, '0.00', '9697.44', 2, 'Receipt Voucher', 25, NULL),
(350, '2017-04-03', 544, '0.44', '0.00', 2, 'Receipt Voucher', 25, NULL),
(351, '2017-04-03', 145, '9697.00', '0.00', 2, 'Receipt Voucher', 25, NULL),
(356, '2017-04-15', 63, '0.00', '293187.50', 1, 'Receipt Voucher', 25, NULL),
(357, '2017-04-15', 544, '0.50', '0.00', 1, 'Receipt Voucher', 25, NULL),
(358, '2017-04-15', 145, '293187.00', '0.00', 1, 'Receipt Voucher', 25, NULL),
(361, '2017-04-03', 274, '0.00', '22511.00', 3, 'Receipt Voucher', 25, NULL),
(362, '2017-04-03', 145, '22511.00', '0.00', 3, 'Receipt Voucher', 25, NULL),
(363, '2017-04-24', 23, '0.00', '197870.00', 4, 'Receipt Voucher', 25, NULL),
(364, '2017-04-24', 145, '197870.00', '0.00', 4, 'Receipt Voucher', 25, NULL),
(365, '2017-04-06', 291, '0.00', '231873.00', 5, 'Receipt Voucher', 25, NULL),
(366, '2017-04-06', 145, '231873.00', '0.00', 5, 'Receipt Voucher', 25, NULL),
(379, '2017-04-06', 456, '0.00', '655365.00', 6, 'Receipt Voucher', 25, NULL),
(380, '2017-04-06', 145, '655365.00', '0.00', 6, 'Receipt Voucher', 25, NULL),
(381, '2017-04-06', 461, '0.00', '22560.00', 7, 'Receipt Voucher', 25, NULL),
(382, '2017-04-06', 145, '22560.00', '0.00', 7, 'Receipt Voucher', 25, NULL),
(389, '2017-04-20', 374, '0.00', '173291.14', 11, 'Receipt Voucher', 25, NULL),
(390, '2017-04-20', 544, '13.80', '0.00', 11, 'Receipt Voucher', 25, NULL),
(391, '2017-04-20', 145, '173277.34', '0.00', 11, 'Receipt Voucher', 25, NULL),
(399, '2017-04-21', 94, '0.00', '25847.50', 8, 'Receipt Voucher', 25, NULL),
(400, '2017-04-21', 544, '0.50', '0.00', 8, 'Receipt Voucher', 25, NULL),
(401, '2017-04-21', 145, '25847.00', '0.00', 8, 'Receipt Voucher', 25, NULL),
(422, '2017-04-06', 369, '0.00', '111640.64', 12, 'Receipt Voucher', 25, NULL),
(423, '2017-04-06', 544, '0.64', '0.00', 12, 'Receipt Voucher', 25, NULL),
(424, '2017-04-06', 142, '111640.00', '0.00', 12, 'Receipt Voucher', 25, NULL),
(425, '2017-04-11', 69, '0.00', '31492.50', 13, 'Receipt Voucher', 25, NULL),
(426, '2017-04-11', 544, '0.50', '0.00', 13, 'Receipt Voucher', 25, NULL),
(427, '2017-04-11', 142, '31492.00', '0.00', 13, 'Receipt Voucher', 25, NULL),
(431, '2017-04-20', 372, '0.00', '11050.00', 14, 'Receipt Voucher', 25, NULL),
(432, '2017-04-20', 142, '11050.00', '0.00', 14, 'Receipt Voucher', 25, NULL),
(433, '2017-04-13', 275, '0.00', '67757.38', 15, 'Receipt Voucher', 25, NULL),
(434, '2017-04-13', 544, '0.38', '0.00', 15, 'Receipt Voucher', 25, NULL),
(435, '2017-04-13', 145, '67757.00', '0.00', 15, 'Receipt Voucher', 25, NULL),
(436, '2017-04-13', 368, '0.00', '91575.32', 16, 'Receipt Voucher', 25, NULL),
(437, '2017-04-13', 544, '0.32', '0.00', 16, 'Receipt Voucher', 25, NULL),
(438, '2017-04-13', 145, '91575.00', '0.00', 16, 'Receipt Voucher', 25, NULL),
(441, '2017-04-17', 299, '0.00', '7763.43', 18, 'Receipt Voucher', 25, NULL),
(442, '2017-04-17', 544, '0.43', '0.00', 18, 'Receipt Voucher', 25, NULL),
(443, '2017-04-17', 145, '7763.00', '0.00', 18, 'Receipt Voucher', 25, NULL),
(448, '2017-04-21', 133, '319.00', '0.00', 3, 'Payment Voucher', 25, NULL),
(449, '2017-04-21', 145, '0.00', '319.00', 3, 'Payment Voucher', 25, NULL),
(450, '2017-04-21', 133, '47.91', '0.00', 4, 'Payment Voucher', 25, NULL),
(451, '2017-04-21', 145, '0.00', '47.91', 4, 'Payment Voucher', 25, NULL),
(452, '2017-04-21', 133, '29.00', '0.00', 5, 'Payment Voucher', 25, NULL),
(453, '2017-04-21', 145, '0.00', '29.00', 5, 'Payment Voucher', 25, NULL),
(454, '2017-04-26', 89, '0.00', '15650.59', 19, 'Receipt Voucher', 25, NULL),
(455, '2017-04-26', 544, '126.59', '0.00', 19, 'Receipt Voucher', 25, NULL),
(456, '2017-04-26', 145, '15524.00', '0.00', 19, 'Receipt Voucher', 25, NULL),
(457, '2017-04-01', 461, '0.00', '5697.00', 0, 'Opening Balance', 25, 'V492'),
(458, '2017-04-01', 461, '0.00', '16863.12', 0, 'Opening Balance', 25, 'V491'),
(459, '2017-04-01', 462, '0.00', '157176.96', 0, 'Opening Balance', 25, 'V515'),
(460, '2017-04-01', 568, '0.00', '243750.00', 0, 'Opening Balance', 25, 'Opening'),
(461, '2017-04-03', 133, '63.00', '0.00', 6, 'Payment Voucher', 25, NULL),
(462, '2017-04-03', 145, '0.00', '63.00', 6, 'Payment Voucher', 25, NULL),
(463, '2017-04-05', 133, '29.00', '0.00', 7, 'Payment Voucher', 25, NULL),
(464, '2017-04-05', 145, '0.00', '29.00', 7, 'Payment Voucher', 25, NULL),
(477, '2017-04-01', 148, '150.34', '0.00', 0, 'Opening Balance', 25, 'V459'),
(478, '2017-04-27', 148, '0.00', '150.34', 20, 'Receipt Voucher', 25, NULL),
(479, '2017-04-27', 142, '150.34', '0.00', 20, 'Receipt Voucher', 25, NULL),
(528, '2017-04-06', 534, '0.00', '265000.00', 21, 'Receipt Voucher', 27, NULL),
(529, '2017-04-06', 352, '265000.00', '0.00', 21, 'Receipt Voucher', 27, NULL),
(530, '2017-04-07', 568, '15013.00', '0.00', 24, 'Payment Voucher', 25, NULL),
(531, '2017-04-07', 135, '0.00', '400.00', 24, 'Payment Voucher', 25, NULL),
(532, '2017-04-07', 145, '0.00', '14613.00', 24, 'Payment Voucher', 25, NULL),
(533, '2017-04-07', 568, '8230.00', '0.00', 22, 'Payment Voucher', 25, NULL),
(534, '2017-04-07', 486, '0.00', '1580.00', 22, 'Payment Voucher', 25, NULL),
(535, '2017-04-07', 32, '0.00', '3000.00', 22, 'Payment Voucher', 25, NULL),
(536, '2017-04-07', 142, '0.00', '3650.00', 22, 'Payment Voucher', 25, NULL),
(537, '2017-04-07', 568, '12452.00', '0.00', 21, 'Payment Voucher', 25, NULL),
(538, '2017-04-07', 22, '0.00', '3280.00', 21, 'Payment Voucher', 25, NULL),
(539, '2017-04-07', 142, '0.00', '9172.00', 21, 'Payment Voucher', 25, NULL),
(540, '2017-04-07', 568, '17000.00', '0.00', 20, 'Payment Voucher', 25, NULL),
(541, '2017-04-07', 465, '1547.00', '0.00', 20, 'Payment Voucher', 25, NULL),
(542, '2017-04-07', 145, '0.00', '18547.00', 20, 'Payment Voucher', 25, NULL),
(543, '2017-04-07', 568, '12247.00', '0.00', 19, 'Payment Voucher', 25, NULL),
(544, '2017-04-07', 31, '0.00', '80.00', 19, 'Payment Voucher', 25, NULL),
(545, '2017-04-07', 145, '0.00', '12167.00', 19, 'Payment Voucher', 25, NULL),
(546, '2017-04-07', 568, '17266.00', '0.00', 18, 'Payment Voucher', 25, NULL),
(547, '2017-04-07', 46, '0.00', '325.00', 18, 'Payment Voucher', 25, NULL),
(548, '2017-04-07', 145, '0.00', '16941.00', 18, 'Payment Voucher', 25, NULL),
(549, '2017-04-07', 568, '17500.00', '0.00', 17, 'Payment Voucher', 25, NULL),
(550, '2017-04-07', 145, '0.00', '17500.00', 17, 'Payment Voucher', 25, NULL),
(551, '2017-04-07', 568, '8300.00', '0.00', 16, 'Payment Voucher', 25, NULL),
(552, '2017-04-07', 145, '0.00', '8300.00', 16, 'Payment Voucher', 25, NULL),
(553, '2017-04-11', 568, '10000.00', '0.00', 15, 'Payment Voucher', 25, NULL),
(554, '2017-04-11', 142, '0.00', '10000.00', 15, 'Payment Voucher', 25, NULL),
(559, '2017-04-08', 568, '12274.00', '0.00', 13, 'Payment Voucher', 25, NULL),
(560, '2017-04-08', 547, '0.00', '120.00', 13, 'Payment Voucher', 25, NULL),
(561, '2017-04-08', 142, '0.00', '12154.00', 13, 'Payment Voucher', 25, NULL),
(562, '2017-04-27', 569, '7966.00', '0.00', 12, 'Payment Voucher', 25, NULL),
(563, '2017-04-27', 146, '0.00', '7966.00', 12, 'Payment Voucher', 25, NULL),
(564, '2017-04-27', 476, '174534.75', '0.00', 11, 'Payment Voucher', 25, NULL),
(565, '2017-04-27', 146, '0.00', '174534.75', 11, 'Payment Voucher', 25, NULL),
(566, '2017-04-27', 114, '16626.00', '0.00', 10, 'Payment Voucher', 25, NULL),
(567, '2017-04-27', 146, '0.00', '16626.00', 10, 'Payment Voucher', 25, NULL),
(572, '2017-04-06', 534, '0.00', '43255.00', 22, 'Receipt Voucher', 27, NULL),
(573, '2017-04-06', 352, '43255.00', '0.00', 22, 'Receipt Voucher', 27, NULL),
(574, '2017-04-14', 119, '140.00', '0.00', 25, 'Payment Voucher', 25, NULL),
(575, '2017-04-14', 146, '0.00', '140.00', 25, 'Payment Voucher', 25, NULL),
(579, '2017-04-14', 478, '6480.00', '0.00', 26, 'Payment Voucher', 25, NULL),
(580, '2017-04-14', 146, '0.00', '6480.00', 26, 'Payment Voucher', 25, NULL),
(590, '2017-04-07', 568, '17000.00', '0.00', 29, 'Payment Voucher', 25, NULL),
(591, '2017-04-07', 146, '0.00', '17000.00', 29, 'Payment Voucher', 25, NULL),
(592, '2017-04-07', 568, '17000.00', '0.00', 30, 'Payment Voucher', 25, NULL),
(593, '2017-04-07', 146, '0.00', '17000.00', 30, 'Payment Voucher', 25, NULL),
(594, '2017-04-28', 117, '1403.00', '0.00', 28, 'Payment Voucher', 25, NULL),
(595, '2017-04-28', 146, '0.00', '1403.00', 28, 'Payment Voucher', 25, NULL),
(607, '2017-04-17', 580, '0.00', '5000.00', 23, 'Receipt Voucher', 26, NULL),
(608, '2017-04-17', 203, '5000.00', '0.00', 23, 'Receipt Voucher', 26, NULL),
(609, '2017-04-17', 580, '0.00', '100000.00', 24, 'Receipt Voucher', 26, NULL),
(610, '2017-04-17', 203, '100000.00', '0.00', 24, 'Receipt Voucher', 26, NULL),
(611, '2017-04-07', 513, '0.00', '9231.25', 25, 'Receipt Voucher', 27, NULL),
(612, '2017-04-07', 581, '0.00', '0.75', 25, 'Receipt Voucher', 27, NULL),
(613, '2017-04-07', 352, '9232.00', '0.00', 25, 'Receipt Voucher', 27, NULL),
(614, '2017-04-21', 75, '1700000.00', '0.00', 8, 'Payment Voucher', 25, NULL),
(615, '2017-04-21', 145, '0.00', '1700000.00', 8, 'Payment Voucher', 25, NULL),
(622, '2017-04-13', 368, '0.00', '91283.98', 17, 'Receipt Voucher', 25, NULL),
(623, '2017-04-13', 544, '0.00', '0.02', 17, 'Receipt Voucher', 25, NULL),
(624, '2017-04-13', 145, '91284.00', '0.00', 17, 'Receipt Voucher', 25, NULL),
(628, '2017-04-21', 133, '50.00', '0.00', 2, 'Payment Voucher', 25, NULL),
(629, '2017-04-21', 145, '0.00', '50.00', 2, 'Payment Voucher', 25, NULL),
(636, '2017-04-13', 486, '0.00', '750000.00', 26, 'Receipt Voucher', 25, NULL),
(637, '2017-04-13', 142, '750000.00', '0.00', 26, 'Receipt Voucher', 25, NULL),
(638, '2017-04-17', 75, '0.00', '365000.00', 27, 'Receipt Voucher', 25, NULL),
(639, '2017-04-17', 142, '365000.00', '0.00', 27, 'Receipt Voucher', 25, NULL),
(642, '2017-04-01', 446, '24884.20', '0.00', 0, 'Opening Balance', 25, 'KBL'),
(643, '2017-05-01', 446, '0.00', '74884.20', 28, 'Receipt Voucher', 25, NULL),
(644, '2017-05-01', 142, '74884.20', '0.00', 28, 'Receipt Voucher', 25, NULL),
(647, '2017-04-08', 568, '5000.00', '0.00', 34, 'Payment Voucher', 25, NULL),
(648, '2017-04-08', 142, '0.00', '5000.00', 34, 'Payment Voucher', 25, NULL),
(651, '2017-04-19', 552, '0.00', '33763.00', 29, 'Receipt Voucher', 27, NULL),
(652, '2017-04-19', 352, '33763.00', '0.00', 29, 'Receipt Voucher', 27, NULL),
(653, '2017-04-06', 513, '0.00', '22682.50', 30, 'Receipt Voucher', 27, NULL),
(654, '2017-04-06', 581, '0.00', '0.50', 30, 'Receipt Voucher', 27, NULL),
(655, '2017-04-06', 352, '22683.00', '0.00', 30, 'Receipt Voucher', 27, NULL),
(658, '2017-05-01', 119, '4500.00', '0.00', 14, 'Payment Voucher', 25, NULL),
(659, '2017-05-01', 146, '0.00', '4500.00', 14, 'Payment Voucher', 25, NULL),
(666, '2017-05-01', 106, '1500.00', '0.00', 37, 'Payment Voucher', 25, NULL),
(667, '2017-05-01', 146, '0.00', '1500.00', 37, 'Payment Voucher', 25, NULL),
(682, '2017-05-02', 62, '46000.00', '0.00', 52, 'Invoice', 25, NULL),
(683, '2017-05-02', 37, '0.00', '46000.00', 52, 'Invoice', 25, NULL),
(689, '2017-04-17', 595, '100000.00', '0.00', 39, 'Payment Voucher', 25, NULL),
(690, '2017-04-17', 142, '0.00', '100000.00', 39, 'Payment Voucher', 25, NULL),
(691, '2017-05-29', 596, '15000.00', '0.00', 40, 'Payment Voucher', 25, NULL),
(692, '2017-05-29', 142, '0.00', '15000.00', 40, 'Payment Voucher', 25, NULL),
(695, '2017-04-17', 596, '0.00', '1000000.00', 31, 'Receipt Voucher', 25, NULL),
(696, '2017-04-17', 142, '1000000.00', '0.00', 31, 'Receipt Voucher', 25, NULL),
(721, '2017-04-30', 138, '282.00', '0.00', 42, 'Payment Voucher', 25, NULL),
(722, '2017-04-30', 146, '0.00', '282.00', 42, 'Payment Voucher', 25, NULL),
(723, '2017-04-01', 477, '0.00', '30878.00', 0, 'Opening Balance', 25, 'R2223'),
(724, '2017-04-01', 493, '0.00', '644.00', 0, 'Opening Balance', 25, '4012'),
(725, '2017-04-01', 493, '0.00', '32134.00', 0, 'Opening Balance', 25, '4029'),
(729, '2017-04-01', 598, '0.00', '4480.00', 0, 'Opening Balance', 25, 'Op.'),
(739, '2017-04-17', 568, '5645.00', '0.00', 43, 'Payment Voucher', 25, NULL),
(740, '2017-04-17', 146, '0.00', '5645.00', 43, 'Payment Voucher', 25, NULL),
(741, '2017-04-07', 121, '165000.00', '0.00', 44, 'Payment Voucher', 25, NULL),
(742, '2017-04-07', 146, '0.00', '165000.00', 44, 'Payment Voucher', 25, NULL),
(749, '2017-05-03', 477, '30878.00', '0.00', 46, 'Payment Voucher', 25, NULL),
(750, '2017-05-03', 146, '0.00', '30878.00', 46, 'Payment Voucher', 25, NULL),
(751, '2017-05-03', 474, '137910.00', '0.00', 47, 'Payment Voucher', 25, NULL),
(752, '2017-05-03', 146, '0.00', '137910.00', 47, 'Payment Voucher', 25, NULL),
(753, '2017-05-03', 481, '9563.00', '0.00', 48, 'Payment Voucher', 25, NULL),
(754, '2017-05-03', 146, '0.00', '9563.00', 48, 'Payment Voucher', 25, NULL),
(755, '2017-05-03', 475, '15342.00', '0.00', 49, 'Payment Voucher', 25, NULL),
(756, '2017-05-03', 146, '0.00', '15342.00', 49, 'Payment Voucher', 25, NULL),
(757, '2017-05-04', 493, '32778.00', '0.00', 50, 'Payment Voucher', 25, NULL),
(758, '2017-05-04', 146, '0.00', '32778.00', 50, 'Payment Voucher', 25, NULL),
(759, '2017-04-01', 599, '0.00', '9639.00', 0, 'Opening Balance', 25, 'RT386'),
(760, '2017-05-04', 599, '9639.00', '0.00', 51, 'Payment Voucher', 25, NULL),
(761, '2017-05-04', 146, '0.00', '9639.00', 51, 'Payment Voucher', 25, NULL),
(766, '2017-04-01', 479, '0.00', '98295.00', 0, 'Opening Balance', 25, 'SA323'),
(767, '2017-04-01', 479, '0.00', '43176.00', 0, 'Opening Balance', 25, '880'),
(808, '2017-04-11', 35, '47183.00', '0.00', 4, 'Invoice Booking', 25, NULL),
(809, '2017-04-11', 474, '0.00', '47183.00', 4, 'Invoice Booking', 25, NULL),
(812, '2017-04-06', 35, '17854.00', '0.00', 6, 'Invoice Booking', 25, NULL),
(813, '2017-04-06', 474, '0.00', '17854.00', 6, 'Invoice Booking', 25, NULL),
(817, '2017-04-06', 538, '21060.75', '0.00', 8, 'Invoice Booking', 25, NULL),
(818, '2017-04-06', 567, '1039.25', '0.00', 8, 'Invoice Booking', 25, NULL),
(819, '2017-04-06', 529, '0.00', '22100.00', 8, 'Invoice Booking', 25, NULL),
(820, '2017-05-03', 479, '136168.00', '0.00', 45, 'Payment Voucher', 25, NULL),
(821, '2017-05-03', 146, '0.00', '136168.00', 45, 'Payment Voucher', 25, NULL),
(822, '2017-04-06', 538, '2749.78', '0.00', 7, 'Invoice Booking', 25, NULL),
(823, '2017-04-06', 567, '151.22', '0.00', 7, 'Invoice Booking', 25, NULL),
(824, '2017-04-06', 493, '0.00', '2901.00', 7, 'Invoice Booking', 25, NULL),
(825, '2017-04-01', 458, '150504.09', '0.00', 0, 'Opening Balance', 25, 'V468'),
(828, '2017-04-18', 458, '0.00', '50000.00', 9, 'Receipt Voucher', 25, NULL),
(829, '2017-04-18', 145, '50000.00', '0.00', 9, 'Receipt Voucher', 25, NULL),
(830, '2017-05-02', 79, '0.00', '30349.71', 32, 'Receipt Voucher', 25, NULL),
(831, '2017-05-02', 544, '0.71', '0.00', 32, 'Receipt Voucher', 25, NULL),
(832, '2017-05-02', 145, '30349.00', '0.00', 32, 'Receipt Voucher', 25, NULL),
(833, '2017-05-03', 73, '0.00', '52441.68', 33, 'Receipt Voucher', 25, NULL),
(834, '2017-05-03', 544, '0.00', '0.32', 33, 'Receipt Voucher', 25, NULL),
(835, '2017-05-03', 145, '52442.00', '0.00', 33, 'Receipt Voucher', 25, NULL),
(836, '2017-04-05', 23, '0.00', '94052.50', 10, 'Receipt Voucher', 25, NULL),
(837, '2017-04-05', 544, '0.00', '0.50', 10, 'Receipt Voucher', 25, NULL),
(838, '2017-04-05', 145, '94053.00', '0.00', 10, 'Receipt Voucher', 25, NULL),
(839, '2017-05-04', 23, '3706.94', '0.00', 57, 'Invoice', 25, NULL),
(840, '2017-05-04', 37, '0.00', '3237.50', 57, 'Invoice', 25, NULL),
(841, '2017-05-04', 487, '0.00', '469.44', 57, 'Invoice', 25, NULL),
(845, '2017-05-02', 592, '13301.25', '0.00', 55, 'Invoice', 25, NULL),
(846, '2017-05-02', 37, '0.00', '13301.25', 55, 'Invoice', 25, NULL),
(847, '2017-05-02', 540, '50906.70', '0.00', 54, 'Invoice', 25, NULL),
(848, '2017-05-02', 37, '0.00', '44460.00', 54, 'Invoice', 25, NULL),
(849, '2017-05-02', 487, '0.00', '6446.70', 54, 'Invoice', 25, NULL),
(850, '2017-05-02', 64, '38556.00', '0.00', 53, 'Invoice', 25, NULL),
(851, '2017-05-02', 37, '0.00', '37800.00', 53, 'Invoice', 25, NULL),
(852, '2017-05-02', 490, '0.00', '756.00', 53, 'Invoice', 25, NULL),
(863, '2017-05-01', 429, '25098.40', '0.00', 51, 'Invoice', 25, NULL),
(864, '2017-05-01', 37, '0.00', '21920.00', 51, 'Invoice', 25, NULL),
(865, '2017-05-01', 487, '0.00', '3178.40', 51, 'Invoice', 25, NULL),
(866, '2017-05-01', 396, '3435.00', '0.00', 50, 'Invoice', 25, NULL),
(867, '2017-05-01', 37, '0.00', '3000.00', 50, 'Invoice', 25, NULL),
(868, '2017-05-01', 487, '0.00', '435.00', 50, 'Invoice', 25, NULL),
(877, '2017-04-29', 275, '88993.20', '0.00', 48, 'Invoice', 25, NULL),
(878, '2017-04-29', 37, '0.00', '84353.74', 48, 'Invoice', 25, NULL),
(879, '2017-04-29', 488, '0.00', '4639.46', 48, 'Invoice', 25, NULL),
(880, '2017-04-28', 365, '34951.13', '0.00', 47, 'Invoice', 25, NULL),
(881, '2017-04-28', 37, '0.00', '30525.00', 47, 'Invoice', 25, NULL),
(882, '2017-04-28', 487, '0.00', '4426.13', 47, 'Invoice', 25, NULL),
(883, '2017-04-28', 39, '9045.50', '0.00', 46, 'Invoice', 25, NULL),
(884, '2017-04-28', 37, '0.00', '7900.00', 46, 'Invoice', 25, NULL),
(885, '2017-04-28', 487, '0.00', '1145.50', 46, 'Invoice', 25, NULL),
(886, '2017-04-26', 47, '56851.84', '0.00', 45, 'Invoice', 25, NULL),
(887, '2017-04-26', 37, '0.00', '53888.00', 45, 'Invoice', 25, NULL),
(888, '2017-04-26', 488, '0.00', '2963.84', 45, 'Invoice', 25, NULL),
(889, '2017-04-26', 53, '99504.00', '0.00', 44, 'Invoice', 25, NULL),
(890, '2017-04-26', 37, '0.00', '99504.00', 44, 'Invoice', 25, NULL),
(891, '2017-04-25', 53, '122430.61', '0.00', 43, 'Invoice', 25, NULL),
(892, '2017-04-25', 37, '0.00', '106926.30', 43, 'Invoice', 25, NULL),
(893, '2017-04-25', 487, '0.00', '15504.31', 43, 'Invoice', 25, NULL),
(894, '2017-04-22', 28, '2580.72', '0.00', 42, 'Invoice', 25, NULL),
(895, '2017-04-22', 37, '0.00', '2304.00', 42, 'Invoice', 25, NULL),
(896, '2017-04-22', 488, '0.00', '126.72', 42, 'Invoice', 25, NULL),
(897, '2017-04-22', 106, '0.00', '150.00', 42, 'Invoice', 25, NULL),
(901, '2017-04-21', 546, '5438.75', '0.00', 41, 'Invoice', 25, NULL),
(902, '2017-04-21', 37, '0.00', '4750.00', 41, 'Invoice', 25, NULL),
(903, '2017-04-21', 487, '0.00', '688.75', 41, 'Invoice', 25, NULL),
(904, '2017-04-21', 62, '7748.75', '0.00', 40, 'Invoice', 25, NULL),
(905, '2017-04-21', 37, '0.00', '7250.00', 40, 'Invoice', 25, NULL),
(906, '2017-04-21', 488, '0.00', '398.75', 40, 'Invoice', 25, NULL),
(907, '2017-04-21', 106, '0.00', '100.00', 40, 'Invoice', 25, NULL),
(908, '2017-04-17', 65, '59228.00', '0.00', 33, 'Invoice', 25, NULL),
(909, '2017-04-17', 37, '0.00', '59228.00', 33, 'Invoice', 25, NULL),
(910, '2017-04-14', 58, '30960.80', '0.00', 32, 'Invoice', 25, NULL),
(911, '2017-04-14', 37, '0.00', '27040.00', 32, 'Invoice', 25, NULL),
(912, '2017-04-14', 487, '0.00', '3920.80', 32, 'Invoice', 25, NULL),
(919, '2017-04-13', 64, '195469.74', '0.00', 28, 'Invoice', 25, NULL),
(920, '2017-04-13', 37, '0.00', '191637.00', 28, 'Invoice', 25, NULL),
(921, '2017-04-13', 490, '0.00', '3832.74', 28, 'Invoice', 25, NULL),
(946, '2017-04-12', 39, '43582.99', '0.00', 18, 'Invoice', 25, NULL),
(947, '2017-04-12', 37, '0.00', '38063.75', 18, 'Invoice', 25, NULL),
(948, '2017-04-12', 487, '0.00', '5519.24', 18, 'Invoice', 25, NULL),
(955, '2017-04-11', 301, '7912.50', '0.00', 14, 'Invoice', 25, NULL),
(956, '2017-04-11', 37, '0.00', '7500.00', 14, 'Invoice', 25, NULL),
(957, '2017-04-11', 488, '0.00', '412.50', 14, 'Invoice', 25, NULL),
(967, '2017-04-11', 79, '30349.71', '0.00', 11, 'Invoice', 25, NULL),
(968, '2017-04-11', 37, '0.00', '28767.50', 11, 'Invoice', 25, NULL),
(969, '2017-04-11', 488, '0.00', '1582.21', 11, 'Invoice', 25, NULL),
(991, '2017-04-11', 394, '27308.25', '0.00', 3, 'Invoice', 25, NULL),
(992, '2017-04-11', 37, '0.00', '23850.00', 3, 'Invoice', 25, NULL),
(993, '2017-04-11', 487, '0.00', '3458.25', 3, 'Invoice', 25, NULL),
(1001, '2017-05-05', 53, '60112.50', '0.00', 58, 'Invoice', 25, NULL),
(1002, '2017-05-05', 37, '0.00', '52500.00', 58, 'Invoice', 25, NULL),
(1003, '2017-05-05', 487, '0.00', '7612.50', 58, 'Invoice', 25, NULL),
(1004, '2017-05-01', 92, '59499.42', '0.00', 49, 'Invoice', 25, NULL),
(1005, '2017-05-01', 37, '0.00', '54975.75', 49, 'Invoice', 25, NULL),
(1006, '2017-05-01', 488, '0.00', '3023.67', 49, 'Invoice', 25, NULL),
(1007, '2017-05-01', 106, '0.00', '1500.00', 49, 'Invoice', 25, NULL),
(1010, '2017-05-06', 552, '35619.96', '0.00', 59, 'Invoice', 27, NULL),
(1011, '2017-05-06', 311, '0.00', '33763.00', 59, 'Invoice', 27, NULL),
(1012, '2017-05-06', 505, '0.00', '1856.96', 59, 'Invoice', 27, NULL),
(1013, '2017-05-06', 611, '22159.22', '0.00', 60, 'Invoice', 27, NULL),
(1014, '2017-05-06', 311, '0.00', '21004.00', 60, 'Invoice', 27, NULL),
(1015, '2017-05-06', 505, '0.00', '1155.22', 60, 'Invoice', 27, NULL),
(1025, '2017-05-06', 396, '1717.50', '0.00', 62, 'Invoice', 25, NULL),
(1026, '2017-05-06', 37, '0.00', '1500.00', 62, 'Invoice', 25, NULL),
(1027, '2017-05-06', 487, '0.00', '217.50', 62, 'Invoice', 25, NULL),
(1028, '2017-05-06', 609, '8473.00', '0.00', 63, 'Invoice', 27, NULL),
(1029, '2017-05-06', 311, '0.00', '7400.00', 63, 'Invoice', 27, NULL),
(1032, '2017-05-06', 134, '4266.00', '0.00', 53, 'Payment Voucher', 25, NULL),
(1033, '2017-05-06', 146, '0.00', '4266.00', 53, 'Payment Voucher', 25, NULL),
(1034, '2017-04-13', 538, '1120.40', '0.00', 9, 'Invoice Booking', 25, NULL),
(1035, '2017-04-13', 567, '61.60', '0.00', 9, 'Invoice Booking', 25, NULL),
(1036, '2017-04-13', 475, '0.00', '1182.00', 9, 'Invoice Booking', 25, NULL),
(1065, '2017-05-07', 586, '750.00', '0.00', 5, 'Journal Voucher', 27, NULL),
(1066, '2017-05-07', 589, '240.00', '0.00', 5, 'Journal Voucher', 27, NULL),
(1067, '2017-05-07', 344, '0.00', '990.00', 5, 'Journal Voucher', 27, NULL),
(1068, '2017-04-01', 46, '555.00', '0.00', 0, 'Opening Balance', 25, 'Opening'),
(1069, '2017-04-01', 44, '0.00', '278.90', 0, 'Opening Balance', 25, 'Op.'),
(1070, '2017-04-01', 465, '0.00', '4893.80', 0, 'Opening Balance', 25, 'Opening'),
(1071, '2017-05-06', 607, '7226.75', '0.00', 61, 'Invoice', 27, NULL),
(1072, '2017-05-06', 311, '0.00', '6850.00', 61, 'Invoice', 27, NULL),
(1073, '2017-05-06', 505, '0.00', '376.75', 61, 'Invoice', 27, NULL),
(1074, '2017-04-01', 607, '9648.16', '0.00', 0, 'Opening Balance', 27, 'V109'),
(1075, '2017-04-01', 543, '67455.44', '0.00', 0, 'Opening Balance', 27, 'V113'),
(1076, '2017-04-01', 545, '0.00', '8785.74', 0, 'Opening Balance', 27, 'Adv'),
(1077, '2017-04-01', 539, '0.00', '425000.00', 0, 'Opening Balance', 27, 'Adv'),
(1078, '2017-04-01', 617, '2837.50', '0.00', 0, 'Opening Balance', 27, 'V77'),
(1079, '2017-04-01', 514, '0.00', '31334.00', 0, 'Opening Balance', 27, 'Adv'),
(1080, '2017-04-01', 531, '0.00', '102100.00', 0, 'Opening Balance', 27, '2583'),
(1081, '2017-04-01', 579, '0.00', '66510.00', 0, 'Opening Balance', 27, 'OpSal'),
(1082, '2017-04-01', 579, '0.00', '137250.00', 0, 'Opening Balance', 27, 'GopalK'),
(1085, '2017-05-08', 195, '1754.00', '0.00', 52, 'Payment Voucher', 26, NULL),
(1086, '2017-05-08', 203, '0.00', '1754.00', 52, 'Payment Voucher', 26, NULL),
(1091, '2017-05-08', 182, '4500.00', '0.00', 55, 'Payment Voucher', 26, NULL),
(1092, '2017-05-08', 203, '0.00', '4500.00', 55, 'Payment Voucher', 26, NULL),
(1093, '2017-04-03', 291, '884368.40', '0.00', 1, 'Invoice', 25, NULL),
(1094, '2017-04-03', 37, '0.00', '830680.95', 1, 'Invoice', 25, NULL),
(1095, '2017-04-03', 488, '0.00', '45687.45', 1, 'Invoice', 25, NULL),
(1096, '2017-04-03', 106, '0.00', '8000.00', 1, 'Invoice', 25, NULL),
(1097, '2017-04-04', 57, '6857.50', '0.00', 2, 'Invoice', 25, NULL),
(1098, '2017-04-04', 37, '0.00', '6500.00', 2, 'Invoice', 25, NULL),
(1099, '2017-04-04', 488, '0.00', '357.50', 2, 'Invoice', 25, NULL),
(1103, '2017-04-04', 72, '94000.50', '0.00', 5, 'Invoice', 25, NULL),
(1104, '2017-04-04', 37, '0.00', '89100.00', 5, 'Invoice', 25, NULL),
(1105, '2017-04-04', 488, '0.00', '4900.50', 5, 'Invoice', 25, NULL),
(1106, '2017-04-04', 396, '12640.80', '0.00', 6, 'Invoice', 25, NULL),
(1107, '2017-04-04', 37, '0.00', '11040.00', 6, 'Invoice', 25, NULL),
(1108, '2017-04-04', 487, '0.00', '1600.80', 6, 'Invoice', 25, NULL),
(1109, '2017-04-04', 63, '33420.70', '0.00', 7, 'Invoice', 25, NULL),
(1110, '2017-04-04', 37, '0.00', '29188.38', 7, 'Invoice', 25, NULL),
(1111, '2017-04-04', 487, '0.00', '4232.32', 7, 'Invoice', 25, NULL),
(1112, '2017-04-04', 299, '1411.17', '0.00', 8, 'Invoice', 25, NULL),
(1113, '2017-04-04', 37, '0.00', '1337.60', 8, 'Invoice', 25, NULL),
(1114, '2017-04-04', 488, '0.00', '73.57', 8, 'Invoice', 25, NULL),
(1115, '2017-04-04', 299, '54039.55', '0.00', 9, 'Invoice', 25, NULL),
(1116, '2017-04-04', 37, '0.00', '51222.32', 9, 'Invoice', 25, NULL),
(1117, '2017-04-04', 488, '0.00', '2817.23', 9, 'Invoice', 25, NULL),
(1118, '2017-04-04', 77, '59831.42', '0.00', 10, 'Invoice', 25, NULL),
(1119, '2017-04-04', 37, '0.00', '56712.25', 10, 'Invoice', 25, NULL),
(1120, '2017-04-04', 488, '0.00', '3119.17', 10, 'Invoice', 25, NULL),
(1124, '2017-04-05', 23, '103425.87', '0.00', 13, 'Invoice', 25, NULL),
(1125, '2017-04-05', 37, '0.00', '98034.00', 13, 'Invoice', 25, NULL),
(1126, '2017-04-05', 488, '0.00', '5391.87', 13, 'Invoice', 25, NULL),
(1127, '2017-04-07', 521, '13029.25', '0.00', 15, 'Invoice', 25, NULL),
(1128, '2017-04-07', 37, '0.00', '12350.00', 15, 'Invoice', 25, NULL),
(1129, '2017-04-07', 488, '0.00', '679.25', 15, 'Invoice', 25, NULL),
(1130, '2017-04-08', 41, '18439.75', '0.00', 17, 'Invoice', 25, NULL),
(1131, '2017-04-08', 37, '0.00', '17478.44', 17, 'Invoice', 25, NULL),
(1132, '2017-04-08', 488, '0.00', '961.31', 17, 'Invoice', 25, NULL),
(1133, '2017-04-10', 50, '54872.80', '0.00', 19, 'Invoice', 25, NULL),
(1134, '2017-04-10', 37, '0.00', '52012.13', 19, 'Invoice', 25, NULL),
(1135, '2017-04-10', 488, '0.00', '2860.67', 19, 'Invoice', 25, NULL),
(1136, '2017-04-10', 369, '68729.29', '0.00', 20, 'Invoice', 25, NULL),
(1137, '2017-04-10', 37, '0.00', '65146.25', 20, 'Invoice', 25, NULL),
(1138, '2017-04-10', 488, '0.00', '3583.04', 20, 'Invoice', 25, NULL),
(1139, '2017-04-10', 41, '52044.21', '0.00', 22, 'Invoice', 25, NULL),
(1140, '2017-04-10', 37, '0.00', '49331.00', 22, 'Invoice', 25, NULL),
(1141, '2017-04-10', 488, '0.00', '2713.20', 22, 'Invoice', 25, NULL),
(1142, '2017-04-10', 41, '47925.36', '0.00', 23, 'Invoice', 25, NULL),
(1143, '2017-04-10', 37, '0.00', '45426.88', 23, 'Invoice', 25, NULL),
(1144, '2017-04-10', 488, '0.00', '2498.48', 23, 'Invoice', 25, NULL),
(1145, '2017-04-10', 275, '11465.21', '0.00', 24, 'Invoice', 25, NULL),
(1146, '2017-04-10', 37, '0.00', '10867.50', 24, 'Invoice', 25, NULL),
(1147, '2017-04-10', 488, '0.00', '597.71', 24, 'Invoice', 25, NULL),
(1148, '2017-04-10', 462, '26970.55', '0.00', 25, 'Invoice', 25, NULL),
(1149, '2017-04-10', 37, '0.00', '25564.50', 25, 'Invoice', 25, NULL),
(1150, '2017-04-10', 488, '0.00', '1406.05', 25, 'Invoice', 25, NULL),
(1151, '2017-04-10', 387, '11878.67', '0.00', 26, 'Invoice', 25, NULL),
(1152, '2017-04-10', 37, '0.00', '11259.40', 26, 'Invoice', 25, NULL),
(1153, '2017-04-10', 488, '0.00', '619.27', 26, 'Invoice', 25, NULL),
(1154, '2017-04-13', 372, '2848.50', '0.00', 30, 'Invoice', 25, NULL),
(1155, '2017-04-13', 37, '0.00', '2700.00', 30, 'Invoice', 25, NULL),
(1156, '2017-04-13', 488, '0.00', '148.50', 30, 'Invoice', 25, NULL),
(1159, '2017-05-09', 65, '29614.00', '0.00', 64, 'Invoice', 25, NULL),
(1160, '2017-05-09', 37, '0.00', '29614.00', 64, 'Invoice', 25, NULL),
(1161, '2017-04-15', 35, '39950.00', '0.00', 10, 'Invoice Booking', 25, NULL),
(1162, '2017-04-15', 479, '0.00', '39950.00', 10, 'Invoice Booking', 25, NULL),
(1169, '2017-04-05', 35, '12875.00', '0.00', 12, 'Invoice Booking', 25, NULL),
(1170, '2017-04-05', 477, '0.00', '12875.00', 12, 'Invoice Booking', 25, NULL),
(1171, '2017-05-09', 477, '12875.00', '0.00', 57, 'Payment Voucher', 25, NULL),
(1172, '2017-05-09', 146, '0.00', '12875.00', 57, 'Payment Voucher', 25, NULL),
(1173, '2017-04-26', 35, '7966.00', '0.00', 13, 'Invoice Booking', 25, NULL),
(1174, '2017-04-26', 569, '0.00', '7966.00', 13, 'Invoice Booking', 25, NULL),
(1175, '2017-04-21', 35, '11932.00', '0.00', 15, 'Invoice Booking', 25, NULL),
(1176, '2017-04-21', 481, '0.00', '11932.00', 15, 'Invoice Booking', 25, NULL),
(1177, '2017-04-21', 35, '10901.25', '0.00', 17, 'Invoice Booking', 25, NULL),
(1178, '2017-04-21', 476, '0.00', '10901.25', 17, 'Invoice Booking', 25, NULL),
(1179, '2017-04-11', 35, '160592.63', '0.00', 20, 'Invoice Booking', 25, NULL),
(1180, '2017-04-11', 476, '0.00', '160592.63', 20, 'Invoice Booking', 25, NULL),
(1181, '2017-04-11', 35, '160592.63', '0.00', 21, 'Invoice Booking', 25, NULL),
(1182, '2017-04-11', 476, '0.00', '160592.63', 21, 'Invoice Booking', 25, NULL),
(1183, '2017-05-06', 35, '80814.00', '0.00', 22, 'Invoice Booking', 25, NULL),
(1184, '2017-05-06', 474, '0.00', '80814.00', 22, 'Invoice Booking', 25, NULL),
(1185, '2017-04-06', 35, '6028.00', '0.00', 23, 'Invoice Booking', 25, NULL),
(1186, '2017-04-06', 481, '0.00', '6028.00', 23, 'Invoice Booking', 25, NULL),
(1187, '2017-04-25', 443, '40000.00', '0.00', 58, 'Payment Voucher', 25, NULL),
(1188, '2017-04-25', 133, '230.00', '0.00', 58, 'Payment Voucher', 25, NULL),
(1189, '2017-04-25', 142, '0.00', '40230.00', 58, 'Payment Voucher', 25, NULL),
(1198, '2017-05-10', 120, '5000.00', '0.00', 61, 'Payment Voucher', 25, NULL),
(1199, '2017-05-10', 142, '0.00', '5000.00', 61, 'Payment Voucher', 25, NULL),
(1200, '2017-04-28', 611, '0.00', '30000.00', 34, 'Receipt Voucher', 27, NULL),
(1201, '2017-04-28', 352, '30000.00', '0.00', 34, 'Receipt Voucher', 27, NULL),
(1202, '2017-04-29', 611, '0.00', '15000.00', 35, 'Receipt Voucher', 27, NULL),
(1203, '2017-04-29', 352, '15000.00', '0.00', 35, 'Receipt Voucher', 27, NULL),
(1213, '2017-04-26', 523, '3190.00', '0.00', 9, 'Payment Voucher', 25, NULL),
(1214, '2017-04-26', 146, '0.00', '3190.00', 9, 'Payment Voucher', 25, NULL),
(1215, '2017-04-19', 35, '5006.00', '0.00', 24, 'Invoice Booking', 25, NULL),
(1216, '2017-04-19', 480, '0.00', '5006.00', 24, 'Invoice Booking', 25, NULL),
(1217, '2017-04-08', 538, '7792.99', '0.00', 2, 'Invoice Booking', 25, NULL),
(1218, '2017-04-08', 567, '1130.01', '0.00', 2, 'Invoice Booking', 25, NULL),
(1219, '2017-04-08', 475, '0.00', '8923.00', 2, 'Invoice Booking', 25, NULL),
(1222, '2017-05-06', 538, '109.95', '0.00', 27, 'Invoice Booking', 25, NULL),
(1223, '2017-05-06', 488, '6.05', '0.00', 27, 'Invoice Booking', 25, NULL),
(1224, '2017-05-06', 612, '0.00', '116.00', 27, 'Invoice Booking', 25, NULL),
(1225, '2017-04-27', 552, '0.00', '12500.00', 36, 'Receipt Voucher', 27, NULL),
(1226, '2017-04-27', 352, '12500.00', '0.00', 36, 'Receipt Voucher', 27, NULL),
(1227, '2017-04-05', 545, '0.00', '50832.31', 37, 'Receipt Voucher', 27, NULL),
(1228, '2017-04-05', 352, '50832.31', '0.00', 37, 'Receipt Voucher', 27, NULL),
(1235, '2017-04-04', 40, '53846.78', '0.00', 4, 'Invoice', 25, NULL),
(1236, '2017-04-04', 37, '0.00', '47027.76', 4, 'Invoice', 25, NULL),
(1237, '2017-04-04', 487, '0.00', '6819.03', 4, 'Invoice', 25, NULL),
(1238, '2017-05-04', 538, '952.73', '0.00', 30, 'Invoice Booking', 25, NULL),
(1239, '2017-05-04', 567, '47.27', '0.00', 30, 'Invoice Booking', 25, NULL),
(1240, '2017-05-04', 620, '0.00', '1000.00', 30, 'Invoice Booking', 25, NULL),
(1246, '2017-05-26', 132, '5000.00', '0.00', 64, 'Payment Voucher', 25, NULL),
(1247, '2017-05-26', 146, '0.00', '5000.00', 64, 'Payment Voucher', 25, NULL),
(1248, '2017-04-28', 125, '2800.00', '0.00', 65, 'Payment Voucher', 25, NULL),
(1249, '2017-04-28', 146, '0.00', '2800.00', 65, 'Payment Voucher', 25, NULL),
(1250, '2017-04-19', 443, '15000.00', '0.00', 66, 'Payment Voucher', 25, NULL),
(1251, '2017-04-19', 133, '86.25', '0.00', 66, 'Payment Voucher', 25, NULL),
(1252, '2017-04-19', 142, '0.00', '15086.25', 66, 'Payment Voucher', 25, NULL),
(1257, '2017-04-17', 106, '2000.00', '0.00', 68, 'Payment Voucher', 25, NULL),
(1258, '2017-04-17', 146, '0.00', '2000.00', 68, 'Payment Voucher', 25, NULL),
(1259, '2017-04-13', 568, '7387.00', '0.00', 69, 'Payment Voucher', 25, NULL),
(1260, '2017-04-13', 146, '0.00', '7387.00', 69, 'Payment Voucher', 25, NULL),
(1273, '2017-04-01', 482, '0.00', '5804.00', 0, 'Opening Balance', 25, 'D20161918'),
(1274, '2017-04-01', 482, '5514.00', '0.00', 0, 'Opening Balance', 25, 'DN13'),
(1275, '2017-04-11', 482, '0.00', '5514.00', 38, 'Receipt Voucher', 25, NULL),
(1276, '2017-04-11', 142, '5514.00', '0.00', 38, 'Receipt Voucher', 25, NULL),
(1277, '2017-04-13', 408, '617.50', '0.00', 72, 'Payment Voucher', 25, NULL),
(1278, '2017-04-13', 142, '0.00', '617.50', 72, 'Payment Voucher', 25, NULL),
(1279, '2017-04-13', 408, '72647.50', '0.00', 73, 'Payment Voucher', 25, NULL),
(1280, '2017-04-13', 142, '0.00', '72647.50', 73, 'Payment Voucher', 25, NULL),
(1281, '2017-05-12', 63, '0.00', '33420.70', 39, 'Receipt Voucher', 25, NULL),
(1282, '2017-05-12', 544, '0.00', '0.30', 39, 'Receipt Voucher', 25, NULL),
(1283, '2017-05-12', 145, '33421.00', '0.00', 39, 'Receipt Voucher', 25, NULL),
(1290, '2017-04-06', 35, '62647.00', '0.00', 28, 'Invoice Booking', 25, NULL),
(1291, '2017-04-06', 474, '0.00', '62647.00', 28, 'Invoice Booking', 25, NULL),
(1292, '2017-04-05', 54, '7337.52', '0.00', 12, 'Invoice', 25, NULL),
(1293, '2017-04-05', 37, '0.00', '6955.00', 12, 'Invoice', 25, NULL),
(1294, '2017-04-05', 488, '0.00', '382.52', 12, 'Invoice', 25, NULL),
(1295, '2017-04-11', 35, '91794.00', '0.00', 11, 'Invoice Booking', 25, NULL),
(1296, '2017-04-11', 479, '0.00', '91794.00', 11, 'Invoice Booking', 25, NULL),
(1297, '2017-04-06', 35, '25459.00', '0.00', 32, 'Invoice Booking', 25, NULL),
(1298, '2017-04-06', 474, '0.00', '25459.00', 32, 'Invoice Booking', 25, NULL),
(1299, '2017-04-06', 35, '45269.00', '0.00', 31, 'Invoice Booking', 25, NULL),
(1300, '2017-04-06', 474, '0.00', '45269.00', 31, 'Invoice Booking', 25, NULL),
(1301, '2017-04-08', 568, '7000.00', '0.00', 75, 'Payment Voucher', 25, NULL),
(1302, '2017-04-08', 145, '0.00', '7000.00', 75, 'Payment Voucher', 25, NULL),
(1303, '2017-04-26', 35, '22563.00', '0.00', 33, 'Invoice Booking', 25, NULL),
(1304, '2017-04-26', 474, '0.00', '22563.00', 33, 'Invoice Booking', 25, NULL),
(1305, '2017-04-06', 35, '86068.00', '0.00', 34, 'Invoice Booking', 25, NULL),
(1306, '2017-04-06', 474, '0.00', '86068.00', 34, 'Invoice Booking', 25, NULL),
(1307, '2017-04-25', 35, '55751.00', '0.00', 35, 'Invoice Booking', 25, NULL),
(1308, '2017-04-25', 474, '0.00', '55751.00', 35, 'Invoice Booking', 25, NULL),
(1309, '2017-04-25', 134, '500.00', '0.00', 76, 'Payment Voucher', 25, NULL),
(1310, '2017-04-25', 133, '28.75', '0.00', 76, 'Payment Voucher', 25, NULL),
(1311, '2017-04-25', 142, '0.00', '528.75', 76, 'Payment Voucher', 25, NULL),
(1312, '2017-04-25', 134, '200.00', '0.00', 77, 'Payment Voucher', 25, NULL),
(1313, '2017-04-25', 133, '28.75', '0.00', 77, 'Payment Voucher', 25, NULL),
(1314, '2017-04-25', 142, '0.00', '228.75', 77, 'Payment Voucher', 25, NULL),
(1315, '2017-05-13', 134, '200.00', '0.00', 78, 'Payment Voucher', 25, NULL),
(1316, '2017-05-13', 133, '28.75', '0.00', 78, 'Payment Voucher', 25, NULL),
(1317, '2017-05-13', 142, '0.00', '228.75', 78, 'Payment Voucher', 25, NULL),
(1318, '2017-05-02', 153, '9200.00', '0.00', 38, 'Payment Voucher', 25, NULL),
(1319, '2017-05-02', 142, '0.00', '9200.00', 38, 'Payment Voucher', 25, NULL),
(1320, '2017-04-25', 35, '27688.00', '0.00', 36, 'Invoice Booking', 25, NULL),
(1321, '2017-04-25', 479, '0.00', '27688.00', 36, 'Invoice Booking', 25, NULL),
(1322, '2017-04-08', 182, '7727.00', '0.00', 79, 'Payment Voucher', 26, NULL),
(1323, '2017-04-08', 203, '0.00', '7727.00', 79, 'Payment Voucher', 26, NULL),
(1324, '2017-04-08', 182, '8800.00', '0.00', 80, 'Payment Voucher', 26, NULL),
(1325, '2017-04-08', 203, '0.00', '8800.00', 80, 'Payment Voucher', 26, NULL),
(1326, '2017-05-13', 477, '29520.00', '0.00', 81, 'Payment Voucher', 25, NULL),
(1327, '2017-05-13', 146, '0.00', '29520.00', 81, 'Payment Voucher', 25, NULL),
(1328, '2017-05-10', 35, '16524.00', '0.00', 37, 'Invoice Booking', 25, NULL),
(1329, '2017-05-10', 481, '0.00', '16524.00', 37, 'Invoice Booking', 25, NULL),
(1330, '2017-04-07', 538, '3038.80', '0.00', 3, 'Invoice Booking', 25, NULL),
(1331, '2017-04-07', 567, '151.20', '0.00', 3, 'Invoice Booking', 25, NULL),
(1332, '2017-04-07', 523, '0.00', '3190.00', 3, 'Invoice Booking', 25, NULL),
(1333, '2017-05-05', 614, '0.00', '650.00', 4, 'Journal Voucher', 25, NULL),
(1334, '2017-05-05', 614, '0.00', '442.00', 4, 'Journal Voucher', 25, NULL),
(1335, '2017-05-05', 125, '1092.00', '0.00', 4, 'Journal Voucher', 25, NULL),
(1336, '2017-04-30', 22, '0.00', '795.00', 2, 'Journal Voucher', 25, NULL),
(1337, '2017-04-30', 22, '0.00', '234.00', 2, 'Journal Voucher', 25, NULL),
(1338, '2017-04-30', 125, '1029.00', '0.00', 2, 'Journal Voucher', 25, NULL),
(1339, '2017-04-30', 134, '230.00', '0.00', 2, 'Journal Voucher', 25, NULL),
(1340, '2017-04-30', 52, '0.00', '230.00', 2, 'Journal Voucher', 25, NULL),
(1341, '2017-04-30', 134, '750.00', '0.00', 2, 'Journal Voucher', 25, NULL),
(1342, '2017-04-30', 31, '0.00', '750.00', 2, 'Journal Voucher', 25, NULL),
(1343, '2017-04-30', 134, '750.00', '0.00', 2, 'Journal Voucher', 25, NULL),
(1344, '2017-04-30', 46, '0.00', '750.00', 2, 'Journal Voucher', 25, NULL),
(1345, '2017-04-30', 44, '600.00', '0.00', 3, 'Journal Voucher', 25, NULL),
(1346, '2017-04-30', 547, '80.00', '0.00', 3, 'Journal Voucher', 25, NULL),
(1347, '2017-04-30', 294, '450.00', '0.00', 3, 'Journal Voucher', 25, NULL),
(1348, '2017-04-30', 22, '80.00', '0.00', 3, 'Journal Voucher', 25, NULL),
(1349, '2017-04-30', 45, '80.00', '0.00', 3, 'Journal Voucher', 25, NULL),
(1350, '2017-04-30', 135, '0.00', '1290.00', 3, 'Journal Voucher', 25, NULL),
(1351, '2017-04-17', 44, '0.00', '80.00', 1, 'Journal Voucher', 25, NULL),
(1352, '2017-04-17', 44, '0.00', '4050.00', 1, 'Journal Voucher', 25, NULL),
(1353, '2017-04-17', 44, '0.00', '840.00', 1, 'Journal Voucher', 25, NULL);
INSERT INTO `ledgers` (`id`, `transaction_date`, `ledger_account_id`, `debit`, `credit`, `voucher_id`, `voucher_source`, `company_id`, `ref_no`) VALUES
(1354, '2017-04-17', 125, '4970.00', '0.00', 1, 'Journal Voucher', 25, NULL),
(1358, '2017-03-19', 35, '23866.00', '0.00', 25, 'Invoice Booking', 25, NULL),
(1359, '2017-03-19', 480, '0.00', '23866.00', 25, 'Invoice Booking', 25, NULL),
(1360, '2017-04-21', 75, '1550000.00', '0.00', 82, 'Payment Voucher', 25, NULL),
(1361, '2017-04-21', 133, '58.00', '0.00', 82, 'Payment Voucher', 25, NULL),
(1362, '2017-04-21', 142, '0.00', '1550058.00', 82, 'Payment Voucher', 25, NULL),
(1363, '2017-04-24', 35, '100245.60', '0.00', 39, 'Invoice Booking', 25, NULL),
(1364, '2017-04-24', 476, '0.00', '100245.60', 39, 'Invoice Booking', 25, NULL),
(1365, '2017-04-17', 35, '51339.00', '0.00', 41, 'Invoice Booking', 25, NULL),
(1366, '2017-04-17', 474, '0.00', '51339.00', 41, 'Invoice Booking', 25, NULL),
(1367, '2017-04-17', 595, '5000.00', '0.00', 83, 'Payment Voucher', 25, NULL),
(1368, '2017-04-17', 142, '0.00', '5000.00', 83, 'Payment Voucher', 25, NULL),
(1369, '2017-04-14', 622, '5000.00', '0.00', 1, 'Contra Voucher', 25, NULL),
(1370, '2017-04-14', 142, '0.00', '5000.00', 1, 'Contra Voucher', 25, NULL),
(1378, '2017-05-12', 397, '64993.86', '0.00', 65, 'Invoice', 25, NULL),
(1379, '2017-05-12', 37, '0.00', '56763.20', 65, 'Invoice', 25, NULL),
(1380, '2017-05-12', 487, '0.00', '8230.66', 65, 'Invoice', 25, NULL),
(1383, '2017-05-15', 299, '0.00', '55450.72', 40, 'Receipt Voucher', 25, NULL),
(1384, '2017-05-15', 544, '0.00', '0.28', 40, 'Receipt Voucher', 25, NULL),
(1385, '2017-05-15', 145, '55451.00', '0.00', 40, 'Receipt Voucher', 25, NULL),
(1404, '2017-04-24', 622, '4015.00', '0.00', 2, 'Contra Voucher', 25, NULL),
(1405, '2017-04-24', 142, '0.00', '4015.00', 2, 'Contra Voucher', 25, NULL),
(1406, '2017-04-29', 596, '15000.00', '0.00', 87, 'Payment Voucher', 25, NULL),
(1407, '2017-04-29', 142, '0.00', '15000.00', 87, 'Payment Voucher', 25, NULL),
(1408, '2017-04-19', 134, '228.75', '0.00', 88, 'Payment Voucher', 25, NULL),
(1409, '2017-04-19', 142, '0.00', '228.75', 88, 'Payment Voucher', 25, NULL),
(1410, '2017-05-16', 369, '0.00', '68729.29', 41, 'Receipt Voucher', 25, NULL),
(1411, '2017-05-16', 544, '0.29', '0.00', 41, 'Receipt Voucher', 25, NULL),
(1412, '2017-05-16', 142, '68729.00', '0.00', 41, 'Receipt Voucher', 25, NULL),
(1413, '2017-05-16', 477, '21229.00', '0.00', 89, 'Payment Voucher', 25, NULL),
(1414, '2017-05-16', 146, '0.00', '21229.00', 89, 'Payment Voucher', 25, NULL),
(1419, '2017-05-16', 478, '68498.00', '0.00', 90, 'Payment Voucher', 25, NULL),
(1420, '2017-05-16', 146, '0.00', '68498.00', 90, 'Payment Voucher', 25, NULL),
(1423, '2017-04-04', 479, '323204.00', '0.00', 70, 'Payment Voucher', 25, NULL),
(1424, '2017-04-04', 146, '0.00', '323204.00', 70, 'Payment Voucher', 25, NULL),
(1425, '2017-05-12', 479, '54353.00', '0.00', 71, 'Payment Voucher', 25, NULL),
(1426, '2017-05-12', 146, '0.00', '54353.00', 71, 'Payment Voucher', 25, NULL),
(1427, '2017-05-16', 479, '183638.00', '0.00', 91, 'Payment Voucher', 25, NULL),
(1428, '2017-05-16', 146, '0.00', '183638.00', 91, 'Payment Voucher', 25, NULL),
(1429, '2017-05-16', 540, '30873.69', '0.00', 67, 'Invoice', 25, NULL),
(1430, '2017-05-16', 37, '0.00', '24524.82', 67, 'Invoice', 25, NULL),
(1431, '2017-05-16', 488, '0.00', '1348.87', 67, 'Invoice', 25, NULL),
(1432, '2017-05-16', 106, '0.00', '5000.00', 67, 'Invoice', 25, NULL),
(1433, '2017-05-16', 381, '0.00', '89016.68', 42, 'Receipt Voucher', 25, NULL),
(1434, '2017-05-16', 544, '0.00', '0.32', 42, 'Receipt Voucher', 25, NULL),
(1435, '2017-05-16', 145, '89017.00', '0.00', 42, 'Receipt Voucher', 25, NULL),
(1448, '2017-05-17', 55, '40213.25', '0.00', 68, 'Invoice', 25, NULL),
(1449, '2017-05-17', 37, '0.00', '40213.25', 68, 'Invoice', 25, NULL),
(1462, '2017-05-17', 134, '95.00', '0.00', 3, 'Petty Cash Payment Voucher', 25, NULL),
(1463, '2017-05-17', 119, '703.00', '0.00', 3, 'Petty Cash Payment Voucher', 25, NULL),
(1464, '2017-05-17', 126, '146.00', '0.00', 3, 'Petty Cash Payment Voucher', 25, NULL),
(1465, '2017-05-17', 126, '230.00', '0.00', 3, 'Petty Cash Payment Voucher', 25, NULL),
(1466, '2017-05-17', 109, '340.00', '0.00', 3, 'Petty Cash Payment Voucher', 25, NULL),
(1467, '2017-05-17', 135, '1641.00', '0.00', 3, 'Petty Cash Payment Voucher', 25, NULL),
(1468, '2017-05-17', 622, '0.00', '3155.00', 3, 'Petty Cash Payment Voucher', 25, NULL),
(1469, '2017-05-04', 381, '65570.70', '0.00', 56, 'Invoice', 25, NULL),
(1470, '2017-05-04', 37, '0.00', '62152.32', 56, 'Invoice', 25, NULL),
(1471, '2017-05-04', 488, '0.00', '3418.38', 56, 'Invoice', 25, NULL),
(1472, '2017-05-15', 103, '2680.00', '0.00', 85, 'Payment Voucher', 25, NULL),
(1473, '2017-05-15', 146, '0.00', '2680.00', 85, 'Payment Voucher', 25, NULL),
(1478, '2017-05-17', 273, '50710.25', '0.00', 69, 'Invoice', 25, NULL),
(1479, '2017-05-17', 37, '0.00', '46550.00', 69, 'Invoice', 25, NULL),
(1480, '2017-05-17', 488, '0.00', '2560.25', 69, 'Invoice', 25, NULL),
(1481, '2017-05-17', 106, '0.00', '1600.00', 69, 'Invoice', 25, NULL),
(1482, '2017-05-08', 120, '6250.00', '0.00', 56, 'Payment Voucher', 25, NULL),
(1483, '2017-05-08', 145, '0.00', '6250.00', 56, 'Payment Voucher', 25, NULL),
(1484, '2017-05-15', 77, '62106.27', '0.00', 66, 'Invoice', 25, NULL),
(1485, '2017-05-15', 37, '0.00', '58868.50', 66, 'Invoice', 25, NULL),
(1486, '2017-05-15', 488, '0.00', '3237.77', 66, 'Invoice', 25, NULL),
(1487, '2017-05-17', 54, '0.00', '115452.87', 43, 'Receipt Voucher', 25, NULL),
(1488, '2017-05-17', 544, '0.00', '0.13', 43, 'Receipt Voucher', 25, NULL),
(1489, '2017-05-17', 145, '115453.00', '0.00', 43, 'Receipt Voucher', 25, NULL),
(1490, '2017-05-17', 23, '0.00', '103425.87', 44, 'Receipt Voucher', 25, NULL),
(1491, '2017-05-17', 544, '0.00', '0.13', 44, 'Receipt Voucher', 25, NULL),
(1492, '2017-05-17', 145, '103426.00', '0.00', 44, 'Receipt Voucher', 25, NULL),
(1495, '2017-05-11', 598, '1665.00', '0.00', 63, 'Payment Voucher', 25, NULL),
(1496, '2017-05-11', 146, '0.00', '1665.00', 63, 'Payment Voucher', 25, NULL),
(1497, '2017-05-17', 146, '425000.00', '0.00', 3, 'Contra Voucher', 25, NULL),
(1498, '2017-05-17', 145, '0.00', '425000.00', 3, 'Contra Voucher', 25, NULL),
(1501, '2017-05-17', 275, '0.00', '100458.41', 45, 'Receipt Voucher', 25, NULL),
(1502, '2017-05-17', 544, '0.41', '0.00', 45, 'Receipt Voucher', 25, NULL),
(1503, '2017-05-17', 145, '100458.00', '0.00', 45, 'Receipt Voucher', 25, NULL),
(1504, '2017-04-21', 133, '25.00', '0.00', 1, 'Payment Voucher', 25, NULL),
(1505, '2017-04-21', 145, '0.00', '25.00', 1, 'Payment Voucher', 25, NULL),
(1670, '2017-05-15', 322, '4600.00', '0.00', 86, 'Payment Voucher', 27, NULL),
(1671, '2017-05-15', 352, '0.00', '4600.00', 86, 'Payment Voucher', 27, NULL),
(1672, '2017-04-13', 626, '310.20', '0.00', 84, 'Payment Voucher', 27, NULL),
(1673, '2017-04-13', 352, '0.00', '310.20', 84, 'Payment Voucher', 27, NULL),
(1674, '2017-05-12', 329, '3500.00', '0.00', 74, 'Payment Voucher', 27, NULL),
(1675, '2017-05-12', 352, '0.00', '3500.00', 74, 'Payment Voucher', 27, NULL),
(1676, '2017-05-13', 583, '5000.00', '0.00', 67, 'Payment Voucher', 27, NULL),
(1677, '2017-05-13', 352, '0.00', '5000.00', 67, 'Payment Voucher', 27, NULL),
(1678, '2017-05-10', 330, '7000.00', '0.00', 60, 'Payment Voucher', 27, NULL),
(1679, '2017-05-10', 352, '0.00', '7000.00', 60, 'Payment Voucher', 27, NULL),
(1680, '2017-04-17', 582, '1000000.00', '0.00', 59, 'Payment Voucher', 27, NULL),
(1681, '2017-04-17', 352, '0.00', '1000000.00', 59, 'Payment Voucher', 27, NULL),
(1682, '2017-05-08', 330, '4300.00', '0.00', 54, 'Payment Voucher', 27, NULL),
(1683, '2017-05-08', 352, '0.00', '4300.00', 54, 'Payment Voucher', 27, NULL),
(1684, '2017-05-02', 360, '9200.00', '0.00', 41, 'Payment Voucher', 27, NULL),
(1685, '2017-05-02', 352, '0.00', '9200.00', 41, 'Payment Voucher', 27, NULL),
(1686, '2017-05-01', 591, '6000.00', '0.00', 36, 'Payment Voucher', 27, NULL),
(1687, '2017-05-01', 352, '0.00', '6000.00', 36, 'Payment Voucher', 27, NULL),
(1688, '2017-04-08', 579, '7000.00', '0.00', 35, 'Payment Voucher', 27, NULL),
(1689, '2017-04-08', 352, '0.00', '7000.00', 35, 'Payment Voucher', 27, NULL),
(1690, '2017-04-07', 579, '18300.00', '0.00', 33, 'Payment Voucher', 27, NULL),
(1691, '2017-04-07', 342, '4.60', '0.00', 33, 'Payment Voucher', 27, NULL),
(1692, '2017-04-07', 352, '0.00', '18304.60', 33, 'Payment Voucher', 27, NULL),
(1693, '2017-04-07', 579, '10710.00', '0.00', 32, 'Payment Voucher', 27, NULL),
(1694, '2017-04-07', 352, '0.00', '10710.00', 32, 'Payment Voucher', 27, NULL),
(1695, '2017-04-07', 579, '10500.00', '0.00', 31, 'Payment Voucher', 27, NULL),
(1696, '2017-04-07', 342, '4.60', '0.00', 31, 'Payment Voucher', 27, NULL),
(1697, '2017-04-07', 352, '0.00', '10504.60', 31, 'Payment Voucher', 27, NULL),
(1698, '2017-04-24', 324, '4697.00', '0.00', 27, 'Payment Voucher', 27, NULL),
(1699, '2017-04-24', 352, '0.00', '4697.00', 27, 'Payment Voucher', 27, NULL),
(1700, '2017-04-07', 579, '20000.00', '0.00', 23, 'Payment Voucher', 27, NULL),
(1701, '2017-04-07', 352, '0.00', '20000.00', 23, 'Payment Voucher', 27, NULL),
(1705, '2017-05-17', 372, '0.00', '2848.50', 46, 'Receipt Voucher', 25, NULL),
(1706, '2017-05-17', 142, '2848.50', '0.00', 46, 'Receipt Voucher', 25, NULL),
(1710, '2017-05-17', 50, '0.00', '54872.80', 47, 'Receipt Voucher', 25, NULL),
(1711, '2017-05-17', 544, '0.00', '0.20', 47, 'Receipt Voucher', 25, NULL),
(1712, '2017-05-17', 142, '54873.00', '0.00', 47, 'Receipt Voucher', 25, NULL),
(1715, '2017-05-18', 103, '2340.00', '0.00', 92, 'Payment Voucher', 25, NULL),
(1716, '2017-05-18', 146, '0.00', '2340.00', 92, 'Payment Voucher', 25, NULL),
(1747, '2017-04-27', 119, '35.00', '0.00', 2, 'Petty Cash Payment Voucher', 25, NULL),
(1748, '2017-04-27', 134, '375.00', '0.00', 2, 'Petty Cash Payment Voucher', 25, NULL),
(1749, '2017-04-27', 134, '752.00', '0.00', 2, 'Petty Cash Payment Voucher', 25, NULL),
(1750, '2017-04-27', 126, '170.00', '0.00', 2, 'Petty Cash Payment Voucher', 25, NULL),
(1751, '2017-04-27', 135, '2356.00', '0.00', 2, 'Petty Cash Payment Voucher', 25, NULL),
(1752, '2017-04-27', 126, '302.00', '0.00', 2, 'Petty Cash Payment Voucher', 25, NULL),
(1753, '2017-04-27', 113, '25.00', '0.00', 2, 'Petty Cash Payment Voucher', 25, NULL),
(1754, '2017-04-27', 622, '0.00', '4015.00', 2, 'Petty Cash Payment Voucher', 25, NULL),
(1759, '2017-05-18', 552, '13337.50', '0.00', 74, 'Invoice', 27, NULL),
(1760, '2017-05-18', 311, '0.00', '12500.00', 74, 'Invoice', 27, NULL),
(1761, '2017-05-18', 505, '0.00', '687.50', 74, 'Invoice', 27, NULL),
(1762, '2017-05-18', 317, '0.00', '150.00', 74, 'Invoice', 27, NULL),
(1771, '2017-05-18', 636, '9162.00', '0.00', 75, 'Invoice', 27, NULL),
(1772, '2017-05-18', 311, '0.00', '8400.00', 75, 'Invoice', 27, NULL),
(1773, '2017-05-18', 505, '0.00', '462.00', 75, 'Invoice', 27, NULL),
(1774, '2017-05-18', 317, '0.00', '300.00', 75, 'Invoice', 27, NULL),
(1775, '2017-04-09', 182, '10500.00', '0.00', 93, 'Payment Voucher', 26, NULL),
(1776, '2017-04-09', 194, '4.60', '0.00', 93, 'Payment Voucher', 26, NULL),
(1777, '2017-04-09', 203, '0.00', '10504.60', 93, 'Payment Voucher', 26, NULL),
(1778, '2017-04-10', 182, '5629.00', '0.00', 94, 'Payment Voucher', 26, NULL),
(1779, '2017-04-10', 194, '2.30', '0.00', 94, 'Payment Voucher', 26, NULL),
(1780, '2017-04-10', 203, '0.00', '5631.30', 94, 'Payment Voucher', 26, NULL),
(1781, '2017-05-01', 301, '0.00', '21846.60', 48, 'Receipt Voucher', 25, NULL),
(1782, '2017-05-01', 544, '1638.60', '0.00', 48, 'Receipt Voucher', 25, NULL),
(1783, '2017-05-01', 142, '20208.00', '0.00', 48, 'Receipt Voucher', 25, NULL),
(1784, '2017-05-08', 120, '14749.00', '0.00', 95, 'Payment Voucher', 25, NULL),
(1785, '2017-05-08', 142, '0.00', '14749.00', 95, 'Payment Voucher', 25, NULL),
(1786, '2017-05-15', 103, '800.00', '0.00', 1, 'Petty Cash Payment Voucher', 25, NULL),
(1787, '2017-05-15', 106, '110.00', '0.00', 1, 'Petty Cash Payment Voucher', 25, NULL),
(1788, '2017-05-15', 103, '370.00', '0.00', 1, 'Petty Cash Payment Voucher', 25, NULL),
(1789, '2017-05-15', 103, '560.00', '0.00', 1, 'Petty Cash Payment Voucher', 25, NULL),
(1790, '2017-05-15', 106, '800.00', '0.00', 1, 'Petty Cash Payment Voucher', 25, NULL),
(1791, '2017-05-15', 106, '810.00', '0.00', 1, 'Petty Cash Payment Voucher', 25, NULL),
(1792, '2017-05-15', 101, '350.00', '0.00', 1, 'Petty Cash Payment Voucher', 25, NULL),
(1793, '2017-05-15', 101, '350.00', '0.00', 1, 'Petty Cash Payment Voucher', 25, NULL),
(1794, '2017-05-15', 101, '250.00', '0.00', 1, 'Petty Cash Payment Voucher', 25, NULL),
(1795, '2017-05-15', 105, '350.00', '0.00', 1, 'Petty Cash Payment Voucher', 25, NULL),
(1796, '2017-05-15', 105, '225.00', '0.00', 1, 'Petty Cash Payment Voucher', 25, NULL),
(1797, '2017-05-15', 105, '400.00', '0.00', 1, 'Petty Cash Payment Voucher', 25, NULL),
(1798, '2017-05-15', 119, '842.00', '0.00', 1, 'Petty Cash Payment Voucher', 25, NULL),
(1799, '2017-05-15', 453, '0.00', '6217.00', 1, 'Petty Cash Payment Voucher', 25, NULL),
(1802, '2017-05-01', 598, '2815.00', '0.00', 62, 'Payment Voucher', 25, NULL),
(1803, '2017-05-01', 146, '0.00', '2815.00', 62, 'Payment Voucher', 25, NULL),
(1806, '2017-05-18', 62, '199292.63', '0.00', 76, 'Invoice', 25, NULL),
(1807, '2017-05-18', 37, '0.00', '199292.63', 76, 'Invoice', 25, NULL),
(1808, '2017-05-18', 62, '199292.63', '0.00', 77, 'Invoice', 25, NULL),
(1809, '2017-05-18', 37, '0.00', '199292.63', 77, 'Invoice', 25, NULL),
(1816, '2017-05-18', 85, '4196.26', '0.00', 78, 'Invoice', 25, NULL),
(1817, '2017-05-18', 37, '0.00', '3977.50', 78, 'Invoice', 25, NULL),
(1818, '2017-05-18', 488, '0.00', '218.76', 78, 'Invoice', 25, NULL),
(1819, '2017-05-17', 27, '63547.50', '0.00', 70, 'Invoice', 25, NULL),
(1820, '2017-05-17', 37, '0.00', '55500.00', 70, 'Invoice', 25, NULL),
(1821, '2017-05-17', 487, '0.00', '8047.50', 70, 'Invoice', 25, NULL),
(1822, '2017-05-17', 63, '401636.23', '0.00', 71, 'Invoice', 25, NULL),
(1823, '2017-05-17', 37, '0.00', '350774.00', 71, 'Invoice', 25, NULL),
(1824, '2017-05-17', 487, '0.00', '50862.23', 71, 'Invoice', 25, NULL),
(1825, '2017-05-17', 27, '22671.00', '0.00', 72, 'Invoice', 25, NULL),
(1826, '2017-05-17', 37, '0.00', '19800.00', 72, 'Invoice', 25, NULL),
(1827, '2017-05-17', 487, '0.00', '2871.00', 72, 'Invoice', 25, NULL),
(1828, '2017-04-05', 106, '1500.00', '0.00', 96, 'Payment Voucher', 25, NULL),
(1829, '2017-04-05', 146, '0.00', '1500.00', 96, 'Payment Voucher', 25, NULL),
(1830, '2017-05-17', 133, '29.00', '0.00', 1, 'Non Print Payment Voucher', 25, NULL),
(1831, '2017-05-17', 145, '0.00', '29.00', 1, 'Non Print Payment Voucher', 25, NULL),
(1832, '2017-04-01', 474, '52329.00', '0.00', 6, 'Journal Voucher', 25, NULL),
(1833, '2017-04-01', 544, '0.00', '52329.00', 6, 'Journal Voucher', 25, NULL),
(1834, '2017-04-01', 474, '8619.00', '0.00', 7, 'Journal Voucher', 25, NULL),
(1835, '2017-04-01', 544, '0.00', '8619.00', 7, 'Journal Voucher', 25, NULL),
(1836, '2017-04-01', 474, '5143.00', '0.00', 8, 'Journal Voucher', 25, NULL),
(1837, '2017-04-01', 544, '0.00', '5143.00', 8, 'Journal Voucher', 25, NULL),
(1838, '2017-04-01', 474, '15059.00', '0.00', 9, 'Journal Voucher', 25, NULL),
(1839, '2017-04-01', 544, '0.00', '15059.00', 9, 'Journal Voucher', 25, NULL),
(1840, '2017-04-01', 641, '0.00', '187717.00', 0, 'Opening Balance', 25, 'Op'),
(1850, '2017-05-19', 298, '12519.48', '0.00', 79, 'Invoice', 25, NULL),
(1851, '2017-05-19', 37, '0.00', '12274.00', 79, 'Invoice', 25, NULL),
(1852, '2017-05-19', 490, '0.00', '245.48', 79, 'Invoice', 25, NULL),
(1853, '2017-05-19', 461, '6688.25', '0.00', 80, 'Invoice', 25, NULL),
(1854, '2017-05-19', 37, '0.00', '6150.00', 80, 'Invoice', 25, NULL),
(1855, '2017-05-19', 488, '0.00', '338.25', 80, 'Invoice', 25, NULL),
(1856, '2017-05-19', 106, '0.00', '200.00', 80, 'Invoice', 25, NULL),
(1857, '2017-05-19', 396, '0.00', '12640.80', 49, 'Receipt Voucher', 25, NULL),
(1858, '2017-05-19', 544, '0.00', '0.20', 49, 'Receipt Voucher', 25, NULL),
(1859, '2017-05-19', 145, '12641.00', '0.00', 49, 'Receipt Voucher', 25, NULL),
(1860, '2017-05-19', 22, '8000.00', '0.00', 97, 'Payment Voucher', 25, NULL),
(1861, '2017-05-19', 142, '0.00', '8000.00', 97, 'Payment Voucher', 25, NULL),
(1862, '2017-05-10', 35, '17534.00', '0.00', 42, 'Invoice Booking', 25, NULL),
(1863, '2017-05-10', 474, '0.00', '17534.00', 42, 'Invoice Booking', 25, NULL),
(1864, '2017-04-26', 35, '74000.00', '0.00', 43, 'Invoice Booking', 25, NULL),
(1865, '2017-04-26', 478, '0.00', '74000.00', 43, 'Invoice Booking', 25, NULL),
(1866, '2017-04-26', 35, '34081.00', '0.00', 44, 'Invoice Booking', 25, NULL),
(1867, '2017-04-26', 478, '0.00', '34081.00', 44, 'Invoice Booking', 25, NULL),
(1868, '2017-04-28', 35, '275400.00', '0.00', 45, 'Invoice Booking', 25, NULL),
(1869, '2017-04-28', 476, '0.00', '275400.00', 45, 'Invoice Booking', 25, NULL),
(1870, '2017-04-28', 35, '32703.75', '0.00', 46, 'Invoice Booking', 25, NULL),
(1871, '2017-04-28', 476, '0.00', '32703.75', 46, 'Invoice Booking', 25, NULL),
(1872, '2017-05-10', 35, '9473.00', '0.00', 47, 'Invoice Booking', 25, NULL),
(1873, '2017-05-10', 481, '0.00', '9473.00', 47, 'Invoice Booking', 25, NULL),
(1874, '2017-04-27', 35, '33186.27', '0.00', 49, 'Invoice Booking', 25, NULL),
(1875, '2017-04-27', 476, '0.00', '33186.27', 49, 'Invoice Booking', 25, NULL),
(1876, '2017-04-27', 35, '2859.00', '0.00', 50, 'Invoice Booking', 25, NULL),
(1877, '2017-04-27', 476, '0.00', '2859.00', 50, 'Invoice Booking', 25, NULL),
(1884, '2017-05-01', 538, '13399.10', '0.00', 52, 'Invoice Booking', 25, NULL),
(1885, '2017-05-01', 567, '1942.90', '0.00', 52, 'Invoice Booking', 25, NULL),
(1886, '2017-05-01', 475, '0.00', '15342.00', 52, 'Invoice Booking', 25, NULL),
(1887, '2017-05-19', 146, '990000.00', '0.00', 4, 'Contra Voucher', 25, NULL),
(1888, '2017-05-19', 133, '23.00', '0.00', 4, 'Contra Voucher', 25, NULL),
(1889, '2017-05-19', 142, '0.00', '990023.00', 4, 'Contra Voucher', 25, NULL),
(1890, '2017-05-19', 409, '25000.00', '0.00', 2, 'Non Print Payment Voucher', 25, NULL),
(1891, '2017-05-19', 145, '0.00', '25000.00', 2, 'Non Print Payment Voucher', 25, NULL),
(1892, '2017-05-17', 58, '361530.82', '0.00', 73, 'Invoice', 25, NULL),
(1893, '2017-05-17', 37, '0.00', '315747.44', 73, 'Invoice', 25, NULL),
(1894, '2017-05-17', 487, '0.00', '45783.38', 73, 'Invoice', 25, NULL),
(1895, '2017-04-13', 538, '540.31', '0.00', 53, 'Invoice Booking', 25, NULL),
(1896, '2017-04-13', 567, '29.69', '0.00', 53, 'Invoice Booking', 25, NULL),
(1897, '2017-04-13', 572, '0.00', '570.00', 53, 'Invoice Booking', 25, NULL),
(1898, '2017-04-10', 538, '445.52', '0.00', 54, 'Invoice Booking', 25, NULL),
(1899, '2017-04-10', 567, '24.48', '0.00', 54, 'Invoice Booking', 25, NULL),
(1900, '2017-04-10', 572, '0.00', '470.00', 54, 'Invoice Booking', 25, NULL),
(1904, '2017-04-06', 538, '836.00', '0.00', 55, 'Invoice Booking', 25, NULL),
(1905, '2017-04-06', 567, '46.00', '0.00', 55, 'Invoice Booking', 25, NULL),
(1906, '2017-04-06', 572, '0.00', '882.00', 55, 'Invoice Booking', 25, NULL),
(1907, '2017-05-19', 381, '82213.00', '0.00', 81, 'Invoice', 25, NULL),
(1908, '2017-05-19', 37, '0.00', '80600.98', 81, 'Invoice', 25, NULL),
(1909, '2017-05-19', 490, '0.00', '1612.02', 81, 'Invoice', 25, NULL),
(1913, '2017-05-20', 521, '0.00', '13029.25', 50, 'Receipt Voucher', 25, NULL),
(1914, '2017-05-20', 544, '0.25', '0.00', 50, 'Receipt Voucher', 25, NULL),
(1915, '2017-05-20', 142, '13029.00', '0.00', 50, 'Receipt Voucher', 25, NULL),
(1916, '2017-05-18', 101, '200.00', '0.00', 4, 'Petty Cash Payment Voucher', 25, NULL),
(1917, '2017-05-18', 103, '220.00', '0.00', 4, 'Petty Cash Payment Voucher', 25, NULL),
(1918, '2017-05-18', 105, '80.00', '0.00', 4, 'Petty Cash Payment Voucher', 25, NULL),
(1919, '2017-05-18', 104, '1040.00', '0.00', 4, 'Petty Cash Payment Voucher', 25, NULL),
(1920, '2017-05-18', 106, '1670.00', '0.00', 4, 'Petty Cash Payment Voucher', 25, NULL),
(1921, '2017-05-18', 119, '842.00', '0.00', 4, 'Petty Cash Payment Voucher', 25, NULL),
(1922, '2017-05-18', 453, '0.00', '4052.00', 4, 'Petty Cash Payment Voucher', 25, NULL),
(1923, '2017-05-20', 39, '11476.29', '0.00', 82, 'Invoice', 25, NULL),
(1924, '2017-05-20', 37, '0.00', '10878.00', 82, 'Invoice', 25, NULL),
(1925, '2017-05-20', 488, '0.00', '598.29', 82, 'Invoice', 25, NULL),
(1929, '2017-05-20', 543, '15286.95', '0.00', 83, 'Invoice', 27, NULL),
(1930, '2017-05-20', 311, '0.00', '14490.00', 83, 'Invoice', 27, NULL),
(1931, '2017-05-20', 505, '0.00', '796.95', 83, 'Invoice', 27, NULL),
(1932, '2017-05-20', 45, '5000.00', '0.00', 98, 'Payment Voucher', 25, NULL),
(1933, '2017-05-20', 142, '0.00', '5000.00', 98, 'Payment Voucher', 25, NULL);

-- --------------------------------------------------------

--
-- Table structure for table `ledger_accounts`
--

CREATE TABLE IF NOT EXISTS `ledger_accounts` (
  `id` int(12) NOT NULL AUTO_INCREMENT,
  `account_second_subgroup_id` int(12) NOT NULL,
  `name` varchar(255) NOT NULL,
  `alias` varchar(255) NOT NULL,
  `source_model` varchar(255) NOT NULL,
  `source_id` int(10) NOT NULL,
  `bill_to_bill_account` varchar(10) NOT NULL,
  `company_id` int(10) NOT NULL,
  `auto_inc` int(11) NOT NULL,
  PRIMARY KEY (`id`)
) ENGINE=InnoDB  DEFAULT CHARSET=latin1 AUTO_INCREMENT=646 ;

--
-- Dumping data for table `ledger_accounts`
--

INSERT INTO `ledger_accounts` (`id`, `account_second_subgroup_id`, `name`, `alias`, `source_model`, `source_id`, `bill_to_bill_account`, `company_id`, `auto_inc`) VALUES
(22, 10, 'Jagdish Salvi', '', 'Employees', 4, '', 25, 0),
(23, 2, 'Hindustan Zinc Ltd', 'Dariba Smelter Complex', 'Customers', 1, 'Yes', 25, 0),
(25, 2, 'Ultratech Cement Ltd', 'Unit-Aditya Cement Works', 'Customers', 2, 'Yes', 25, 0),
(26, 2, 'JK Laxmi Cement Ltd', 'JK Laxmi Cement Ltd', 'Customers', 3, 'Yes', 25, 0),
(27, 2, 'Shree Cement Ltd', 'Shree Cement Ltd Unit 1', 'Customers', 4, 'Yes', 25, 0),
(28, 2, 'Trinetra Cement Ltd', 'The India Cement', 'Customers', 5, 'Yes', 25, 0),
(31, 10, 'Jitendra Singh Jhala', '', 'Employees', 8, '', 25, 0),
(32, 10, 'Usha Mali', '', 'Employees', 9, '', 25, 0),
(33, 2, 'Ultratech Cement Limited', 'Unit: Vikram Cement Works', 'Customers', 6, 'Yes', 25, 0),
(35, 14, 'CST Purchases', '', 'Ledger Account', 0, '', 25, 0),
(37, 8, 'Sales Income', '', 'Ledger Account', 0, '', 25, 0),
(38, 2, 'Adani Power Rajasthan Ltd', 'Adani Power Rajasthan Ltd', 'Customers', 7, 'Yes', 25, 0),
(39, 1, 'Shriram Rayons', 'Shriram Rayons', 'Customers', 8, 'Yes', 25, 0),
(40, 2, 'Mangalam Cement Ltd', 'Mangalam Cement Ltd', 'Customers', 9, 'Yes', 25, 0),
(41, 2, 'Sutlej Textiles and Industries Limited', 'Sutlej Textiles and Industries Limited', 'Customers', 10, 'Yes', 25, 0),
(43, 2, 'Ambuja Cements Limited', 'Unit-Rabriyawas', 'Customers', 11, 'Yes', 25, 0),
(44, 10, 'Pushpendra Nath Chauhan', '', 'Employees', 11, '', 25, 0),
(45, 10, 'Vikram Singh ', '', 'Employees', 12, '', 25, 0),
(46, 10, 'Bhopal Singh Jhala', '', 'Employees', 13, '', 25, 0),
(47, 2, 'Hindustan Zinc Ltd.', 'Sindesar Khurd Mine', 'Customers', 12, 'Yes', 25, 0),
(50, 2, 'J.K. Cement Works Mangrol', 'Unit of J.K. Cement Ltd.', 'Customers', 15, 'Yes', 25, 0),
(51, 2, 'Hindustan Zinc Ltd', 'Haridwar Zinc Plant', 'Customers', 16, 'Yes', 25, 0),
(52, 10, 'Reena Khandelwal', '', 'Employees', 14, '', 25, 0),
(53, 2, 'Hindustan Zinc Ltd', 'Rajpura Dariba Mines', 'Customers', 17, 'Yes', 25, 0),
(54, 2, 'Hindustan Zinc Ltd', 'Chanderia Smelter Complex (CPP)', 'Customers', 18, 'Yes', 25, 0),
(55, 2, 'Hindustan Zinc Ltd', 'Unit-Pyro', 'Customers', 19, 'Yes', 25, 0),
(56, 2, 'Hindustan Zinc ltd', 'Zinc Smelter Debari', 'Customers', 20, 'Yes', 25, 0),
(57, 2, 'Hindustan Zinc Ltd', 'CPP Zawar Mines', 'Customers', 21, 'Yes', 25, 0),
(58, 2, 'Ultratech Cement Limited', 'Unit-Birla White', 'Customers', 22, 'Yes', 25, 0),
(59, 2, 'Ultratech Cement Limited', 'Unit-Sewagram Cement Works', 'Customers', 23, 'Yes', 25, 0),
(60, 2, 'Ultratech Cement Limited', 'Unit-Bathinda Cement Works', 'Customers', 24, 'Yes', 25, 0),
(61, 2, 'Ultratech Cement Limited', 'Unit-Awarpur Cement Works', 'Customers', 25, 'Yes', 25, 0),
(62, 2, 'Ultratech Cement Limited', 'Unit-Kotputli Cement Works', 'Customers', 26, 'Yes', 25, 0),
(63, 2, 'Shree Cement Limited', 'Unit -RAS', 'Customers', 29, 'Yes', 25, 0),
(64, 2, 'Shree Raipur Cement Plant', 'Unit-Shree Cement Ltd', 'Customers', 30, 'Yes', 25, 0),
(65, 2, 'Shree Cement Unit Panipat', 'Panipat', 'Customers', 31, 'Yes', 25, 0),
(66, 2, 'RSWM Limited', 'Power Plant', 'Customers', 32, '', 25, 0),
(67, 2, 'RSWM Limited', 'Unit:-LNJ Denim', 'Customers', 33, 'Yes', 25, 0),
(68, 2, 'RSWM Limited', 'Unit-Rishabhdev', 'Customers', 34, 'Yes', 25, 0),
(69, 2, 'Cavendish Industries Limited', 'Cavendish Industries Limited', 'Customers', 35, 'Yes', 25, 0),
(70, 10, 'Mohammed Arif', '', 'Employees', 15, '', 26, 0),
(71, 2, 'BMD Pvt Ltd', 'BMD ', 'Customers', 36, 'Yes', 25, 0),
(72, 2, 'Ginni international Ltd.', 'Ginni international Ltd.', 'Customers', 37, 'Yes', 25, 0),
(73, 2, 'Shriram Fertilisers & Chemicals', 'Shriram Fertilisers & Chemicals', 'Customers', 38, 'Yes', 25, 0),
(75, 37, 'Anshul Mogra', '', 'Employees', 16, '', 25, 0),
(77, 2, 'Maharaja Shree Umaid Mills Ltd', 'Maharaja Shree Umaid Mills Ltd', 'Customers', 40, 'Yes', 25, 0),
(78, 2, 'Banawara Syntex Limited', 'Unit BTM', 'Customers', 41, 'Yes', 25, 0),
(79, 2, 'Udaipur Cement Works Ltd', 'Unit of JK Laxmi Cement', 'Customers', 42, 'Yes', 25, 0),
(80, 2, 'Neyveli Lignite Corporation Limited', 'NLC', 'Customers', 43, 'Yes', 25, 0),
(85, 2, 'Wonder Cement Ltd.', 'Nimbahera', 'Customers', 44, 'Yes', 25, 0),
(86, 2, 'Sangam (India) Limited', 'Spinning Unit -I', 'Customers', 45, 'Yes', 25, 0),
(87, 2, 'RSWM Limited', 'Unit-Gulabpura', 'Customers', 46, 'Yes', 25, 0),
(88, 2, 'Lafarge India Pvt.Ltd. ', 'Lafarge India Pvt.Ltd. ', 'Customers', 47, 'Yes', 25, 0),
(89, 2, 'Jindal Saw Ltd.', 'Jindal Saw Ltd.', 'Customers', 48, 'Yes', 25, 0),
(90, 2, 'Kalisindh Thermal Power Project ', 'KTPP-RRVUNL', 'Customers', 49, 'Yes', 25, 0),
(91, 2, 'Chhabra Thermal Power Project', 'CTPS-RRVUNL', 'Customers', 50, 'Yes', 25, 0),
(92, 2, 'Parle Biscuit Pvt. Ltd. ', 'Parle Biscuit Pvt. Ltd. ', 'Customers', 51, 'Yes', 25, 0),
(93, 2, 'United Spirits Limited ', 'Unit- Alwar', 'Customers', 52, 'Yes', 25, 0),
(94, 2, 'United Spirits Ltd.', 'Unit- Udaipur', 'Customers', 53, 'Yes', 25, 0),
(95, 2, 'Balkrishna Industries Ltd.', 'Unit-Chopanki', 'Customers', 54, 'Yes', 25, 0),
(96, 2, 'Balkrishna Industries Ltd.', 'Unit-Bhiwadi', 'Customers', 55, 'Yes', 25, 0),
(97, 2, 'Sabmiller India Ltd.', 'Unit-Rochees Breweries', 'Customers', 56, 'Yes', 25, 0),
(98, 2, 'Shriram Axiall', 'Shriram Polytech', 'Customers', 57, 'Yes', 25, 0),
(100, 16, 'VAT Paid Purchases', '', 'Ledger Account', 0, '', 25, 0),
(101, 17, 'Purchase Thela Bhada', '', 'Ledger Account', 0, '', 25, 0),
(102, 2, 'J K Tyre & Industries Ltd.', 'J K Tyre & Industries Ltd.', 'Customers', 58, 'Yes', 25, 0),
(103, 17, 'Purchase Freight', '', 'Ledger Account', 0, '', 25, 0),
(104, 17, 'Purchase Other Expenses', '', 'Ledger Account', 0, '', 25, 0),
(105, 18, 'Sales Thela Bhada', '', 'Ledger Account', 0, '', 25, 0),
(106, 18, 'Sales Freight Expenses', '', 'Ledger Account', 0, '', 25, 0),
(107, 52, 'Sales Promotion', '', 'Ledger Account', 0, '', 25, 0),
(108, 52, 'Exhibition & Seminar Expenses', '', 'Ledger Account', 0, '', 25, 0),
(109, 52, 'Guest Entertainment Expenses', '', 'Ledger Account', 0, '', 25, 0),
(111, 52, 'Sales Commission', '', 'Ledger Account', 0, '', 25, 0),
(112, 19, 'Professional & Membership Expenses', '', 'Ledger Account', 0, '', 25, 0),
(113, 20, 'Communication Staff Expenses', '', 'Ledger Account', 0, '', 25, 0),
(114, 19, 'Electricity Expenses', '', 'Ledger Account', 0, '', 25, 0),
(115, 19, 'Rent Expenses', '', 'Ledger Account', 0, '', 25, 0),
(116, 19, 'Water Expenses', '', 'Ledger Account', 0, '', 25, 0),
(117, 19, 'Printing & Stationary Expenses', '', 'Ledger Account', 0, '', 25, 0),
(118, 19, 'Depreciation of Fixed Assets', '', 'Ledger Account', 0, '', 25, 0),
(119, 19, 'Repair & Maintenance Expenses', '', 'Ledger Account', 0, '', 25, 0),
(120, 20, 'Salary & Wages', '', 'Ledger Account', 0, '', 25, 0),
(121, 21, 'Directors Remuneration', '', 'Ledger Account', 0, '', 25, 0),
(122, 21, 'Communication Director Expenses', '', 'Ledger Account', 0, '', 25, 0),
(123, 21, 'Local Conveyance Director Expenses', '', 'Ledger Account', 0, '', 25, 0),
(124, 20, 'Local Conveyance Staff Expenses', '', 'Ledger Account', 0, '', 25, 0),
(125, 19, 'Travelling Expenses', '', 'Ledger Account', 0, '', 25, 0),
(126, 19, 'Postage & Courier Expenses', '', 'Ledger Account', 0, '', 25, 0),
(127, 20, 'Staff Welfare Expenses', '', 'Ledger Account', 0, '', 25, 0),
(128, 2, 'Sanjeev Traders', 'Sanjeev Traders', 'Customers', 59, 'Yes', 25, 0),
(129, 20, 'LTA Expenses', '', 'Ledger Account', 0, '', 25, 0),
(130, 20, 'Mecical Expenses', '', 'Ledger Account', 0, '', 25, 0),
(131, 19, 'Late Delivery Expenses', '', 'Ledger Account', 0, '', 25, 0),
(132, 19, 'Legal Expenses', '', 'Ledger Account', 0, '', 25, 0),
(133, 22, 'Bank Charges', '', 'Ledger Account', 0, '', 25, 0),
(134, 19, 'Office Expenses', '', 'Ledger Account', 0, '', 25, 0),
(135, 19, 'Other Office Expenses', '', 'Ledger Account', 0, '', 25, 0),
(137, 22, 'Interest on OD Limit', '', 'Ledger Account', 0, '', 25, 0),
(138, 22, 'Interest Paid', '', 'Ledger Account', 0, '', 25, 0),
(139, 22, 'Interest on Unsecured Loan', '', 'Ledger Account', 0, '', 25, 0),
(140, 23, 'Interest Received', '', 'Ledger Account', 0, '', 25, 0),
(142, 24, 'SBBJ STL Bank', '', 'Ledger Account', 0, '', 25, 0),
(145, 24, 'Union Bank of India Bank', '', 'Ledger Account', 0, '', 25, 0),
(146, 26, 'Kotak Mahindra Bank', '', 'Ledger Account', 0, '', 25, 0),
(147, 27, 'ICICI Bank Loan Account', '', 'Ledger Account', 0, '', 25, 0),
(148, 2, 'Birla Corporation Limited', 'Unit-Birla cement Works', 'Customers', 60, 'Yes', 25, 0),
(149, 27, 'HDFC Bank Loan Account', '', 'Ledger Account', 0, '', 25, 0),
(151, 29, 'Plant & Machinery', '', 'Ledger Account', 0, '', 25, 0),
(152, 29, 'Laptop, Computer & Printers', '', 'Ledger Account', 0, '', 25, 0),
(153, 30, 'Office Furniture', '', 'Ledger Account', 0, '', 25, 0),
(155, 30, 'Office Equipment', '', 'Ledger Account', 0, '', 25, 0),
(158, 2, 'Chambal Fertilisers And Chemicals Limited', 'Chambal Fertilisers And Chemicals Limited', 'Customers', 61, 'Yes', 25, 0),
(160, 13, 'VAT Purchases', '', 'Ledger Account', 0, '', 26, 0),
(161, 14, 'CST Purchases', '', 'Ledger Account', 0, '', 26, 0),
(162, 9, 'Fright Amount', '', 'Ledger Account', 0, '', 26, 0),
(163, 8, 'Sales Income', '', 'Ledger Account', 0, '', 26, 0),
(164, 16, 'VAT Paid Purchases', '', 'Ledger Account', 0, '', 26, 0),
(165, 17, 'Purchase Thela Bhada', '', 'Ledger Account', 0, '', 26, 0),
(166, 17, 'Purchase Freight', '', 'Ledger Account', 0, '', 26, 0),
(167, 17, 'Purchase Other Expenses', '', 'Ledger Account', 0, '', 26, 0),
(168, 18, 'Sales Thela Bhada', '', 'Ledger Account', 0, '', 26, 0),
(169, 18, 'Sales Freight Expenses', '', 'Ledger Account', 0, '', 26, 0),
(170, 18, 'Sales Promotion', '', 'Ledger Account', 0, '', 26, 0),
(171, 18, 'Exhibition & Seminar Expenses', '', 'Ledger Account', 0, '', 26, 0),
(172, 18, 'Guest Entertainment Expenses', '', 'Ledger Account', 0, '', 26, 0),
(173, 18, 'Sales Commission', '', 'Ledger Account', 0, '', 26, 0),
(174, 19, 'Professional & Membership Expenses', '', 'Ledger Account', 0, '', 26, 0),
(175, 20, 'Communication Staff Expenses', '', 'Ledger Account', 0, '', 26, 0),
(176, 19, 'Electricity Expenses', '', 'Ledger Account', 0, '', 26, 0),
(177, 19, 'Rent Expenses', '', 'Ledger Account', 0, '', 26, 0),
(178, 19, 'Water Expenses', '', 'Ledger Account', 0, '', 26, 0),
(179, 19, 'Printing & Stationary Expenses', '', 'Ledger Account', 0, '', 26, 0),
(180, 19, 'Depreciation of Fixed Assets', '', 'Ledger Account', 0, '', 26, 0),
(181, 19, 'Repair & Maintenance Expenses', '', 'Ledger Account', 0, '', 26, 0),
(182, 20, 'Salary & Wages', '', 'Ledger Account', 0, '', 26, 0),
(183, 21, 'Directors Remuneration', '', 'Ledger Account', 0, '', 26, 0),
(184, 21, 'Communication Director Expenses', '', 'Ledger Account', 0, '', 26, 0),
(185, 21, 'Local Conveyance Director Expenses', '', 'Ledger Account', 0, '', 26, 0),
(186, 20, 'Local Conveyance Staff Expenses', '', 'Ledger Account', 0, '', 26, 0),
(187, 19, 'Travelling Expenses', '', 'Ledger Account', 0, '', 26, 0),
(188, 19, 'Postage & Courier Expenses', '', 'Ledger Account', 0, '', 26, 0),
(189, 20, 'Staff Welfare Expenses', '', 'Ledger Account', 0, '', 26, 0),
(190, 20, 'LTA Expenses', '', 'Ledger Account', 0, '', 26, 0),
(191, 20, 'Mecical Expenses', '', 'Ledger Account', 0, '', 26, 0),
(192, 19, 'Late Delivery Expenses', '', 'Ledger Account', 0, '', 26, 0),
(193, 19, 'Legal Expenses', '', 'Ledger Account', 0, '', 26, 0),
(194, 22, 'Bank Charges', '', 'Ledger Account', 0, '', 26, 0),
(195, 19, 'Office Expenses', '', 'Ledger Account', 0, '', 26, 0),
(196, 19, 'Other Office Expenses', '', 'Ledger Account', 0, '', 26, 0),
(197, 22, 'Interest on OD Limit', '', 'Ledger Account', 0, '', 26, 0),
(198, 22, 'Interest Paid', '', 'Ledger Account', 0, '', 26, 0),
(199, 22, 'Interest on Unsecured Loan', '', 'Ledger Account', 0, '', 26, 0),
(200, 23, 'Interest Received', '', 'Ledger Account', 0, '', 26, 0),
(201, 25, 'Sales Commission Received', '', 'Ledger Account', 0, '', 26, 0),
(203, 24, 'SBBJ SML Bank', '', 'Ledger Account', 0, '', 26, 0),
(205, 24, 'Union Bank of India Bank', '', 'Ledger Account', 0, '', 26, 0),
(206, 26, 'Kotak Mahindra Bank', '', 'Ledger Account', 0, '', 26, 0),
(207, 27, 'ICICI Bank Loan Account', '', 'Ledger Account', 0, '', 26, 0),
(208, 27, 'HDFC Bank Loan Account', '', 'Ledger Account', 0, '', 26, 0),
(209, 28, 'Petty Cash', '', 'Ledger Account', 0, '', 26, 0),
(210, 29, 'Plant & Machinery', '', 'Ledger Account', 0, '', 26, 0),
(211, 30, 'Laptop, Computer & Printers', '', 'Ledger Account', 0, '', 26, 0),
(212, 30, 'Office Furniture', '', 'Ledger Account', 0, '', 26, 0),
(213, 30, 'Office Equipment', '', 'Ledger Account', 0, '', 26, 0),
(214, 31, 'Vehicle ', '', 'Ledger Account', 0, '', 26, 0),
(272, 2, 'Kota Super Thermal Power Plant ', 'KSTPS-RRVUNL', 'Customers', 63, 'Yes', 25, 0),
(273, 2, 'United Breweries Limited', 'Unit- Chopanki', 'Customers', 64, 'Yes', 25, 0),
(274, 2, 'Carlsberg India Pvt. Ltd.', 'Carlsberg India Pvt. Ltd.', 'Customers', 65, 'Yes', 25, 0),
(275, 2, 'RSWM Limited', 'Unit- Mandpam', 'Customers', 66, 'Yes', 25, 0),
(276, 10, 'Jagdish Salvi', '', 'Employees', 4, '', 26, 0),
(277, 10, 'Jagdish Salvi', '', 'Employees', 4, '', 27, 0),
(279, 10, 'Jitendra Singh Jhala', '', 'Employees', 8, '', 26, 0),
(280, 10, 'Jitendra Singh Jhala', '', 'Employees', 8, '', 27, 0),
(281, 10, 'Usha Mali', '', 'Employees', 9, '', 26, 0),
(282, 10, 'Usha Mali', '', 'Employees', 9, '', 27, 0),
(285, 10, 'Pushpendra Nath Chauhan', '', 'Employees', 11, '', 26, 0),
(286, 10, 'Pushpendra Nath Chauhan', '', 'Employees', 11, '', 27, 0),
(287, 10, 'Vikram Singh', '', 'Employees', 12, '', 26, 0),
(288, 10, 'Vikram Singh', '', 'Employees', 12, '', 27, 0),
(289, 10, 'Bhopal Singh Jhala', '', 'Employees', 13, '', 26, 0),
(290, 10, 'Bhopal Singh Jhala', '', 'Employees', 13, '', 27, 0),
(291, 2, 'Suratgarh Super thermal Power Station', 'SSTPS-RRVUNL', 'Customers', 68, 'Yes', 25, 0),
(294, 10, 'Mohammed Arif', '', 'Employees', 15, '', 25, 0),
(295, 10, 'Mohammed Arif', '', 'Employees', 15, '', 27, 0),
(296, 11, 'Anshul Mogra', '', 'Employees', 16, '', 26, 0),
(297, 11, 'Anshul Mogra', '', 'Employees', 16, '', 27, 0),
(298, 2, 'United Breweries Ltd.-Dharuhera', 'Unit-Dharuhera', 'Customers', 69, 'Yes', 25, 0),
(299, 2, 'Honda Cars India Pvt. Ltd.', 'Honda Cars India Pvt. Ltd.', 'Customers', 70, 'Yes', 25, 0),
(300, 2, 'Wasser Technochem (India) Ltd.', 'Wasser Technochem (India) Ltd.', 'Customers', 71, 'Yes', 25, 0),
(301, 2, 'Bhavik Terryfab', 'Unit of KG Petrochem Limited', 'Customers', 72, 'Yes', 25, 0),
(303, 2, 'Varun Breverages Ltd.', 'Varun Breverages Ltd.', 'Customers', 74, 'Yes', 25, 0),
(304, 2, 'Nissin Brake India Pvt. Ltd.', 'Nissin Brake India Pvt. Ltd.', 'Customers', 75, 'Yes', 25, 0),
(305, 2, 'Saint Gobain Glass India Ltd.', 'Saint Gobain Glass India Ltd.', 'Customers', 76, 'Yes', 25, 0),
(306, 2, 'Kajaria Ceramics Ltd.', 'Kajaria Ceramics Ltd.', 'Customers', 77, 'Yes', 25, 0),
(308, 13, 'VAT Purchases', '', 'Ledger Account', 0, '', 27, 0),
(309, 14, 'CST Purchases', '', 'Ledger Account', 0, '', 27, 0),
(310, 9, 'Freight Amount', '', 'Ledger Account', 0, '', 27, 0),
(311, 8, 'Sales Income', '', 'Ledger Account', 0, '', 27, 0),
(312, 16, 'VAT Paid Purchases', '', 'Ledger Account', 0, '', 27, 0),
(313, 17, 'Purchase Thela Bhada', '', 'Ledger Account', 0, '', 27, 0),
(314, 17, 'Purchase Freight', '', 'Ledger Account', 0, '', 27, 0),
(315, 17, 'Purchase Other Expenses', '', 'Ledger Account', 0, '', 27, 0),
(316, 18, 'Sales Thela Bhada', '', 'Ledger Account', 0, '', 27, 0),
(317, 18, 'Sales Freight Expenses', '', 'Ledger Account', 0, '', 27, 0),
(318, 18, 'Sales Promotion', '', 'Ledger Account', 0, '', 27, 0),
(319, 18, 'Exhibition & Seminar Expenses', '', 'Ledger Account', 0, '', 27, 0),
(320, 18, 'Guest Entertainment Expenses', '', 'Ledger Account', 0, '', 27, 0),
(321, 18, 'Sales Commission', '', 'Ledger Account', 0, '', 27, 0),
(322, 19, 'Professional & Membership Expenses', '', 'Ledger Account', 0, '', 27, 0),
(323, 20, 'Communication Staff Expenses', '', 'Ledger Account', 0, '', 27, 0),
(324, 19, 'Electricity Expenses', '', 'Ledger Account', 0, '', 27, 0),
(325, 19, 'Rent Expenses', '', 'Ledger Account', 0, '', 27, 0),
(326, 19, 'Water Expenses', '', 'Ledger Account', 0, '', 27, 0),
(327, 19, 'Printing & Stationary Expenses', '', 'Ledger Account', 0, '', 27, 0),
(328, 19, 'Depreciation of Fixed Assets', '', 'Ledger Account', 0, '', 27, 0),
(329, 19, 'Repair & Maintenance Expenses', '', 'Ledger Account', 0, '', 27, 0),
(330, 20, 'Salary & Wages', '', 'Ledger Account', 0, '', 27, 0),
(331, 21, 'Directors Remuneration', '', 'Ledger Account', 0, '', 27, 0),
(332, 21, 'Communication Director Expenses', '', 'Ledger Account', 0, '', 27, 0),
(333, 21, 'Local Conveyance Director Expenses', '', 'Ledger Account', 0, '', 27, 0),
(334, 20, 'Local Conveyance Staff Expenses', '', 'Ledger Account', 0, '', 27, 0),
(335, 19, 'Travelling Expenses', '', 'Ledger Account', 0, '', 27, 0),
(336, 19, 'Postage & Courier Expenses', '', 'Ledger Account', 0, '', 27, 0),
(337, 20, 'Staff Welfare Expenses', '', 'Ledger Account', 0, '', 27, 0),
(338, 20, 'LTA Expenses', '', 'Ledger Account', 0, '', 27, 0),
(339, 20, 'Medical Expenses', '', 'Ledger Account', 0, '', 27, 0),
(340, 19, 'Late Delivery Expenses', '', 'Ledger Account', 0, '', 27, 0),
(341, 19, 'Legal Expenses', '', 'Ledger Account', 0, '', 27, 0),
(342, 22, 'Bank Charges', '', 'Ledger Account', 0, '', 27, 0),
(343, 19, 'Office Expenses', '', 'Ledger Account', 0, '', 27, 0),
(344, 19, 'Other Office Expenses', '', 'Ledger Account', 0, '', 27, 0),
(345, 22, 'Interest on OD Limit', '', 'Ledger Account', 0, '', 27, 0),
(346, 22, 'Interest Paid', '', 'Ledger Account', 0, '', 27, 0),
(347, 22, 'Interest on Unsecured Loan', '', 'Ledger Account', 0, '', 27, 0),
(348, 23, 'Interest Received', '', 'Ledger Account', 0, '', 27, 0),
(349, 25, 'Sales Commission Received', '', 'Ledger Account', 0, '', 27, 0),
(352, 24, 'SBBJ FMSL Bank', '', 'Ledger Account', 0, '', 27, 0),
(355, 27, 'ICICI Bank Loan Account', '', 'Ledger Account', 0, '', 27, 0),
(356, 27, 'HDFC Bank Loan Account', '', 'Ledger Account', 0, '', 27, 0),
(357, 28, 'Petty Cash', '', 'Ledger Account', 0, '', 27, 0),
(358, 29, 'Plant & Machinery', '', 'Ledger Account', 0, '', 27, 0),
(359, 30, 'Laptop, Computer & Printers', '', 'Ledger Account', 0, '', 27, 0),
(360, 30, 'Office Furniture', '', 'Ledger Account', 0, '', 27, 0),
(361, 30, 'Office Equipment', '', 'Ledger Account', 0, '', 27, 0),
(362, 31, 'Vehicle ', '', 'Ledger Account', 0, '', 27, 0),
(363, 2, 'Adani Wilmar Ltd.', 'Unit- Alwar', 'Customers', 78, 'Yes', 25, 0),
(364, 2, 'Jaquar & Company Pvt. Ltd.', 'Jaquar & Co. Pvt. Ltd.(Bhiwadi)', 'Customers', 79, 'Yes', 25, 0),
(365, 2, 'Siegwerk India Pvt. Ltd.', 'Siegwerk India Pvt. Ltd.', 'Customers', 80, 'Yes', 25, 0),
(368, 2, 'Hindustan Zinc Ltd', 'Rampura Agucha Mines', 'Customers', 83, 'Yes', 25, 0),
(369, 2, 'Dabur India Limited-Alwar Unit', 'Unit-Alwar', 'Customers', 84, 'Yes', 25, 0),
(370, 2, 'Sika India Pvt. Ltd.', 'Sika India Pvt. Ltd.', 'Customers', 85, 'Yes', 25, 0),
(372, 2, 'Nachi Technology India Pvt Ltd ', 'Nachi Technology India Pvt Ltd ', 'Customers', 86, 'Yes', 25, 0),
(374, 2, 'J.K White Cement Works ', 'Unit of JK Cement Ltd. ', 'Customers', 88, 'Yes', 25, 0),
(375, 2, 'Ajanta Polymer (P) lTD.', 'Ajanta Polymer (P) lTD.', 'Customers', 89, 'Yes', 25, 0),
(376, 2, 'Daikin Airconditioning India Pvt. Ltd. ', 'Daikin Airconditioning India Pvt. Ltd. ', 'Customers', 90, 'Yes', 25, 0),
(377, 2, 'Vintage Distillers Ltd.', 'Vintage Distillers Ltd.', 'Customers', 91, 'Yes', 25, 0),
(378, 2, 'Rajshree Pilp And Board Mills Pvt. Ltd.', 'Rajshree Pilp And Board Mills Pvt. Ltd.', 'Customers', 92, 'Yes', 25, 0),
(381, 2, 'Hindustan Zinc Ltd', 'Hydro -I ,Unit II', 'Customers', 95, 'Yes', 25, 0),
(383, 2, 'Rajasthan Rajya Vidhyut Utpadan Ltd', '(Banswara)', 'Customers', 97, 'Yes', 25, 0),
(384, 2, 'Adani Wilmar Ltd.', 'Unit-Bundi', 'Customers', 98, 'Yes', 25, 0),
(387, 2, 'Advantage Oils Pvt. Ltd.', 'Advantage Oils Pvt. Ltd.', 'Customers', 101, 'Yes', 25, 0),
(388, 2, 'Mahesh Edible Oil Industries Ltd.', 'Mahesh Edible Oil Industries Ltd.', 'Customers', 102, 'Yes', 25, 0),
(389, 2, 'ACC Limited', 'Unit-Lakheri Cement  Works', 'Customers', 103, 'Yes', 25, 0),
(390, 2, 'Ruchi Soya Industries Ltd.', 'Ruchi Soya Industries Ltd.', 'Customers', 104, 'Yes', 25, 0),
(391, 2, 'K.S.Oils Limited', 'K.S.Oils Limited', 'Customers', 105, 'Yes', 25, 0),
(394, 2, 'KEI Industries Limited ', 'Kei Industries Limited', 'Customers', 108, 'Yes', 25, 0),
(396, 2, 'Shree Cement Ltd.,', '(Khushkhera Cement Grinding Project)', 'Customers', 110, 'Yes', 25, 0),
(397, 2, 'Cattle Feed Plant ', 'A Unit of Rajasthan Dairy Federation Limited', 'Customers', 111, 'Yes', 25, 0),
(398, 2, 'Sigma Electric Mfg Corp (P) Ltd.', 'Sigma Electric Mfg Corp (P) Ltd.', 'Customers', 112, 'Yes', 25, 0),
(399, 32, 'Share Capital', '', 'Ledger Account', 0, '', 25, 0),
(400, 33, 'Reserves & Surplus', '', 'Ledger Account', 0, '', 25, 0),
(401, 11, 'Unsecured Loan - Anshul Mogra', '', 'Ledger Account', 0, '', 25, 0),
(402, 11, 'Unsecured Loan - K S Mogra', '', 'Ledger Account', 0, '', 25, 0),
(403, 12, 'Unsecured Loan - Rajendra Mehta', '', 'Ledger Account', 0, '', 25, 0),
(405, 37, 'K S Mogra', '', 'Ledger Account', 0, '', 25, 0),
(406, 37, 'Priya Mogra Current Account', '', 'Ledger Account', 0, '', 25, 0),
(407, 38, 'Provision for Audit Fees', '', 'Ledger Account', 0, '', 25, 0),
(408, 38, 'Provision for Sales Tax', '', 'Ledger Account', 0, '', 25, 0),
(409, 38, 'Provision for Turnover Incentive', '', 'Ledger Account', 0, '', 25, 0),
(411, 38, 'Provision for Staff Sales Commission', '', 'Ledger Account', 0, '', 25, 0),
(412, 39, 'Lakshmi Enterprises', '', 'Ledger Account', 0, '', 25, 0),
(413, 39, 'Ludhiana Refrigeration', '', 'Ledger Account', 0, '', 25, 0),
(414, 40, 'Security Deposit - Ger Singh', '', 'Ledger Account', 0, '', 25, 0),
(415, 40, 'Security Deposit - Jayanti Jain', '', 'Ledger Account', 0, '', 25, 0),
(416, 40, 'Security Deposit - Anjana Jain', '', 'Ledger Account', 0, '', 25, 0),
(417, 40, 'Security Deposit - Jagdish Salvi', '', 'Ledger Account', 0, '', 25, 0),
(418, 40, 'Security Deposit - Jitendra Jhala', '', 'Ledger Account', 0, '', 25, 0),
(419, 40, 'Security Deposit - Lehari Lal', '', 'Ledger Account', 0, '', 25, 0),
(420, 40, 'Security Deposit - Reena Khandelwal', '', 'Ledger Account', 0, '', 25, 0),
(421, 40, 'Security Deposit - Usha Mali', '', 'Ledger Account', 0, '', 25, 0),
(422, 40, 'Security Deposit - Mukesh Jain', '', 'Ledger Account', 0, '', 25, 0),
(423, 40, 'Security Deposit - Snigdha Bhattacharya', '', 'Ledger Account', 0, '', 25, 0),
(424, 40, 'Security Deposit - Vikram Singh', '', 'Ledger Account', 0, '', 25, 0),
(425, 40, 'Security Deposit - Waheed Khan', '', 'Ledger Account', 0, '', 25, 0),
(426, 40, 'Security Deposit - Ajita Chopra', '', 'Ledger Account', 0, '', 25, 0),
(427, 40, 'Security Deposit - Rajendra Mehta', '', 'Ledger Account', 0, '', 25, 0),
(428, 40, 'Security Deposit - Others', '', 'Ledger Account', 0, '', 25, 0),
(429, 2, 'Shree Cement Limited', '(Shree Mega Power)', 'Customers', 114, 'Yes', 25, 0),
(430, 41, 'Shares - Kandhari Rubbers Ltd.', '', 'Ledger Account', 0, '', 25, 0),
(431, 41, 'Shares - Shilpa Mechtrad Ltd.', '', 'Ledger Account', 0, '', 25, 0),
(432, 41, 'Shares - Sinetron Power Ltd.', '', 'Ledger Account', 0, '', 25, 0),
(433, 29, 'Plant & Machinery', '', 'Ledger Account', 0, '', 25, 0),
(434, 29, 'Vehicles', '', 'Ledger Account', 0, '', 25, 0),
(435, 30, 'Software Accounting', '', 'Ledger Account', 0, '', 25, 0),
(436, 29, 'Auto Battery Operated', '', 'Ledger Account', 0, '', 25, 0),
(437, 44, 'Accrued Depreciation on Computer, Laptop & Printers', '', 'Ledger Account', 0, '', 25, 0),
(438, 44, 'Accrued Depreciation on Furniture & Fixtures', '', 'Ledger Account', 0, '', 25, 0),
(439, 44, 'Accrued Depreciation on Office Equipments', '', 'Ledger Account', 0, '', 25, 0),
(440, 44, 'Accrued Depreciation on Vehicles', '', 'Ledger Account', 0, '', 25, 0),
(441, 49, 'Accrued Depreciation on Accounting Softwares', '', 'Ledger Account', 0, '', 25, 0),
(442, 50, 'Deposit Mobile 97727 04777', '', 'Ledger Account', 0, '', 25, 0),
(443, 50, 'EMD Deposit', '', 'Ledger Account', 0, '', 25, 0),
(444, 50, 'Deposit Office Premises', '', 'Ledger Account', 0, '', 25, 0),
(445, 50, 'Prepaid Insurance', '', 'Ledger Account', 0, '', 25, 0),
(446, 50, 'Deposit - Dealership', '', 'Ledger Account', 0, '', 25, 0),
(447, 50, 'Deposit - Electricity Connection', '', 'Ledger Account', 0, '', 25, 0),
(448, 50, 'Deposit - Others', '', 'Ledger Account', 0, '', 25, 0),
(449, 50, 'Deposit - Telephone', '', 'Ledger Account', 0, '', 25, 0),
(450, 50, 'Deposit - Advance Income tax', '', 'Ledger Account', 0, '', 25, 0),
(451, 51, 'Accrued Interest on FD UBI', '', 'Ledger Account', 0, '', 25, 0),
(452, 51, 'Fixed Deposits UBI', '', 'Ledger Account', 0, '', 25, 0),
(453, 28, 'Petty Cash - B S Jhala', '', 'Ledger Account', 0, '', 25, 0),
(454, 28, 'Petty Cash - Jaya Kuwar', '', 'Ledger Account', 0, '', 25, 0),
(455, 2, 'Raj West Power Limited', 'RWPL', 'Customers', 115, 'Yes', 25, 0),
(456, 2, 'Heavy Water Project Stores', 'Stores Unit', 'Customers', 116, 'Yes', 25, 0),
(457, 2, 'G.D. Foods Mfg.(I) Pvt. Ltd.', 'G.D. Industrial', 'Customers', 117, 'Yes', 25, 0),
(458, 2, 'Jai Maaa Sagra Construction ', 'JMSC', 'Customers', 118, 'Yes', 25, 0),
(459, 2, 'Mark Splendour Nonwovens (P) Limited', 'MSNPL', 'Customers', 119, 'Yes', 25, 0),
(460, 2, 'Binai Cement Ltd.', 'BCL', 'Customers', 120, 'Yes', 25, 0),
(461, 2, 'Bestex MM India Pvt. Ltd. ', 'BIPL', 'Customers', 121, 'Yes', 25, 0),
(462, 2, 'Taya Ceramics Pvt. Ltd. ', 'TCPL', 'Customers', 122, 'Yes', 25, 0),
(463, 2, 'P.I. Industries Ltd.', 'PIIND-Udaipur ', 'Customers', 123, 'Yes', 25, 0),
(465, 10, 'Mukesh Jain ', '', 'Employees', 18, '', 25, 0),
(466, 10, 'Mukesh Jain ', '', 'Employees', 18, '', 26, 0),
(467, 10, 'Mukesh Jain ', '', 'Employees', 18, '', 27, 0),
(471, 2, 'Khilari Infrastructure Pvt. Ltd.', 'KIPL', 'Customers', 106, 'Yes', 25, 0),
(472, 2, 'Shriram Cement Works ', 'Shriram Cement Works ', 'Customers', 107, 'Yes', 25, 0),
(473, 2, 'Juneja Wires Pvt. Ltd.', 'Juneja Wires Pvt. Ltd.', 'Customers', 109, 'Yes', 25, 0),
(474, 4, 'SPX Flow Technology Pvt. Ltd.', '', 'Vendors', 1, 'Yes', 25, 0),
(475, 4, 'Mechneers India', '', 'Vendors', 2, 'Yes', 25, 0),
(476, 4, 'Tushaco Pumps Pvt. Ltd. ', '', 'Vendors', 3, 'Yes', 25, 0),
(477, 4, 'Antico Equipment Pvt. Ltd. ', '', 'Vendors', 5, 'Yes', 25, 0),
(478, 4, 'Positive Metering Pumps Pvt. Ltd. ', '', 'Vendors', 6, 'Yes', 25, 0),
(479, 4, 'Darling Pumps Pvt. Ltd. ', '', 'Vendors', 7, 'Yes', 25, 0),
(480, 4, 'Remi Elektrotechnik Limited', '', 'Vendors', 8, 'Yes', 25, 0),
(481, 4, 'Liqtech Industries', '', 'Vendors', 9, 'Yes', 25, 0),
(482, 4, 'Tranter India Pvt. Ltd. ', '', 'Vendors', 10, 'Yes', 25, 0),
(483, 4, 'Filter Concept Pvt. Ltd. ', '', 'Vendors', 11, 'Yes', 25, 0),
(484, 4, 'Remi Sales And Engg. Ltd.', '', 'Vendors', 12, 'Yes', 25, 0),
(486, 37, 'Priya Mogra', '', 'Employees', 17, '', 25, 0),
(487, 5, '14.50', 'VAT @ 14.50 %', 'SaleTaxes', 1, '', 25, 0),
(488, 5, '5.50', 'VAT @ 5.50%', 'SaleTaxes', 2, '', 25, 0),
(489, 5, '0.00', 'NIL CST agst C & E1 Form', 'SaleTaxes', 3, '', 25, 0),
(490, 5, '2.00', '2% CST against C Form ', 'SaleTaxes', 4, '', 25, 0),
(491, 5, '2', '2 % CST against C & E1 Form', 'SaleTaxes', 5, '', 25, 0),
(493, 4, 'ATUL ENTERPRISES', '', 'Vendors', 13, 'Yes', 25, 0),
(494, 4, 'ATUL ENTERPRISES', '', 'Vendors', 13, '', 27, 0),
(495, 2, 'Ronak Processors Pvt.Ltd', 'RPPL', 'Customers', 124, 'Yes', 25, 0),
(498, 2, 'Fateh Enviro Engineers Pvt Ltd', 'FEPL', 'Customers', 125, 'Yes', 27, 0),
(499, 5, '14.50', 'VAT @ 14.50 %', 'SaleTaxes', 1, '', 26, 0),
(500, 5, '5.50', 'VAT @ 5.50%', 'SaleTaxes', 2, '', 26, 0),
(501, 5, '0.00', 'NIL CST agst C & E1 Form', 'SaleTaxes', 3, '', 26, 0),
(502, 5, '2.00', '2% CST against C Form ', 'SaleTaxes', 4, '', 26, 0),
(503, 5, '2', '2 % CST against C & E1 Form', 'SaleTaxes', 5, '', 26, 0),
(505, 5, '2', 'VAT @ 5.50%', 'SaleTaxes', 2, '', 27, 0),
(508, 2, 'Reliance Chemotex Industries Limited', 'RCIL', 'Customers', 126, 'Yes', 25, 0),
(511, 2, 'Tripple Star Agri Pvt. Ltd.', 'TSAPL', 'Customers', 127, 'Yes', 25, 0),
(512, 2, 'Tripple Star Agri Pvt. Ltd.', 'TSAPL', 'Customers', 127, 'Yes', 26, 0),
(513, 2, 'Tripple Star Agri Pvt. Ltd.', 'TSAPL', 'Customers', 127, 'Yes', 27, 0),
(514, 2, 'A.H. Corporation', 'A.H. Corporation', 'Customers', 94, 'Yes', 27, 0),
(518, 2, 'JCT Limited', 'Integrated Textile Solutions   ', 'Customers', 128, 'No', 25, 0),
(519, 2, 'JCT Limited', 'Integrated Textile Solutions   ', 'Customers', 128, 'No', 26, 0),
(520, 2, 'JCT Limited', 'Integrated Textile Solutions   ', 'Customers', 128, 'No', 27, 0),
(521, 2, 'Otsuka Cemnical (India) Pvt. Ltd.,', 'Otsuka Cemnical (India) Pvt. Ltd.,', 'Customers', 129, 'Yes', 25, 0),
(523, 4, 'Alloy Steel Traders ', '', 'Vendors', 20, 'Yes', 25, 0),
(525, 4, 'Alloy Steel Traders ', '', 'Vendors', 20, '', 27, 0),
(526, 4, 'Uni Trade India ', '', 'Vendors', 21, '', 25, 0),
(528, 4, 'Uni Trade India ', '', 'Vendors', 21, '', 27, 0),
(529, 4, 'Sethia Iron  And Steel Co. ', '', 'Vendors', 22, '', 25, 0),
(531, 4, 'Sethia Iron  And Steel Co. ', '', 'Vendors', 22, '', 27, 0),
(532, 2, 'China Coal No 5 Construction India Pvt. ltd.', 'CCCIL', 'Customers', 130, 'Yes', 25, 0),
(533, 2, 'China Coal No 5 Construction India Pvt. ltd.', 'CCCIL', 'Customers', 130, 'Yes', 26, 0),
(534, 2, 'China Coal No 5 Construction India Pvt. ltd.', 'CCCIL', 'Customers', 130, 'Yes', 27, 0),
(538, 13, 'VAT Purchases', '', 'Ledger Account', 0, '', 25, 0),
(539, 2, 'RSPL Group', 'RSPL Group', 'Customers', 96, 'Yes', 27, 0),
(540, 2, 'RSWM Ltd. ', 'Unit - Ringas', 'Customers', 132, 'No', 25, 0),
(543, 2, 'Crystal Chemicals & Engineers', 'CCE', 'Customers', 81, 'Yes', 27, 0),
(544, 17, 'Discount', '', 'Ledger Account', 0, '', 25, 0),
(545, 2, 'H.S. Engineering & Marketing', 'HSEM', 'Customers', 67, 'Yes', 27, 0),
(546, 2, 'RSWM Limited Lodha', 'Lodha Unit', 'Customers', 134, 'Yes', 25, 0),
(547, 10, 'Jayanti Jain ', '', 'Employees', 19, '', 25, 0),
(548, 10, 'Jayanti Jain ', '', 'Employees', 19, '', 26, 0),
(549, 10, 'Jayanti Jain ', '', 'Employees', 19, '', 27, 0),
(550, 2, 'Havells India Limited', 'HIL(Cable Division)', 'Customers', 135, 'Yes', 25, 0),
(552, 2, 'Sodexo Food Solution India Pvt. Ltd', '(Jodhpur)', 'Customers', 93, 'Yes', 27, 0),
(553, 2, 'Shree Radhey Krishna Enterprise', 'SRKE', 'Customers', 136, 'Yes', 25, 0),
(554, 2, 'Asia Industrial Textile Co. Ltd.', 'AITCL- Kota', 'Customers', 137, 'Yes', 25, 0),
(555, 4, 'Vacunair Engineering Co. Pvt. Ltd.', '', 'Vendors', 23, '', 25, 0),
(567, 6, 'Input Sales Tax', '', 'Ledger Account', 0, '', 25, 0),
(568, 38, 'Provision for Salary & Wages', '', 'Ledger Account', 0, '', 25, 0),
(569, 4, 'Blue Star Steel And Fittings', '', 'Vendors', 27, '', 25, 0),
(571, 4, 'Blue Star Steel And Fittings', '', 'Vendors', 27, '', 27, 0),
(572, 4, 'Hind Machinery And Hardware Mart ', '', 'Vendors', 28, '', 25, 0),
(575, 2, 'JINDAL ALUMINIUM LIMITED,', 'Rolling Mill Division ', 'Customers', 138, 'No', 27, 0),
(576, 2, 'JINDAL ALUMINIUM LIMITED,', 'Rolling Mill Division ', 'Customers', 138, 'No', 25, 0),
(579, 38, 'Provision for Salary & Wages', '', 'Ledger Account', 0, '', 27, 0),
(580, 37, 'Shilpa Trade Links Pvt. Ltd.', '', 'Ledger Account', 0, '', 26, 0),
(581, 17, 'Discount Expenses', '', 'Ledger Account', 0, '', 27, 0),
(582, 37, 'Shilpa Trade Links Pvt. Ltd.', '', 'Ledger Account', 0, '', 27, 0),
(583, 37, 'Shilpa Mechtrad Ltd.', '', 'Ledger Account', 0, '', 27, 0),
(584, 10, 'Devraj Singh Chouhan ', '', 'Employees', 20, '', 25, 0),
(585, 10, 'Devraj Singh Chouhan ', '', 'Employees', 20, '', 26, 0),
(586, 10, 'Devraj Singh Chouhan ', '', 'Employees', 20, '', 27, 0),
(587, 10, 'Pallav Pujari', '', 'Employees', 21, '', 25, 0),
(589, 10, 'Pallav Pujari', '', 'Employees', 21, '', 27, 0),
(590, 17, 'Labour Charges', '', 'Ledger Account', 0, '', 26, 0),
(591, 17, 'Labour Charges', '', 'Ledger Account', 0, '', 27, 0),
(592, 2, 'Shriram Vinyl & Chemical Industries', 'A Division of DCM Shriram Ltd.', 'Customers', 139, 'No', 25, 0),
(593, 2, 'Prem Sakhi Fertilizers Ltd', 'PSFL', 'Customers', 140, 'Yes', 25, 0),
(594, 2, 'Prem Sakhi Fertilizers Ltd', 'PSFL', 'Customers', 140, 'Yes', 27, 0),
(595, 37, 'Shilpa Mechtrad Ltd.', '', 'Ledger Account', 0, '', 25, 0),
(596, 37, 'Fluid Management & Solutions LLP', '', 'Ledger Account', 0, '', 25, 0),
(597, 37, 'Fluid Management & Solutions LLP', '', 'Ledger Account', 0, '', 26, 0),
(598, 38, 'Provision Others', '', 'Ledger Account', 0, '', 25, 0),
(599, 4, 'Rajdhani Traders ', '', 'Vendors', 29, 'Yes', 25, 0),
(601, 4, 'Rajdhani Traders ', '', 'Vendors', 29, 'Yes', 27, 0),
(602, 4, 'Gaylord Enterprise', '', 'Vendors', 30, '', 25, 0),
(603, 4, 'Gaylord Enterprise', '', 'Vendors', 30, '', 26, 0),
(604, 4, 'Gaylord Enterprise', '', 'Vendors', 30, '', 27, 0),
(605, 2, 'Shree Ganesh Electricals', 'SGE', 'Customers', 141, 'Yes', 25, 0),
(606, 2, 'Shree Ganesh Electricals', 'SGE', 'Customers', 141, 'Yes', 27, 0),
(607, 2, 'Lucid Colloid Ltd.', 'Lucid Colloid Ltd.', 'Customers', 62, 'Yes', 27, 0),
(608, 2, 'SHRI SHYAM ENTERPRISES ', 'SSE', 'Customers', 142, 'No', 25, 0),
(609, 2, 'SHRI SHYAM ENTERPRISES ', 'SSE', 'Customers', 142, 'No', 27, 0),
(611, 2, 'Sanjeev Traders', 'Sanjeev Traders', 'Customers', 59, 'Yes', 27, 0),
(612, 4, 'Industrial Rubber Spares ', '', 'Vendors', 31, '', 25, 0),
(613, 4, 'Industrial Rubber Spares ', '', 'Vendors', 31, '', 27, 0),
(614, 10, 'Vikram Singh Meena', '', 'Employees', 22, '', 25, 0),
(615, 2, 'JK Lakshmi Cement Limited', 'JLC- Kalol Unit', 'Customers', 143, 'No', 25, 0),
(616, 2, 'Asian Colour Coated Ispat Ltd.', 'ACCIL-Bawal', 'Customers', 144, 'Yes', 27, 0),
(617, 2, 'Rajasthan Liquors Ltd', 'Rajasthan Liquors Ltd', 'Customers', 73, 'Yes', 27, 0),
(618, 2, 'Reliant Drilling Ltd.', 'Reliant Drilling Ltd.', 'Customers', 145, 'Yes', 27, 0),
(619, 2, 'Therachem Research Medilab (india) Pvt. Ltd.', 'TRM- Jaipur', 'Customers', 146, 'Yes', 27, 0),
(620, 4, 'K.M. Bandook Wala ', '', 'Vendors', 32, '', 25, 0),
(621, 4, 'K.M. Bandook Wala ', '', 'Vendors', 32, '', 27, 0),
(622, 28, 'Petty Cash - Jayanti Jain', '', 'Ledger Account', 0, '', 25, 0),
(623, 2, 'Ahimsa Technical Services', ' Ion Exchange Customer Care Center ', 'Customers', 147, 'Yes', 27, 0),
(625, 2, 'RSPL Limited', 'RSPL Limited- Bhognipur Unit', 'Customers', 148, 'Yes', 27, 0),
(626, 38, 'Provision for Sales Tax', '', 'Ledger Account', 0, '', 27, 0),
(627, 38, 'Provision for Sales Tax', '', 'Ledger Account', 0, '', 26, 0),
(628, 38, 'Provision for Audit Fees', '', 'Ledger Account', 0, '', 27, 0),
(629, 38, 'Provision for Audit Fees', '', 'Ledger Account', 0, '', 26, 0),
(630, 38, 'Provision for Turnover Incentive', '', 'Ledger Account', 0, '', 27, 0),
(631, 38, 'Provision for Turnover Incentive', '', 'Ledger Account', 0, '', 26, 0),
(632, 38, 'Provision Others', '', 'Ledger Account', 0, '', 27, 0),
(633, 38, 'Provision Others', '', 'Ledger Account', 0, '', 26, 0),
(634, 4, 'SPX Flow Technology ( India) Private Limited', 'Johnson pump ( India) Private Limited', 'Customers', 149, 'Yes', 25, 0),
(636, 2, 'RSPL Limited', 'RSPL Limited ( Alwar Unit)', 'Customers', 151, 'Yes', 27, 0),
(637, 4, 'Artee Flow Pvt. Ltd.', '', 'Vendors', 33, '', 25, 0),
(638, 4, 'Artee Flow Pvt. Ltd.', '', 'Vendors', 33, '', 27, 0),
(639, 2, 'Chetak Mall', 'Chetak Mall', 'Customers', 152, 'Yes', 25, 0),
(640, 2, 'Chetak Mall', 'Chetak Mall', 'Customers', 152, 'Yes', 27, 0),
(641, 53, 'Tax Deducted at Source', '', 'Ledger Account', 0, '', 25, 1),
(642, 53, 'Tax Deducted at Source', '', 'Ledger Account', 0, '', 26, 1),
(643, 53, 'Tax Deducted at Source', '', 'Ledger Account', 0, '', 27, 1),
(644, 2, 'J.K Cement Works, Muddapur', 'Unit:J. K Cement Ltd.', 'Customers', 153, 'Yes', 25, 0),
(645, 6, 'Input Sales Tax', '', 'Ledger Account', 0, '', 27, 2);

-- --------------------------------------------------------

--
-- Table structure for table `logins`
--

CREATE TABLE IF NOT EXISTS `logins` (
  `id` int(5) NOT NULL AUTO_INCREMENT,
  `employee_id` int(10) NOT NULL,
  `username` varchar(50) NOT NULL,
  `password` varchar(100) NOT NULL,
  `status` varchar(50) NOT NULL DEFAULT 'Active',
  PRIMARY KEY (`id`)
) ENGINE=InnoDB  DEFAULT CHARSET=utf8 AUTO_INCREMENT=18 ;

--
-- Dumping data for table `logins`
--

INSERT INTO `logins` (`id`, `employee_id`, `username`, `password`, `status`) VALUES
(1, 1, 'admin', 'admin', 'Active'),
(2, 4, 'jagdish', 'jagdish', 'Active'),
(3, 5, 'jagdishs', 'jagdishs', 'Active'),
(4, 8, 'jitendra Singh Jhala', 'mogragroup', 'Active'),
(5, 9, 'usha ', 'usha', 'Active'),
(6, 7, 'harshit', 'harshit', 'Active'),
(7, 10, 'priya', 'ayirp', 'Active'),
(8, 11, 'pushpendra', 'pushpendra', 'Active'),
(9, 12, 'vikram', 'vikram', 'Active'),
(10, 13, 'bhopal', 'bhopal', 'Active'),
(11, 14, 'reena', 'reena', 'Active'),
(12, 15, 'Mohammed ', 'arifmo12', 'Active'),
(13, 16, 'anshul', 'anshul', 'Active'),
(14, 17, 'priyamogra', 'priya', 'Active'),
(15, 19, 'jayanti', 'jayanti', 'Active'),
(16, 21, 'Pallav', 'Pallav', 'Active'),
(17, 20, 'Devraj', 'Devraj', 'Active');

-- --------------------------------------------------------

--
-- Table structure for table `material_indents`
--

CREATE TABLE IF NOT EXISTS `material_indents` (
  `id` int(10) NOT NULL AUTO_INCREMENT,
  `company_id` int(11) NOT NULL,
  `created_on` date NOT NULL,
  `created_by` int(10) NOT NULL,
  `mi_number` varchar(10) NOT NULL,
  PRIMARY KEY (`id`)
) ENGINE=InnoDB DEFAULT CHARSET=latin1 AUTO_INCREMENT=1 ;

-- --------------------------------------------------------

--
-- Table structure for table `material_indent_rows`
--

CREATE TABLE IF NOT EXISTS `material_indent_rows` (
  `id` int(10) NOT NULL AUTO_INCREMENT,
  `material_indent_id` int(10) NOT NULL,
  `item_id` int(10) NOT NULL,
  `required_quantity` int(10) NOT NULL,
  `processed_quantity` int(10) NOT NULL,
  `status` varchar(10) NOT NULL DEFAULT 'Open',
  PRIMARY KEY (`id`)
) ENGINE=InnoDB DEFAULT CHARSET=latin1 AUTO_INCREMENT=1 ;

-- --------------------------------------------------------

--
-- Table structure for table `nppayments`
--

CREATE TABLE IF NOT EXISTS `nppayments` (
  `id` int(10) NOT NULL AUTO_INCREMENT,
  `voucher_no` int(10) NOT NULL,
  `bank_cash_id` int(10) NOT NULL,
  `created_by` int(10) NOT NULL,
  `created_on` date NOT NULL,
  `payment_mode` varchar(50) NOT NULL,
  `company_id` int(10) NOT NULL,
  `transaction_date` date NOT NULL,
  `edited_by` int(10) NOT NULL,
  `edited_on` date NOT NULL,
  `cheque_no` varchar(100) NOT NULL,
  PRIMARY KEY (`id`)
) ENGINE=InnoDB  DEFAULT CHARSET=latin1 AUTO_INCREMENT=3 ;

--
-- Dumping data for table `nppayments`
--

INSERT INTO `nppayments` (`id`, `voucher_no`, `bank_cash_id`, `created_by`, `created_on`, `payment_mode`, `company_id`, `transaction_date`, `edited_by`, `edited_on`, `cheque_no`) VALUES
(1, 1, 145, 16, '2017-05-18', 'NEFT/RTGS', 25, '2017-05-17', 0, '0000-00-00', ''),
(2, 2, 145, 16, '2017-05-19', 'NEFT/RTGS', 25, '2017-05-19', 0, '0000-00-00', '');

-- --------------------------------------------------------

--
-- Table structure for table `nppayment_rows`
--

CREATE TABLE IF NOT EXISTS `nppayment_rows` (
  `id` int(10) NOT NULL AUTO_INCREMENT,
  `nppayment_id` int(10) NOT NULL,
  `received_from_id` int(10) NOT NULL,
  `amount` decimal(20,5) NOT NULL,
  `cr_dr` varchar(5) NOT NULL,
  `narration` text NOT NULL,
  PRIMARY KEY (`id`)
) ENGINE=InnoDB  DEFAULT CHARSET=latin1 AUTO_INCREMENT=3 ;

--
-- Dumping data for table `nppayment_rows`
--

INSERT INTO `nppayment_rows` (`id`, `nppayment_id`, `received_from_id`, `amount`, `cr_dr`, `narration`) VALUES
(1, 1, 133, '29.00000', 'Dr', 'NEFT for 425000 to kotak'),
(2, 2, 409, '25000.00000', 'Dr', 'trf to Pushpendra agst due commission amount for 16 17');

-- --------------------------------------------------------

--
-- Table structure for table `pages`
--

CREATE TABLE IF NOT EXISTS `pages` (
  `id` int(11) NOT NULL AUTO_INCREMENT,
  `controller` varchar(100) NOT NULL,
  `action` varchar(100) NOT NULL,
  `name` varchar(100) NOT NULL,
  `master` int(55) NOT NULL,
  `orderwise` int(55) NOT NULL,
  PRIMARY KEY (`id`)
) ENGINE=InnoDB  DEFAULT CHARSET=latin1 AUTO_INCREMENT=124 ;

--
-- Dumping data for table `pages`
--

INSERT INTO `pages` (`id`, `controller`, `action`, `name`, `master`, `orderwise`) VALUES
(1, 'Quotations', 'Add', '', 0, 0),
(2, 'Quotations', 'Edit', '', 0, 0),
(3, 'SalesOrders', 'Add', '', 0, 0),
(4, 'SalesOrders', 'Edit', '', 0, 0),
(5, 'JobCards', 'Add', '', 0, 0),
(6, 'JobCards', 'Edit', '', 0, 0),
(7, 'Invoices', 'Add', '', 0, 0),
(8, 'Invoices', 'Edit', '', 0, 0),
(9, 'InventoryVouchers', 'Add', '', 0, 0),
(10, 'InventoryVouchers', 'Edit', '', 0, 0),
(11, 'Challans', 'Add', '', 0, 0),
(12, 'Challans', 'Edit', '', 0, 0),
(13, 'PurchaseOrders', 'Add', '', 0, 0),
(14, 'PurchaseOrders', 'Edit', '', 0, 0),
(15, 'Grns', 'Add', '', 0, 0),
(16, 'Grns', 'Edit', '', 0, 0),
(17, 'InvoiceBookings', 'Add', '', 0, 0),
(18, 'InvoiceBookings', 'Edit', '', 0, 0),
(19, 'Logins', 'Add', 'Logins', 1, 0),
(20, 'UserRights', 'Add', '', 0, 0),
(21, 'Quotations', 'Pdf', '', 0, 0),
(22, 'SalesOrders', 'Pdf', '', 0, 0),
(23, 'Invoices', 'Pdf', '', 0, 0),
(24, 'JobCards', 'View', '', 0, 0),
(25, 'Quotations', 'Confirm', '', 0, 0),
(26, 'SalesOrders', 'Confirm', '', 0, 0),
(27, 'Invoices', 'Confirm', '', 0, 0),
(28, 'Challans', 'Pdf', '', 0, 0),
(29, 'Challans', 'Confirm', '', 0, 0),
(30, 'Quotations', 'Close', '', 0, 0),
(31, 'PurchaseOrders', 'Pdf', '', 0, 0),
(32, 'PurchaseOrders', 'Confirm', '', 0, 0),
(33, 'Invoices', 'Close', '', 0, 0),
(34, 'JobCards', 'Close', '', 0, 0),
(35, 'Grns', 'View', '', 0, 0),
(36, 'ItemLedgers', 'stockReport', '', 0, 0),
(37, 'LedgerAccounts', 'BalanceSheet', '', 0, 0),
(38, 'LedgerAccounts', 'ProfitLossStatement', '', 0, 0),
(39, 'ItemLedgers', 'materialindentreport', '', 0, 0),
(40, 'Ledgers', 'AccountStatement', '', 0, 0),
(41, 'Ledgers', 'Index', '', 0, 0),
(42, 'Customers', 'Add', 'Add new customer', 1, 0),
(43, 'Customers', 'Index', 'List customers', 1, 0),
(44, 'Customers', 'Edit', '', 0, 0),
(45, 'Customers', 'EditCompany', '', 0, 0),
(46, 'Employees', 'Add', 'Add New  Employee', 1, 0),
(47, 'Employees', 'Index', 'List Employees', 1, 0),
(48, 'Employees', 'Edit', '', 0, 0),
(49, 'Employees', 'EditCompany', '', 0, 0),
(50, 'Items', 'Add', 'Add New Item', 1, 0),
(51, 'Items', 'Index', 'List Items', 1, 0),
(52, 'Items', 'Edit', '', 0, 0),
(53, 'Items', 'EditCompany', '', 0, 0),
(54, 'Vendors', 'Add', 'Add New Supplier', 1, 0),
(55, 'Vendors', 'Index', 'List Suppliers', 1, 0),
(56, 'Vendors', 'Edit', '', 0, 0),
(57, 'Vendors', 'EditCompany', '', 0, 0),
(58, 'Companies', 'Add', 'Add New Company', 1, 0),
(59, 'Companies', 'Index', 'List Companies', 1, 0),
(60, 'Companies', 'Edit', '', 0, 0),
(61, 'ItemCategories', 'Index', 'Item Categories', 1, 0),
(62, 'ItemGroups', 'Index', 'Item Groups', 1, 0),
(63, 'ItemSubGroups', 'Index', 'Item Sub-Groups', 1, 0),
(64, 'Units', 'Index', 'Units', 1, 0),
(65, 'CustomerGroups', 'Add', 'Customer Groups', 1, 0),
(66, 'CustomerSegs', 'Add', 'Customers Segments', 1, 0),
(67, 'SaleTaxes', 'Index', 'Sale-Taxes', 1, 0),
(68, 'Filenames', 'Index', 'Files', 1, 0),
(69, 'Filenames', 'Index2', '', 0, 0),
(70, 'Transporters', 'Index', 'Transporters', 1, 0),
(71, 'Districts', 'Index', 'Districts', 1, 0),
(72, 'Designations', 'Index', 'Designations', 1, 0),
(73, 'Departments', 'Index', 'Departments', 1, 0),
(74, 'ledgerAccounts', 'Index', 'Ledger Accounts', 1, 0),
(75, 'ledgerAccounts', 'Edit', '', 0, 0),
(76, 'AccountReferences', 'Index', 'Account References', 1, 0),
(77, 'AccountReferences', 'Edit', '', 0, 0),
(78, 'Ledgers', 'openingBalance', 'Opening Balance', 1, 0),
(79, 'Ledgers', 'openingBalanceView', '', 0, 0),
(80, 'Items', 'openingBalance', 'Item Opening Balance', 1, 0),
(81, 'Items', 'openingBalanceView', '', 0, 0),
(82, 'TermsConditions', 'Index', 'Terms&Conditions', 1, 0),
(83, 'TermsConditions', 'Edit', '', 0, 0),
(84, 'Items', 'cost', 'Item Price Factor', 1, 0),
(85, 'Items', 'costView', '', 0, 0),
(86, 'QuotationCloseReasons', 'Index', 'Quotation Close Reason', 1, 0),
(87, 'QuotationCloseReasons', 'Edit', '', 0, 0),
(88, 'LeaveTypes', 'Index', 'Leave Types', 1, 0),
(89, 'LeaveTypes', 'Edit', '', 0, 0),
(90, 'Payments', 'Add', '', 0, 0),
(91, 'Payments', 'Edit', '', 0, 0),
(92, 'Payments', 'View', '', 0, 0),
(93, 'Payments', 'Index', '', 0, 0),
(94, 'Receipts', 'Add', '', 0, 0),
(95, 'Receipts', 'Edit', '', 0, 0),
(96, 'Receipts', 'View', '', 0, 0),
(97, 'Receipts', 'Index', '', 0, 0),
(98, 'PettyCashReceiptVouchers', 'Add', '', 0, 0),
(99, 'PettyCashReceiptVouchers', 'Edit', '', 0, 0),
(100, 'PettyCashReceiptVouchers', 'View', '', 0, 0),
(101, 'PettyCashReceiptVouchers', 'Index', '', 0, 0),
(102, 'ContraVouchers', 'Add', '', 0, 0),
(103, 'ContraVouchers', 'Edit', '', 0, 0),
(104, 'ContraVouchers', 'View', '', 0, 0),
(105, 'ContraVouchers', 'Index', '', 0, 0),
(106, 'CreditNotes', 'Add', '', 0, 0),
(107, 'CreditNotes', 'Edit', '', 0, 0),
(108, 'CreditNotes', 'View', '', 0, 0),
(109, 'CreditNotes', 'Index', '', 0, 0),
(110, 'DebitNotes', 'Add', '', 0, 0),
(111, 'DebitNotes', 'Edit', '', 0, 0),
(112, 'DebitNotes', 'View', '', 0, 0),
(113, 'DebitNotes', 'Index', '', 0, 0),
(114, 'JournalVouchers', 'Add', '', 0, 0),
(115, 'JournalVouchers', 'Edit', '', 0, 0),
(116, 'JournalVouchers', 'View', '', 0, 0),
(117, 'JournalVouchers', 'Index', '', 0, 0),
(118, 'VouchersReferences', 'Index', '', 0, 0),
(119, 'VouchersReferences', 'Edit', '', 0, 0),
(120, 'MaterialIndents', 'Index', '', 0, 0),
(121, 'FinancialYears', '', 'Financial Year', 1, 0),
(122, 'FinancialMonths', '', 'Financial Month', 1, 0),
(123, 'InvoiceBookings', 'view', '', 0, 0);

-- --------------------------------------------------------

--
-- Table structure for table `payments`
--

CREATE TABLE IF NOT EXISTS `payments` (
  `id` int(10) NOT NULL AUTO_INCREMENT,
  `voucher_no` int(10) NOT NULL,
  `bank_cash_id` int(10) NOT NULL,
  `created_by` int(10) NOT NULL,
  `created_on` date NOT NULL,
  `payment_mode` varchar(50) NOT NULL,
  `company_id` int(10) NOT NULL,
  `transaction_date` date NOT NULL,
  `edited_by` int(10) NOT NULL,
  `edited_on` date NOT NULL,
  `cheque_no` varchar(100) NOT NULL,
  PRIMARY KEY (`id`)
) ENGINE=InnoDB  DEFAULT CHARSET=latin1 AUTO_INCREMENT=99 ;

--
-- Dumping data for table `payments`
--

INSERT INTO `payments` (`id`, `voucher_no`, `bank_cash_id`, `created_by`, `created_on`, `payment_mode`, `company_id`, `transaction_date`, `edited_by`, `edited_on`, `cheque_no`) VALUES
(1, 1, 145, 19, '2017-04-26', 'NEFT/RTGS', 25, '2017-04-21', 16, '2017-05-17', ''),
(2, 2, 145, 19, '2017-04-26', 'NEFT/RTGS', 25, '2017-04-21', 19, '2017-04-29', ''),
(3, 3, 145, 19, '2017-04-26', 'NEFT/RTGS', 25, '2017-04-21', 0, '0000-00-00', ''),
(4, 4, 145, 19, '2017-04-26', 'NEFT/RTGS', 25, '2017-04-21', 0, '0000-00-00', ''),
(5, 5, 145, 19, '2017-04-26', 'NEFT/RTGS', 25, '2017-04-21', 0, '0000-00-00', ''),
(6, 6, 145, 19, '2017-04-27', 'NEFT/RTGS', 25, '2017-04-03', 0, '0000-00-00', ''),
(7, 7, 145, 19, '2017-04-27', 'NEFT/RTGS', 25, '2017-04-05', 0, '0000-00-00', ''),
(8, 8, 145, 19, '2017-04-27', 'NEFT/RTGS', 25, '2017-04-21', 16, '2017-04-29', '054658'),
(9, 9, 146, 19, '2017-04-27', 'Cheque', 25, '2017-04-26', 16, '2017-05-10', '000036'),
(10, 10, 146, 19, '2017-04-27', 'Cheque', 25, '2017-04-27', 19, '2017-04-28', '000035'),
(11, 11, 146, 19, '2017-04-27', 'Cheque', 25, '2017-04-27', 19, '2017-04-28', '000038'),
(12, 12, 146, 19, '2017-04-27', 'NEFT/RTGS', 25, '2017-04-27', 19, '2017-04-28', ''),
(13, 13, 142, 19, '2017-04-27', 'NEFT/RTGS', 25, '2017-04-08', 19, '2017-04-28', ''),
(14, 14, 146, 19, '2017-04-27', 'Cheque', 25, '2017-05-01', 19, '2017-05-01', '000040'),
(15, 15, 142, 19, '2017-04-27', 'NEFT/RTGS', 25, '2017-04-11', 19, '2017-04-28', ''),
(16, 16, 145, 19, '2017-04-27', 'NEFT/RTGS', 25, '2017-04-07', 19, '2017-04-28', ''),
(17, 17, 145, 19, '2017-04-27', 'NEFT/RTGS', 25, '2017-04-07', 19, '2017-04-28', ''),
(18, 18, 145, 19, '2017-04-27', 'NEFT/RTGS', 25, '2017-04-07', 19, '2017-04-28', ''),
(19, 19, 145, 19, '2017-04-27', 'NEFT/RTGS', 25, '2017-04-07', 19, '2017-04-28', ''),
(20, 20, 145, 16, '2017-04-28', 'NEFT/RTGS', 25, '2017-04-07', 19, '2017-04-28', ''),
(21, 21, 142, 16, '2017-04-28', 'NEFT/RTGS', 25, '2017-04-07', 19, '2017-04-28', ''),
(22, 22, 142, 16, '2017-04-28', 'NEFT/RTGS', 25, '2017-04-07', 19, '2017-04-28', ''),
(23, 1, 352, 16, '2017-04-28', 'NEFT/RTGS', 27, '2017-04-07', 16, '2017-05-17', ''),
(24, 23, 145, 16, '2017-04-28', 'NEFT/RTGS', 25, '2017-04-07', 0, '0000-00-00', ''),
(25, 24, 146, 19, '2017-04-28', 'Cheque', 25, '2017-04-14', 0, '0000-00-00', '000032'),
(26, 25, 146, 19, '2017-04-28', 'NEFT/RTGS', 25, '2017-04-14', 0, '0000-00-00', ''),
(27, 2, 352, 19, '2017-04-28', 'Cheque', 27, '2017-04-24', 16, '2017-05-17', '393509'),
(28, 26, 146, 19, '2017-04-28', 'Cheque', 25, '2017-04-28', 16, '2017-04-28', '000039'),
(29, 27, 146, 19, '2017-04-28', 'NEFT/RTGS', 25, '2017-04-07', 0, '0000-00-00', ''),
(30, 28, 146, 19, '2017-04-28', 'NEFT/RTGS', 25, '2017-04-07', 0, '0000-00-00', ''),
(31, 3, 352, 16, '2017-04-28', 'NEFT/RTGS', 27, '2017-04-07', 16, '2017-05-17', ''),
(32, 4, 352, 16, '2017-04-28', 'NEFT/RTGS', 27, '2017-04-07', 16, '2017-05-17', ''),
(33, 5, 352, 16, '2017-04-28', 'NEFT/RTGS', 27, '2017-04-07', 16, '2017-05-17', ''),
(34, 29, 142, 19, '2017-05-01', 'Cheque', 25, '2017-04-08', 0, '0000-00-00', '393552'),
(35, 6, 352, 19, '2017-05-01', 'Cheque', 27, '2017-04-08', 16, '2017-05-17', '393508'),
(36, 7, 352, 19, '2017-05-01', 'Cheque', 27, '2017-05-01', 16, '2017-05-17', '393512'),
(37, 30, 146, 19, '2017-05-01', 'Cheque', 25, '2017-05-01', 0, '0000-00-00', '000041'),
(38, 31, 142, 19, '2017-05-02', 'NEFT/RTGS', 25, '2017-05-02', 19, '2017-05-13', ''),
(39, 32, 142, 19, '2017-05-02', 'NEFT/RTGS', 25, '2017-04-17', 0, '0000-00-00', ''),
(40, 33, 142, 19, '2017-05-02', 'NEFT/RTGS', 25, '2017-05-29', 0, '0000-00-00', ''),
(41, 8, 352, 19, '2017-05-02', 'Cheque', 27, '2017-05-02', 16, '2017-05-17', '393510'),
(42, 34, 146, 19, '2017-05-02', 'NEFT/RTGS', 25, '2017-04-30', 0, '0000-00-00', ''),
(43, 35, 146, 19, '2017-05-03', 'NEFT/RTGS', 25, '2017-04-17', 0, '0000-00-00', ''),
(44, 36, 146, 19, '2017-05-03', 'NEFT/RTGS', 25, '2017-04-07', 0, '0000-00-00', ''),
(45, 37, 146, 19, '2017-05-03', 'NEFT/RTGS', 25, '2017-05-03', 16, '2017-05-05', ''),
(46, 38, 146, 19, '2017-05-03', 'NEFT/RTGS', 25, '2017-05-03', 0, '0000-00-00', ''),
(47, 39, 146, 19, '2017-05-03', 'NEFT/RTGS', 25, '2017-05-03', 0, '0000-00-00', ''),
(48, 40, 146, 19, '2017-05-03', 'NEFT/RTGS', 25, '2017-05-03', 0, '0000-00-00', ''),
(49, 41, 146, 19, '2017-05-03', 'NEFT/RTGS', 25, '2017-05-03', 0, '0000-00-00', ''),
(50, 42, 146, 16, '2017-05-04', 'NEFT/RTGS', 25, '2017-05-04', 0, '0000-00-00', ''),
(51, 43, 146, 16, '2017-05-04', 'NEFT/RTGS', 25, '2017-05-04', 0, '0000-00-00', ''),
(52, 1, 203, 19, '2017-05-04', 'Cheque', 26, '2017-05-08', 19, '2017-05-08', '128352'),
(53, 44, 146, 19, '2017-05-06', 'Cheque', 25, '2017-05-06', 19, '2017-05-06', '000044'),
(54, 9, 352, 19, '2017-05-08', 'Cheque', 27, '2017-05-08', 16, '2017-05-17', '393513'),
(55, 2, 203, 19, '2017-05-08', 'Cheque', 26, '2017-05-08', 0, '0000-00-00', '128353'),
(56, 45, 145, 19, '2017-05-09', 'NEFT/RTGS', 25, '2017-05-08', 19, '2017-05-17', ''),
(57, 46, 146, 19, '2017-05-09', 'NEFT/RTGS', 25, '2017-05-09', 16, '2017-05-09', ''),
(58, 47, 142, 19, '2017-05-10', 'Cheque', 25, '2017-04-25', 0, '0000-00-00', '393556'),
(59, 10, 352, 19, '2017-05-10', 'NEFT/RTGS', 27, '2017-04-17', 16, '2017-05-17', ''),
(60, 11, 352, 19, '2017-05-10', 'Cheque', 27, '2017-05-10', 16, '2017-05-17', '393515'),
(61, 48, 142, 19, '2017-05-10', 'Cheque', 25, '2017-05-10', 19, '2017-05-10', '393561'),
(62, 49, 146, 19, '2017-05-11', 'NEFT/RTGS', 25, '2017-05-01', 19, '2017-05-18', ''),
(63, 50, 146, 19, '2017-05-11', 'NEFT/RTGS', 25, '2017-05-11', 16, '2017-05-17', ''),
(64, 51, 146, 19, '2017-05-11', 'Cheque', 25, '2017-05-26', 0, '0000-00-00', '000033'),
(65, 52, 146, 19, '2017-05-11', 'Cheque', 25, '2017-04-28', 0, '0000-00-00', '000037'),
(66, 53, 142, 19, '2017-05-12', 'Cheque', 25, '2017-04-19', 0, '0000-00-00', '393554'),
(67, 12, 352, 19, '2017-05-12', 'NEFT/RTGS', 27, '2017-05-13', 16, '2017-05-17', ''),
(68, 54, 146, 19, '2017-05-12', 'Cheque', 25, '2017-04-17', 0, '0000-00-00', '000030'),
(69, 55, 146, 19, '2017-05-12', 'Cheque', 25, '2017-04-13', 0, '0000-00-00', '000029'),
(70, 56, 146, 17, '2017-05-12', 'NEFT/RTGS', 25, '2017-04-04', 16, '2017-05-16', ''),
(71, 57, 146, 17, '2017-05-12', 'NEFT/RTGS', 25, '2017-05-12', 16, '2017-05-16', ''),
(72, 58, 142, 16, '2017-05-12', 'NEFT/RTGS', 25, '2017-04-13', 0, '0000-00-00', ''),
(73, 59, 142, 16, '2017-05-12', 'NEFT/RTGS', 25, '2017-04-13', 0, '0000-00-00', ''),
(74, 13, 352, 19, '2017-05-12', 'Cheque', 27, '2017-05-12', 16, '2017-05-17', '393516'),
(75, 60, 145, 16, '2017-05-12', 'NEFT/RTGS', 25, '2017-04-08', 0, '0000-00-00', ''),
(76, 61, 142, 19, '2017-05-13', 'Cheque', 25, '2017-04-25', 0, '0000-00-00', '393560'),
(77, 62, 142, 19, '2017-05-13', 'Cheque', 25, '2017-04-25', 0, '0000-00-00', '393559'),
(78, 63, 142, 19, '2017-05-13', 'Cheque', 25, '2017-05-13', 0, '0000-00-00', '393553'),
(79, 3, 203, 19, '2017-05-13', 'NEFT/RTGS', 26, '2017-04-08', 0, '0000-00-00', ''),
(80, 4, 203, 19, '2017-05-13', 'NEFT/RTGS', 26, '2017-04-08', 0, '0000-00-00', ''),
(81, 64, 146, 19, '2017-05-13', 'NEFT/RTGS', 25, '2017-05-13', 0, '0000-00-00', ''),
(82, 65, 142, 19, '2017-05-15', 'NEFT/RTGS', 25, '2017-04-21', 0, '0000-00-00', ''),
(83, 66, 142, 16, '2017-05-15', 'NEFT/RTGS', 25, '2017-04-17', 0, '0000-00-00', ''),
(84, 14, 352, 16, '2017-05-15', 'NEFT/RTGS', 27, '2017-04-13', 16, '2017-05-17', ''),
(85, 67, 146, 19, '2017-05-15', 'Cheque', 25, '2017-05-15', 19, '2017-05-17', '000045'),
(86, 15, 352, 19, '2017-05-15', 'Cheque', 27, '2017-05-15', 16, '2017-05-17', '393517'),
(87, 68, 142, 19, '2017-05-15', 'NEFT/RTGS', 25, '2017-04-29', 0, '0000-00-00', ''),
(88, 69, 142, 19, '2017-05-15', 'Cheque', 25, '2017-04-19', 0, '0000-00-00', '393553'),
(89, 70, 146, 19, '2017-05-16', 'NEFT/RTGS', 25, '2017-05-16', 0, '0000-00-00', ''),
(90, 71, 146, 19, '2017-05-16', 'NEFT/RTGS', 25, '2017-05-16', 16, '2017-05-16', ''),
(91, 72, 146, 16, '2017-05-16', 'NEFT/RTGS', 25, '2017-05-16', 0, '0000-00-00', ''),
(92, 73, 146, 19, '2017-05-18', 'NEFT/RTGS', 25, '2017-05-18', 19, '2017-05-18', ''),
(93, 5, 203, 19, '2017-05-18', 'NEFT/RTGS', 26, '2017-04-09', 0, '0000-00-00', ''),
(94, 6, 203, 19, '2017-05-18', 'NEFT/RTGS', 26, '2017-04-10', 0, '0000-00-00', ''),
(95, 74, 142, 19, '2017-05-18', 'NEFT/RTGS', 25, '2017-05-08', 0, '0000-00-00', ''),
(96, 75, 146, 19, '2017-05-18', 'Cheque', 25, '2017-04-05', 0, '0000-00-00', '000026'),
(97, 76, 142, 16, '2017-05-19', 'NEFT/RTGS', 25, '2017-05-19', 0, '0000-00-00', ''),
(98, 77, 142, 19, '2017-05-20', 'NEFT/RTGS', 25, '2017-05-20', 0, '0000-00-00', '');

-- --------------------------------------------------------

--
-- Table structure for table `payment_rows`
--

CREATE TABLE IF NOT EXISTS `payment_rows` (
  `id` int(10) NOT NULL AUTO_INCREMENT,
  `payment_id` int(10) NOT NULL,
  `received_from_id` int(10) NOT NULL,
  `amount` decimal(20,5) NOT NULL,
  `cr_dr` varchar(5) NOT NULL,
  `narration` text NOT NULL,
  PRIMARY KEY (`id`)
) ENGINE=InnoDB  DEFAULT CHARSET=latin1 AUTO_INCREMENT=210 ;

--
-- Dumping data for table `payment_rows`
--

INSERT INTO `payment_rows` (`id`, `payment_id`, `received_from_id`, `amount`, `cr_dr`, `narration`) VALUES
(3, 3, 133, '319.00000', 'Dr', 'bank Charges IGL Amendments'),
(4, 4, 133, '47.91000', 'Dr', 'Service Tax Charges'),
(5, 5, 133, '29.00000', 'Dr', 'Charges for Neft Customer'),
(6, 6, 133, '63.00000', 'Dr', 'Cgarges for RTGS custe.payment'),
(7, 7, 133, '29.00000', 'Dr', 'Charges for nsft cust.payment'),
(39, 24, 568, '15013.00000', 'Dr', 'March sal Reena Khandelwal'),
(40, 24, 135, '400.00000', 'Cr', 'Fine due to absence without leave RK in march'),
(41, 22, 568, '8230.00000', 'Dr', 'March sal to UM'),
(42, 22, 486, '1580.00000', 'Cr', 'Cash adv given by PM to UM'),
(43, 22, 32, '3000.00000', 'Cr', 'Loan installement deducted for UM'),
(44, 21, 568, '12452.00000', 'Dr', 'March sal to JS'),
(45, 21, 22, '3280.00000', 'Cr', 'Advance deducted for JS'),
(46, 20, 568, '17000.00000', 'Dr', 'Salary to Mukesh Jain for March 2017'),
(47, 20, 465, '1547.00000', 'Dr', 'Advance amount paid to MJ '),
(48, 19, 568, '12247.00000', 'Dr', 'Salary for the month of March 2017Jitendra singh jhala'),
(49, 19, 31, '80.00000', 'Cr', 'Food Bill March.2017'),
(50, 18, 568, '17266.00000', 'Dr', 'Salary for the month of march 2017 Bhopalsingh jhala'),
(51, 18, 46, '325.00000', 'Cr', 'Mobile bill'),
(52, 17, 568, '17500.00000', 'Dr', 'Salary for the monyj of March 2017 Gersingh'),
(53, 16, 568, '8300.00000', 'Dr', 'Salary for the month of March.2017 Lehri lal Gameti'),
(54, 15, 568, '10000.00000', 'Dr', 'Salary for the month of March.2017 Vikram singh Rao'),
(58, 13, 568, '12274.00000', 'Dr', 'Salary for the month of March.2017 Jayanti jain'),
(59, 13, 547, '120.00000', 'Cr', 'Food bill March.2017'),
(60, 12, 569, '7966.00000', 'Dr', 'Neft Inv.No.115 Dt.26.04.2017'),
(61, 11, 476, '174534.75000', 'Dr', 'Ch.No.000038 dt.27.04.2017'),
(62, 10, 114, '16626.00000', 'Dr', 'Ch.000035 dated 24.4.17 to AVVNL for the month of  April 2017 '),
(65, 25, 119, '140.00000', 'Dr', 'Ch.000032 dt.14.4.17 issued to Amrapali Enterprises Inv.no.4594 dt.7.4.17'),
(66, 26, 478, '6480.00000', 'Dr', 'Neft against proforma invoice no.7093 dt.11.4.17 purchase order no.STL/po-414 st.27.3.17'),
(70, 29, 568, '17000.00000', 'Dr', 'Salary for the month of March.2017 Anjana Jain'),
(71, 30, 568, '17000.00000', 'Dr', 'Salary for the month of March.2017 Snigdha Bhattacharya'),
(72, 28, 117, '1403.00000', 'Dr', 'ch.000039 issued from Kotak Bank aginst Jeet Computer & Stationery Inv.No.2190 dt.12.04.17  for RIM 10 qty @ 133 Rs'),
(80, 8, 75, '1700000.00000', 'Dr', 'Neft AM'),
(81, 2, 133, '50.00000', 'Dr', 'Bank Charges Courier Chargs'),
(83, 34, 568, '5000.00000', 'Dr', 'CH.393552 Salary for the month of march 2017 Narayani bai'),
(86, 14, 119, '4500.00000', 'Dr', 'Neft issued Applied Electronics & Electricals  against inv.no.23 dt.10.04.17  12volt 26 AH Battery Amron for UPS at Madri Office\r\n'),
(88, 37, 106, '1500.00000', 'Dr', 'Ch.000041 issued Kotak Bank Gati Kintetsu, Parle Biscuit Inv.STL/IN-043/BE-3353/17-18'),
(90, 39, 595, '100000.00000', 'Dr', 'Transfer STL-SML'),
(91, 40, 596, '15000.00000', 'Dr', 'Transfer STL-FMSL'),
(93, 42, 138, '282.00000', 'Dr', 'Int.Dt.1.4.17-30.4.17'),
(94, 43, 568, '5645.00000', 'Dr', 'Neft salary for the month of march.2017 Mr.Dilip (Suvidha Service)'),
(95, 44, 121, '165000.00000', 'Dr', 'Neft salary for the month of March.2017 AM'),
(98, 46, 477, '30878.00000', 'Dr', 'Neft issued Kotak Bank Against Inv.no. R 2223 dt.31.3.17'),
(99, 47, 474, '137910.00000', 'Dr', 'Neft Issued Kotak Bank Against Inv.No.105988,106025,106047,106110,106115'),
(100, 48, 481, '9563.00000', 'Dr', 'Neft Issued Kotak Bank Against Inv.No.T/157'),
(101, 49, 475, '15342.00000', 'Dr', 'Neft issued Kotak Bank Against Inv.No.938 dt.24.3.2017'),
(102, 50, 493, '32778.00000', 'Dr', 'NEFT for due amount'),
(103, 51, 599, '9639.00000', 'Dr', 'NEFT agst due payment'),
(110, 45, 479, '136168.00000', 'Dr', 'Neft issued Kotak Bank Inv.No.801 dt.4.3.17,Sa-298 dt.4.3.17\r\nDiscount STL/PO-365/BE-3300 against Reliant Drilling'),
(113, 53, 134, '4266.00000', 'Dr', 'Ch.000044 issued Kotak Bank against Dharmraj dairy & Gen.Stores Goverdhanlal Jat Milk Bill'),
(115, 52, 195, '1754.00000', 'Dr', 'Ch.128352 issued to SBBJ against Milk Bill for the month of April 2017'),
(118, 55, 182, '4500.00000', 'Dr', 'Ch.128353 issued SBBJ salary for the month of April 2017 Dev Narayan Mali'),
(121, 57, 477, '12875.00000', 'Dr', 'Neft issued to kotak bank against inv.no. R/2017/0009'),
(122, 58, 443, '40000.00000', 'Dr', 'Ch..393556 Tender Darling Pump'),
(123, 58, 133, '230.00000', 'Dr', 'D.D.Charges'),
(127, 61, 120, '5000.00000', 'Dr', 'Ch.393561 issued to kotak bank aginst salary for the month of April.2017 Narayani bai'),
(128, 9, 523, '3190.00000', 'Dr', 'Ch.No.0036 issued to  Kotak Bank against alloy steel Inv.No.29 dt.7.04.17'),
(132, 64, 132, '5000.00000', 'Dr', 'Ch.000033 issued kotak bank  Mr. Surendra Mogra '),
(133, 65, 125, '2800.00000', 'Dr', 'Ch.000037 issued kotak bank against L.D.tour & travells '),
(134, 66, 443, '15000.00000', 'Dr', 'KATPP RRVUN Jhalawar for Tender'),
(135, 66, 133, '86.25000', 'Dr', 'Bank charges for Tender'),
(138, 68, 106, '2000.00000', 'Dr', 'Ch.000030 Issued Kotak Bank aginst gati kintetsu  Inv.no.STL-020/BE-3555 dt.10.4.17'),
(139, 69, 568, '7387.00000', 'Dr', 'Ch.000029 issued to kotak bank salary for the month of March.2017 Firoz khan'),
(142, 72, 408, '617.50000', 'Dr', 'CST tax for march 2017'),
(143, 73, 408, '72647.50000', 'Dr', 'VAT for march 2017'),
(145, 75, 568, '7000.00000', 'Dr', 'sal for reena for march 2017 extra incentive'),
(146, 76, 134, '500.00000', 'Dr', 'Ch.393560 Processing fees (Tender)'),
(147, 76, 133, '28.75000', 'Dr', 'Bank Charges (Tender)'),
(148, 77, 134, '200.00000', 'Dr', 'Ch.393559 Tender Cost'),
(149, 77, 133, '28.75000', 'Dr', 'Bank charges tender cost'),
(150, 78, 134, '200.00000', 'Dr', 'Ch.393553 processing fees'),
(151, 78, 133, '28.75000', 'Dr', 'Bank Charges'),
(152, 38, 153, '9200.00000', 'Dr', 'Neft issued to Kotak bank against B.T.Electronics,Inv.\r\nno.216 dt.6.4.17,videcon VA 163 BBR 110217860188003585 Qty.1,'),
(153, 79, 182, '7727.00000', 'Dr', 'Neft issue to sbbj salary or the month of March.2017'),
(154, 80, 182, '8800.00000', 'Dr', 'Neft issued to sbbj salary for the month of March.2017 Mr.vahid khan'),
(155, 81, 477, '29520.00000', 'Dr', 'Neft issued Kotak Bank against PO No. STL/PO-040/BE3194/17-18  dt.7.4.17 Antico '),
(158, 82, 75, '1550000.00000', 'Dr', 'CH.393555 issued to sbbj  Anshul Mogra'),
(159, 82, 133, '58.00000', 'Dr', 'Ch.393555 Bank Charges '),
(160, 83, 595, '5000.00000', 'Dr', 'trf to sml '),
(164, 87, 596, '15000.00000', 'Dr', 'Transfer Stl-fmsl'),
(165, 88, 134, '228.75000', 'Dr', 'Ch.393553 issued to sbbj against katpp RRVUN jhalawar'),
(166, 89, 477, '21229.00000', 'Dr', 'Neft issued Kotak Bank against STL/PO-075/BE-3379/17-18 Dt.25.04.17'),
(169, 90, 478, '68498.00000', 'Dr', 'Neft issue Kotak Bank against STL/PO-076/BE-   Dt.25.4.17 &  Balance payment Rs.2815/- STL/PO-414/BE  dt.27.3.17'),
(171, 70, 479, '323204.00000', 'Dr', 'NEFT Paid'),
(172, 71, 479, '54353.00000', 'Dr', 'NEFT Paid for balance amount'),
(173, 91, 479, '183638.00000', 'Dr', 'NEFT made fir due amt'),
(174, 85, 103, '2680.00000', 'Dr', 'Ch.000045 issued Kotak Banl against Tushaco Pump -Shree Cement'),
(175, 56, 120, '6250.00000', 'Dr', 'Neft issued to union Bank salary for the month of April 2017 working  25days Dilip'),
(177, 63, 598, '1665.00000', 'Dr', 'Neft issued to kotak bank against singhal goods carrier bill no.20 dt.31.3.17'),
(178, 1, 133, '25.00000', 'Dr', 'Bank Charges Postages'),
(181, 86, 322, '4600.00000', 'Dr', 'Ch..393517 issued to sbbj against Udaipur Chamber of Commerce & Industry'),
(182, 84, 626, '310.20000', 'Dr', 'Sales tax for March 2017'),
(183, 74, 329, '3500.00000', 'Dr', 'Ch.393516 issued SBBJ Against Shiv Shakti Electricals & Motor Rewinding '),
(184, 67, 583, '5000.00000', 'Dr', 'wrong entry'),
(185, 60, 330, '7000.00000', 'Dr', 'Ch..393515 issued to Kotak bank salary for the month of April.2017'),
(186, 59, 582, '1000000.00000', 'Dr', 'Transfet Stl'),
(187, 54, 330, '4300.00000', 'Dr', 'Ch.393513 issued to SBBJ salary for the month of April.2017 Lehari Lal Gameti'),
(188, 41, 360, '9200.00000', 'Dr', 'Neft issued to SBBJ Bank against B.T.Electronics Inv.No.216 dt.6.4.17 Videocon VA 163 BBR 110217860188003585'),
(189, 36, 591, '6000.00000', 'Dr', 'Neft SBBJ Mateshwari Electric Works Bill No.1990 dt.6.4.17,20 HP 2800 RPM 3Fhase oil Motor Rewinding,5HP Starter Rep. Office'),
(190, 35, 579, '7000.00000', 'Dr', 'Ch.393508 salary for the month of March.2017 Surendra singh'),
(191, 33, 579, '18300.00000', 'Dr', 'March sal for ajita chopra'),
(192, 33, 342, '4.60000', 'Dr', 'bank charges for NEFT'),
(193, 32, 579, '10710.00000', 'Dr', 'March sal mufazzal hussain'),
(194, 31, 579, '10500.00000', 'Dr', 'March sal to Rajendra mehta'),
(195, 31, 342, '4.60000', 'Dr', 'Misc office exp for rajendra mehta'),
(196, 27, 324, '4697.00000', 'Dr', 'Ch.393509 dt.24.4.2017 issued to AVVNL for the month of April.17'),
(197, 23, 579, '20000.00000', 'Dr', 'March sal to Gopal Khandelwal'),
(199, 92, 103, '2340.00000', 'Dr', 'Singhal Goods Carrier \r\nInvoice No.92 dt.10.05.17 \r\nbill for the month of April 2017'),
(200, 93, 182, '10500.00000', 'Dr', 'Neft salary for the month of march.2017 Pawan singh'),
(201, 93, 194, '4.60000', 'Dr', 'Bank charges'),
(202, 94, 182, '5629.00000', 'Dr', 'Neft salary for the month of March.2017'),
(203, 94, 194, '2.30000', 'Dr', 'Bank charges'),
(204, 95, 120, '14749.00000', 'Dr', 'Neft Salary for the month of April.2017 Mr.Jagdish Salvi'),
(206, 62, 598, '2815.00000', 'Dr', ' against aashtha logistics bill no.286 dt.31.3.17 and no.543 dt.31.3.17'),
(207, 96, 106, '1500.00000', 'Dr', 'Ch.000026 against Honda Cars STL/in-008/BE-3226/17-18'),
(208, 97, 22, '8000.00000', 'Dr', 'NEFT for TA to Jodhpur trip asper request'),
(209, 98, 45, '5000.00000', 'Dr', 'Travelling Advance Jaquar/Relaxo/rRayban-Bhiwadi,Honda Car/Bestex/Tapukara/Continental/Hindware dt.21.5.17-25.5.17');

-- --------------------------------------------------------

--
-- Table structure for table `payment_vouchers`
--

CREATE TABLE IF NOT EXISTS `payment_vouchers` (
  `id` int(10) NOT NULL AUTO_INCREMENT,
  `voucher_no` varchar(10) NOT NULL,
  `created_on` date NOT NULL,
  `transaction_date` date NOT NULL,
  `paid_to_id` int(10) NOT NULL,
  `payment_mode` varchar(100) NOT NULL,
  `cash_bank_account_id` int(10) NOT NULL,
  `narration` text NOT NULL,
  `amount` decimal(15,2) NOT NULL,
  `cheque_no` varchar(25) NOT NULL,
  `company_id` int(11) NOT NULL,
  `created_by` int(11) NOT NULL,
  `edited_by` int(10) NOT NULL,
  `edited_on` date NOT NULL,
  `advance_amount` decimal(10,2) NOT NULL,
  `receipt_type` varchar(15) NOT NULL,
  PRIMARY KEY (`id`)
) ENGINE=InnoDB DEFAULT CHARSET=latin1 AUTO_INCREMENT=1 ;

-- --------------------------------------------------------

--
-- Table structure for table `petty_cash_vouchers`
--

CREATE TABLE IF NOT EXISTS `petty_cash_vouchers` (
  `id` int(10) NOT NULL AUTO_INCREMENT,
  `voucher_no` int(10) NOT NULL,
  `bank_cash_id` int(10) NOT NULL,
  `created_by` int(10) NOT NULL,
  `created_on` date NOT NULL,
  `payment_mode` varchar(50) NOT NULL,
  `company_id` int(10) NOT NULL,
  `transaction_date` date NOT NULL,
  `edited_by` int(10) NOT NULL,
  `edited_on` date NOT NULL,
  `cheque_no` varchar(100) NOT NULL,
  PRIMARY KEY (`id`)
) ENGINE=InnoDB  DEFAULT CHARSET=latin1 AUTO_INCREMENT=5 ;

--
-- Dumping data for table `petty_cash_vouchers`
--

INSERT INTO `petty_cash_vouchers` (`id`, `voucher_no`, `bank_cash_id`, `created_by`, `created_on`, `payment_mode`, `company_id`, `transaction_date`, `edited_by`, `edited_on`, `cheque_no`) VALUES
(1, 1, 453, 16, '2017-05-15', 'Cash', 25, '2017-05-15', 19, '2017-05-18', ''),
(2, 2, 622, 19, '2017-05-16', 'NEFT/RTGS', 25, '2017-04-27', 19, '2017-05-18', ''),
(3, 3, 622, 19, '2017-05-17', 'Cheque', 25, '2017-05-17', 19, '2017-05-17', ''),
(4, 4, 453, 19, '2017-05-18', 'NEFT/RTGS', 25, '2017-05-18', 19, '2017-05-20', '');

-- --------------------------------------------------------

--
-- Table structure for table `petty_cash_voucher_rows`
--

CREATE TABLE IF NOT EXISTS `petty_cash_voucher_rows` (
  `id` int(10) NOT NULL AUTO_INCREMENT,
  `petty_cash_voucher_id` int(10) NOT NULL,
  `received_from_id` int(10) NOT NULL,
  `amount` decimal(20,5) NOT NULL,
  `cr_dr` varchar(5) NOT NULL,
  `narration` text NOT NULL,
  `auto_inc` int(10) NOT NULL,
  PRIMARY KEY (`id`)
) ENGINE=InnoDB  DEFAULT CHARSET=latin1 AUTO_INCREMENT=91 ;

--
-- Dumping data for table `petty_cash_voucher_rows`
--

INSERT INTO `petty_cash_voucher_rows` (`id`, `petty_cash_voucher_id`, `received_from_id`, `amount`, `cr_dr`, `narration`, `auto_inc`) VALUES
(33, 3, 134, '95.00000', 'Dr', 'Agerbatti-50/-15.5.17 Reena\r\nBread-30/- 7.5.17 lehri\r\nAcid 1 bott.-15/-vikram', 0),
(34, 3, 119, '703.00000', 'Dr', 'Techno motor model Alto K10 vxl,Chasis no.208213-473/-27.4.17\r\n6nos Anchor bolt-230/-hind machinery-28.4.17', 1),
(35, 3, 126, '146.00000', 'Dr', 'RRVUNL DD for darling pump tender kota-50/-26.4.17\r\nShri mata travels collect parcel-10/-4.5.17\r\n2 speed post shri gananager & baroda-86/-6.5.17', 2),
(36, 3, 126, '230.00000', 'Dr', 'Letter parcel Kota Paras travels-30/-\r\npurchase stock SMB-200/-3.5.17', 3),
(37, 3, 109, '340.00000', 'Dr', 'Gulab jamun KSM-40/-26.4.17\r\nPastri ASM-120/-11.5.17\r\nMasala chas KSM Meeting-180/-10.5.17', 4),
(38, 3, 135, '1641.00000', 'Dr', 'Vegetables & other-1510/-6.5.17\r\nPotato,paneer,namkin-131/-10.5.17', 5),
(65, 2, 119, '35.00000', 'Dr', 'Chaie Wheel  Mr.Vikram sing ', 0),
(66, 2, 134, '375.00000', 'Dr', 'Office Dress Stitchung Mr.M.Arif dt.8.4.17', 1),
(67, 2, 134, '752.00000', 'Dr', 'Bharat Gas Sylender dt.25.4.17', 2),
(68, 2, 126, '170.00000', 'Dr', '2 speed post -bikaner, (80) dt.17.4.17\r\n trackon courier for Bhanwar (bhawani mandi) (50) 18.4.17\r\nacc office speed post baran (40) dt.25.4.17', 3),
(69, 2, 135, '2356.00000', 'Dr', 'vegetable & dale dt.22.4.17', 4),
(70, 2, 126, '302.00000', 'Dr', 'courier nimbhara-20/-,bhiwandi-60/-,baloda bazar-40/-13.4.17\r\nspeed post sri ganganager-50/-10.4.17\r\ntracon courier bhanwar bhawni mandi-40/- 22.3.17\r\nspeed post baran-46/-,suratgarh-46/- 18.3.17', 5),
(71, 2, 113, '25.00000', 'Dr', 'Vodaphone 1.3.17 to 31.3.17 VLT No.1100090007781 dt.11.4.17', 6),
(72, 1, 103, '800.00000', 'Dr', 'Antico pump EXP 160 CT spares thru TCI freight', 0),
(73, 1, 106, '110.00000', 'Dr', 'JK nimbahera mech seal CCR 25 160 pump dt. 28.4.17 ( 50 )\r\nDarling S 630 (Rs. 60)', 1),
(74, 1, 103, '370.00000', 'Dr', 'Remi Sales 5 HP-2900-1no, dt.7.4.17 (60), \r\nBlue Star S.S.Rod 3nos.dt.21.4.17(240)\r\nRemi sales 7.5HP-2900-2no.dt.7.4.17 (70)', 2),
(75, 1, 103, '560.00000', 'Dr', 'Antico Pump,Antico Spairs dt.10.4.17', 3),
(76, 1, 106, '800.00000', 'Dr', 'Shree Cement Bhiwadi RT-10-1no.pumpdt.3.5.17  (200)\r\nShree Raipur Cement -Tushaco Pump 45/42, M.Seal -5nos,dt.23.5.17 (600)\r\n', 4),
(77, 1, 106, '810.00000', 'Dr', 'Shree Cement Kushkhera Filter Element 4Nosdt.4.4.17 (250)\r\nTushaco Pump Trf Seal kit 1700 2no. dt.24.4.17 (560)', 5),
(78, 1, 101, '350.00000', 'Dr', 'Darling Pump S-630 dt.24.4.17 Sawriya-W.shop (150)\r\nSPX Flow CB-80-200-2Nos,CN125-400-1no, dt.17.4.17 Singal trans.-W.Shop (200)', 6),
(79, 1, 101, '350.00000', 'Dr', 'Blue Star S.S.Rod-3nos,dt.22.4.17 \r\nEagle travels - Work shop (200)\r\nSPX flow CCR25-160-2no.25-125-1no,Spair 32-160-2no dt.10.4.17 singal trans - W.shop (150)', 7),
(80, 1, 101, '250.00000', 'Dr', 'Antico Pump/Spair,\r\nmechneers india 3HP IES Motor-1no, vijay laxmi trans-tci-W.shop dt.10.4.17 (200)\r\nRemi sales Remi Motor 5HP-1no,7.5HP-2No,VRL-w.shop dt.7.4.17 (50)', 8),
(81, 1, 105, '350.00000', 'Dr', 'Sodexo Chemical KGEN 11.3-2no,11.4-2no,Bhati trans,Antico pump/spair TCI ,Spx power tools-Multani sona dt24.4.17 (200)\r\nAmbuja Cement N2K 32-1250Pump-1no, "A" Square-W-shop dt.2.5.17 (150)\r\n', 9),
(82, 1, 105, '225.00000', 'Dr', 'HZL Chittod CCR 50-200/15HP-2900 -1no,dt.12.4.17 W.shop-Aashtha logi (100)\r\nShree raipur cement T3ST 45/42 pump dt.11.4.17 Aashtha -ARC trans (125)', 10),
(83, 1, 105, '400.00000', 'Dr', 'Shree Cement RAS RT-40/1HP-1500-2nos W.shop-Aashtha dt.5.4.17 (50)\r\nSTPP 4 DDR spair dt.4.4.17 W.shop-Jaipur golden (350)', 11),
(84, 1, 119, '842.00000', 'Dr', 'Rep.& Maint.Motor & Prorewell pump', 12),
(85, 4, 101, '200.00000', 'Dr', 'Tushaco pump T3 ST 45/42-1no,\r\nT3ST 45/42-2no', 0),
(86, 4, 103, '220.00000', 'Dr', 'Remi Sales 7.5HP-2900 RPM-2no,\r\n2HP-2900RPM-1 -4.5.17(70)\r\nMachneers India 3HP-2900RPM-2No-2.5.17 (150)\r\n', 1),
(87, 4, 105, '80.00000', 'Dr', 'Kajariya Ceramics Impeller CN 250-200-27.4.17 Jaipur Golden to work shop', 2),
(88, 4, 104, '1040.00000', 'Dr', '4"Trolly Whel 130x8=1040,HZL Chittod BC-3183,12-0G6/3HP2900', 3),
(89, 4, 106, '1670.00000', 'Dr', 'Kajaria Ceramics Impeller CN 250-200 dt.27.4.17 (420)\r\nGinni International CCR 32-160/5HP-2900-1no,C.R.no-363-115322x1-4.4.17 l.r.dt (850)\r\nMaharaja Ummed CCR 40-160/7.5HP-2900 RPM/Remi dt.16.5.17 (400)', 4),
(90, 4, 119, '842.00000', 'Dr', 'Rep. Motor dt.10.5.17', 5);

-- --------------------------------------------------------

--
-- Table structure for table `purchase_orders`
--

CREATE TABLE IF NOT EXISTS `purchase_orders` (
  `id` int(10) NOT NULL AUTO_INCREMENT,
  `company_id` int(10) NOT NULL,
  `vendor_id` int(10) NOT NULL,
  `shipping_method` varchar(100) NOT NULL,
  `shipping_terms` int(5) NOT NULL,
  `delivery_date` date NOT NULL,
  `total` decimal(15,2) NOT NULL,
  `terms_conditions` text NOT NULL,
  `po1` varchar(10) NOT NULL,
  `po2` int(10) NOT NULL,
  `po3` varchar(10) NOT NULL,
  `po4` varchar(10) NOT NULL,
  `discount` decimal(5,2) NOT NULL,
  `discount_per` decimal(5,2) NOT NULL,
  `pnf` varchar(100) NOT NULL,
  `pnf_type` varchar(5) NOT NULL,
  `excise_duty` varchar(50) NOT NULL,
  `descryption` varchar(255) NOT NULL,
  `grand_total` decimal(18,2) NOT NULL,
  `material_to_be_transported` varchar(255) NOT NULL,
  `delivery` varchar(255) NOT NULL,
  `lr_to_be_prepared_in_favour_of` varchar(255) NOT NULL,
  `payment_terms` varchar(255) NOT NULL,
  `road_permit_form47` varchar(255) NOT NULL,
  `transporter_id` int(10) NOT NULL,
  `sale_tax_per` decimal(4,2) NOT NULL,
  `created_by` int(10) NOT NULL,
  `date_created` date NOT NULL,
  `customer_id` int(10) NOT NULL,
  `discount_type` varchar(5) NOT NULL,
  `sale_tax_description` text NOT NULL,
  `is_exceise_for_customer` varchar(10) NOT NULL,
  `pdf_font_size` varchar(10) NOT NULL DEFAULT '16px',
  `customer_address` text NOT NULL,
  PRIMARY KEY (`id`)
) ENGINE=InnoDB  DEFAULT CHARSET=latin1 AUTO_INCREMENT=130 ;

--
-- Dumping data for table `purchase_orders`
--

INSERT INTO `purchase_orders` (`id`, `company_id`, `vendor_id`, `shipping_method`, `shipping_terms`, `delivery_date`, `total`, `terms_conditions`, `po1`, `po2`, `po3`, `po4`, `discount`, `discount_per`, `pnf`, `pnf_type`, `excise_duty`, `descryption`, `grand_total`, `material_to_be_transported`, `delivery`, `lr_to_be_prepared_in_favour_of`, `payment_terms`, `road_permit_form47`, `transporter_id`, `sale_tax_per`, `created_by`, `date_created`, `customer_id`, `discount_type`, `sale_tax_description`, `is_exceise_for_customer`, `pdf_font_size`, `customer_address`) VALUES
(7, 25, 12, '', 0, '1970-01-01', '5092.00', '', 'STL', 1, 'BE-2979', '17-18', '0.00', '0.00', 'NIL', '', 'N I L', 'Dear Sir,\r\nWith reference to your last supply vide Invoice No. BSA 1794 dated 27.12.2016 we are pleased to place an order for the following items as per conditions given below.', '0.00', 'Udaipur ', 'Immediate', 'Shilpa Trade Links Pvt. Ltd.', 'Within 7 days', 'Will Provide against Invoice Copy', 28, '2.00', 16, '2017-04-15', 29, '', '2% CST against C Form ', 'No', '16px', ''),
(8, 25, 3, '', 0, '1970-01-01', '130000.00', '', 'STL', 2, 'BE-3241', '17-18', '0.00', '0.00', 'N I L', '', '12.50', 'Dear Sir,\r\nWith reference to your price list we are pleased to place an order for the following items as per conditions given below.', '0.00', 'Udaipur - Rajasthan ', '3 to 4 Weeks ', 'Shilpa Trade Links Pvt. Ltd.', '30', 'NO', 8, '2.00', 9, '2017-04-27', 30, '', '2% CST against C Form ', 'Yes', '16px', ''),
(9, 25, 3, '', 0, '1970-01-01', '240000.00', '', 'STL', 3, 'BE-3368', '17-18', '0.00', '0.00', 'Nil ', '', '12.50  %', 'Dear Sir,\r\nWith reference to your price list we are pleased to place an order for the following items as per conditions given below.', '0.00', 'Udaipur ', '3 to 4 weeks ', 'Shilpa Trade Links Pvt. Ltd.', '30 days', 'No ', 8, '2.00', 9, '2017-05-17', 29, '', '2% CST against C Form ', 'Yes', '16px', 'Bangur City\r\nPO RAS-306107\r\nTehsil :Jaitaran\r\nDist. Pali\r\n'),
(10, 25, 3, '', 0, '1970-01-01', '240000.00', '', 'STL', 4, 'BE-3368', '17-18', '0.00', '0.00', 'Nil', '', '12.50%', 'Dear Sir,\r\nWith reference to your price list we are pleased to place an order for the following items as per conditions given below.', '0.00', 'Udaipur ', '3 to 4 weeks', 'Shilpa Trade Links Pvt. Ltd.', '30 days ', 'No ', 8, '2.00', 9, '2017-04-15', 29, '', '2% CST against C Form ', 'Yes', '16px', ''),
(11, 25, 3, '', 0, '1970-01-01', '240000.00', '', 'STL', 5, 'BE-3241', '17-18', '0.00', '0.00', 'Nil', '', '12.50%', 'Dear Sir,\r\nWith reference to your price list we are pleased to place an order for the following items as per conditions given below.', '0.00', 'Udaipur ', '3 to 4 weeks', 'Shilpa Trade Links Pvt. Ltd.', '30 days', 'No', 8, '2.00', 9, '2017-04-04', 30, '', '2% CST against C Form ', 'Yes', '16px', ''),
(12, 25, 3, '', 0, '1970-01-01', '240000.00', '', 'STL', 6, 'BE-3368', '17-18', '0.00', '0.00', 'Nil', '', '12.50%', 'Dear Sir,\r\nWith reference to your price list we are pleased to place an order for the following items as per conditions given below.', '0.00', 'Udaipur', '3 to 4 weeks ', 'Shilpa Trade Links Pvt. Ltd.', '30 days ', 'No', 8, '2.00', 9, '2017-04-04', 29, '', '2% CST against C Form ', 'Yes', '16px', ''),
(13, 25, 3, '', 0, '1970-01-01', '270470.00', '', 'STL', 7, 'BE-2827', '17-18', '15.00', '0.00', 'Nil', '', '12.50%', 'Dear Sir,\r\nWith reference to your price list we are pleased to place an order for the following items as per conditions given below.', '0.00', 'Udaipur ', '8 weeks', 'Shilpa Trade Links Pvt. Ltd.', '30 days', 'No', 8, '2.00', 9, '2017-04-04', 22, '%', '2% CST against C Form ', 'Yes', '16px', ''),
(14, 25, 3, '', 0, '1970-01-01', '20580.00', '', 'STL', 8, 'BE-3291', '17-18', '0.00', '0.00', 'Nil', '', '12.50%', 'Dear Sir,\r\nWith reference to your price list we are pleased to place an order for the following items as per conditions given below.', '0.00', 'Udaipur ', 'Immediate', 'Shilpa Trade Links Pvt. Ltd.', '30 days', 'No', 8, '2.00', 9, '2017-04-04', 111, '', '2% CST against C Form ', 'No', '16px', ''),
(15, 25, 3, '', 0, '1970-01-01', '139950.00', '', 'STL', 9, 'BE-2720', '17-18', '0.00', '0.00', 'Nil', '', '12.50%', 'Dear Sir,\r\nWith reference to your last SO Number 1516417  we are pleased to place an order for the following items as per conditions given below.', '0.00', 'Kotputli - Rajasthan ', '6 to 8 weeks ', 'Shilpa Trade Links Pvt. Ltd.', '30 days ', 'No', 27, '2.00', 9, '2017-04-11', 26, '', '2% CST against C & E1  Form ', 'Yes', '16px', ''),
(16, 25, 3, '', 0, '1970-01-01', '139950.00', '', 'STL', 10, 'BE-2720', '17-18', '0.00', '0.00', 'Nil', '', '12.50%', 'Dear Sir,\r\nWith reference to your last SO Number 1516417  we are pleased to place an order for the following items as per conditions given below.', '0.00', 'Kotputli  Rajasthan', '6 to 8 weeks', 'Shilpa Trade Links Pvt. Ltd.', '30 days ', 'No', 27, '2.00', 9, '2017-04-11', 26, '', '2% CST against C & E1 Form ', 'Yes', '16px', ''),
(17, 25, 3, '', 0, '1970-01-01', '3560.00', '', 'STL', 11, 'BE-2879', '17-18', '30.00', '0.00', 'Nil', '', '12.50%', 'Dear Sir,\r\nWith reference to your price list we are pleased to place an order for the following items as per conditions given below.', '0.00', 'Udaipur ', '4 to 6 weeks ', 'Shilpa Trade Links Pvt. Ltd.', '30 days ', 'No', 8, '2.00', 9, '2017-04-15', 1, '%', '2% CST against C Form ', 'Yes', '16px', ''),
(18, 25, 3, '', 0, '1970-01-01', '16100.00', '', 'STL', 12, 'BE-3371', '17-18', '30.00', '0.00', 'Nil', '', '12.50%', 'Dear Sir,\r\nWith reference to your price vide email date 10.02.2017,  we are pleased to place an order for the following items as per conditions given below.', '0.00', 'Udaipur ', 'Immediate', 'Shilpa Trade Links Pvt. Ltd.', '30 days ', 'No', 8, '2.00', 9, '2017-04-04', 4, '%', '2% CST against C Form ', 'Yes', '16px', ''),
(19, 25, 3, '', 0, '1970-01-01', '41000.00', '', 'STL', 13, 'BE-2830', '17-18', '0.00', '0.00', 'Nil', '', '12.50%', 'Dear Sir,\r\nWith reference to telephonic price from Sh. Manish Shukla ji we are pleased to place an order for the following items as per conditions given below.', '0.00', 'Udaipur ', '3 to 4 weeks', 'Shilpa Trade Links Pvt. Ltd.', '30 days ', 'No', 8, '2.00', 9, '2017-04-04', 4, '', '2% CST against C Form ', 'Yes', '16px', ''),
(20, 25, 3, '', 0, '1970-01-01', '64400.00', '', 'STL', 14, 'BE-3254', '17-18', '30.00', '0.00', 'Nil', '', '12.50%', 'Dear Sir,\r\nWith reference to your price list we are pleased to place an order for the following items as per conditions given below.', '0.00', 'Udaipur ', '4 to 6 Weeks ', 'Shilpa Trade Links Pvt. Ltd.', '30 days ', 'No', 8, '2.00', 9, '2017-04-04', 83, '%', '2% CST against C Form ', 'Yes', '16px', ''),
(21, 25, 3, '', 0, '1970-01-01', '41315.00', '', 'STL', 15, 'BE-2546', '17-18', '30.00', '0.00', 'Nil', '', '12.50%', 'Dear Sir,\r\nWith reference to your price list we are pleased to place an order for the following items as per conditions given below.', '0.00', 'Udaipur', '4 to 6 weeks', 'Shilpa Trade Links Pvt. Ltd.', '30 days ', 'No', 8, '2.00', 9, '2017-04-04', 17, '%', '2% CST against C Form ', 'Yes', '16px', ''),
(22, 25, 3, '', 0, '1970-01-01', '124800.00', '', 'STL', 16, 'BE-3064', '17-18', '40.00', '0.00', 'Nil', '', '12.50%', 'Dear Sir,\r\nWith reference to your price list we are pleased to place an order for the following items as per conditions given below.', '0.00', 'Udaipur ', '3 to 4 week', 'Shilpa Trade Links Pvt. Ltd.', '30 days ', 'No', 8, '2.00', 9, '2017-04-04', 29, '%', '2% CST against C Form ', 'No', '16px', ''),
(23, 25, 3, '', 0, '1970-01-01', '9500.00', '', 'STL', 17, 'BE-2405', '17-18', '0.00', '0.00', 'Nil', '', '12.50%', 'Dear Sir,\r\nWith reference to your price list we are pleased to place an order for the following items as per conditions given below.', '0.00', 'Kota ', '2 to 4  weeks', 'Shilpa Trade Links Pvt. Ltd.', '30 days ', 'No', 27, '2.00', 9, '2017-04-11', 107, '', '2% CST against C & E1 Form ', 'Yes', '16px', ''),
(24, 25, 3, '', 0, '1970-01-01', '18500.00', '', 'STL', 18, 'BE-2827', '17-18', '0.00', '0.00', 'Nil', '', '12.50%', 'Dear Sir,\r\nWith reference to your price vide email date  10.02.2017,  we are pleased to place an order for the following items as per conditions given below.', '0.00', 'Udaipur ', '6 to 8 weeks', 'Shilpa Trade Links Pvt. Ltd.', '30 days ', 'No', 8, '2.00', 9, '2017-04-15', 22, '', '2% CST against C Form ', 'Yes', '16px', ''),
(25, 25, 3, '', 0, '1970-01-01', '28500.00', '', 'STL', 19, 'BE-2626', '17-18', '0.00', '0.00', 'Nil', '', '12.50%', 'Dear Sir,\r\nWith reference to your price list we are pleased to place an order for the following items as per conditions given below.', '0.00', 'Udaipur ', '2 to 3 weeks', 'Shilpa Trade Links Pvt. Ltd.', '30 days ', 'No', 8, '2.00', 9, '2017-04-04', 4, '', '2% CST against C Form ', 'Yes', '16px', ''),
(26, 25, 3, '', 0, '1970-01-01', '168000.00', '', 'STL', 20, 'BE-3174', '17-18', '0.00', '0.00', 'Nil', '', '12.50%', 'Dear Sir,\r\nWith reference to your price vide email 10.02.2017, we are pleased to place an order for the following items as per conditions given below.', '0.00', 'Neemrana - Rajasthan', '6 to 8 weeks ', 'Shilpa Trade Links Pvt. Ltd.', '30 days ', 'No', 27, '2.00', 9, '2017-04-15', 51, '', '2% CST against C Form ', 'Yes', '16px', ''),
(27, 25, 1, '', 0, '1970-01-01', '70160.00', '', 'STL', 21, 'BE-3142', '17-18', '0.00', '0.00', 'As Applicable ', '', '12.50%', 'Dear Sir,\r\nWith reference to your price list we are pleased to place an order for the following items as per conditions given below.', '0.00', 'Udaipur ', 'Immediate ', 'Shilpa Trade Links Pvt. Ltd.', '45 days ', 'Will Provide against Invoice Copy', 9, '2.00', 9, '2017-04-05', 21, '', '2% CST against C Form ', 'Yes', '16px', ''),
(29, 25, 1, '', 0, '1970-01-01', '13873.00', '', 'STL', 22, 'BE-3320', '17-18', '0.00', '0.00', 'As Applicable ', '', '12.50%', 'Dear Sir,\r\nWith reference to your price list we are pleased to place an order for the following items as per conditions given below.', '0.00', 'Udaipur ', 'Immediate ', 'Shilpa Trade Links Pvt. Ltd.', '45 days ', 'Will Provide against Invoice Copy', 9, '2.00', 9, '2017-04-05', 66, '', '2% CST against C Form ', 'No', '16px', ''),
(30, 25, 1, '', 0, '1970-01-01', '27056.00', '', 'STL', 23, 'BE-3363', '17-18', '0.00', '0.00', 'As Applicable ', '', '12.50%', 'Dear Sir,\r\nWith reference to your price list we are pleased to place an order for the following items as per conditions given below.', '0.00', 'Udaipur ', 'Immediate', 'Shilpa Trade Links Pvt. Ltd.', '45 days ', 'Will Provide against Invoice Copy', 9, '2.00', 9, '2017-04-05', 15, '', '2% CST against C Form ', 'Yes', '16px', ''),
(31, 25, 1, '', 0, '1970-01-01', '34282.00', '', 'STL', 24, 'BE-3293', '17-18', '0.00', '0.00', 'As Applicable ', '', '6%', 'Dear Sir,\r\nWith reference to your price list we are pleased to place an order for the following items as per conditions given below.', '0.00', 'Udaipur ', 'Immediate ', 'Shilpa Trade Links Pvt. Ltd.', '45 days ', 'Will Provide against Invoice Copy', 9, '2.00', 9, '2017-04-15', 1, '', '2% CST against C Form ', 'Yes', '16px', ''),
(32, 25, 1, '', 0, '1970-01-01', '351441.00', '', 'STL', 25, 'BE-3359', '17-18', '0.00', '0.00', 'As Applicable ', '', '12.50%', 'Dear Sir,\r\nWith reference to your price list we are pleased to place an order for the following items as per conditions given below.', '0.00', 'Udaipur ', 'Immediate ', 'Shilpa Trade Links Pvt. Ltd.', '45 days ', 'Will Provide against Invoice Copy', 9, '2.00', 9, '2017-04-05', 12, '', '2% CST against C Form ', 'Yes', '16px', ''),
(33, 25, 1, '', 0, '1970-01-01', '77038.00', '', 'STL', 26, 'BE-3363', '17-18', '0.00', '0.00', 'As Applicable ', '', '12.50%', 'Dear Sir,\r\nWith reference to your price list we are pleased to place an order for the following items as per conditions given below.', '0.00', 'Udaipur ', 'Immediate ', 'Shilpa Trade Links Pvt. Ltd.', '45 days ', 'Will Provide against Invoice Copy', 9, '2.00', 9, '2017-04-05', 15, '', '2% CST against C Form ', 'Yes', '16px', ''),
(34, 25, 1, '', 0, '1970-01-01', '98784.00', '', 'STL', 27, 'BE-3359', '17-18', '0.00', '0.00', 'As applicable ', '', '12.50%', 'Dear Sir,\r\nWith reference to your price list we are pleased to place an order for the following items as per conditions given below.', '0.00', 'Udaipur ', 'Immediate', 'Shilpa Trade Links Pvt. Ltd.', '45  days ', 'Will Provide against Invoice Copy', 9, '2.00', 9, '2017-04-05', 12, '', '2% CST against C Form ', 'Yes', '16px', ''),
(35, 25, 1, '', 0, '1970-01-01', '38050.00', '', 'STL', 28, 'BE-3370', '17-18', '0.00', '0.00', 'As Applicable ', '', '12.50%', 'Dear Sir,\r\nWith reference to your price list we are pleased to place an order for the following items as per conditions given below.', '0.00', 'Udaipur ', 'Immediate ', 'Shilpa Trade Links Pvt. Ltd.', '45 days ', 'Will Provide against Invoice Copy', 9, '2.00', 9, '2017-04-15', 40, '', '2% CST against C Form ', 'Yes', '16px', ''),
(36, 25, 1, '', 0, '1970-01-01', '74276.00', '', 'STL', 29, 'BE-3080', '17-18', '35.00', '0.00', 'As Applicable ', '', 'As Applicable ', 'Dear Sir,\r\nWith reference to your price list we are pleased to place an order for the following items as per conditions given below.', '0.00', 'Udaipur ', 'Immediate ', 'Shilpa Trade Links Pvt. Ltd.', '45 days ', 'Will Provide against Invoice Copy', 9, '2.00', 9, '2017-04-05', 126, '%', '2% CST against C Form ', 'No', '16px', ''),
(37, 25, 1, '', 0, '1970-01-01', '51621.00', '', 'STL', 30, 'BE-3359', '17-18', '0.00', '0.00', 'As Applicable ', '', '12.50%', 'Dear Sir,\r\nWith reference to your price list we are pleased to place an order for the following items as per conditions given below.', '0.00', 'Udaipur ', 'Immediate ', 'Shilpa Trade Links Pvt. Ltd.', '45 days ', 'Will Provide against Invoice Copy', 9, '2.00', 9, '2017-04-05', 12, '', '2% CST against C Form ', 'Yes', '16px', ''),
(38, 25, 1, '', 0, '1970-01-01', '74004.00', '', 'STL', 31, 'BE-2780', '17-18', '35.00', '0.00', 'As Applicable ', '', '12.50%', 'Dear Sir,\r\nWith reference to your price list we are pleased to place an order for the following items as per conditions given below.', '0.00', 'Udaipur ', 'Immediate ', 'Shilpa Trade Links Pvt. Ltd.', '45 days ', 'Will Provide against Invoice Copy', 9, '2.00', 9, '2017-04-05', 11, '%', '2% CST against C Form ', 'Yes', '16px', ''),
(39, 25, 1, '', 0, '1970-01-01', '1056743.00', '', 'STL', 32, 'BE-3359', '17-18', '0.00', '0.00', 'As Applicable ', '', '12.50%', 'Dear Sir,\r\nWith reference to your price list we are pleased to place an order for the following items as per conditions given below.', '0.00', 'Udaipur ', 'Immediate ', 'Shilpa Trade Links Pvt. Ltd.', '45 days ', 'Will Provide against Invoice Copy', 9, '2.00', 9, '2017-04-05', 12, '', '2% CST against C Form ', 'Yes', '16px', ''),
(40, 25, 1, '', 0, '1970-01-01', '165872.00', '', 'STL', 33, 'BE-3349', '17-18', '0.00', '0.00', 'As Applicable ', '', 'As applicable ', 'Dear Sir,\r\nWith reference to your price list we are pleased to place an order for the following items as per conditions given below.', '0.00', 'Udaipur ', 'Immediate ', 'Shilpa Trade Links Pvt. Ltd.', '45 days ', 'Will Provide against Invoice Copy', 9, '2.00', 9, '2017-04-05', 125, '', '2% CST against C Form ', 'No', '16px', ''),
(41, 25, 1, '', 0, '1970-01-01', '74738.00', '', 'STL', 34, 'BE-2900', '17-18', '0.00', '0.00', 'As Applicable ', '', '12.50%', 'Dear Sir,\r\nWith reference to your price list we are pleased to place an order for the following items as per conditions given below.', '0.00', 'Udaipur ', 'Immediate ', 'Shilpa Trade Links Pvt. Ltd.', '45 days ', 'Will Provide against Invoice Copy', 9, '2.00', 9, '2017-04-17', 95, '', '2% CST against C Form ', 'Yes', '16px', ''),
(42, 25, 1, '', 0, '1970-01-01', '64982.00', '', 'STL', 35, 'BE-3346', '17-18', '40.00', '0.00', 'As Applicable ', '', '12.50%', 'Dear Sir,\r\nWith reference to your price list we are pleased to place an order for the following items as per conditions given below.', '0.00', 'Udaipur ', 'Immediate ', 'Shilpa Trade Links Pvt. Ltd.', '45 days ', 'Will Provide against Invoice Copy', 9, '2.00', 9, '2017-04-15', 10, '%', '2% CST against C Form ', 'Yes', '16px', ''),
(43, 25, 8, '', 0, '1970-01-01', '12830.00', '', 'STL', 36, 'BE-3194', '17-18', '66.00', '0.00', 'Nil', '', '12.50%', 'Dear Sir,\r\nWith reference to your price list we are pleased to place an order for the following items as per conditions given below.', '0.00', 'Udaipur', 'Immediate ', 'Shilpa Trade Links Pvt. Ltd.', '30 days ', 'Will Provide against Invoice Copy', 11, '2.00', 9, '2017-04-15', 112, '%', '2% CST against C Form ', 'Yes', '16px', ''),
(44, 25, 1, '', 0, '1970-01-01', '331500.00', '', 'STL', 37, 'BE-3366', '17-18', '0.00', '0.00', 'As Applicable ', '', '6%', 'Dear Sir,\r\nWith reference to your price list we are pleased to place an order for the following items as per conditions given below.', '0.00', 'Udaipur ', 'Immediate ', 'Shilpa Trade Links Pvt. Ltd.', '45 days ', 'Will Provide against Invoice Copy', 9, '2.00', 9, '2017-04-11', 45, '', '2% CST against C Form ', 'Yes', '16px', ''),
(45, 25, 1, '', 0, '1970-01-01', '393948.00', '', 'STL', 38, 'BE-3226', '17-18', '40.00', '0.00', 'As Applicable ', '', '6%', 'Dear Sir,\r\nWith reference to your price list we are pleased to place an order for the following items as per conditions given below.', '0.00', 'Udaipur ', 'Immediate ', 'Shilpa Trade Links Pvt. Ltd.', '45 days ', 'Will Provide against Invoice Copy', 9, '2.00', 9, '2017-04-07', 70, '%', '2% CST against C Form ', 'No', '16px', ''),
(46, 25, 6, '', 0, '1970-01-01', '8100.00', '', 'STL', 39, 'BE-3373', '17-18', '0.00', '0.00', 'Nil', '', '12.50%', 'Dear Sirs,\r\nWith reference to your quotation no. POSITIVE PUMPS 8PMP/16-17/OFR/SP/545/00 date 03.01.2017,we are\r\npleased to place an order for the following items as per conditions given below..', '0.00', ' Chittorgarh  Freight Paid ', 'After 1st April 17', 'Shilpa Trade Links Pvt. Ltd.', '7 days ', 'Will Provide against Invoice Copy', 1, '2.00', 9, '2017-04-11', 95, '', '2% CST against C and E1 Form ', 'Yes', '16px', ''),
(47, 25, 5, '', 0, '1970-01-01', '25725.00', '', 'STL', 40, 'BE-3194', '17-18', '0.00', '0.00', 'Nil ', '', '12.50%', 'Dear Sirs,\r\nWith reference to your price vide email date 28.01.2017 , we are pleased to place an order for the following items as per conditions given below', '0.00', 'Udaipur  Freight Paid ', 'IMMEDIATE', 'Shilpa Trade Links Pvt. Ltd.', '7 days ', 'Will Provide against Invoice Copy', 11, '2.00', 9, '2017-04-15', 112, '', '2% CST against C Form ', 'Yes', '16px', ''),
(48, 25, 8, '', 0, '1970-01-01', '61170.00', '', 'STL', 41, 'BE-3320', '17-18', '66.00', '0.00', 'Nil', '', '12.50%', 'Dear Sir,\r\nWith reference to your price list we are pleased to place an order for the following items as per conditions given below.', '0.00', 'Udaipur ', 'Immediate ', 'Shilpa Trade Links Pvt. Ltd.', '30 days ', 'Will Provide against Invoice Copy', 11, '2.00', 9, '2017-04-15', 66, '%', '2% CST against C Form ', 'Yes', '16px', ''),
(49, 25, 6, '', 0, '1970-01-01', '64488.00', '', 'STL', 42, 'BE-3373', '17-18', '0.00', '0.00', 'Nil', '', '12.50%', 'Dear Sirs,\r\nWith reference to your quotation no. POSITIVE PUMPS 8PMP/16-17/OFR/SP/545/00 date 03.01.2017,we are pleased to place an order for the following items as per conditions given below..', '0.00', 'Chittorgarh - Freight Paid ', 'After  1.4.2017', 'Shilpa Trade Links Pvt. Ltd.', '7 days ', 'will Provide against Invoice Copy', 1, '2.00', 9, '2017-05-17', 95, '', '2% CST against C and E1 Form ', 'Yes', '16px', 'Hydro -I ,Unit II\r\nChanderai Lead Zinc Smelter,\r\nChittorgarh-312021'),
(50, 25, 1, '', 0, '1970-01-01', '46396.00', '', 'STL', 43, 'BE-2977', '17-18', '35.00', '0.00', 'As Applicable ', '', 'As Applicable ', 'Dear Sirs,\r\nWith reference to your quotation no. POSITIVE PUMPS 8PMP/16-17/OFR/SP/545/00 date 03.01.2017,we are pleased to place an order for the following items as per conditions given below.', '0.00', 'Udaipur ', 'Immediate ', 'Shilpa Trade Links Pvt. Ltd.', '45 days ', 'will Provide against Invoice Copy ', 9, '2.00', 9, '2017-05-17', 5, '%', '2% CST against C', 'Yes', '16px', '(Formerly Indo Zinc Ltd)\r\n(A Subsidiary of The India Cements Ltd)\r\nPost Wajwana\r\nBanswara -327025'),
(51, 25, 6, '', 0, '1970-01-01', '29700.00', '', 'STL', 44, 'BE-3369', '17-18', '0.00', '0.00', 'Nil', '', '12.50%', 'Dear Sirs,\r\nWith reference to your quotation no. POSITIVE PUMPS 8PMP/16-17/OFR/SP/527/00 date 14.12.2016, we are pleased to place an order for the following items as per conditions given below.', '0.00', 'Chittorgarh - Freight Paid ', 'after 1.4.2017', 'Shilpa Trade Links Pvt. Ltd.', '7 days ', 'Will Provide against Invoice Copy', 1, '2.00', 9, '2017-04-11', 19, '', '2% CST against C  & E1 form', 'Yes', '16px', ''),
(52, 25, 13, '', 0, '1970-01-01', '3666.00', '', 'STL', 45, 'BE-3346', '17-18', '25.00', '0.00', 'Nil', '', 'No', 'Dear Sir,\r\nWith reference to your price list we are pleased to place an order for the following items as per conditions given below.', '0.00', 'Udaipiur ', 'Within 3 to 4 weeks', 'Shilpa Trade Links Pvt. Ltd.', '7 days ', 'No', 29, '5.50', 9, '2017-04-11', 10, '%', 'VAT @ 5.50%', 'No', '16px', ''),
(53, 25, 2, '', 0, '1970-01-01', '23500.00', '', 'STL', 46, 'BE-3346', '17-18', '70.15', '0.00', 'Nil ', '', '12.50%', 'Dear Sir,\r\nWith reference to your price list we are pleased to place an order for the following items as per conditions given below.', '0.00', 'Udaipur - Freight Paid ', '4 weeks ', 'Shilpa Trade Links Pvt. Ltd.', '7 days ', 'No', 29, '5.50', 9, '2017-04-11', 10, '%', 'VAT @ 5.50%', 'Yes', '16px', ''),
(54, 25, 20, '', 0, '1970-01-01', '3024.56', '', 'STL', 47, 'BE-2932', '17-18', '0.00', '0.00', 'Nil', '', 'No ', 'Dear Sir,\r\nWith reference to your price list we are pleased to place an order for the following items as per conditions given below.', '0.00', 'Udaipur', 'Immediate ', 'Shilpa Trade Links Pvt. Ltd.', '7 days ', 'No', 29, '5.50', 9, '2017-04-12', 8, '', 'VAT @ 5.50%', 'No', '16px', ''),
(55, 25, 1, '', 0, '1970-01-01', '66399.00', '', 'STL', 48, 'BE-3049', '17-18', '0.00', '0.00', 'As Applicable ', '', 'As Applicable ', 'Dear Sir,\r\nWith reference to your price list we are pleased to place an order for the following items as per conditions given below.', '0.00', 'Udaipur ', 'Immediate ', 'Shilpa Trade Links Pvt. Ltd.', '45 days ', 'Will Provide against Invoice Copy ', 9, '2.00', 9, '2017-05-19', 37, '', '2% CST against C Form ', 'No', '16px', 'RIICO Industrial Area\r\nNeemrana\r\n Alwar-301705'),
(56, 25, 1, '', 0, '1970-01-01', '116810.00', '', 'STL', 49, 'BE-3083', '17-18', '35.00', '0.00', 'As Applicable ', '', 'As Applicable ', 'Dear Sir,\r\nWith reference to your price list we are pleased to place an order for the following items as per conditions given below.', '0.00', 'Udaipur ', 'Immediate ', 'Shilpa Trade Links Pvt. Ltd.', '45 days ', 'Will Provide against Invoice Copy', 9, '2.00', 9, '2017-04-11', 56, '%', '2% CST against C Form ', 'No', '16px', ''),
(57, 25, 1, '', 0, '1970-01-01', '108757.00', '', 'STL', 50, 'BE-2886', '17-18', '0.00', '0.00', 'As Applicable ', '', '12.50%', 'Dear Sir,\r\nWith reference to your price list we are pleased to place an order for the following items as per conditions given below.', '0.00', 'Udaipur ', 'Immediate ', 'Shilpa Trade Links Pvt. Ltd.', '45 days ', 'Will Provide against Invoice Copy ', 9, '2.00', 9, '2017-04-11', 1, '', '2% CST against C Form ', 'Yes', '16px', ''),
(58, 25, 1, '', 0, '1970-01-01', '630000.00', '', 'STL', 51, 'BE-3372', '17-18', '0.00', '0.00', 'As Applicable ', '', '12.50%', 'Dear Sir,\r\nWith reference to your price list we are pleased to place an order for the following items as per conditions given below.', '0.00', 'Udaipur ', 'Immediate ', 'Shilpa Trade Links Pvt. Ltd.', '45 days ', 'Will Provide against Invoice Copy ', 9, '2.00', 9, '2017-04-11', 96, '', '2% CST against C Form ', 'No', '16px', ''),
(59, 25, 7, '', 0, '1970-01-01', '84900.00', '', 'STL', 52, 'BE-3374', '17-18', '0.00', '0.00', 'Nil', '', '6%', 'Dear Sir,\r\nWith reference to your price list we are pleased to place an order for the following items as per conditions given below.', '0.00', 'Udaipur - Freight Paid ', 'Immediate ', 'S E L F ', '30 days ', 'Will Provide against Invoice Copy ', 18, '2.00', 9, '2017-04-11', 17, '', '2% CST against C & E1 form ', 'Yes', '16px', ''),
(60, 25, 7, '', 0, '1970-01-01', '292488.00', '', 'STL', 53, 'BE-3341', '17-18', '0.00', '0.00', 'Nil', '', '6.12%', 'Dear Sir,\r\nWith reference to your quotation no. Darling Pump Qtn. No. I/J/RSB/14-15/EN 070 M date 05.12.2017 , we are pleased to place an order for the following items as per conditions given below.', '0.00', 'Udaipur - Rajasthan ', 'Immediate ', 'Shilpa Trade Links Pvt. Ltd.', '30 days ', 'Will Provide against Invoice Copy ', 18, '2.00', 9, '2017-04-11', 130, '', '2% CST against C Form ', 'No', '16px', ''),
(61, 25, 9, '', 0, '1970-01-01', '5910.00', '', 'STL', 54, 'BE-3359', '17-18', '0.00', '0.00', 'Nil', '', 'No', 'Dear Sir,\r\nWith reference to your price list we are pleased to place an order for the following items as per conditions given below.', '0.00', 'Udaipur', 'Immediate ', 'Shilpa Trade Links Pvt. Ltd.', '15 days ', 'No', 24, '2.00', 9, '2017-04-27', 12, '', '2% CST against C Form ', 'No', '16px', ''),
(62, 25, 19, '', 0, '1970-01-01', '47950.00', '', 'STL', 55, 'BE-3364', '17-18', '68.00', '0.00', 'Nil', '', 'As Applicable ', 'Dear Sir,\r\nWith reference to your price list we are pleased to place an order for the following items as per conditions given below.', '0.00', 'Udaipur ', 'Immediate', 'Shilpa Trade Links Pvt. Ltd.', '15  days ', 'No', 29, '14.50', 9, '2017-04-12', 11, '%', 'VAT @ 14.50 %', 'Yes', '16px', ''),
(63, 25, 1, '', 0, '1970-01-01', '14955.00', '', 'STL', 56, 'BE-3320', '17-18', '0.00', '0.00', 'As Applicable ', '', 'As Applicable ', 'Dear Sir,\r\nWith reference to your price list we are pleased to place an order for the following items as per conditions given below.', '0.00', 'Udaipur ', 'Immediate ', 'Shilpa Trade Links Pvt. Ltd.', '45 days ', 'Will Provide against Invoice Copy ', 9, '2.00', 9, '2017-04-12', 66, '', '2% CST against C Form ', 'No', '16px', ''),
(64, 27, 21, '', 0, '1970-01-01', '5526.00', '', 'FMSL', 1, 'BE-3341', '17-18', '0.00', '0.00', 'Nil', '', 'No', 'Dear Sir,\r\nWith reference to your price list we are pleased to place an order for the following items as per conditions given below.', '0.00', 'Udaipur ', 'Immediate', 'Fluid Management & Solutions Llp', '7 days ', 'No', 29, '5.50', 9, '2017-04-12', 130, '', 'VAT @ 5.50%', 'No', '16px', ''),
(65, 25, 1, '', 0, '1970-01-01', '14888.00', '', 'STL', 57, 'BE-2932', '17-18', '0.00', '0.00', 'As Applicable', '', 'As Applicable ', 'Dear Sir,\r\nWith reference to your price list we are pleased to place an order for the following items as per conditions given below.', '0.00', 'Udaipur', 'Immediate ', 'Shilpa Trade Links Pvt. Ltd.', '45 days ', 'Will Provide against Invoice Copy ', 9, '2.00', 9, '2017-04-12', 8, '', '2% CST against C Form ', 'No', '16px', ''),
(66, 25, 1, '', 0, '1970-01-01', '23546.00', '', 'STL', 58, 'BE-3365', '17-18', '22.50', '0.00', 'As Applicable ', '', 'As Applicable ', 'Dear Sir,\r\nWith reference to your price list we are pleased to place an order for the following items as per conditions given below.', '0.00', 'Udaipur ', 'Immediate ', 'Shilpa Trade Links Pvt. Ltd.', '45 days ', 'Will Provide against Invoice Copy', 9, '2.00', 9, '2017-04-12', 91, '%', '2% CST against C Form ', 'No', '16px', ''),
(67, 25, 3, '', 0, '1970-01-01', '65000.00', '', 'STL', 59, 'BE-3376', '17-18', '0.00', '0.00', 'Nil', '', '12.50%', 'Dear Sir,\r\nWith reference to your price list we are pleased to place an order for the following items as per conditions given below.', '0.00', 'Udaipur - Rajasthan ', 'Immediate ', 'Shilpa Trade Links Pvt. Ltd.', '30 days ', 'No', 8, '2.00', 9, '2017-04-12', 30, '', '2% CST against C Form ', 'Yes', '16px', ''),
(68, 25, 3, '', 0, '1970-01-01', '20580.00', '', 'STL', 60, 'BE-3375', '17-18', '0.00', '0.00', 'Nil', '', '12.50%', 'Dear Sir,\r\nWith reference to your price list we are pleased to place an order for the following items as per conditions given below.', '0.00', 'Udaipur - Rajasthan ', 'Immediate ', 'Shilpa Trade Links Pvt. Ltd.', '30 days ', 'No', 8, '2.00', 9, '2017-04-18', 123, '', '2% CST against C Form ', 'Yes', '16px', ''),
(69, 25, 2, '', 0, '1970-01-01', '1120.00', '', 'STL', 61, 'BE-3258', '17-18', '0.00', '0.00', 'Nil', '', 'No', 'Dear Sir,\r\nWith reference to your price list we are pleased to place an order for the following items as per conditions given below.', '0.00', 'Udaipur ', 'Immediate ', 'Shilpa Trade Links Pvt. Ltd.', '7 days ', 'No', 29, '5.50', 9, '2017-04-13', 81, '', 'VAT @ 5.50%', 'No', '16px', ''),
(70, 25, 2, '', 0, '1970-01-01', '51170.00', '', 'STL', 62, 'BE-3375', '17-18', '67.00', '0.00', 'NIL', '', 'As Applicable ', 'Dear Sir,\r\nWith reference to your price list we are pleased to place an order for the following items as per conditions given below.', '0.00', 'Udaipur - Rajasthan ', 'Immediate ', 'Shilpa Trade Links Pvt. Ltd.', '7 days ', 'No', 29, '14.50', 9, '2017-04-13', 123, '%', 'VAT @ 14.50 %', 'Yes', '16px', ''),
(71, 25, 22, '', 0, '1970-01-01', '20784.80', '', 'STL', 63, 'BE-3350', '17-18', '0.00', '0.00', 'Nil', '', 'No', 'Dear Sir,\r\nWith reference to your price list we are pleased to place an order for the following items as per conditions given below.', '0.00', 'Udaipur ', 'Immediate ', 'Shilpa Trade Links Pvt. Ltd.', '7 days ', 'No', 29, '5.50', 9, '2017-04-14', 122, '', 'VAT @ 5.50%', 'No', '16px', ''),
(72, 25, 7, '', 0, '1970-01-01', '36950.00', '', 'STL', 64, 'BE-3377', '17-18', '0.00', '0.00', 'Nil ', '', 'As applicable ', 'Dear Sir,\r\nWith reference to your price list we are pleased to place an order for the following items as per conditions given below.', '0.00', 'Kotputli - Rajasthan ', 'Immediate ', 'SELF ', '30 days ', 'Will Provide against Invoice Copy ', 27, '2.00', 9, '2017-04-15', 26, '', '2% CST against C & E1 Form ', 'Yes', '16px', ''),
(73, 25, 5, '', 0, '1970-01-01', '13200.00', '', 'STL', 65, 'BE-3253', '17-18', '15.00', '0.00', 'Nil', '', '12.50%', 'Dear Sir,\r\nWith reference to your price list we are pleased to place an order for the following items as per conditions given below.', '0.00', 'Udaipur', 'Immediate ', 'Shilpa Trade Links Pvt. Ltd.', '7 days ', 'Will Provide against Invoice Copy ', 11, '2.00', 9, '2017-04-17', 17, '%', '2% CST against C Form ', 'No', '16px', ''),
(74, 25, 3, '', 0, '1970-01-01', '120000.00', '', 'STL', 66, 'BE-3241', '17-18', '0.00', '0.00', 'NIL ', '', '12.50%', 'Dear Sir,\r\nWith reference to your price list we are pleased to place an order for the following items as per conditions given below.', '0.00', 'Udaipur ', '3 to 4 weeks ', 'Shilpa Trade Links Pvt. Ltd.', '30 days ', 'No', 8, '2.00', 9, '2017-04-17', 30, '', '2% CST against C Form ', 'Yes', '16px', ''),
(75, 25, 9, '', 0, '1970-01-01', '11698.00', '', 'STL', 67, 'BE-3241', '17-18', '0.00', '0.00', 'Nil', '', 'NIL', 'Dear Sirs,\r\nWith reference to your quotation no LQ/AY/071/2016-17 date 30.06.2016 , we are pleased to place an order for the following items as per \r\nconditions given below .', '0.00', 'Udaipur ', 'Immediate ', 'Shilpa Trade Links Pvt. Ltd.', '15 days ', 'No', 6, '2.00', 9, '2017-04-17', 30, '', '2% CST against C Form ', 'No', '16px', ''),
(76, 25, 7, '', 0, '1970-01-01', '80724.00', '', 'STL', 68, 'BE-3164', '17-18', '30.00', '0.00', 'Nil', '', 'As Applicable ', 'Dear Sir,\r\nWith reference to your price list we are pleased to place an order for the following items as per conditions given below.', '0.00', 'Chittorgarh - Freight Paid ', 'Immediate ', 'SELF ', '30 days ', 'Will Provide against Invoice Copy ', 33, '2.00', 9, '2017-05-16', 95, '%', '2% CST against C & E1 Form ', 'Yes', '16px', 'Hydro -I ,Unit II\r\nChanderai Lead Zinc Smelter,\r\nChittorgarh-312021'),
(77, 25, 7, '', 0, '1970-01-01', '84900.00', '', 'STL', 69, 'BE-3164', '17-18', '0.00', '0.00', 'Nil', '', 'As Applicable ', 'Dear Sir,\r\nWith reference to your price list we are pleased to place an order for the following items as per conditions given below.', '0.00', 'Chittorgarh Freight Paid ', 'Immediate ', 'SELF ', '30 days ', 'Will Provide against Invoice Copy ', 33, '2.00', 9, '2017-04-25', 95, '', '2% CST against C & E1 Form ', 'Yes', '16px', ''),
(78, 25, 7, '', 0, '1970-01-01', '147590.00', '', 'STL', 70, 'BE-3378', '17-18', '2.00', '0.00', 'Nil', '', 'As Applicable ', 'Dear Sir,\r\nWith reference to your quotation no. DPPL/HO/QTN/17-18/EN-0035-RSB dated 11.04.2017 we are pleased \r\nto place an order for the following items as per conditions given below.', '0.00', 'Chittorgarh - Freight Paid ', 'Immediate ', '  SELF ', '30 days ', 'Will Provide against Invoice Copy ', 33, '2.00', 9, '2017-04-25', 95, '%', '2% CST against C & E1 Form ', 'Yes', '16px', ''),
(79, 25, 7, '', 0, '1970-01-01', '28300.00', '', 'STL', 71, 'BE-3156', '17-18', '0.00', '0.00', 'Nil', '', 'As Applicable ', 'Dear Sir,\r\nWith reference to your price list we are pleased to place an order for the following items as per conditions given below.', '0.00', 'Udaipur - Freight Paid ', 'Immediate ', 'SELF ', '30 days ', 'Will Provide against Invoice Copy ', 18, '2.00', 9, '2017-04-25', 12, '', '2% CST against C & E1 Form ', 'Yes', '16px', ''),
(80, 25, 7, '', 0, '1970-01-01', '25054.00', '', 'STL', 72, 'BE-3240', '17-18', '0.00', '0.00', 'NIL', '', 'As Applicable ', 'Dear Sir,\r\nWith reference to your price list we are pleased to place an order for the following items as per conditions given below.', '0.00', 'Panipat - Freight Paid ', 'Immediate ', 'SELF ', '30 days ', 'Will  Provide against Invoice Copy ', 1, '2.00', 9, '2017-04-25', 31, '', '2% CST against C & E1 Form ', 'Yes', '16px', ''),
(81, 25, 10, '', 0, '1970-01-01', '62000.00', '', 'STL', 73, 'BE-3381', '17-18', '0.00', '0.00', 'NIL', '', 'As Applicable ', 'Dear Sir,\r\nWith reference to your quotation no.TIPL/VC/N/Q21685/R-(0)  dated 02.03.2017 we are pleased to place an order\r\nfor the following items as per conditions given below.', '0.00', 'Beawar  - Freight Paid ', 'Immediate ', 'SELF ', '15 days ', 'Will Provide against Invoice Copy ', 27, '2.00', 9, '2017-04-25', 29, '', '2% CST against C & E1 Form ', 'Yes', '16px', ''),
(82, 25, 9, '', 0, '1970-01-01', '9287.00', '', 'STL', 74, 'BE-2523', '17-18', '0.00', '0.00', 'NIL', '', 'NIL', 'Dear Sir,\r\nWith reference to your price list we are pleased to place an order for the following items as per conditions given below.', '0.00', 'Udaipur ', 'Immediate ', 'Shilpa Trade Links Pvt. Ltd.', '15 days ', 'No', 6, '2.00', 9, '2017-04-24', 132, '', '2% CST against C Form ', 'No', '16px', ''),
(83, 25, 5, '', 0, '1970-01-01', '18500.00', '', 'STL', 75, 'BE-3379', '17-18', '0.00', '0.00', 'NIL', '', '12.50%', 'Dear Sir,\r\nWith reference to your price list we are pleased to place an order for the following items as per conditions given below.', '0.00', 'Udaipur ', 'Immediate ', 'Shilpa Trade Links Pvt. Ltd.', '7 days ', 'Will Provide against Invoice Copy ', 11, '2.00', 9, '2017-04-29', 95, '', '2% CST against C Form ', 'Yes', '16px', ''),
(84, 25, 6, '', 0, '1970-01-01', '63600.00', '', 'STL', 76, 'BE-2890', '17-18', '10.00', '0.00', 'Nil', '', '12.50%', 'Dear Sir,\r\nWith reference to your quotation no.  8PMP/16-17/OFR/SP/695/00 date 01.03.2017,we are pleased to place \r\nan  order for the following items as per conditions given below.', '0.00', 'Udaipur ', 'Immediate ', 'Shilpa Trade Links Pvt. Ltd.', '7 days ', 'Will Provide against Invoice Copy ', 11, '2.00', 9, '2017-04-25', 115, '%', '2% CST against C Form ', 'No', '16px', ''),
(85, 25, 7, '', 0, '1970-01-01', '68779.00', '', 'STL', 77, 'BE-3380', '17-18', '0.00', '0.00', 'NIL', '', 'As Applicable ', 'Dear Sir,\r\nWith reference to your price list we are pleased to place an order for the following items as per conditions given below.', '0.00', 'Chittorgarh - Freight Paid ', 'Immediate ', 'SELF', '30 days ', 'Will Provide against Invoice Copy ', 33, '2.00', 9, '2017-04-27', 95, '', '2% CST against C & E1  Form ', 'Yes', '16px', ''),
(86, 25, 23, '', 0, '1970-01-01', '45900.00', '', 'STL', 78, 'BE-3382', '17-18', '0.00', '0.00', 'Nil', '', 'As Applicable ', 'Dear Sir,\r\nWith reference to your quotation no. VEC/MVV/SS0546/Q0500/16  dated 09.02.2017  we are pleased to place \r\nan order for the following items as per conditions given below.', '0.00', 'Alwar (Raj ) - Freight Paid', 'Earliest', 'S E L F', '5 days ', 'Will Provide against Invoice Copy ', 1, '2.00', 9, '2017-04-28', 135, '', '2% CST against C Form ', 'Yes', '16px', ''),
(87, 25, 7, '', 0, '1970-01-01', '719952.01', '', 'STL', 79, 'BE-3173', '17-18', '0.00', '0.00', 'Nil', '', 'As Applicable ', 'Dear Sir,\r\nWith reference to your quotation no. 958  RSB dated 09.03.2017 we are pleased to place an order  for the\r\n following items  as per conditions given below. ', '0.00', 'Bhilwara ', 'Immediate ', 'S E L F', '30 days ', 'Will Provide against Invoice Copy ', 33, '2.00', 9, '2017-05-06', 48, '', '2% CST against C & E1 Form ', 'Yes', '12px', ''),
(88, 25, 27, '', 0, '1970-01-01', '7560.00', '', 'STL', 80, 'BE-3311', '17-18', '0.00', '0.00', 'Extra ', '', 'NIL ', 'Dear Sir,\r\nWith reference to your price list we are pleased to place an order for the following items as per conditions given below.', '0.00', 'Udaipur ', 'Immediate ', 'Shilpa Trade Links Pvt. Ltd.', '7 days ', 'No', 25, '2.00', 9, '2017-04-27', 15, '', '2% CST against C Form ', 'No', '16px', ''),
(89, 25, 28, '', 0, '1970-01-01', '1288.27', '', 'STL', 81, 'BE-3350', '17-18', '0.00', '0.00', '', '', 'NIL', 'Dear Sir,\r\nWith reference to your price list we are pleased to place an order for the following items as per conditions given below.', '0.00', 'Udaipur ', 'Immediate ', 'Shilpa Trade Links Pvt. Ltd.', '15 days ', 'No', 29, '5.50', 9, '2017-04-27', 122, '', 'VAT @ 5.50%', 'No', '16px', ''),
(90, 25, 28, '', 0, '1970-01-01', '840.99', '', 'STL', 82, 'BE-3350', '17-18', '0.00', '0.00', 'NIL', '', 'NIL', 'Dear Sir,\r\nWith reference to your price list we are pleased to place an order for the following items as per conditions given below.', '0.00', 'udaipur ', 'Immediate ', 'Shilpa Trade Links Pvt. Ltd.', '15 days ', 'NO', 29, '5.50', 9, '2017-04-27', 122, '', 'VAT @ 5.50%', 'No', '16px', ''),
(91, 25, 28, '', 0, '1970-01-01', '835.99', '', 'STL', 83, 'BE-3350', '17-18', '0.00', '0.00', 'Nil', '', 'NIL', 'Dear Sir,\r\nWith reference to your price list we are pleased to place an order for the following items as per conditions given below.', '0.00', 'Udaipur ', 'Immediate ', 'Shilpa Trade Links Pvt. Ltd.', '15 days ', 'NO', 29, '5.50', 9, '2017-04-27', 122, '', 'VAT @ 5.50%', 'No', '16px', ''),
(92, 25, 9, '', 0, '1970-01-01', '1975.00', '', 'STL', 84, 'BE-3332', '17-18', '25.00', '0.00', '', '', 'NIL', 'Dear Sir,\r\nWith reference to your quotation no. LQ/AY/025/2017-18 dated 25.04.2017 we are pleased to place an order\r\n for the following items as per conditions given below.', '0.00', 'Udaipur ', 'Immediate ', 'Shilpa Trade Links Pvt. Ltd.', '15 days ', 'NO', 24, '2.00', 9, '2017-04-28', 52, '%', '2% CST against C Form ', 'No', '16px', ''),
(93, 25, 9, '', 0, '1970-01-01', '4300.00', '', 'STL', 85, 'BE-3384', '17-18', '0.00', '0.00', 'Nil', '', 'Nil', 'Dear Sir,\r\nWith reference to your quotation no. LQ/AY/215/2016-17 dated 09.02.2017 we are pleased to place an order for\r\n the  following items as per conditions given below.', '0.00', 'Udaipur ', 'Immediate ', 'Shilpa Trade Links Pvt. Ltd.', '15 days ', 'NO', 24, '2.00', 9, '2017-05-01', 93, '', '2% CST against C Form ', 'No', '16px', ''),
(94, 25, 2, '', 0, '1970-01-01', '36900.00', '', 'STL', 86, 'BE-3183', '17-18', '67.00', '0.00', 'NIL', '', 'Extra ', 'Dear Sir,\r\nWith reference to your price list we are pleased to place an order for the following items as per conditions given below.', '0.00', 'Udaipur ', 'Immediate ', 'Shilpa Trade Links Pvt. Ltd.', '15 days ', 'NO', 29, '14.50', 9, '2017-04-28', 95, '%', 'VAT @ 14.50 %', 'Yes', '16px', ''),
(95, 25, 28, '', 0, '1970-01-01', '980.00', '', 'STL', 87, 'BE-3350', '17-18', '0.00', '0.00', 'NIL', '', 'No', 'Dear Sir,\r\nWith reference to your price list we are pleased to place an order for the following items as per conditions given below.', '0.00', 'Udaipur ', 'Immediate ', 'Shilpa Trade Links Pvt. Ltd.', '15 days ', 'No', 29, '5.50', 9, '2017-04-29', 122, '', 'VAT @ 5.50%', 'No', '16px', ''),
(96, 25, 3, '', 0, '1970-01-01', '9500.00', '', 'STL', 88, 'BE-2405', '17-18', '0.00', '0.00', 'NIL', '', '12.50%', 'Dear Sir,\r\nWith reference to your price list we are pleased to place an order for the following items as per conditions given below.', '0.00', '" Kota "', 'Immediate ', '" S E L F " ', '30 days ', 'No', 27, '2.00', 9, '2017-05-01', 107, '', '2% CST against C& E1  Form ', 'Yes', '16px', ''),
(97, 25, 9, '', 0, '1970-01-01', '21600.00', '', 'STL', 89, 'BE-3372', '17-18', '25.00', '0.00', 'NIL', '', 'NIL', 'Dear Sir,\r\nWith reference to your quotation no. LQ/AY/260/2016-17 dated 22.03.2017 we are pleased to place an order for\r\nthe following items as per conditions given below.', '0.00', 'Udaipur ', 'Immediate ', 'Shilpa Trade Links Pvt. Ltd.', '15 days ', 'No', 24, '2.00', 9, '2017-05-01', 96, '%', '2% CST against C Form ', 'No', '16px', ''),
(98, 25, 3, '', 0, '1970-01-01', '21800.00', '', 'STL', 90, 'BE-3389', '17-18', '30.00', '0.00', 'NIL', '', '12.50%', 'Dear Sir,\r\nWith reference to your price list we are pleased to place an order for the following items as per conditions given below.', '0.00', 'Udaipur - Raj. ', 'Immediate ', 'Shilpa Trade Link Pvt Ltd ', '30 days ', 'NO', 8, '2.00', 9, '2017-05-12', 96, '%', '2% CST against C Form ', 'No', '16px', 'Plot No.119-121, Block P&T, \r\nKalpi Road, Fazalganj, \r\nKanpur-208012 (UP)\r\n\r\n'),
(99, 25, 9, '', 0, '1970-01-01', '15900.00', '', 'STL', 91, 'BE-3189', '17-18', '25.00', '0.00', 'Nil ', '', 'NIL', 'Dear Sir,\r\nWith reference to your price list we are pleased to place an order for the following items as per conditions given below.', '0.00', 'Udaipur ', 'Immediate ', 'Shilpa Trade Links Pvt. Ltd.', '15 days ', 'No', 24, '2.00', 9, '2017-05-06', 40, '%', '2% CST against C Form ', 'No', '16px', ''),
(100, 25, 8, '', 0, '1970-01-01', '30585.00', '', 'STL', 92, 'BE-3386', '17-18', '66.00', '0.00', 'NIL', '', '12.50%', 'Dear Sir,\r\nWith reference to your price list we are pleased to place an order for the following items as per conditions given below.', '0.00', 'Udaipur ', 'Immediate ', 'Shilpa Trade Links Pvt. Ltd.', '30 days ', 'Will Provide against Invoice Copy ', 11, '2.00', 9, '2017-05-06', 30, '%', '2% CST against C Form ', 'Yes', '16px', ''),
(101, 25, 30, '', 0, '1970-01-01', '9600.00', '', 'STL', 93, 'BE-3334', '17-18', '5.00', '0.00', 'NIL', '', 'NIL', 'Dear Sir,\r\nWith reference to your price vide Email date 27-4-2017 . we are pleased to place an order for the following items \r\nas per conditions given below.', '0.00', 'Udaipur - Rajasthan ', 'Immedaite', 'Shilpa Trade Links Pvt. Ltd.', '7 days ', 'Wil Provide against Invoice Copy ', 9, '2.00', 9, '2017-05-10', 18, '%', '2% CST against C Form ', 'No', '16px', 'Chanderia Smelter Complex (CPP)\r\nPO Putholi\r\nChittorgarh'),
(102, 25, 31, '', 0, '1970-01-01', '110.00', '', 'STL', 94, 'BE-3031', '17-18', '0.00', '0.00', 'NIL', '', 'NIL', 'Dear Sir,\r\nWith reference to your price list we are pleased to place an order for the following items as per conditions given below.', '0.00', 'Udaipur ', 'Immediate', 'Shilpa Trade Links Pvt. Ltd.', '7 days ', 'NO', 29, '5.50', 9, '2017-05-06', 110, '', 'VAT @ 5.50%', 'No', '16px', ''),
(103, 25, 32, '', 0, '1970-01-01', '952.75', '', 'STL', 95, 'BE-3183', '17-18', '0.00', '0.00', 'NIL', '', 'NIL', 'Dear Sir,\r\nWith reference to your price list we are pleased to place an order for the following items as per conditions given below.', '0.00', 'Udaipur ', 'Immediate ', 'Shilpa Trade Links Pvt. Ltd.', '7 days ', 'NO', 29, '5.50', 9, '2017-05-09', 95, '', 'VAT @ 5.50%', 'No', '16px', ''),
(104, 25, 3, '', 0, '1970-01-01', '18140.00', '', 'STL', 96, 'BE-2488', '17-18', '30.00', '0.00', '', '', '12.50%', 'Dear Sir,\r\nWith reference to your price list we are pleased to place an order for the following items as per conditions given below.', '0.00', 'Udaipur - Raj. ', 'Immediate ', 'Shilpa Trade Links Pvt. Ltd.', '30 days ', 'NO', 8, '2.00', 9, '2017-05-09', 95, '%', '2% CST against C Form ', 'Yes', '16px', ''),
(105, 25, 8, '', 0, '1970-01-01', '56820.00', '', 'STL', 97, 'BE-2488', '17-18', '66.00', '0.00', 'NIL', '', '12.50%', 'Dear Sir,\r\nWith reference to your price list we are pleased to place an order for the following items as per conditions given below.', '0.00', 'udaipur ', 'Immediate ', 'Shilpa Trade Links Pvt. Ltd.', '30 days ', 'Will Provide against Invoice Copy ', 11, '2.00', 9, '2017-05-10', 95, '%', '2% CST against C Form ', 'Yes', '16px', ''),
(106, 25, 7, '', 0, '1970-01-01', '353750.00', '', 'STL', 98, 'BE-3374', '17-18', '0.00', '0.00', 'NIL', '', 'As Applicable ', 'Dear Sir,\r\nWith reference to your price list we are pleased to place an order for the following items as per conditions given below.', '0.00', 'Udaipur - Freight Paid ', 'Immediate ', 'S E L F ', '30 days ', 'will provide against Invoice copy ', 18, '2.00', 9, '2017-05-10', 17, '', '2% CST against C & E1  Form ', 'Yes', '16px', ''),
(107, 25, 7, '', 0, '1970-01-01', '14545.00', '', 'STL', 99, 'BE-3341', '17-18', '0.00', '0.00', 'NIL', '', '12.50%', 'Dear Sir,\r\nWith reference to your Ref.No. I / Jumbo/ Spares/ 17-18/ D-13  date 9-5-2017 , we are pleased to place an order\r\n for the following  items as per conditions given below.', '0.00', 'Udaipur ', 'Immediate ', 'Shilpa Trade Links Pvt. Ltd.', '30 days ', 'will provide against invoice copy ', 18, '2.00', 9, '2017-05-10', 130, '%', '2% CST against C Form ', 'No', '16px', 'SK Mines\r\nRajpura Dariba '),
(108, 25, 1, '', 0, '1970-01-01', '110595.00', '', 'STL', 100, 'BE-3370', '17-18', '35.00', '0.00', 'As Applicable ', '', 'As Applicable ', 'Dear Sir,\r\nWith reference to your price list we are pleased to place an order for the following items as per conditions given below.', '0.00', 'Udaipur ', 'Immediate ', 'Shilpa Trade Links Pvt. Ltd.', '45 days ', 'will provide against invoice copy ', 9, '2.00', 9, '2017-05-10', 40, '%', '2% CST against C Form ', 'Yes', '16px', ''),
(109, 25, 1, '', 0, '1970-01-01', '240000.00', '', 'STL', 101, 'BE-2960', '17-18', '0.00', '0.00', 'As Applicable ', '', ' As applicable ', 'Dear Sir,\r\nWith reference to your price list we are pleased to place an order for the following items as per conditions given below.', '0.00', 'Udaipur ', 'Immediate ', 'Shilpa Trade Links Pvt. Ltd.', '45 days ', 'will Provide against invoice Copy ', 9, '2.00', 9, '2017-05-10', 5, '', '2% CST against C Form ', 'Yes', '16px', ''),
(110, 25, 1, '', 0, '1970-01-01', '62625.00', '', 'STL', 102, 'BE-2900', '17-18', '15.00', '0.00', 'As Applicable ', '', 'As Applicable ', 'Dear Sir,\r\nWith reference to your price list we are pleased to place an order for the following items as per conditions given below.', '0.00', 'Udaipur ', 'Immediate ', 'Shilpa Trade Links Pvt. Ltd.', '45 days ', 'will provide against invoice copy', 9, '2.00', 9, '2017-05-10', 95, '%', '2% CST against C Form ', 'Yes', '16px', 'Hydro -I ,Unit II\r\nChanderai Lead Zinc Smelter,\r\nChittorgarh-312021'),
(111, 25, 1, '', 0, '1970-01-01', '22032.00', '', 'STL', 103, 'BE-3186', '17-18', '0.00', '0.00', 'as applicable ', '', 'as applicable ', 'Dear Sir,\r\nWith reference to your price list we are pleased to place an order for the following items as per conditions given below.', '0.00', 'Udaipur', 'Immediate', 'Shilpa Trade Links Pvt. Ltd.', '45 days ', 'will provide against invoice copy ', 9, '2.00', 9, '2017-05-10', 77, '', '2% CST against C Form ', 'No', '16px', '19 KM Stone,\r\n Bhiwadi-Alwar Road, \r\nVill-Gailpur \r\nBhiawdi-301707\r\nDistt-Alwar (Raj.)'),
(112, 25, 3, '', 0, '1970-01-01', '16390.00', '', 'STL', 104, 'BE-3388', '17-18', '30.00', '0.00', 'NIL', '', '12.50%', 'Dear Sir,\r\nWith reference to your price list we are pleased to place an order for the following items as per conditions given below.', '0.00', 'Udaipur ', 'Immediate', 'Shilpa Trade Links Pvt. Ltd.', '30 days ', 'No', 8, '2.00', 9, '2017-05-17', 148, '%', '2% CST against C Form ', 'Yes', '16px', 'Bhognipur Unit Store\r\n542-544, Haidarpur Bhognipur\r\nUttar Pradesh '),
(113, 25, 1, '', 0, '1970-01-01', '28334.00', '', 'STL', 105, 'BE-2932', '17-18', '22.50', '0.00', 'As Applicable ', '', 'As applicable ', 'Dear Sir,\r\nWith reference to your price list we are pleased to place an order for the following items as per conditions given below.', '0.00', 'Udaipur ', 'Immediate ', 'Shilpa Trade Links Pvt. Ltd.', '45 days ', 'will provide against invoice copy ', 9, '2.00', 9, '2017-05-10', 8, '%', '2% CST against C Form ', 'No', '16px', 'Unit Of - DCM Shriram Industries Limited\r\nShriram Nagar, Kota-324004'),
(114, 25, 7, '', 0, '1970-01-01', '8717.00', '', 'STL', 106, 'BE-3390', '17-18', '20.00', '0.00', 'NIL', '', 'As Applicable ', 'Dear Sir,\r\nWith reference to your price list we are pleased to place an order for the following items as per conditions given below.', '0.00', 'Udaipur ', 'Immediate ', 'Shilpa Trade Links Pvt. Ltd.', '30 days ', 'will provide against invoice copy ', 18, '2.00', 9, '2017-05-12', 8, '%', '2% CST against C Form ', 'No', '16px', 'Unit Of - DCM Shriram Industries Limited\r\nShriram Nagar, Kota-324004');
INSERT INTO `purchase_orders` (`id`, `company_id`, `vendor_id`, `shipping_method`, `shipping_terms`, `delivery_date`, `total`, `terms_conditions`, `po1`, `po2`, `po3`, `po4`, `discount`, `discount_per`, `pnf`, `pnf_type`, `excise_duty`, `descryption`, `grand_total`, `material_to_be_transported`, `delivery`, `lr_to_be_prepared_in_favour_of`, `payment_terms`, `road_permit_form47`, `transporter_id`, `sale_tax_per`, `created_by`, `date_created`, `customer_id`, `discount_type`, `sale_tax_description`, `is_exceise_for_customer`, `pdf_font_size`, `customer_address`) VALUES
(115, 25, 7, '', 0, '1970-01-01', '46342.00', '', 'STL', 107, 'BE-3027', '17-18', '30.00', '0.00', 'NIL', '', 'As Applicable ', 'Dear Sir,\r\nWith reference to your price list we are pleased to place an order for the following items as per conditions given below.', '0.00', 'Udaipur ', 'Immediate ', 'Shilpa Trade Links Pvt. Ltd.', '30 days ', 'will provide against invoice copy ', 18, '2.00', 9, '2017-05-12', 29, '%', '2% CST against C Form ', 'No', '16px', 'Bangur City\r\nPO RAS-306107\r\nTehsil :Jaitaran\r\nDist. Pali\r\n'),
(116, 25, 7, '', 0, '1970-01-01', '18000.00', '', 'STL', 108, 'BE-3289', '17-18', '0.00', '0.00', 'NIL', '', 'As Applicable ', 'Dear Sir,\r\nWith reference to your price list we are pleased to place an order for the following items as per conditions given below.', '0.00', 'Udaipur - Freight Paid ', 'Immediate ', 'Shilpa Trade Links Pvt. Ltd.', '30 days ', 'will provide against invoice copy ', 18, '2.00', 9, '2017-05-12', 110, '', '2% CST against C Form ', 'Yes', '16px', '(Khushkhera Cement Grinding Project)\r\nPlot No. SP3-II, A-1, \r\nRIICO Industrial Area\r\nBhiwadi, Taluka-Tijara,\r\nKhushkhera-301707\r\nDistt: Alwar (Raj.)'),
(117, 25, 5, '', 0, '1970-01-01', '22100.00', '', 'STL', 109, 'BE-3390', '17-18', '15.00', '0.00', 'As Applicable ', '', 'as applicable ', 'Dear Sir,\r\nWith reference to your price list we are pleased to place an order for the following items as per conditions given below.', '0.00', 'Udaipur ', 'Immediate ', 'Shilpa Trade Links Pvt. Ltd.', '7 days ', 'will Provide against invoice copy ', 11, '2.00', 9, '2017-05-16', 8, '%', '2% CST against C Form ', 'No', '15px', 'Unit Of - DCM Shriram Industries Limited\r\nShriram Nagar, Kota-324004'),
(118, 25, 1, '', 0, '1970-01-01', '444500.00', '', 'STL', 110, 'BE-3391', '17-18', '0.00', '0.00', 'As Applicable ', '', 'As Applicable ', 'Dear Sir,\r\nWith reference to your price list we are pleased to place an order for the following items as per conditions given below.', '0.00', 'Udaipur ', 'Immediate ', 'Shilpa Trade Links Pvt. Ltd.', '45 days ', 'will provide against invoice copy ', 9, '2.00', 9, '2017-05-16', 66, '', '2% CST against C Form ', 'Yes', '16px', '(Unit- Mandpam)\r\nPB No. 13\r\nBhilwara-311001'),
(119, 25, 1, '', 0, '1970-01-01', '124482.00', '', 'STL', 111, 'BE-3392', '17-18', '35.00', '0.00', 'As Applicable ', '', 'As Applicable ', 'Dear Sir,\r\nWith reference to your price list we are pleased to place an order for the following items as per conditions given below.', '0.00', 'Udaipur ', 'Immediate ', 'Shilpa Trade Links Pvt. Ltd.', '45 days', 'will provide against invoice copy ', 9, '2.00', 9, '2017-05-17', 81, '%', '2% CST against C Form ', 'No', '16px', 'B-25-26, RIICO Housing Colony\r\nRoad No. 1-D, V.K.I. Area, \r\nJaipur-302013'),
(120, 25, 9, '', 0, '1970-01-01', '15900.00', '', 'STL', 112, 'BE-3393', '17-18', '25.00', '0.00', 'NIL', '', 'NO', 'Dear Sir,\r\nWith reference to your price list we are pleased to place an order for the following items as per conditions given below.', '0.00', 'Udaipur ', 'Immediate ', 'Shilpa Trade Links Pvt. Ltd.', '15 days ', 'NO', 24, '2.00', 9, '2017-05-18', 10, '%', '2% CST against C Form ', 'No', '16px', 'Sutlej Textiles and Industries Limited\r\nUnit-Rajasthan Textile Mills, \r\nPachpahar Road Bhawanimandi-326502 Distt: Jhalawar'),
(121, 25, 8, '', 0, '1970-01-01', '20990.00', '', 'STL', 113, 'BE-3393', '17-18', '66.00', '0.00', 'NIL', '', 'As Applicable ', 'Dear Sir,\r\nWith reference to your price list we are pleased to place an order for the following items as per conditions given below.', '0.00', 'Udaipur ', 'Immediate ', 'Shilpa Trade Links Pvt. Ltd.', '30 days ', 'will provide against invoice copy ', 11, '2.00', 9, '2017-05-18', 10, '%', '2% CST against C Form ', 'Yes', '16px', 'Unit-Rajasthan Textile Mills, \r\nPachpahar Road Bhawanimandi-326502 Distt: Jhalawar'),
(122, 25, 33, '', 0, '1970-01-01', '74004.00', '', 'STL', 114, 'BE-3393', '17-18', '25.00', '0.00', '500', '', 'Add Actual ', 'Dear Sir,\r\nWith reference to your price list we are pleased to place an order for the following items as per conditions given below.', '0.00', 'Udaipur ', 'Immediate ', 'Shilpa Trade Links Pvt. Ltd.', '7 days ', 'will provide against invoice copy ', 9, '2.00', 9, '2017-05-19', 10, '%', '2% CST against C Form ', 'No', '16px', 'Sutlej Textiles and Industries Limited\r\nUnit-Rajasthan Textile Mills, \r\nPachpahar Road Bhawanimandi-326502 Distt: Jhalawar'),
(123, 25, 33, '', 0, '1970-01-01', '26106.00', '', 'STL', 115, 'BE-3392', '17-18', '20.00', '0.00', '1000', '', 'Add Actual ', 'Dear Sir,\r\nWith reference to your price list we are pleased to place an order for the following items as per conditions given below.', '0.00', 'Udaipur ', 'Immediate ', 'Shilpa Trade Links Pvt. Ltd.', '7 days ', 'will provide against Invoice copy ', 9, '2.00', 9, '2017-05-19', 81, '%', '2% CST against C Form ', 'No', '16px', 'B-25-26, RIICO Housing Colony\r\nRoad No. 1-D, V.K.I. Area, \r\nJaipur-302013'),
(124, 25, 1, '', 0, '1970-01-01', '15455.00', '', 'STL', 116, 'BE-3320', '17-18', '0.00', '0.00', 'As Applicable ', '', 'As Applicable', 'Dear Sir,\r\nWith reference to your price list we are pleased to place an order for the following items as per conditions given below.', '0.00', 'Udaipur ', 'Immediate ', 'Shilpa Trade Links Pvt. Ltd.', '45 days ', 'will provide against invoice copy', 9, '2.00', 9, '2017-05-19', 66, '%', '2% CST against C Form ', 'No', '16px', '(Unit- Mandpam)\r\nPB No. 13\r\nBhilwara-311001'),
(125, 25, 1, '', 0, '1970-01-01', '8071.00', '', 'STL', 117, 'BE-3189', '17-18', '22.50', '0.00', 'As Applicable ', '', 'As Applicable ', 'Dear Sir,\r\nWith reference to your price list we are pleased to place an order for the following items as per conditions given below.', '0.00', 'Udaipur ', 'Immediate ', 'Shilpa Trade Links Pvt. Ltd.', '45 days ', 'will provide against invoice copy ', 9, '2.00', 9, '2017-05-19', 40, '%', '2% CST against C Form ', 'No', '16px', 'Pali-Marwar-306401\r\nRajastahn'),
(126, 25, 5, '', 0, '1970-01-01', '17500.00', '', 'STL', 118, 'BE-3080', '17-18', '0.00', '0.00', 'NIL', '', 'As Applicable ', 'Dear Sir,\r\nWith reference to your price list we are pleased to place an order for the following items as per conditions given below.', '0.00', 'Udaipur ', 'Immediate ', 'Shilpa Trade Links Pvt. Ltd.', '7 days ', 'Will provide against invoice copy ', 11, '2.00', 9, '2017-05-18', 126, '', '2% CST against C Form ', 'Yes', '16px', 'P.B. 73 ,\r\nKanpur Madri\r\nUdaipur-313003'),
(127, 25, 1, '', 0, '1970-01-01', '20328.00', '', 'STL', 119, 'BE-2772', '17-18', '30.00', '0.00', 'As Applicable ', '', 'As Applicable ', 'Dear Sir,\r\nWith reference to your price list we are pleased to place an order for the following items as per conditions given below.', '0.00', 'Udaipur ', 'Immediate ', 'Shilpa Trade Links Pvt. Ltd.', '45 days ', 'will provide against invoice copy ', 9, '2.00', 9, '2017-05-19', 65, '%', '2% CST against C Form ', 'No', '16px', 'Plot# SP1 to & B5 to 8 \r\nAgro Park, M.I.A. (Extention )\r\nAlwar-301030 (Raj.)'),
(128, 25, 9, '', 0, '1970-01-01', '6375.00', '', 'STL', 120, 'BE-2875', '17-18', '0.00', '0.00', 'NIL', '', 'NO', 'Dear Sir,\r\nWith reference to your price list we are pleased to place an order for the following items as per conditions given below.', '0.00', 'Udaipur ', 'Immediate ', 'Shilpa Trade Links Pvt. Ltd.', '15 days ', 'NO', 24, '2.00', 9, '2017-05-19', 121, '', '2% CST against C Form ', 'No', '16px', 'Plot No. SPL-2B, \r\nTapukara Industrial Area,\r\nBhiwadi Alwar Road, Tapukara, \r\nAlwar-301707 (Raj.)'),
(129, 25, 9, '', 0, '1970-01-01', '7900.00', '', 'STL', 121, 'BE-3311', '17-18', '25.00', '0.00', 'NIL', '', 'NO', 'Dear Sirs,\r\nWith reference to your quotation no. LQ/AY/130/2016-17 dated 03.11.2016 we are pleased to place an order for\r\n the following items as per conditions given below', '0.00', 'Udaipur ', 'Immediate ', 'Shilpa Trade Links Pvt. Ltd.', '15 days ', 'NO', 24, '2.00', 9, '2017-05-19', 15, '%', '2% CST against C Form ', 'No', '16px', '(Unit of J.K. Cement Ltd.)\r\nKailash nagar \r\nNimbahera - 312617');

-- --------------------------------------------------------

--
-- Table structure for table `purchase_order_rows`
--

CREATE TABLE IF NOT EXISTS `purchase_order_rows` (
  `id` int(10) NOT NULL AUTO_INCREMENT,
  `purchase_order_id` int(10) NOT NULL,
  `item_id` int(10) NOT NULL,
  `description` text NOT NULL,
  `quantity` int(5) NOT NULL,
  `rate` decimal(10,2) NOT NULL,
  `amount` decimal(15,2) NOT NULL,
  `processed_quantity` int(5) NOT NULL DEFAULT '0',
  `height` int(3) NOT NULL,
  `pull_status` varchar(20) NOT NULL DEFAULT 'Direct',
  PRIMARY KEY (`id`)
) ENGINE=InnoDB  DEFAULT CHARSET=latin1 AUTO_INCREMENT=772 ;

--
-- Dumping data for table `purchase_order_rows`
--

INSERT INTO `purchase_order_rows` (`id`, `purchase_order_id`, `item_id`, `description`, `quantity`, `rate`, `amount`, `processed_quantity`, `height`, `pull_status`) VALUES
(40, 11, 606, ' Model : T3ST 45/42\r\n120 LPM at 40kg/cm2\r\nSr. No. 1594982/2672', 2, '120000.00', '240000.00', 0, 260, 'Direct'),
(41, 12, 606, 'Model : T3ST 45/42\r\n120 LPM at 40kg/cm2\r\nSr. No. 1594982/2672', 2, '120000.00', '240000.00', 0, 260, 'Direct'),
(42, 13, 608, 'Model : T3ST 52 /40\r\nWith base frame and suction filter\r\n\r\nIdentical as per Sr. No. 1330812/664', 1, '270470.00', '270470.00', 1, 260, 'Direct'),
(43, 14, 605, 'Capacity : 480 kg/minute\r\nSuc*Dis : 40 mm\r\nMOC : CI Body and SS Internals\r\nSealing : Gland Packing', 1, '20580.00', '20580.00', 1, 260, 'Direct'),
(47, 18, 602, 'Mounting : Foot\r\nSealing : Oil Seal', 1, '16100.00', '16100.00', 1, 290, 'Direct'),
(48, 19, 622, 'Cap. : 1 m3/ hr\r\nHead : 10 mtrs\r\nTemperature 70 to 120 C ( Waste Oil )\r\nIdentical to Sr. No. : 115037 / 1725\r\nStator : Hypalon', 1, '17500.00', '17500.00', 0, 80, 'Direct'),
(49, 19, 623, 'Cap. : 2 m3/hr\r\nHead : 50 mtrs\r\nTemperature 70 to 120 C ( Waste Oil )\r\nIdentical to Sr. No. : 136902/3400\r\nStator : Hypalon', 1, '23500.00', '23500.00', 0, 80, 'Direct'),
(66, 20, 602, 'Sealing : Gland Packing', 4, '16100.00', '64400.00', 0, 290, 'Direct'),
(67, 21, 1143, 'Duty : Jacking\r\nCapacity : 50mm\r\nPressure :150kg./cm2\r\nNOTE : Kindly supply as per last supply vide SO no.\r\n1588556 and sr. no. 095038 / 6260, 1467179/6453', 1, '41315.00', '41315.00', 1, 250, 'Direct'),
(68, 22, 600, 'Sealing : Oil Seal\r\nMounting : Foot', 20, '4800.00', '96000.00', 20, 120, 'Direct'),
(69, 22, 1148, 'Sealing : Oil Seal\r\nMounting : Foot', 10, '2880.00', '28800.00', 10, 120, 'Direct'),
(90, 25, 1155, 'Model : 3. 20/56 (T3ST 20/56)\r\nPressure : 15 Kg / cm2\r\nCapacity : 14 LPM', 1, '28500.00', '28500.00', 1, 260, 'Direct'),
(96, 27, 737, '(Full Dia Impeller )\r\nDiscount of 35% on Pumps will be settled through credit note ', 1, '70160.00', '70160.00', 1, 0, 'Direct'),
(101, 29, 798, 'Model : KGEN 14 8 G1', 1, '6271.00', '6271.00', 2, 50, 'Direct'),
(102, 29, 799, 'Model : KGEN 16 6 G1', 1, '6156.00', '6156.00', 2, 50, 'Direct'),
(103, 29, 965, 'Model  : CN 25 160  G1 S2 L3 ', 1, '131.00', '131.00', 2, 50, 'Direct'),
(104, 29, 967, 'Model : CN 25 160 G1 S2 L3', 1, '1315.00', '1315.00', 2, 50, 'Direct'),
(105, 30, 964, 'Mechanical Seal Burgmann MG12 G6 O/U (Sic /Sic 316 Viton )\r\nConversion Kit\r\n', 1, '27056.00', '27056.00', 0, 0, 'Direct'),
(109, 32, 964, 'CCR 25 160 R6 150 Ibs M2 L3 (Imp Dia 162mm)\r\nConvertion Kit Plan 11,62\r\nBurgmann M7N Sic / Car / SS 316 / TTV \r\nSr, No. C411031006\r\nDiscount of 35% on pumps and Ms 15% will be settled through credit note ', 3, '40067.00', '120201.00', 0, 0, 'Direct'),
(110, 32, 968, 'CCR 32C 125  R6 150 LBS M2 L3 (Imp Dia 119mm)\r\nConvertion Kit Plan 11,62\r\nBurgmann M7N Sic / Car / SS 316 / TTV \r\nSr. No. C411031009\r\nDiscount of 35% on pumps and Ms 15% will be settled through credit note ', 2, '46248.00', '92496.00', 0, 0, 'Direct'),
(111, 32, 968, 'CCR 32C 125  R6 150 LBS M2 L3 (Imp Dia 119mm)\r\nConvertion Kit Plan 11,62\r\nBurgmann M7N Sic / Car / SS 316 / TTV \r\nSr. No. C411031009\r\nDiscount of 35% on pumps and Ms 15% will be settled through credit note ', 3, '46248.00', '138744.00', 0, 0, 'Direct'),
(112, 33, 964, 'Mechanical Seal Burgmann MG12 G6 O/U (Sic /Sic 316 Viton )\r\nConversion Kit\r\nDis. of 35% on pump and 15% on Ms will be settled through credit note ', 2, '38519.00', '77038.00', 0, 0, 'Direct'),
(113, 34, 970, 'CCR 32 200 R6 150 lbs M2 L3 (Imp Dia 188mm)\r\nBurgmann M7N Sic / Car / SS 316 / TTV \r\nConvertion Kit Plan 11,62\r\nSr.No. C411031011\r\n\r\nDiscount of 35 % on pumps and MS 15 % will be settled through credit note', 2, '49392.00', '98784.00', 0, 0, 'Direct'),
(115, 36, 702, 'Full Dia Impeller ', 2, '12475.00', '24950.00', 2, 0, 'Direct'),
(116, 36, 703, 'Full Dia Impeller ', 2, '12763.00', '25526.00', 2, 0, 'Direct'),
(117, 36, 729, 'Full Dia Impeller ', 1, '23800.00', '23800.00', 1, 0, 'Direct'),
(122, 37, 962, 'CCR 65C 160 R6 150 LBS M2 L3  ( Imp dia 159 mm )\r\nBurgmann M7N Sic / Car / SS 316 / TTV \r\nConversion Kit with Plan 11, 62\r\nSr. No. C411031007', 1, '51621.00', '51621.00', 0, 0, 'Direct'),
(123, 38, 731, '( Impeller Dia 166mm )', 2, '37002.00', '74004.00', 2, 0, 'Direct'),
(124, 39, 954, 'Convertion Kit Plan 11,62\r\nBurgmann HJ977GNB Sic / Sic / 316 / TTV Prefitted\r\nCCR 25 125 R6 M3 L3 \r\nDiscount of 35 % on pumps and MS 15 % will be settled through credit note', 12, '38062.00', '456744.00', 0, 0, 'Direct'),
(125, 39, 955, 'Convertion Kit Plan 11,62\r\nBurgmann HJ977GNB Sic / Sic / 316 / TTV Prefitted\r\nCCR 32 125 R6 M3 L3 \r\nDiscount of 35 % on pumps and MS 15 % will be settled through credit note', 10, '51755.00', '517550.00', 0, 0, 'Direct'),
(126, 39, 960, 'Convertion Kit Plan 11,62\r\nMech Seal Flowserve FROTT / Car / Sic / SS 316 / PTFE\r\nIdentical to sr. no. PA111308005\r\nCCR 65 160 R6 M2 L3\r\nDiscount of 35 % on pumps and MS 15 % will be settled through credit note', 1, '82449.00', '82449.00', 0, 0, 'Direct'),
(127, 40, 1171, 'CB 80 200 G1 M2 with 5 HP 1500 RPM Motor\r\nPower : 5HP / 1500RPM  Frame 112 M\r\nBurgmann make 0021 MG12-G60/U Sic / Sic 316 TTV', 2, '21500.00', '43000.00', 2, 0, 'Direct'),
(128, 40, 964, 'Mechanical Seal Burgmann MG12 G6 O/U (Sic /Sic 316 Viton )\r\nConversion Kit', 2, '27056.00', '54112.00', 2, 0, 'Direct'),
(129, 40, 1167, ' ( Full Dia )', 1, '46814.00', '46814.00', 1, 0, 'Direct'),
(130, 40, 1168, 'Mechanical Seal Burgmann MG12 G6 O/U (Sic /Sic 316 Viton )\r\nConversion Kit', 1, '21946.00', '21946.00', 1, 0, 'Direct'),
(144, 45, 677, 'KGEN 11 3 G2  Pump', 2, '8924.00', '17848.00', 0, 0, 'Direct'),
(145, 45, 677, 'KGEN 11 3 G1 Pump', 10, '7112.00', '71120.00', 0, 0, 'Direct'),
(146, 45, 677, 'KGEN 11 3 G1 Pump ', 10, '7112.00', '71120.00', 0, 0, 'Direct'),
(147, 45, 681, 'KGEN 12 5 G1 Pump', 5, '10547.00', '52735.00', 0, 0, 'Direct'),
(148, 45, 692, 'KGEN 12 6 G1 Pump ', 5, '11692.00', '58460.00', 0, 0, 'Direct'),
(149, 45, 683, 'KGEN 12b 5 G1 Pump', 5, '9943.00', '49715.00', 0, 0, 'Direct'),
(150, 45, 685, 'KGEN 16 6 G1 Pump', 5, '14590.00', '72950.00', 0, 0, 'Direct'),
(225, 51, 1096, 'Capacity 0 to 65 LPH, Pressure : 55kg/cm2\r\nScope of supply : Pump with ,Base frame ,coupling ,\r\ncoupling guard', 1, '15000.00', '15000.00', 1, 20, 'Direct'),
(226, 51, 1097, 'Capacity 0 to 65 LPH, Pressure : 5kg/cm2\r\nScope of supply : Pump with ,Base frame ,coupling ,\r\ncoupling guard', 1, '14000.00', '14000.00', 1, 20, 'Direct'),
(227, 51, 1099, 'Positive Spares Model : PL 2017', 1, '350.00', '350.00', 1, 20, 'Direct'),
(228, 51, 1100, 'Positive Spares Model : PL 1011', 1, '350.00', '350.00', 1, 20, 'Direct'),
(244, 16, 634, 'Complete Major Seal Kit\r\nFor Pump Model: TRF 1700\r\n\r\nInterchangeable with existing pump Sr. No. 7036667\r\n\r\nLast supply reference : SO No. 1565519 & 1614615', 1, '139950.00', '139950.00', 1, 0, 'Direct'),
(245, 15, 634, 'Complete Major Seal Kit\r\nFor Pump Model: TRF 1700\r\n\r\nInterchangeable with existing pump Sr. No. 7036667\r\n\r\nLast supply reference : SO No. 1565519 & 1614615', 1, '139950.00', '139950.00', 1, 0, 'Direct'),
(246, 23, 627, 'Model : R 50 SL (H) (Without Relief Valve )\r\nFlow : 255 LPM\r\nPressure : 3kg./cm2\r\nSealing : Gland Packing\r\nSuc.* Dis. : 2 X 2 \r\nLiquid : Molasses\r\nPower : 3 HP / 1000 RPM\r\nEarlier Ref. : Ok.no.117004\r\n\r\nLast SO Number : 1591632/3016\r\nIdentical to sr. no. 117004/7725', 1, '9500.00', '9500.00', 1, 0, 'Direct'),
(247, 52, 867, 'Unbored', 2, '1833.00', '3666.00', 2, 0, 'Direct'),
(248, 53, 589, 'Power: 3HP / 2900RPM IE3\r\nMounting: Foot Mounted\r\nFrame Size : 90L', 1, '23500.00', '23500.00', 1, 0, 'Direct'),
(253, 56, 1166, 'FRE 80 210 G6', 1, '47188.00', '47188.00', 0, 0, 'Direct'),
(254, 56, 727, 'CCR 50 200 R1A S2 L6', 1, '39743.00', '39743.00', 0, 0, 'Direct'),
(255, 56, 730, 'CCR 25 160  R6 S2 L3', 1, '29879.00', '29879.00', 1, 0, 'Direct'),
(258, 57, 728, 'CCR 65 200 R6L M2 L3\r\nMechanical seal MG12 /Sic / Sic / 316 / Viton for DM Water\r\nConversion Kit / API Plan 11\r\nIdentical to last supply PB111272042\r\n35 % discount on pump and 15 % discount on MS will be thru credit note', 1, '108757.00', '108757.00', 0, 0, 'Direct'),
(259, 44, 1164, 'CN 100c 250 G1 M2 L3 with motor 150 HP / 2900RPM\r\nFrame Size : 315S ( Full Dia Impeller )', 1, '293500.00', '293500.00', 0, 0, 'Direct'),
(260, 44, 810, 'CN 32C 200 G1 M2 L3 with 10 HP / 2900 RPM\r\nFrame Size : 132S ( Full Dia Impeller )', 1, '38000.00', '38000.00', 0, 0, 'Direct'),
(261, 58, 1172, 'CCR 300 250 R6L MD2 L4 with motor 50HP/970RPM IE2 \r\nFrame Size : 250M  ( Make CGL / BBL )\r\nDouble Mechanical Seal  EBIPL make CARTEX\r\nDN Car/Sic & Sic/Sic TTV \r\nPlan API 54 for seal', 1, '630000.00', '630000.00', 0, 0, 'Direct'),
(275, 46, 1113, 'Positive Spares Model : PL 2017\r\nNote : 20 % discount amount will be settled through\r\ncredit note separately.', 2, '4050.00', '8100.00', 0, 0, 'Direct'),
(277, 59, 931, 'Power : 6.5 HP / 2900 RPM\r\nCapacity Range : 0 to 17.50 LPS\r\nHead Range : 0 to 32 Mtrs\r\nDelivery outlet : 65 mm\r\nType of starting : DOL\r\nCable size : 1 * 3 * 1.5\r\nPump with 5 Mtrs cable\r\n\r\nNote: Rs. 500 per pump will be settled through credit\r\nnote', 6, '14150.00', '84900.00', 6, 180, 'Direct'),
(279, 60, 637, 'Model: T-2003 H  20 HP\r\nHead : 50-80 mtrs, Flow: 400-500 LPM\r\nLiquid: Abrasive mud water, Temp.: Ambient,\r\nPower: 20 HP / 2900 RPM\r\n\r\nScope of Supply:\r\nPump with 10 mtrs cable\r\nCustomer : China Coal Co., HZL, SK Mines\r\nGuarantee : Standard 12 /18 Months for all\r\nspares except winding\r\nDelivery : Within 6 weeks else LD applicable', 2, '146244.00', '292488.00', 0, 180, 'Direct'),
(290, 62, 1195, 'Simens make Motor\r\n\r\nPower: 3HP / 2900RPM IE3\r\nMounting: Foot Mounted\r\nFrame Size : 90L', 2, '23975.00', '47950.00', 0, 0, 'Direct'),
(296, 64, 1161, 'Bearing 6308 ', 1, '667.00', '667.00', 1, 0, 'Direct'),
(297, 64, 1161, 'Bearing 3308', 1, '4859.00', '4859.00', 1, 0, 'Direct'),
(300, 54, 1191, 'SS 304 / 45 MM SS Rod ', 495, '3.44', '1704.29', 495, 0, 'Direct'),
(301, 54, 1192, '33 316 / 36 mm SS Rod', 404, '3.27', '1320.27', 404, 0, 'Direct'),
(302, 63, 963, 'CN 25 160 G1 S2 L3 ', 2, '1876.50', '3753.00', 2, 0, 'Direct'),
(303, 63, 966, 'CI Pump Housing CN 25 160 G1 S2 L3 ', 1, '2251.00', '2251.00', 1, 0, 'Direct'),
(304, 63, 1178, 'Stub Shaft (SS 316) CB 32 160 G1 \r\nMotor 3HP /2900RPM Frame Size : 90L', 1, '2146.00', '2146.00', 1, 0, 'Direct'),
(305, 63, 746, 'KGEN 11 3 G1 ', 5, '595.00', '2975.00', 5, 0, 'Direct'),
(306, 63, 782, 'KGEN 11 4 G1 ', 2, '1460.00', '2920.00', 2, 0, 'Direct'),
(307, 63, 1207, 'Impeller Cap Nut CCR 50 200 R6A S2 L6', 2, '455.00', '910.00', 2, 0, 'Direct'),
(308, 65, 795, 'KGEN 12b 5 G1', 1, '3906.00', '3906.00', 1, 0, 'Direct'),
(309, 65, 1179, 'CB 32 250 G1', 1, '2382.00', '2382.00', 1, 0, 'Direct'),
(310, 65, 1180, 'CCR 40C 160 R1 M2 L3 ', 1, '927.00', '927.00', 1, 0, 'Direct'),
(311, 65, 820, 'CCR 40C 160 R1 M2 L3 ', 1, '3004.00', '3004.00', 1, 0, 'Direct'),
(312, 65, 1181, 'CN 32 160 G1 S2 L3 ', 1, '1941.00', '1941.00', 1, 0, 'Direct'),
(313, 65, 765, 'KGEN 12 5 to 16 6 G1 ', 4, '208.00', '832.00', 4, 0, 'Direct'),
(314, 65, 773, 'KGEN 12b 5 G1 ', 2, '411.00', '822.00', 2, 0, 'Direct'),
(315, 65, 771, 'KGEN 11 4 G1', 3, '358.00', '1074.00', 3, 0, 'Direct'),
(316, 66, 1182, 'CCR 250 250 R4 CD3 L4', 1, '16008.00', '16008.00', 0, 0, 'Direct'),
(317, 66, 1183, 'CN 100 160 G1 S2 L1', 1, '3404.00', '3404.00', 0, 0, 'Direct'),
(318, 66, 1184, 'CI Pump Housing FRE 50 125 R6', 2, '1312.00', '2624.00', 0, 0, 'Direct'),
(319, 66, 1184, 'Plug FRE  50 125 R6', 10, '53.00', '530.00', 0, 0, 'Direct'),
(320, 66, 1184, 'Allen Bolt FRE 50 125 R6', 20, '29.00', '580.00', 0, 0, 'Direct'),
(321, 66, 1184, 'Key FRE 50 125 R6', 10, '40.00', '400.00', 0, 0, 'Direct'),
(323, 67, 940, 'Capacity : 50 LPM\r\nBare Pump \r\nIdentical to Sr. no. : 1497297/2268', 1, '65000.00', '65000.00', 0, 260, 'Direct'),
(326, 69, 863, 'L 95 Coupling Unbored', 4, '280.00', '1120.00', 4, 280, 'Direct'),
(327, 70, 1209, 'Frame Size : 112M\r\nMounted : Flame proof food mounted ', 1, '51170.00', '51170.00', 0, 280, 'Direct'),
(334, 71, 1039, 'Channel 4" 60Kg ', 60, '41.50', '2490.00', 60, 0, 'Direct'),
(335, 71, 1038, 'Channel 3" 91Kg ', 91, '41.50', '3776.50', 91, 0, 'Direct'),
(336, 71, 1040, 'Angle 40mm X 5mm ', 23, '40.00', '928.00', 23, 0, 'Direct'),
(337, 71, 1041, 'Pattha 40mm X 10mm ', 23, '40.50', '931.50', 23, 0, 'Direct'),
(338, 71, 1185, 'Welding Rod 1 Box= 12 Packet ', 1, '2380.00', '2380.00', 1, 0, 'Direct'),
(339, 71, 1038, 'Channel 3" 239KG', 239, '41.50', '9926.80', 239, 0, 'Direct'),
(340, 71, 1214, 'Ms Pattha 40mm X 6mm', 8, '40.00', '352.00', 8, 0, 'Direct'),
(346, 72, 986, 'Capacity LPM : 300\r\nHead Mtrs : 11\r\nRPM : 2900\r\nMotor Rating  : 2HP \r\nPower consumed by pump (BKW) : 1.5 \r\n Impeller : SS 410\r\nPhase  : Three Phase \r\n( Pump set with 5mtrs cable )\r\n', 2, '18475.00', '36950.00', 2, 200, 'Direct'),
(347, 7, 1092, '150 mm Mini Car Fan', 8, '636.50', '5092.00', 0, 0, 'Direct'),
(348, 10, 606, 'Model :  T3ST 45 /42 \r\n120LPM at 40Kg/cm2\r\n\r\nSr. No. 1594982/2672 ', 2, '120000.00', '240000.00', 0, 0, 'Direct'),
(349, 17, 599, 'Speed Rating : 1440 RPM\r\nPressure Rating : 6Kg', 1, '3560.00', '3560.00', 1, 0, 'Direct'),
(350, 24, 614, 'Model : T3 ST 52 / 40\r\nSr. No : 1330812/6649\r\nLast supply SO. No. 1457617', 1, '9500.00', '9500.00', 0, 0, 'Direct'),
(351, 24, 621, 'Model : T3 SFP 40 / 38 \r\nSr. No : 964321 / 0125\r\nLast supply SO. No. 1467288', 1, '9000.00', '9000.00', 0, 0, 'Direct'),
(352, 26, 1156, 'Speed : 1450RPM\r\nLiquid : Glucose\r\nCapacity : 8 to 10 m3/hr\r\nPressure : 4kg /cm2\r\nMotor : 7.5KW/ 1450RPM\r\nMoc : SS 316\r\nSealing : Mechanical Seal\r\nBase Plate , Coupling ,Coupling Guard ,Foundation\r\nBolts and Non FLP Motor .\r\nNote : Material to be booked Freight Paid basis.', 1, '168000.00', '168000.00', 0, 0, 'Direct'),
(353, 31, 740, 'MCH 16 * 4 stage P Design \r\n35% discount to be settled through credit note ', 1, '34282.00', '34282.00', 0, 0, 'Direct'),
(354, 35, 732, '(Impeller Dia 154mm)\r\nDiscount 35% Will be settled through credit note ', 1, '38050.00', '38050.00', 1, 0, 'Direct'),
(355, 42, 1170, '-', 2, '32491.00', '64982.00', 2, 0, 'Direct'),
(356, 43, 568, 'Frame Size : 90S\r\nMounting : Foot Mounted ', 1, '12830.00', '12830.00', 1, 0, 'Direct'),
(357, 47, 649, 'Model : NSRP 50 TBG V1J (135S Impeller Dia)\r\nLiquid : 33% HCL \r\nHead : 10 mtr\r\nFlow : 7-8m3/hr\r\nPower : 2HP / 2900RPM (Remi  Make )\r\nSuc.*Dis. : 50*40MM\r\nMOC : PP/Flooded\r\nImpeller Type : Semi Open\r\nPump with Priming Chamber & Base Frame, Coupling , Coupling Guard , Fasteners .', 1, '18500.00', '18500.00', 0, 0, 'Direct'),
(358, 47, 893, 'Priming chamber 16 Ltrs  For NSRP Pump\r\n', 1, '7225.00', '7225.00', 0, 0, 'Direct'),
(359, 48, 1145, 'Frame Size : 112L\r\nMounting : Foot Mounted ', 2, '30585.00', '61170.00', 2, 0, 'Direct'),
(360, 73, 1213, '(Part 70211602)', 2, '1900.00', '3800.00', 2, 0, 'Direct'),
(361, 73, 1215, '(Part No. 70110522)', 2, '3000.00', '6000.00', 2, 0, 'Direct'),
(362, 73, 1173, '(Part No. 70422921)', 2, '1700.00', '3400.00', 2, 0, 'Direct'),
(363, 41, 1169, '( Impeller Dia 209mm )\r\nConversion Kit \r\nBurgmann MG12-G60/U /SIC/SIC/316/Viton \r\nDiscount of 35 % on pumps and MS 15 % will be settled through credit note', 1, '74738.00', '74738.00', 1, 0, 'Direct'),
(364, 74, 606, '<p>Model : T3ST 45/42</p><p>120LPM at 40kg/cm2</p><p><br></p><p>Note : Interchangeable with Sr.No. 1549075 - 3041&nbsp;</p>', 1, '120000.00', '120000.00', 0, 260, 'Direct'),
(365, 75, 612, '<p>Complete Mechanical Seal Type Size: 30mm</p><p>Face: Carbon/Silicon/Viton for John Crane</p><p>2100 Type 2 Model : T3ST 45 / 42&nbsp;</p><p>NOTE : Kindly supply as per last supply vide Invoice No.<br></p><p>172 dated 17.6.2017</p>', 4, '2437.00', '9748.00', 4, 80, 'Direct'),
(366, 75, 621, '<p>Complete Mechanical Seal&nbsp;Type &nbsp;LS -201 Size: 20mm&nbsp;Face: TC/TC&nbsp;</p><p>Model : T3 SFP 20 /56&nbsp;</p>', 1, '1950.00', '1950.00', 1, 80, 'Direct'),
(374, 68, 605, '<p>Flow  : 3 m3/hr &nbsp; &nbsp;Head : 25 Mtrs &nbsp; &nbsp; &nbsp; &nbsp;Sealing : Mechanical Seal </p><p>\r\nMOC :  CI &nbsp; &nbsp; &nbsp; &nbsp; &nbsp; &nbsp; &nbsp; &nbsp;Liquid : FO &nbsp; &nbsp; &nbsp; &nbsp; &nbsp; &nbsp; &nbsp; &nbsp; Motor Rating : 3 HP 960 RPM</p><p>  \r\n</p>', 1, '20580.00', '20580.00', 0, 260, 'Direct'),
(388, 82, 1232, '<p>Seal Cover CCR 40 160&nbsp;</p>', 1, '2350.00', '2350.00', 1, 50, 'Direct'),
(389, 82, 953, '<p>Shaft Sleeve CCR 40 160&nbsp;</p>', 1, '975.00', '975.00', 1, 50, 'Direct'),
(390, 82, 1221, '<p>Complete Mechanical Seal Type LS-102-N Size: 35mm</p><p>Face: Silicon/SSilicon with S.S. Gland</p><p>Plate &amp; S.S. Sleeve for Johnson make CCR-40/160 Pump </p><p>Liquid: Clear Water,</p>', 1, '5962.00', '5962.00', 1, 30, 'Direct'),
(391, 81, 916, '<p>Heat Exchanger&nbsp;</p><p>Gasketed -U-S-GCD-016-58&nbsp;</p><p>Sr.No. GCD-16-L-5-PI-58/121408-1/09</p>', 1, '62000.00', '62000.00', 0, 200, 'Direct'),
(393, 78, 1227, '<p>H.P / K.W &nbsp; : &nbsp;7.5 / 5.5&nbsp;</p><p>Flow &nbsp; : 1000LPM</p><p>Head &nbsp;: &nbsp; 12 mtrs&nbsp;</p><p>Head Range : &nbsp;12 to 25 mtrs&nbsp;</p><p>Delivery Outlet : &nbsp;100</p><p>RPM : 2820</p><p>Material of Construction &nbsp;: Complete Pump in SS 316&nbsp;</p><p>Impeller &nbsp;: &nbsp;SS 316&nbsp;</p><p>Casing : SS 316&nbsp;</p><p>Size &nbsp;: &nbsp;3 Core X 2.5 Sq.mm for Power &amp; 3 Core X 0.75 Sq. mm for Control&nbsp;</p><p><br></p>', 1, '147590.00', '147590.00', 0, 150, 'Direct'),
(394, 79, 931, '', 2, '14150.00', '28300.00', 0, 0, 'Direct'),
(395, 80, 935, '<p>Model : LJ 15 LN&nbsp;<br></p><p>Head : 10 Meters&nbsp;</p><p>Flow &nbsp;: &nbsp;375 LPM</p><p>Power &nbsp;: &nbsp;1.5 HP / 2900 RPM</p><p>Outlet &nbsp;: 50 mm&nbsp;</p><p>Power &nbsp;: &nbsp;Three Phase&nbsp;</p><p>Note : Discount of Rs. 5,500/- Will be settled through credit note. &nbsp;<br></p>', 1, '25054.00', '25054.00', 1, 200, 'Direct'),
(398, 77, 931, '<p>Power : 6.5 HP / 2900 RPM</p><p>Capacity Range : 0 to 17.50 LPS</p><p>Head Range : 0 to 32 Mtrs</p><p>Delivery outlet : 65 mm</p><p>Type of starting : DOL</p><p>Cable size : 1 * 3 * 1.5</p><p>Pump with 5 Mtrs cable</p><p>Note: Rs. 500 per pump will be settled through credit</p><p>note</p>', 6, '14150.00', '84900.00', 0, 200, 'Direct'),
(423, 84, 1234, '<p style="line-height: 1;">Model &nbsp;: HD 2017/SZ1</p>', 4, '2600.00', '10400.00', 0, 2, 'Direct'),
(424, 84, 1235, '<p>Model &nbsp;: HD 2017/SZ1<br></p>', 4, '2400.00', '9600.00', 0, 2, 'Direct'),
(425, 84, 1236, '<p>Model &nbsp;: HD 2017/SZ1<br></p>', 4, '950.00', '3800.00', 0, 2, 'Direct'),
(426, 84, 1239, '<p>Model &nbsp;: HD 2017/SZ1<br></p>', 4, '2400.00', '9600.00', 0, 2, 'Direct'),
(427, 84, 1241, '<p>Model &nbsp;: HD 2017/SZ1<br></p>', 4, '850.00', '3400.00', 0, 2, 'Direct'),
(428, 84, 1242, '<p>Model &nbsp;: HD 2017/SZ1<br></p>', 4, '2900.00', '11600.00', 0, 2, 'Direct'),
(429, 84, 1243, '<p>Model &nbsp;: HD 2017/SZ1<br></p>', 4, '3800.00', '15200.00', 0, 2, 'Direct'),
(433, 85, 1230, '<p>Head &nbsp;: 12 -25 meters&nbsp;</p><p>Flow &nbsp;: 30m3/hr at 20 meters Head</p><p>Moc : &nbsp;CI Body&nbsp;</p><p>Sealing : Mechnaical Seal&nbsp;</p><p>Dis.Size &nbsp;: 65mm</p><p>Power &nbsp;: &nbsp;3.7KW / 5HP / 1500RPM</p><p>Particles Size Handling &nbsp;: 16mm&nbsp;</p><p>pump with 10 meters Cable&nbsp;</p><p>Note: Rs. 10,000/- &nbsp;will be settled through credit note .&nbsp;</p>', 1, '68779.00', '68779.00', 0, 200, 'Direct'),
(440, 88, 1152, '<p>SS 316 Rod 32 mm&nbsp;</p><p>SS 316 Rod 45mm</p><p>SS 316 Rod 50 mm&nbsp;</p>', 36, '210.00', '7560.00', 36, 200, 'Direct'),
(441, 89, 1015, '<p>-</p>', 269, '0.48', '127.99', 269, 0, 'Direct'),
(442, 89, 1016, '<p>-</p>', 233, '0.54', '125.98', 233, 0, 'Direct'),
(443, 89, 1017, '<p>-</p>', 154, '0.81', '123.99', 154, 0, 'Direct'),
(444, 89, 1018, '<p>-</p>', 131, '0.93', '121.99', 131, 0, 'Direct'),
(445, 89, 1023, '<p>-</p>', 69, '1.79', '123.51', 69, 0, 'Direct'),
(446, 89, 1026, '<p>-</p>', 62, '6.61', '409.82', 62, 0, 'Direct'),
(447, 89, 1021, '<p>-</p>', 175, '1.46', '254.99', 175, 0, 'Direct'),
(448, 90, 1028, '<p>-</p>', 590, '0.33', '195.00', 590, 0, 'Direct'),
(449, 90, 1029, '<p>-</p>', 376, '0.69', '260.00', 376, 0, 'Direct'),
(450, 90, 1032, '<p><br></p>', 68, '2.96', '201.00', 68, 0, 'Direct'),
(451, 90, 1030, '<p>-</p>', 184, '0.35', '65.00', 184, 0, 'Direct'),
(452, 90, 1031, '<p>-</p>', 160, '0.75', '120.00', 160, 0, 'Direct'),
(453, 91, 1033, '<p>-</p>', 358, '0.31', '112.00', 358, 0, 'Direct'),
(454, 91, 1034, '<p>-</p>', 322, '0.52', '168.00', 322, 0, 'Direct'),
(455, 91, 1035, '<p>-</p>', 804, '0.35', '285.00', 804, 0, 'Direct'),
(456, 91, 1036, '<p>-</p>', 665, '0.17', '112.00', 665, 0, 'Direct'),
(457, 91, 1037, '<p>-</p>', 91, '1.75', '159.00', 91, 0, 'Direct'),
(458, 8, 606, 'Pump Model : T3ST 45/42\r\n120 LPM at 40kg/cm2\r\n\r\n\r\nNote :\r\nInterchangeable with Sr. No. 1549075-3041', 1, '130000.00', '130000.00', 1, 0, 'Direct'),
(459, 61, 1193, 'Complete Mechanical Seal Type : HJ97 Size : 35mm\r\nFace : Sic/Sic/316/TTV for CCR 32 / 125 Spring Fitted\r\nNOTE : As per last supply vide Challan No.61/58/2016/17\r\ndate 4/5/2016', 1, '5910.00', '5910.00', 1, 0, 'Direct'),
(469, 94, 589, '<p>Mounted &nbsp;: Foot Mounted&nbsp;</p><p>Frame Size : 90L&nbsp;</p>', 2, '18450.00', '36900.00', 2, 250, 'Direct'),
(470, 92, 1314, '<p>Complete Mechanical Seal Type LS-3012 Size: 30mm</p><p>Face: Carbon/Solid Silicon/EPDM for Johnson make</p><p>FRE 40 170 R6 Pump &nbsp;Liquid: Spent Wash</p>', 1, '1975.00', '1975.00', 1, 250, 'Direct'),
(471, 86, 1233, '<p><span style="font-weight: bold; text-decoration-line: underline; font-family: Arial;">Water Ring Vacuum Pump with Accessories&nbsp;</span></p><p>Model &nbsp;: &nbsp;Size : 043</p><p>Capacity : &nbsp;400m3/hr &nbsp; &nbsp; &nbsp; &nbsp; &nbsp; &nbsp; &nbsp; &nbsp; &nbsp; &nbsp; &nbsp; &nbsp; &nbsp; &nbsp; &nbsp; &nbsp; &nbsp; &nbsp; &nbsp; &nbsp; Pump Speed : 1440 RPM</p><p>Maximum Vacuum : 680 mm Hg &nbsp; &nbsp; &nbsp; &nbsp; &nbsp; &nbsp; &nbsp; &nbsp; Type of Drive : Direct Couple&nbsp;</p><p>Seal Water Req. &nbsp;: 20 LPM at 1kg/cm2 &nbsp; &nbsp; Gland Packing &nbsp;: Stuffing Box Type&nbsp;<br></p><p>Recommended Motor : &nbsp;15 HP / 1440 RPM<br></p><p>Accessories : &nbsp;Vacuum Gauge, Set of Drain Cock , Seal water control Cock , Exhaust silencer Cum water Separator -MS Fab,</p><p>Suction Header - Ms Fab, Discharge Header - Ms Fab, Set of Coupling , coupling Guard</p>', 1, '45900.00', '45900.00', 0, 150, 'Direct'),
(473, 83, 649, '<p>Model &nbsp;: &nbsp;NSRP 50 (Impeller Dia 158S MM )&nbsp;</p><p>Head &nbsp;: &nbsp;18 meters &nbsp;</p><p>Flow &nbsp;: 18m3/hr</p><p>Sealing : Mechanical Seal&nbsp;</p><p>Suc. * Dis. &nbsp;: &nbsp;50 * 40 mm</p><p>Liquid : &nbsp; Light Acid</p><p>Motor &nbsp;: 5 HP / 2900 RPM</p><p>Impeller &nbsp;: Semi Open</p><p>Moc : Wetted Parts PP </p><p><br></p><p>Scope of supply :</p><p>Pump with Base Frame, Coupling ,Coupling Guard ,</p><p>Fasteners .&nbsp;</p>', 1, '18500.00', '18500.00', 0, 0, 'Direct'),
(474, 95, 1309, '<p>GI Bolt 10x40mm</p>', 124, '2.10', '260.00', 124, 0, 'Direct'),
(475, 95, 1024, '<p>GI Bolt 12x35mm</p>', 152, '2.01', '305.00', 152, 0, 'Direct'),
(476, 95, 1310, '<p>GI Bolt 12x40mm</p>', 77, '2.38', '183.00', 77, 0, 'Direct'),
(477, 95, 1311, '<p>GI Bolt 16x80mm</p>', 14, '16.57', '232.00', 14, 0, 'Direct'),
(478, 96, 627, '<p><span style="font-weight: bold; text-decoration-line: underline;">Tushaco Pump R50 SL (H) Identical to sr. no. 117004/7725</span></p><p>Model : R 50 SL (H) (Without Relief Valve )</p><p>Flow : 255 LPM</p><p>Pressure : 3kg./cm2</p><p>Sealing : Gland Packing</p><p>Suc.* Dis. : 2 X 2 </p><p>Liquid : Molasses</p><p>Power : 3 HP / 1000 RPM</p><p>Earlier Ref. : Ok.no.117004</p><p><span style="font-weight: bold; text-decoration-line: underline;">Last SO Number : 1591632/3016</span></p>', 1, '9500.00', '9500.00', 0, 160, 'Direct'),
(479, 93, 1222, '<p>Complete Mechanical Seal Type LS-101-0 Size: 38mm</p><p>Face: Carbon/Silicon / Viton with &amp; S.S. Sleeve for Johnson </p><p>CCR - 32/160 Pump</p>', 1, '4300.00', '4300.00', 1, 250, 'Direct'),
(480, 97, 1332, '<p>Complete Double Mechanical Seal Type LS-101-0 Size: 1.750</p><p>Face: Carbon/Silicon (IB) &amp; Face: Carbon/Silicon (OB) with</p><p>S.S. Gland Plate as per Plan 11 &amp; S.S. Sleeve for Johnson</p><p>make CCR-200/200 R6 S2 L3 Pump&nbsp;</p><p>Liquid: Water</p>', 2, '10800.00', '21600.00', 2, 230, 'Direct'),
(543, 87, 1205, '<p>Impeller P-8 CL 120mm / 16-120HP - Moc : High Chrome UMO : EA &nbsp;Sr. No. : CLA150007</p>', 3, '79803.67', '239411.01', 0, 1, 'Direct'),
(544, 87, 1199, '<p>Impeller P-8 CL-25J 16-25HP Moc : High Chrome UMO : Sr.No. CLK140003</p>', 2, '37756.50', '75513.00', 0, 30, 'Direct'),
(545, 87, 1198, '<p>Plate Suction P-06A CL -120mm /16-: Moc : SS 410 UMO : EA &nbsp;Sr.No. CLA150007</p>', 1, '52889.00', '52889.00', 0, 30, 'Direct'),
(546, 87, 1202, '<p>Casing &nbsp;for CL 120mm/16 120HP Pump &nbsp;-Moc High Chrome Part No. 05</p>', 1, '161870.00', '161870.00', 0, 30, 'Direct'),
(547, 87, 1200, '<p>Casing for CL 25J/16 &nbsp;25HP Pump -Moc High Chrome Part No. 05&nbsp;</p>', 1, '91611.00', '91611.00', 0, 30, 'Direct'),
(548, 87, 1201, '<p>Casing for CL 30J/16 30HP Pump -Moc High Chrome Part No. 05&nbsp;</p><p>Note : &nbsp;1,71,213/- will be settled through credit note. <span style="font-family: &quot;Open Sans&quot;, sans-serif; font-size: 12px;">Complete material to be shipped in single bill. &nbsp;( Single Delivery only accepted by customer )</span></p>', 1, '98658.00', '98658.00', 0, 30, 'Direct'),
(549, 100, 1145, '<p>Frame Size : 112L</p><p>Mounting : Foot Mounted</p>', 1, '30585.00', '30585.00', 0, 200, 'Direct'),
(551, 99, 1318, '<p>Complete Mechanical Seal Type LS -101 -O Size : 1.3/8"&nbsp;</p><p>Face : carbon / Solid Silicon /Q'' Flas with S.S. Gland Plate &amp; S.S Sleeve </p><p>for Johnson CN 50 /160 Pump Appl. Clear Hot water&nbsp;</p><p>Note : Kindly supply as per last supply vide challan No. 390/464/2016-17 date : 10-10-2016</p>', 2, '7950.00', '15900.00', 2, 200, 'Direct'),
(552, 102, 1346, '<p>Size 12*22*7</p><p><br></p>', 10, '11.00', '110.00', 10, 0, 'Direct'),
(556, 103, 1358, '<p><br></p>', 3050, '0.31', '952.75', 3050, 0, 'Direct'),
(558, 104, 603, '<p>Pressure &nbsp;: &nbsp;upto 8 kg</p><p>Capacity &nbsp;: 177 LPM&nbsp;</p><p>Suc*Dis. &nbsp;: &nbsp;1.5"&nbsp;</p><p>Sealing : Mechanical Seal&nbsp;</p><p>Power &nbsp;: 7.5HP / 1500RPM&nbsp;</p><p>Liquid : &nbsp;LDO&nbsp;</p><p><br></p>', 1, '18140.00', '18140.00', 0, 150, 'Direct'),
(561, 106, 931, '<p>Pump Model : &nbsp;S 630&nbsp;</p><p>Power : 6.5HP / 2900RPM</p><p>Capacity Range &nbsp;: &nbsp;0 to 17.50 LPS</p><p>Head Range : 0 to 32 mtrs&nbsp;</p><p>Delivery outlet : 65mm&nbsp;</p><p>Type of starting : DOL&nbsp;</p><p>Cable size &nbsp;: 1 * 3 * 1.5&nbsp;</p><p>Pump with 5mtrs Cable&nbsp;</p><p>Note : Rs. 500 per pump will be settled through credit note .&nbsp;</p>', 25, '14150.00', '353750.00', 0, 150, 'Direct'),
(562, 105, 1359, '<p>Mounted : &nbsp;Flame Proof Foot Mounted&nbsp;</p><p>Frame Size &nbsp;: &nbsp;132 S&nbsp;</p>', 1, '56820.00', '56820.00', 0, 200, 'Direct'),
(564, 108, 1334, '<p>CCR 40C 200 R6 S2 L3&nbsp;</p>', 3, '36865.00', '110595.00', 0, 200, 'Direct'),
(565, 109, 1340, '<p>CN 150 400 With Siemens Make Motor 75 HP 1450 RPM IE3&nbsp;</p><p>Impeller Dia . 382 mm&nbsp;</p><p>Frame Size &nbsp;: 250M</p><p><br></p>', 1, '240000.00', '240000.00', 0, 200, 'Direct'),
(569, 107, 1368, '<p>Spares : Top &amp; Shield&nbsp;</p><p>Pump Model : T 2003H</p>', 1, '14545.00', '14545.00', 0, 250, 'Direct'),
(570, 110, 1223, '<p>Spares : Rotating Assembly&nbsp;</p><p>Pump Model : &nbsp;CCR 40 200 R6L M2 L3&nbsp;</p>', 1, '62625.00', '62625.00', 0, 250, 'Direct'),
(571, 101, 1347, '<p class="MsoNormal"><span style="font-size: 10pt; font-family: Calibri, sans-serif; color: black;">Length :&nbsp; 4'' x\r\n8'' approx.&nbsp;&nbsp;<o:p></o:p></span></p><p class="MsoNormal"><span style="font-size:10.0pt;font-family:&quot;Calibri&quot;,sans-serif;mso-ascii-theme-font:\r\nminor-latin;mso-hansi-theme-font:minor-latin;color:black"><span class="msoIns"><ins>Hole\r\nSize&nbsp; : 10 mm Square </ins></span></span><span style="font-size:10.0pt;\r\nfont-family:&quot;Calibri&quot;,sans-serif;mso-ascii-theme-font:minor-latin;mso-hansi-theme-font:\r\nminor-latin"><span class="msoIns"><ins><o:p></o:p></ins></span></span></p><p class="MsoNormal"><span style="font-size:10.0pt;font-family:&quot;Calibri&quot;,sans-serif;mso-ascii-theme-font:\r\nminor-latin;mso-hansi-theme-font:minor-latin;color:black"><span class="msoIns"><ins>Moc\r\n:&nbsp; SS 316 </ins></span></span><span style="font-size:10.0pt;font-family:\r\n&quot;Calibri&quot;,sans-serif;mso-ascii-theme-font:minor-latin;mso-hansi-theme-font:\r\nminor-latin"><span class="msoIns"><ins><o:p></o:p></ins></span></span></p><p>\r\n\r\n\r\n\r\n\r\n\r\n</p><p class="MsoNormal"><span style="font-size:10.0pt;font-family:&quot;Calibri&quot;,sans-serif;mso-ascii-theme-font:\r\nminor-latin;mso-hansi-theme-font:minor-latin;color:black"><span class="msoIns"><ins>Thickness\r\n:&nbsp; 1 MM</ins></span><o:p></o:p></span></p>', 32, '300.00', '9600.00', 0, 200, 'Direct'),
(583, 111, 963, 'Pump Model : CCR 25 160 &nbsp;R6 S2 L3&nbsp;<br>', 2, '1876.50', '3753.00', 0, 50, 'Direct'),
(584, 111, 764, '<p>Pump Model : KGEN 12 5 &nbsp;G1&nbsp;</p>', 10, '219.10', '2191.00', 0, 50, 'Direct'),
(585, 111, 1337, '<p>Pump Model : CN 200 250 G1 S2 L3&nbsp;</p>', 2, '8044.00', '16088.00', 0, 50, 'Direct'),
(586, 113, 1238, '<p>CCR 80 250 R6 S2 L3&nbsp;</p>', 1, '14777.00', '14777.00', 0, 0, 'Direct'),
(587, 113, 1240, '<p>CCR 80 250 R6 S2 L3&nbsp;<br></p>', 1, '3420.00', '3420.00', 0, 0, 'Direct'),
(588, 113, 1247, '<p>CCR 80 250 R6 S2 L3&nbsp;<br></p>', 1, '26.00', '26.00', 0, 0, 'Direct'),
(589, 113, 1253, '<p>CCR 80 250 R6 S2 L3&nbsp;<br></p>', 2, '44.00', '88.00', 0, 0, 'Direct'),
(590, 113, 1250, '<p>CCR 80 250 R6 S2 L3&nbsp;<br></p>', 2, '133.00', '266.00', 0, 0, 'Direct'),
(591, 113, 1245, '<p>CCR 80 250 R6 S2 L3&nbsp;<br></p>', 1, '9757.00', '9757.00', 0, 0, 'Direct'),
(607, 98, 628, '<p>Model : R 100 SL (H)&nbsp;</p><p>Size : 80 X 80 mm</p><p>Flow : &nbsp;25m3/hr(400Lpm) @ 68 cst 3kg/cm2</p><p>Head &nbsp;: &nbsp;30mtrs&nbsp;</p><p>Liquid &nbsp;: Sodium Silicate&nbsp;</p><p><br></p><p><br></p>', 1, '21800.00', '21800.00', 0, 150, 'Direct'),
(609, 116, 1338, '<p>Head &nbsp;: &nbsp;14 mtrs&nbsp;</p><p>Flow &nbsp;: 250LPM at 9 mtrs Head&nbsp;</p><p>Liquid : &nbsp;Rain water 20% : Slurry 80%</p><p>Motor Power : &nbsp;1HP /2900RPM ( Single Phase )&nbsp;</p><p>Dis. Size : 50mm&nbsp;</p><p>Solid Size Handling : 40mm&nbsp;</p><p>Pump set with 5 meters cable and starter unit </p><p>Rs. &nbsp;5,400/- will be settled through credit note . &nbsp;<br></p>', 1, '18000.00', '18000.00', 0, 150, 'Direct'),
(610, 114, 977, '<p>Spares : Casing &nbsp;Pump Model : &nbsp;WV 01L/ 40</p><p>Moc : CI&nbsp;</p>', 1, '4709.00', '4709.00', 0, 30, 'Direct'),
(611, 114, 1364, '<p>Spares : Impeller Pump Model : WV 01L /40&nbsp;</p><p>Moc: SS 410&nbsp;</p>', 1, '2109.00', '2109.00', 0, 30, 'Direct'),
(612, 114, 1366, '<p>Spares : Basestand &nbsp;Pump Model : WV 01L /40&nbsp;</p><p>Moc: CI&nbsp;</p>', 1, '1899.00', '1899.00', 0, 30, 'Direct'),
(630, 115, 958, '<p>Head : 16 mtrs&nbsp;</p><p>Flow : 500 LPM</p><p>Power : 3.70KW / 2980RPM&nbsp;</p><p>Out let &nbsp;: 80mm</p><p>Solid Size &nbsp;: &nbsp;35mm</p><p>Scope of supply :-&nbsp;<br></p><p>Note : Pump to be supplied with 10mtrs cable&nbsp;</p>', 1, '46342.00', '46342.00', 0, 150, 'Direct'),
(641, 76, 1228, '<p>Power &nbsp; &nbsp; &nbsp;: 5 HP / 2900 RPM</p><p>Head &nbsp; &nbsp; &nbsp; &nbsp; : &nbsp;41 mtrs Max&nbsp;</p><p>Flow &nbsp; &nbsp; &nbsp; &nbsp; &nbsp;: &nbsp;12m3/hr @ 24mtrs Head </p><p>Dis. Size &nbsp;: 50mm </p><p>Liquid &nbsp; &nbsp; &nbsp; : &nbsp;Water &nbsp;</p><p>Pump with 5 meters cable &nbsp;<br></p><p><br></p>', 4, '20181.00', '80724.00', 0, 150, 'Direct'),
(642, 118, 927, '<p>CCR 32 160 R6 S2 L3 &nbsp;With&nbsp;&nbsp;BBL Motor &nbsp;5HP 2900RPM IE3</p><p>Frame Size : 100L&nbsp;</p>', 7, '42500.00', '297500.00', 0, 50, 'Direct'),
(643, 118, 930, '<p>CCR 40 160 With BBL Motor 7.5HP / 2900 RPM IE3&nbsp;</p><p>Frame Size &nbsp;: 132 S</p>', 3, '49000.00', '147000.00', 0, 50, 'Direct'),
(662, 117, 1367, '<p>Pump Model : &nbsp;NZRP 50 200</p><p>Moc : PP&nbsp;</p>', 1, '5000.00', '5000.00', 0, 10, 'Direct'),
(663, 117, 1369, '<p>Pump Model : NZRP &nbsp;50 200&nbsp;</p><p>Moc : PP Semi Open</p>', 1, '4000.00', '4000.00', 0, 10, 'Direct'),
(664, 117, 1365, '<p>Pump Model : NZRP 50 200</p><p>Moc: FKM&nbsp;</p>', 1, '1100.00', '1100.00', 0, 10, 'Direct'),
(665, 117, 1370, '<p>Pump Model : NZRP 50 200&nbsp;</p><p>Moc : PP&nbsp;</p>', 2, '1500.00', '3000.00', 0, 10, 'Direct'),
(666, 117, 1371, '<p>Spares : &nbsp;Rotary Seal Ring TBR</p><p>Pump Model : NZK 50*32*125 TBR V1J</p>', 1, '9000.00', '9000.00', 1, 10, 'Direct'),
(667, 9, 606, 'Model  : T3ST 45/42\r\n120 LPM at 40kg/cm2\r\n\r\nSr. No.  1594982/2672', 2, '120000.00', '240000.00', 2, 0, 'Direct'),
(696, 49, 1102, 'Positive Spares Model : PL 2017', 2, '731.00', '1462.00', 2, 0, 'Direct'),
(697, 49, 1101, 'Positive Spares Model : PL 2017', 2, '2475.00', '4950.00', 2, 0, 'Direct'),
(698, 49, 1103, 'Positive Spares Model : PL 2017', 4, '506.00', '2024.00', 4, 0, 'Direct'),
(699, 49, 1104, 'Positive Spares Model : PL 2017', 2, '168.00', '336.00', 2, 0, 'Direct'),
(700, 49, 1105, 'Positive Spares Model : PL 2017', 2, '168.00', '336.00', 2, 0, 'Direct'),
(701, 49, 1106, 'Positive Spares Model : PL 2017', 2, '168.00', '336.00', 2, 0, 'Direct'),
(702, 49, 1107, 'Positive Spares Model : PL 2017', 2, '196.00', '392.00', 2, 0, 'Direct'),
(703, 49, 1108, 'Positive Spares Model : PL 2017', 2, '196.00', '392.00', 2, 0, 'Direct'),
(704, 49, 1109, 'Positive Spares Model : PL 2017\r\nNote : 20 % discount amount will be settled through\r\ncredit note separately.', 2, '3150.00', '6300.00', 2, 0, 'Direct'),
(705, 49, 1110, '<p>Positive Spares Model : PL 2017 Note : 20 % discount amount will be settled through credit note separately.<br></p>', 2, '1237.00', '2474.00', 2, 0, 'Direct'),
(706, 49, 1099, '<p>Positive Spares Model : PL 2017 Note : 20 % discount amount will be settled through credit note separately.<br></p>', 2, '393.00', '786.00', 2, 0, 'Direct'),
(707, 49, 1111, '<p>Positive Spares Model : PL 2017 Note : 20 % discount amount will be settled through credit note separately.<br></p>', 2, '3600.00', '7200.00', 2, 0, 'Direct'),
(708, 49, 1096, '<p>Capacity 0 to 65 LPH , Pressure : 55kg/cm2</p><p>Scope of supply : Pump with , Base frame, coupling, coupling guard&nbsp;</p>', 2, '18750.00', '37500.00', 2, 0, 'Direct'),
(709, 50, 929, '<p>Pump Model : CN 100 400&nbsp;</p>', 1, '46396.00', '46396.00', 0, 200, 'Direct'),
(711, 119, 731, '<p>CCR 32 160&nbsp;</p>', 2, '37002.00', '74004.00', 0, 0, 'Direct'),
(712, 119, 702, '<p>CN 40 160&nbsp;</p>', 2, '12475.00', '24950.00', 0, 0, 'Direct'),
(713, 119, 703, '<p>CN 50 160&nbsp;</p>', 2, '12764.00', '25528.00', 0, 0, 'Direct'),
(714, 112, 627, '<p>Packing &nbsp;: Gland Packing&nbsp;</p><p>Moc : CI&nbsp;</p>', 1, '16390.00', '16390.00', 0, 200, 'Direct'),
(718, 121, 570, '<p>Frame Size &nbsp;: 100L</p><p>Mounting : Foot Mounted&nbsp;</p>', 1, '20990.00', '20990.00', 0, 230, 'Direct'),
(719, 120, 1222, '<p>Complete Mechanical Seal Type LS -102 -N- Size : 35mm&nbsp;</p><p>Face :Silicon/Silicon with S.S. Gland Plate &amp; SS Sleeve for Johnson</p><p>make CCR 32 / 160 Pump Liquid : Clear water&nbsp;</p><p>Note : &nbsp;Seal with Shaft Sleeve ,Seal Cover &nbsp;: 2 set&nbsp;</p>', 2, '7950.00', '15900.00', 0, 200, 'Direct'),
(747, 126, 1383, '<p>Model :&nbsp;<span style="font-family: Calibri, sans-serif; font-size: 11pt;">NSRP\r\n40 TBG V1J (Semi Open Impeller )&nbsp;</span></p><p><span style="font-family: Calibri, sans-serif; font-size: 11pt;">Head &nbsp;: 7 meters&nbsp;</span></p><p><span style="font-family: Calibri, sans-serif; font-size: 11pt;">Flow : 7m3/hr</span></p><p><span style="font-family: Calibri, sans-serif; font-size: 11pt;">Size : 40*40 mm&nbsp;</span></p><p><span style="font-family: Calibri, sans-serif; font-size: 11pt;">Motor Power : 1HP /2900RPM</span></p><p><span style="font-family: Calibri, sans-serif; font-size: 14.6667px;">Scope of supply :</span><br></p><p><span style="font-family: Calibri, sans-serif; font-size: 14.6667px;">Pump with Base Frame, Coupling , Coupling Guard</span></p><p><span style="font-family: Calibri, sans-serif; font-size: 14.6667px;">, Fasteners .</span></p>', 1, '17500.00', '17500.00', 0, 150, 'Direct'),
(748, 125, 1378, '<p>Spares : Split Gland&nbsp;</p><p>CN 65 160 G1 S2 L3&nbsp;</p>', 15, '320.00', '4800.00', 0, 0, 'Direct'),
(749, 125, 1379, '<p>Spares : Bearing Housing&nbsp;</p><p>CN 65 160 G1 S2 L3&nbsp;</p>', 1, '3271.00', '3271.00', 0, 0, 'Direct'),
(755, 127, 796, '<p>Spares : CI Casing KGEN 12 6&nbsp;</p>', 3, '6776.00', '20328.00', 0, 250, 'Direct'),
(760, 124, 1385, '<p>Spares : &nbsp;CI Impeller &nbsp;</p><p>CN 150 315 G1 S2 L3&nbsp;</p>', 1, '6660.00', '6660.00', 0, 20, 'Direct'),
(761, 124, 1386, '<p>Spares : CI Stuffing Box</p><p>CN 150 315 G1 S2 L3&nbsp;<br></p>', 1, '5526.00', '5526.00', 0, 20, 'Direct'),
(762, 124, 1387, '<p>Spares : Lock Nut&nbsp;</p><p>CN 150 315 G1 S2 L3&nbsp;<br></p>', 6, '302.33', '1813.98', 0, 20, 'Direct'),
(763, 124, 765, '<p>Spares : CI Valve Assembly KGEN 15 6&nbsp;</p>', 7, '207.86', '1455.02', 0, 20, 'Direct'),
(764, 128, 755, '<p>Mechanical Seal for Johnson Pump Size : 16 mm</p><p>Face : Carban / Ceramic/ EPDM for Stork Pump</p>', 15, '425.00', '6375.00', 0, 200, 'Direct'),
(766, 129, 1314, '<p>Complete Mechanical Seal Type LS-101-W Size:30mm</p><p>Face: Carbon/Solid Silicon/PTFE (G-60) suitable for</p><p>Johnson CCR-25/160 Pump Appl.: Hazard Waste</p>', 2, '3950.00', '7900.00', 0, 200, 'Direct'),
(767, 55, 1413, 'CN 80 200 G2 S2 L1 ', 1, '20150.00', '20150.00', 1, 0, 'Direct'),
(768, 55, 969, 'Mechanical seal MG12 /Sic / Sic / 316 / Viton for Caustic\r\nConversion Kit / API Plan 11\r\n', 1, '46249.00', '46249.00', 0, 0, 'Direct'),
(770, 123, 1390, '<p>CN 100 250 G1 S2 L1&nbsp;</p>', 1, '26106.00', '26106.00', 0, 250, 'Direct'),
(771, 122, 731, '<p>Model : &nbsp;CCR 32 160 R6 S2 L3</p>', 2, '37002.00', '74004.00', 0, 250, 'Direct');

-- --------------------------------------------------------

--
-- Table structure for table `purchase_returns`
--

CREATE TABLE IF NOT EXISTS `purchase_returns` (
  `id` int(10) NOT NULL AUTO_INCREMENT,
  `invoice_booking_id` int(10) NOT NULL,
  `created_on` date NOT NULL,
  `company_id` int(10) NOT NULL,
  `created_by` int(10) NOT NULL,
  `voucher_no` int(10) NOT NULL,
  `purchase_ledger_account` int(10) NOT NULL,
  `vendor_id` int(10) NOT NULL,
  PRIMARY KEY (`id`)
) ENGINE=InnoDB DEFAULT CHARSET=latin1 AUTO_INCREMENT=1 ;

-- --------------------------------------------------------

--
-- Table structure for table `purchase_return_rows`
--

CREATE TABLE IF NOT EXISTS `purchase_return_rows` (
  `id` int(11) NOT NULL AUTO_INCREMENT,
  `purchase_return_id` int(10) NOT NULL,
  `item_id` int(11) NOT NULL,
  `quantity` int(11) NOT NULL,
  `vat_per_item` decimal(15,5) NOT NULL,
  PRIMARY KEY (`id`)
) ENGINE=InnoDB DEFAULT CHARSET=latin1 AUTO_INCREMENT=1 ;

-- --------------------------------------------------------

--
-- Table structure for table `quotations`
--

CREATE TABLE IF NOT EXISTS `quotations` (
  `id` int(11) NOT NULL AUTO_INCREMENT,
  `customer_id` int(10) NOT NULL,
  `customer_address` text NOT NULL,
  `employee_id` int(10) NOT NULL,
  `item_group_id` int(10) NOT NULL,
  `finalisation_date` date NOT NULL,
  `customer_for_attention` varchar(100) NOT NULL,
  `customer_contact_no` varchar(200) NOT NULL,
  `enquiry_no` varchar(200) NOT NULL,
  `subject` varchar(200) NOT NULL,
  `text` text NOT NULL,
  `additional_note` text NOT NULL,
  `terms_conditions` text NOT NULL,
  `total` decimal(15,2) NOT NULL,
  `status` varchar(100) NOT NULL DEFAULT 'Pending',
  `company_id` int(10) NOT NULL,
  `qt1` varchar(10) NOT NULL,
  `qt2` int(10) NOT NULL,
  `qt3` varchar(10) NOT NULL,
  `qt4` varchar(10) NOT NULL,
  `created_by` int(10) NOT NULL,
  `edited_by` int(10) NOT NULL,
  `created_on` date NOT NULL,
  `edited_on` date NOT NULL,
  `reason` varchar(200) NOT NULL,
  `closing_date` date NOT NULL,
  `revision` int(10) NOT NULL,
  `quotation_id` int(10) NOT NULL,
  `pdf_font_size` varchar(10) NOT NULL DEFAULT '16px',
  PRIMARY KEY (`id`)
) ENGINE=InnoDB  DEFAULT CHARSET=latin1 AUTO_INCREMENT=135 ;

--
-- Dumping data for table `quotations`
--

INSERT INTO `quotations` (`id`, `customer_id`, `customer_address`, `employee_id`, `item_group_id`, `finalisation_date`, `customer_for_attention`, `customer_contact_no`, `enquiry_no`, `subject`, `text`, `additional_note`, `terms_conditions`, `total`, `status`, `company_id`, `qt1`, `qt2`, `qt3`, `qt4`, `created_by`, `edited_by`, `created_on`, `edited_on`, `reason`, `closing_date`, `revision`, `quotation_id`, `pdf_font_size`) VALUES
(1, 55, 'SP-923, RICCO Phase-III, \r\nP.O.Bhiwadi-301019', 15, 4, '2017-03-28', 'Mr. Manoj Gupta ', '8058998578', 'Your varbel enquiry dated 01.03.2017', 'Submersible Sewage pump Offer', 'With reference to above enquiry we are pleased to submit our quote as follows :-', '', '<ol><li>Price Basis &nbsp;&nbsp;&nbsp;&nbsp;&nbsp;&nbsp;&nbsp;&nbsp;&nbsp;&nbsp;&nbsp;&nbsp;&nbsp;&nbsp;&nbsp;&nbsp;&nbsp;&nbsp;&nbsp;&nbsp;&nbsp;&nbsp;&nbsp;&nbsp;&nbsp;&nbsp;&nbsp;&nbsp;&nbsp;&nbsp;&nbsp;&nbsp;: Ex-Our Works Udaipur</li><li>Packing &amp; Forwarding &nbsp;&nbsp;&nbsp;&nbsp;&nbsp;&nbsp;&nbsp;&nbsp;: Extra @ 2%</li><li>Sales Tax &nbsp;&nbsp;&nbsp;&nbsp;&nbsp;&nbsp;&nbsp;&nbsp;&nbsp;&nbsp;&nbsp;&nbsp;&nbsp;&nbsp;&nbsp;&nbsp;&nbsp;&nbsp;&nbsp;&nbsp;&nbsp;&nbsp;&nbsp;&nbsp;&nbsp;&nbsp;&nbsp;&nbsp;&nbsp; &nbsp; &nbsp; &nbsp; &nbsp;: Vat Extra @ 5.5% </li><li>Excise Duty : Extra as applicable</li><li>Delivery : Within 2 to 3 weeks from date of receipt of Techno-Commercially Clear PO.</li><li>Freight &amp; Insurance : In Buyers account. In case of transit damage you will have to claim from your insurance company.</li><li>Payment : Strictly within 30 days of receipt of material else interest will be charged @ 18 % p.a. for delayed period.</li><li style="text-align: justify; ">Warranty : For Pump &amp; Motors\r\nStandard as provided by manufacturer to be free from defects in both material &amp; workmanship for a period of 12 months from date of installation or 18 months from date of supply whichever is earlier. Provided the Motor/Pump is installed as per instructions. We shall not be liable for any loss and or consequential damages due to breakdown of the equipment either for repair purpose or otherwise. Winding failures is not covered under warranty. \r\nFor Spare\r\nOnly Interchange ability with original equipment is confirmed and any manufacturing defect is covered.</li><li>Discount :  @ 5%</li><li>Validity :30 Days.</li></ol>', '99000.00', 'Pending', 25, 'STL', 1, 'BE-2839', '16-17', 16, 0, '2017-03-18', '0000-00-00', '', '0000-00-00', 0, 1, '16px'),
(2, 5, '(Formerly Indo Zinc Ltd)\r\n(A Subsidiary of The India Cements Ltd)\r\nPost Wajwana\r\nBanswara -327025', 11, 1, '2017-04-12', 'Mr. Jitendra Sharma', '0296230151', 'Email Inquiry', 'Offer for JOHNSON make Pump', 'We thank you for your enquiry for Water Transfer pump  and we being authorised dealers for JOHNSON Pumps for State of Rajasthan are pleased to submit an offer as under :\r\n', 'Scope of Supply: Bare Pump', '<p>Price Basis : Ex-Our Works Udaipur</p><p>Packing &amp; Forwarding : Inclusive</p><p>Sales Tax : Vat Extra @ 5.5% </p><p>Excise Duty : Extra as applicable</p><p>Delivery : Within 6 to 8 weeks from date of receipt of Techno-Commercially Clear PO.</p><p>Freight &amp; Insurance : In Buyers account. In case of transit damage you will have to claim from your insurance company.</p><p>Payment : Strictly within 7 days of receipt of material else interest will be charged @ 18 % p.a. for delayed period.</p><p>Warranty : For Pump &nbsp;Standard As Provided By Manufacturer To Be Free From Defects In Both Material &amp; Workmanship For A Period Of 12 Months From Date Of Installation Or 18 Months From Date Of Supply Whichever Is Earlier. Provided The Motor/Pump Is Installed As Per Instructions. We Shall Not Be Liable For Any Loss And Or Consequential Damages Due To Breakdown Of The Equipment Either For Repair Purpose Or Otherwise.&nbsp;</p><p>Validity : 30 Days.</p>', '52500.00', 'Converted Into Sales Order', 25, 'STL', 2, 'BE-2977', '16-17', 11, 0, '2017-03-25', '0000-00-00', '', '0000-00-00', 0, 2, '16px'),
(3, 36, 'Post Box No 35\r\nLNJ Nagar , Mordi\r\nBanswara ( Raj)', 4, 26, '2017-04-15', 'Mr. R/Nilesh Shah', '9982232902', 'Indent 7464 /7498', 'Offer for Johnson Pump with motor', 'With reference to above enquiry we are pleased to submit our quote as follows :-', 'Scope of Supply: \r\nPump with IE2 three phase  BBL / REMI make motor with coupling, \r\ncoupling guard, Foundation Bolt ,Base frame duly assemble.\r\n', '<p>Price Basis : Ex-Our Works Udaipur</p><p>Packing &amp; Forwarding : Extra @ 2%</p><p>Sales Tax : Vat Extra @ 5.5% </p><p>Excise Duty : Extra as applicable</p><p>Delivery : Within 2 to 3 weeks from date of receipt of Techno-Commercially Clear PO.</p><p>Freight &amp; Insurance : In Buyers account. In case of transit damage you will have to claim from your insurance company.</p><p>Payment : Strictly within 30 days of receipt of material else interest will be charged @ 18 % p.a. for delayed period.</p><p>Warranty : For Pump &amp; Motors\r\nStandard As Provided By Manufacturer To Be Free From Defects In Both Material &amp; Workmanship For A Period Of 12 Months From Date Of Installation Or 18 Months From Date Of Supply Whichever Is Earlier. Provided The Motor/Pump Is Installed As Per Instructions. We Shall Not Be Liable For Any Loss And Or Consequential Damages Due To Breakdown Of The Equipment Either For Repair Purpose Or Otherwise. Winding Failures Is Not Covered Under Warranty. \r\nFor Spare\r\nOnly Interchange Ability With Original Equipment Is Confirmed And Any Manufacturing Defect Is Covered.</p><p>Validity : 30 Days.</p>', '129890.00', 'Pending', 25, 'STL', 3, 'BE-2681', '16-17', 4, 0, '2017-03-25', '0000-00-00', '', '0000-00-00', 0, 3, '16px'),
(4, 40, 'Pali-Marwar-306401\r\nRajastahn', 4, 26, '2017-04-12', 'Mr. Tapasvi Vaidya', '9001099411', 'Enquiry 16181', 'Offer for Johnson Pump With Motor', 'With reference to above enquiry we are pleased to submit our quote as follows :-', 'Scope of Supply :\r\nPrice for pump with REMI / BBL Make STD. Foot mounted motor,\r\nLove Joy Coupling, Coupling Guard MS Base Frame\r\n(Motorised Unit)\r\n', '<p>Price Basis : Transporter Godown Pali</p><p>Packing &amp; Forwarding : Inclusive</p><p>Sales Tax : Vat Extra @ 5.5% </p><p>Excise Duty : Extra as applicable</p><p>Delivery : Within 2 to 3 weeks from date of receipt of Techno-Commercially Clear PO.</p><p>Freight &amp; Insurance : In Buyers account. In case of transit damage you will have to claim from your insurance company.</p><p>Payment : Strictly within 30 days of receipt of material else interest will be charged @ 18 % p.a. for delayed period.</p><p>Warranty : For Pump &amp; Motors\r\nStandard As Provided By Manufacturer To Be Free From Defects In Both Material &amp; Workmanship For A Period Of 12 Months From Date Of Installation Or 18 Months From Date Of Supply Whichever Is Earlier. Provided The Motor/Pump Is Installed As Per Instructions. We Shall Not Be Liable For Any Loss And Or Consequential Damages Due To Breakdown Of The Equipment Either For Repair Purpose Or Otherwise. Winding Failures Is Not Covered Under Warranty. \r\nFor Spare\r\nOnly Interchange Ability With Original Equipment Is Confirmed And Any Manufacturing Defect Is Covered.</p><p>Discount :  @ 7.5%</p><p>Validity : 30 Days.</p>', '58500.00', 'Converted Into Sales Order', 25, 'STL', 4, 'BE-3250', '16-17', 4, 0, '2017-03-25', '0000-00-00', '', '0000-00-00', 0, 4, '16px'),
(5, 1, 'Dariba Smelter Complex\r\nRajpura Dariba Mines\r\nDist.: Rajsamand (Raj.)\r\nPin no- 313211', 4, 1, '2017-04-12', 'Debasish Chakladar', '8003097090', 'Pump for DSC', 'Offer for Johnson Pump', 'With reference to above enquiry we are pleased to submit our quote as follows :-', '  Scope of Supply: Bare Pump', '<ol><li style="text-align: justify; ">Price Basis : Ex-Our Works Udaipur</li><li style="text-align: justify;">Packing &amp; Forwarding : Inclusive</li><li style="text-align: justify;">Sales Tax : Vat Extra @ 5.5% </li><li style="text-align: justify;">Excise Duty : Extra as applicable</li><li style="text-align: justify;">Delivery : Within 6 to 8 weeks from date of receipt of Techno-Commercially Clear PO.</li><li style="text-align: justify;">Freight &amp; Insurance : In Buyers account. In case of transit damage you will have to claim from your insurance company.</li><li style="text-align: justify;">Payment : Strictly within 30 days of receipt of material else interest will be charged @ 18 % p.a. for delayed period.</li><li style="text-align: justify;">Warranty : For Pump &amp; Motors\r\nStandard As Provided By Manufacturer To Be Free From Defects In Both Material &amp; Workmanship For A Period Of 12 Months From Date Of Installation Or 18 Months From Date Of Supply Whichever Is Earlier. Provided The Motor/Pump Is Installed As Per Instructions. We Shall Not Be Liable For Any Loss And Or Consequential Damages Due To Breakdown Of The Equipment Either For Repair Purpose Or Otherwise. Winding Failures Is Not Covered Under Warranty. \r\nFor Spare\r\nOnly Interchange Ability With Original Equipment Is Confirmed And Any Manufacturing Defect Is Covered.</li><li style="text-align: justify;">Validity : 30 Days.</li></ol>', '123000.00', 'Pending', 25, 'STL', 5, 'BE-3251', '16-17', 16, 0, '2017-03-25', '0000-00-00', '', '0000-00-00', 0, 5, '16px'),
(6, 12, 'Sindesar Khurd Mine\r\nP.O. Dariba\r\nDistt. Rajsamand', 11, 4, '2017-04-12', 'Purva Pancholi', '8003093638', 'RFQ-PR-1610001589 & 1100100683 : Requirement of PuRFQ-PR-1610001589 & 1100100683 : Requirement of Pu', 'Offer for Darling / Johnson Pump', 'With reference to above enquiry we are pleased to submit our quote as follows :-', 'Note: Price are same as per previous supply against Purchase order for \r\nItem no 1 PO No 2000038800/4100087135 Dt. 22.02.17 \r\nItem No 2 PO No. 2000035433/4100084684 Dt. 30.09.16\r\n', '<p>Price Basis : Ex-Our Works Udaipur</p><p>Packing &amp; Forwarding : Inclusive</p><p>Sales Tax : CST Extra @ 2% against form C .</p><p>Excise Duty : Extra as applicable</p><p>Delivery : Within 8 to 10 weeks from date of receipt of Techno-Commercially Clear PO.</p><p>Freight &amp; Insurance : In Buyers account. In case of transit damage you will have to claim from your insurance company.</p><p>Payment : Strictly within 30 days of receipt of material else interest will be charged @ 18 % p.a. for delayed period.</p><p style="text-align: justify; ">Warranty : For Pump &amp; Motors\r\nStandard As Provided By Manufacturer To Be Free From Defects In Both Material &amp; Workmanship For A Period Of 12 Months From Date Of Installation Or 18 Months From Date Of Supply Whichever Is Earlier. Provided The Motor/Pump Is Installed As Per Instructions. We Shall Not Be Liable For Any Loss And Or Consequential Damages Due To Breakdown Of The Equipment Either For Repair Purpose Or Otherwise. Winding Failures Is Not Covered Under Warranty. \r\nFor Spare\r\nOnly Interchange Ability With Original Equipment Is Confirmed And Any Manufacturing Defect Is Covered.</p><p>Validity : 30 Days.</p>', '65270.00', 'Pending', 25, 'STL', 6, 'BE-3156', '16-17', 16, 0, '2017-03-25', '0000-00-00', '', '0000-00-00', 0, 6, '16px'),
(7, 33, 'Unit:-LNJ Denim\r\nPost Box No 28\r\nLNJ Nagar Mordi\r\nBanswara-327001 (Raj.)', 11, 26, '2017-04-13', 'Mr. BM Pathak', '2961131661', 'RFQ for Slef Priming PumpRFQ for Slef Priming PumpRFQ for Slef Priming Pump', 'Offer for Johnson Pump With Motor', 'With reference to above enquiry we are pleased to submit our quote as follows :-', '', '<p>Price Basis : Ex-Our  Works Udaipur .</p><p>Packing &amp; Forwarding : Inclusive</p><p>Sales Tax : Vat Extra @ 5.5%   or as applicable on date of dispatch.</p><p>Excise Duty : Extra if applicable for which we shall provide you EDGP to Claim Cenvat.</p><p>Delivery : Within 6 to 8 weeks from date of receipt of Techno-Commercially clear PO.</p><p>Freight &amp; Insurance : In Buyers account. In case of transit damage you will have to Claim from your Insurance Company.</p><p>Payment : Strictly within 15 days of receipt of material else interest will be charged @ 18 % p.a. for delayed period.</p><p>Warranty : For Pump &amp; Motors Standard as provided by manufacturer to be free from defects in both material &amp; workmanship for a period of 12 months from date of installation or 18 months from date of supply whichever is earlier. Provided the Motor/Pump is installed as per instructions. We shall not be liable for any loss and or consequential damages due to breakdown of the equipment either for repair purpose or otherwise. Winding failures is not covered under warranty.&nbsp;</p><p>Validity : 30 Days.</p>', '93400.00', 'Pending', 25, 'STL', 7, 'BE-3362', '16-17', 4, 0, '2017-03-25', '0000-00-00', '', '0000-00-00', 0, 7, '16px'),
(8, 93, 'C-17,Panchwati Colony\r\nNear Bhaskar Circle,\r\nRatanada , Jodhpur -342001', 4, 1, '2017-03-27', 'Mangesh Kawade', '7742505505', 'Enquiry for Pump', 'Offer for Johnson Pump', 'With reference to above enquiry we are pleased to submit our quote as follows :-', 'Scope of Supply : Bare Pump', '<p>Price Basis : Ex-Our Works Udaipur</p><p>Packing &amp; Forwarding : NIL</p><p>Sales Tax : Vat Extra @ 5.5% </p><p>Excise Duty : Not applicalbe</p><p>Delivery : Ready Stock</p><p>Freight &amp; Insurance : In Buyers account. In case of transit damage you will have to claim from your insurance company.</p><p>Payment : 100 % Advance at the time of Dispatch.</p><p>Warranty : For Pump &amp; Motors\r\nStandard As Provided By Manufacturer To Be Free From Defects In Both Material &amp; Workmanship For A Period Of 12 Months From Date Of Installation Or 18 Months From Date Of Supply Whichever Is Earlier. Provided The Motor/Pump Is Installed As Per Instructions. We Shall Not Be Liable For Any Loss And Or Consequential Damages Due To Breakdown Of The Equipment Either For Repair Purpose Or Otherwise. Winding Failures Is Not Covered Under Warranty. \r\nFor Spare\r\nOnly Interchange Ability With Original Equipment Is Confirmed And Any Manufacturing Defect Is Covered.</p><p>Discount :  @ 5%</p><p>Validity : 30 Days.</p>', '35540.00', 'Converted Into Sales Order', 27, 'FMSL', 1, 'BE-3247', '16-17', 4, 0, '2017-03-27', '0000-00-00', '', '0000-00-00', 0, 8, '16px'),
(9, 32, 'Power Plant\r\nLNJ Nagar\r\nVillage :Mordi\r\nBanswara-327001 (Raj.)', 11, 17, '2017-04-07', 'Mr. Parveen Rawan', '9413357059', 'Enquiry No.:  12660 dated 25-03-2017', 'Offer for Mechanical Seal of ANTICO pump', 'We thank you for your valued enquiry for spares, We being authorised dealers for ANTICO Pumps are pleased to submit our offer as under :- \r\n\r\n', 'You may placed Repeat PO as per last PO No.: L 120292 dt. : 12.06.2012 \r\n\r\n', 'Price Basis : Ex-Our  Works Udaipur .<br>Packing &amp; Forwarding : Rs. 150 &nbsp;for Courier Charges<br>Sales Tax : VAT "14.5 %   or as applicable on date of dispatch.<br>Delivery : Within 2 to 3 weeks from date of receipt of Techno-Commercially clear PO.<br>Freight &amp; Insurance : In Buyers account. In case of transit damage you will have to Claim from your Insurance Company.<br>Payment : Strictly within 15 days of receipt of material else interest will be charged @ 18 % p.a. for delayed period.<br>Warranty : For Spare\r\nOnly interchange ability with original equipment is confirmed and any manufacturing defect is covered.<br>Validity : 30 Days.<br>', '19000.00', 'Pending', 25, 'STL', 8, 'BE-2959', '16-17', 11, 0, '2017-03-28', '0000-00-00', '', '0000-00-00', 0, 9, '16px'),
(10, 53, 'United Spirits Ltd.\r\nUdaisagar Road,\r\nUdaipur-313003', 15, 1, '2017-04-18', 'Mr. Bhavesh Pandya', '2942492333', 'As per your verbal enquiry.', 'Quote for Jhonson pump.', 'With reference to above enquiry we are pleased to submit our quote as follows :-', '', 'Price Basis : Ex-Our  Works Udaipur .<br>Packing &amp; Forwarding : Extra @  %<br>Sales Tax : Vat Extra @ 5.5%   or as applicable on date of dispatch.<br>Excise Duty : Extra if applicable for which we shall provide you EDGP to Claim Cenvat.<br>Delivery : Within 2 to 3 weeks from date of receipt of Techno-Commercially clear PO.<br>Freight &amp; Insurance : In Buyers account. In case of transit damage you will have to Claim from your Insurance Company.<br>Payment : Strictly within 30 days of receipt of material else interest will be charged @ 18 % p.a. for delayed period.<br>Warranty : For Pump &amp; Motors\r\nStandard as provided by manufacturer to be free from defects in both material &amp; workmanship for a period of 12 months from date of installation or 18 months from date of supply whichever is earlier. Provided the Motor/Pump is installed as per instructions. We shall not be liable for any loss and or consequential damages due to breakdown of the equipment either for repair purpose or otherwise. Winding failures is not covered under warranty. \r\nFor Spare\r\nOnly interchange ability with original equipment is confirmed and any manufacturing defect is covered.<br>Discount :  @ % on quoted price.<br>Validity : 30 Days.<br>', '22000.00', 'Pending', 25, 'STL', 9, 'BE-2454', '16-17', 12, 0, '2017-03-28', '0000-00-00', '', '0000-00-00', 0, 10, '16px'),
(11, 65, 'Carlsberg India Pvt. Ltd.\r\nPlot# SP1 to & B5 to 8 Agro Park, M.I.A. (Extensio )\r\nAlwar-301030 (Raj.)', 15, 1, '2017-04-20', 'Mr. Amit Yadav', '8266921599', 'As per your email enquiry dated 29.11.2016', 'Qoute for johnson pump.', 'With reference to above enquiry we are pleased to submit our quote as follows :-', '', 'Price Basis : Ex-Our  Works Udaipur .<br>Packing &amp; Forwarding : Extra @  %<br>Sales Tax : Vat Extra @ 5.5%   or as applicable on date of dispatch.<br>Excise Duty : Extra if applicable for which we shall provide you EDGP to Claim Cenvat.<br>Delivery : Within 2 to 3 weeks from date of receipt of Techno-Commercially clear PO.<br>Freight &amp; Insurance : In Buyers account. In case of transit damage you will have to Claim from your Insurance Company.<br>Payment : Strictly within 30 days of receipt of material else interest will be charged @ 18 % p.a. for delayed period.<br>Warranty : For Pump &amp; Motors\r\nStandard as provided by manufacturer to be free from defects in both material &amp; workmanship for a period of 12 months from date of installation or 18 months from date of supply whichever is earlier. Provided the Motor/Pump is installed as per instructions. We shall not be liable for any loss and or consequential damages due to breakdown of the equipment either for repair purpose or otherwise. Winding failures is not covered under warranty. \r\nFor Spare\r\nOnly interchange ability with original equipment is confirmed and any manufacturing defect is covered.<br>Discount :  @ % on quoted price.<br>Validity : 30 Days.<br>', '225000.00', 'Pending', 25, 'STL', 10, 'BE-2748', '16-17', 12, 0, '2017-03-28', '0000-00-00', '', '0000-00-00', 0, 11, '16px'),
(12, 65, 'Plot# SP1 to & B5 to 8 Agro Park, M.I.A. (Extension )\r\nAlwar-301030 (Raj.)', 15, 1, '2017-04-20', 'Mr. Amit Yadav', '8266921599', 'As per your email enquiry dated 29.11.2016', 'Qoute for johnson pump.', 'With reference to above enquiry we are pleased to submit our quote as follows :-', '', '\r\n					Price Basis : Ex-Our  Works Udaipur .<br>Packing &amp; Forwarding : Extra @  %<br>Sales Tax : Vat Extra @ 5.5%   or as applicable on date of dispatch.<br>Excise Duty : Extra if applicable for which we shall provide you EDGP to Claim Cenvat.<br>Delivery : Within 2 to 3 weeks from date of receipt of Techno-Commercially clear PO.<br>Freight &amp; Insurance : In Buyers account. In case of transit damage you will have to Claim from your Insurance Company.<br>Payment : Strictly within 30 days of receipt of material else interest will be charged @ 18 % p.a. for delayed period.<br>Warranty : For Pump &amp; Motors\r\nStandard as provided by manufacturer to be free from defects in both material &amp; workmanship for a period of 12 months from date of installation or 18 months from date of supply whichever is earlier. Provided the Motor/Pump is installed as per instructions. We shall not be liable for any loss and or consequential damages due to breakdown of the equipment either for repair purpose or otherwise. Winding failures is not covered under warranty. \r\nFor Spare\r\nOnly interchange ability with original equipment is confirmed and any manufacturing defect is covered.<br>Discount :  @ % on quoted price.<br>Validity : 30 Days.<br>\r\n				', '225000.00', 'Pending', 25, 'STL', 10, 'BE-2748', '16-17', 12, 0, '2017-03-28', '0000-00-00', '', '0000-00-00', 1, 11, '16px'),
(13, 53, 'Udaisagar Road,\r\nUdaipur-313003', 15, 1, '2017-04-18', 'Mr. Bhavesh Pandya', '7742200666', 'As per your verbal enquiry.', 'Quote for Jhonson pump.', 'With reference to above enquiry we are pleased to submit our quote as follows :-', '', '<ol><li style="text-align: justify;">Price Basis : Ex-Our  Works Udaipur .</li><li style="text-align: justify;">Packing &amp; Forwarding : Extra @ 2%</li><li style="text-align: justify;">Sales Tax : Vat Extra @ 5.5%   or as applicable on date of dispatch.</li><li style="text-align: justify;">Delivery : Within 2 to 3 weeks from date of receipt of Techno-Commercially clear PO.</li><li style="text-align: justify;">Freight &amp; Insurance : In Buyers account. In case of transit damage you will have to Claim from your Insurance Company.</li><li style="text-align: justify;">Payment : Strictly within 30 days of receipt of material else interest will be charged @ 18 % p.a. for delayed period.</li><li style="text-align: justify;">Warranty : For Pump &amp; Motors\r\nStandard as provided by manufacturer to be free from defects in both material &amp; workmanship for a period of 12 months from date of installation or 18 months from date of supply whichever is earlier. Provided the Motor/Pump is installed as per instructions. We shall not be liable for any loss and or consequential damages due to breakdown of the equipment either for repair purpose or otherwise.&nbsp;</li><li style="text-align: justify;">Validity : 30 Days.</li></ol>', '22000.00', 'Pending', 25, 'STL', 9, 'BE-2454', '16-17', 15, 0, '2017-03-28', '0000-00-00', '', '0000-00-00', 1, 10, '16px'),
(14, 70, 'SPL 1, Tapukara Industrial Area, Khuskhera-301707\r\nDistt-Alwar', 15, 5, '2017-04-20', 'Mr. Shivender Pandey', '8800283377', 'As per your verbal enquiry.', 'Quote for Antico pump.', 'With reference to above enquiry we are pleased to submit our quote as follows :-', '', 'Price Basis : Ex-Our  Works Udaipur .<br>Packing &amp; Forwarding : Extra @  %<br>Sales Tax : Vat Extra @ 5.5%   or as applicable on date of dispatch.<br>Excise Duty : Extra if applicable for which we shall provide you EDGP to Claim Cenvat.<br>Delivery : Within 2 to 3 weeks from date of receipt of Techno-Commercially clear PO.<br>Freight &amp; Insurance : In Buyers account. In case of transit damage you will have to Claim from your Insurance Company.<br>Payment : Strictly within 30 days of receipt of material else interest will be charged @ 18 % p.a. for delayed period.<br>Warranty : For Pump &amp; Motors\r\nStandard as provided by manufacturer to be free from defects in both material &amp; workmanship for a period of 12 months from date of installation or 18 months from date of supply whichever is earlier. Provided the Motor/Pump is installed as per instructions. We shall not be liable for any loss and or consequential damages due to breakdown of the equipment either for repair purpose or otherwise. Winding failures is not covered under warranty. \r\nFor Spare\r\nOnly interchange ability with original equipment is confirmed and any manufacturing defect is covered.<br>Discount :  @ % on quoted price.<br>Validity : 30 Days.<br>', '50000.00', 'Pending', 25, 'STL', 11, 'BE-3255', '16-17', 12, 0, '2017-03-28', '0000-00-00', '', '0000-00-00', 0, 14, '16px'),
(15, 55, 'SP-923, RICCO Phase-III, P.O.Bhiwadi-301019', 15, 4, '2017-04-18', 'Mr. Manoj Gupta', '1493220075', 'As per your verbal enquiry.', 'Quote for Darling pump.', 'With reference to above enquiry we are pleased to submit our quote as follows :-', '', 'Price Basis : Ex-Our  Works Udaipur .<br>Packing &amp; Forwarding : Extra @  %<br>Sales Tax : Vat Extra @ 5.5%   or as applicable on date of dispatch.<br>Excise Duty : Extra if applicable for which we shall provide you EDGP to Claim Cenvat.<br>Delivery : Within 2 to 3 weeks from date of receipt of Techno-Commercially clear PO.<br>Freight &amp; Insurance : In Buyers account. In case of transit damage you will have to Claim from your Insurance Company.<br>Payment : Strictly within 30 days of receipt of material else interest will be charged @ 18 % p.a. for delayed period.<br>Warranty : For Pump &amp; Motors\r\nStandard as provided by manufacturer to be free from defects in both material &amp; workmanship for a period of 12 months from date of installation or 18 months from date of supply whichever is earlier. Provided the Motor/Pump is installed as per instructions. We shall not be liable for any loss and or consequential damages due to breakdown of the equipment either for repair purpose or otherwise. Winding failures is not covered under warranty. \r\nFor Spare\r\nOnly interchange ability with original equipment is confirmed and any manufacturing defect is covered.<br>Discount :  @ % on quoted price.<br>Validity : 30 Days.<br>', '100000.00', 'Pending', 25, 'STL', 12, 'BE-2839', '16-17', 12, 0, '2017-03-28', '0000-00-00', '', '0000-00-00', 0, 15, '16px'),
(16, 74, 'Plot No. SP 290-292, RICCO Industrial Area, Phase-VII, Chopanki,Bhiwadi,\r\nAlwar-301019', 15, 1, '2017-04-20', 'Mr. Nitin Tiwari', '1493302765', 'As per your verbal enquiry. ', 'Quote for Johnson pump.', 'With reference to above enquiry we are pleased to submit our quote as follows :-', '', 'Price Basis : Ex-Our  Works Udaipur .<br>Packing &amp; Forwarding : Extra @  %<br>Sales Tax : Vat Extra @ 5.5%   or as applicable on date of dispatch.<br>Excise Duty : Extra if applicable for which we shall provide you EDGP to Claim Cenvat.<br>Delivery : Within 2 to 3 weeks from date of receipt of Techno-Commercially clear PO.<br>Freight &amp; Insurance : In Buyers account. In case of transit damage you will have to Claim from your Insurance Company.<br>Payment : Strictly within 30 days of receipt of material else interest will be charged @ 18 % p.a. for delayed period.<br>Warranty : For Pump &amp; Motors\r\nStandard as provided by manufacturer to be free from defects in both material &amp; workmanship for a period of 12 months from date of installation or 18 months from date of supply whichever is earlier. Provided the Motor/Pump is installed as per instructions. We shall not be liable for any loss and or consequential damages due to breakdown of the equipment either for repair purpose or otherwise. Winding failures is not covered under warranty. \r\nFor Spare\r\nOnly interchange ability with original equipment is confirmed and any manufacturing defect is covered.<br>Discount :  @ % on quoted price.<br>Validity : 30 Days.<br>', '75000.00', 'Pending', 25, 'STL', 13, 'BE-3272', '16-17', 12, 0, '2017-03-28', '0000-00-00', '', '0000-00-00', 0, 16, '16px'),
(17, 59, '7J 4,RC Vyas Colony,\r\nBhilwara', 15, 1, '2017-04-18', 'Mr. Sanjeev Ji', '9351734430', 'As per your verbal enquiry.', 'Quote for Johnson pump.', 'With reference to above enquiry we are pleased to submit our quote as follows :-', '', 'Price Basis : Ex-Our  Works Udaipur .<br>Packing &amp; Forwarding : Extra @  %<br>Sales Tax : Vat Extra @ 5.5%   or as applicable on date of dispatch.<br>Excise Duty : Extra if applicable for which we shall provide you EDGP to Claim Cenvat.<br>Delivery : Within 2 to 3 weeks from date of receipt of Techno-Commercially clear PO.<br>Freight &amp; Insurance : In Buyers account. In case of transit damage you will have to Claim from your Insurance Company.<br>Payment : Strictly within 30 days of receipt of material else interest will be charged @ 18 % p.a. for delayed period.<br>Warranty : For Pump &amp; Motors\r\nStandard as provided by manufacturer to be free from defects in both material &amp; workmanship for a period of 12 months from date of installation or 18 months from date of supply whichever is earlier. Provided the Motor/Pump is installed as per instructions. We shall not be liable for any loss and or consequential damages due to breakdown of the equipment either for repair purpose or otherwise. Winding failures is not covered under warranty. \r\nFor Spare\r\nOnly interchange ability with original equipment is confirmed and any manufacturing defect is covered.<br>Discount :  @ % on quoted price.<br>Validity : 30 Days.<br>', '44000.00', 'Pending', 25, 'STL', 14, 'BE-3148', '16-17', 12, 0, '2017-03-28', '0000-00-00', '', '0000-00-00', 0, 17, '16px'),
(18, 65, 'Plot# SP1 to & B5 to 8 \r\nAgro Park, \r\nM.I.A. (Extension )\r\nAlwar-301030 (Raj.)', 15, 1, '2017-04-20', 'Mr. Amit Yadav', '8266921599', 'As per your email enquiry dated 29.11.2016', 'Qoute for johnson pump.', 'With reference to above enquiry we are pleased to submit our quote as follows :-', '', '<ol><li style="text-align: justify;">Price Basis : Ex-Our  Works Udaipur .</li><li style="text-align: justify;">Packing &amp; Forwarding : Extra @  %</li><li style="text-align: justify;">Sales Tax : Vat Extra @ 5.5%   or as applicable on date of dispatch.</li><li style="text-align: justify;">Excise Duty : Extra if applicable for which we shall provide you EDGP to Claim Cenvat.</li><li style="text-align: justify;">Delivery : Within 2 to 3 weeks from date of receipt of Techno-Commercially clear PO.</li><li style="text-align: justify;">Freight &amp; Insurance : In Buyers account. In case of transit damage you will have to Claim from your Insurance Company.</li><li style="text-align: justify;">Payment : Strictly within 30 days of receipt of material else interest will be charged @ 18 % p.a. for delayed period.</li><li style="text-align: justify;">Warranty : For Pump &amp; Motors\r\nStandard as provided by manufacturer to be free from defects in both material &amp; workmanship for a period of 12 months from date of installation or 18 months from date of supply whichever is earlier. Provided the Motor/Pump is installed as per instructions. We shall not be liable for any loss and or consequential damages due to breakdown of the equipment either for repair purpose or otherwise. Winding failures is not covered under warranty. \r\nFor Spare\r\nOnly interchange ability with original equipment is confirmed and any manufacturing defect is covered.</li><li style="text-align: justify;">Discount :  @ % on quoted price.</li><li style="text-align: justify;">Validity : 30 Days.</li></ol>\r\n				\r\n				', '225000.00', 'Pending', 25, 'STL', 10, 'BE-2748', '16-17', 12, 0, '2017-03-28', '0000-00-00', '', '0000-00-00', 2, 11, '16px'),
(19, 59, '7J 4,RC Vyas Colony,\r\nBhilwara', 15, 1, '2017-04-18', 'Mr. Sanjeev Ji', '9351734430', 'As per your verbal enquiry.', 'Quote for Johnson pump.', 'With reference to above enquiry we are pleased to submit our quote as follows :-', '', '\r\n					Price Basis : Ex-Our  Works Udaipur .<br>Packing &amp; Forwarding : Extra @  %<br>Sales Tax : Vat Extra @ 5.5%   or as applicable on date of dispatch.<br>Excise Duty : Extra if applicable for which we shall provide you EDGP to Claim Cenvat.<br>Delivery : Within 2 to 3 weeks from date of receipt of Techno-Commercially clear PO.<br>Freight &amp; Insurance : In Buyers account. In case of transit damage you will have to Claim from your Insurance Company.<br>Payment : Strictly within 30 days of receipt of material else interest will be charged @ 18 % p.a. for delayed period.<br>Warranty : For Pump &amp; Motors\r\nStandard as provided by manufacturer to be free from defects in both material &amp; workmanship for a period of 12 months from date of installation or 18 months from date of supply whichever is earlier. Provided the Motor/Pump is installed as per instructions. We shall not be liable for any loss and or consequential damages due to breakdown of the equipment either for repair purpose or otherwise. Winding failures is not covered under warranty. \r\nFor Spare\r\nOnly interchange ability with original equipment is confirmed and any manufacturing defect is covered.<br>Discount :  @ % on quoted price.<br>Validity : 30 Days.<br>\r\n				', '44000.00', 'Pending', 25, 'STL', 14, 'BE-3148', '16-17', 12, 0, '2017-03-28', '0000-00-00', '', '0000-00-00', 1, 17, '16px'),
(20, 74, 'Plot No. SP 290-292, RICCO Industrial Area, Phase-VII, Chopanki,Bhiwadi,\r\nAlwar-301019', 15, 1, '2017-04-20', 'Mr. Nitin Tiwari', '1493302765', 'As per your verbal enquiry. ', 'Quote for Johnson pump.', 'With reference to above enquiry we are pleased to submit our quote as follows :-', '', '					Price Basis : Ex-Our  Works Udaipur .<br>Packing &amp; Forwarding : Extra @  %<br>Sales Tax : Vat Extra @ 5.5%   or as applicable on date of dispatch.<br>Excise Duty : Extra if applicable for which we shall provide you EDGP to Claim Cenvat.<br>Delivery : Within 2 to 3 weeks from date of receipt of Techno-Commercially clear PO.<br>Freight &amp; Insurance : In Buyers account. In case of transit damage you will have to Claim from your Insurance Company.<br>Payment : Strictly within 30 days of receipt of material else interest will be charged @ 18 % p.a. for delayed period.<br>Warranty : For Pump &amp; Motors\r\nStandard as provided by manufacturer to be free from defects in both material &amp; workmanship for a period of 12 months from date of installation or 18 months from date of supply whichever is earlier. Provided the Motor/Pump is installed as per instructions. We shall not be liable for any loss and or consequential damages due to breakdown of the equipment either for repair purpose or otherwise. Winding failures is not covered under warranty. \r\nFor Spare\r\nOnly interchange ability with original equipment is confirmed and any manufacturing defect is covered.<br>Discount :  @ % on quoted price.<br>Validity : 30 Days.<br>\r\n				', '75000.00', 'Pending', 25, 'STL', 13, 'BE-3270', '16-17', 15, 0, '2017-03-28', '0000-00-00', '', '0000-00-00', 1, 16, '16px'),
(21, 30, 'Village -Khapradig ,Teh :-Simga\r\nBhatapara ,Baloda Bazar Raipur -493332\r\nChattisgarh', 11, 2, '2017-04-10', 'Mr. Shadaab Alam Rizvi', '8349301232', 'Rfq No. 565369', 'Offer for Tushaco make Pump', 'We are thank you for your enquiry for Pump and we being authorized dealer of Tushaco \r\nPumps are pleased to submit our offer as under:\r\n', 'Please confirm pump serial No. while placing purchase order.', 'Price Basis : Transporter Godown Raipur .<br>Packing &amp; Forwarding : Inclusive<br>Sales Tax : CST Extra @ 2% against form C.<br>Excise Duty : Extra if applicable for which we shall provide you EDGP to Claim Cenvat.<br>Delivery : Within 8 to 10 weeks from date of receipt of Techno-Commercially clear PO.<br>Freight &amp; Insurance : In Buyers account. In case of transit damage you will have to Claim from your Insurance Company.<br>Payment : Strictly within 30 days of receipt of material else interest will be charged @ 18 % p.a. for delayed period.<br>Warranty : For Pump &amp; Motors\r\nStandard as provided by manufacturer to be free from defects in both material &amp; workmanship for a period of 12 months from date of installation or 18 months from date of supply whichever is earlier. Provided the Motor/Pump is installed as per instructions. We shall not be liable for any loss and or consequential damages due to breakdown of the equipment either for repair purpose or otherwise. Winding failures is not covered under warranty..<br>Discount :  @ 20% on quoted price.<br>Validity : 30 Days.<br>', '106250.00', 'Converted Into Sales Order', 25, 'STL', 15, 'DC-1', '16-17', 4, 0, '2017-03-28', '0000-00-00', '', '0000-00-00', 0, 21, '16px'),
(22, 55, 'SP-923, RICCO Phase-III,\r\nP.O.Bhiwadi-301019', 15, 4, '2017-04-18', 'Mr. Manoj Gupta', '1493220075', 'As per your verbal enquiry.', 'Quote for Darling pump.', 'With reference to above enquiry we are pleased to submit our quote as follows :-', '', '\r\n					Price Basis : Ex-Our  Works Udaipur .<br>Packing &amp; Forwarding : Extra @  %<br>Sales Tax : Vat Extra @ 5.5%   or as applicable on date of dispatch.<br>Excise Duty : Extra if applicable for which we shall provide you EDGP to Claim Cenvat.<br>Delivery : Within 2 to 3 weeks from date of receipt of Techno-Commercially clear PO.<br>Freight &amp; Insurance : In Buyers account. In case of transit damage you will have to Claim from your Insurance Company.<br>Payment : Strictly within 30 days of receipt of material else interest will be charged @ 18 % p.a. for delayed period.<br>Warranty : For Pump &amp; Motors\r\nStandard as provided by manufacturer to be free from defects in both material &amp; workmanship for a period of 12 months from date of installation or 18 months from date of supply whichever is earlier. Provided the Motor/Pump is installed as per instructions. We shall not be liable for any loss and or consequential damages due to breakdown of the equipment either for repair purpose or otherwise. Winding failures is not covered under warranty. \r\nFor Spare\r\nOnly interchange ability with original equipment is confirmed and any manufacturing defect is covered.<br>Discount :  @ % on quoted price.<br>Validity : 30 Days.<br>\r\n				', '100000.00', 'Pending', 25, 'STL', 12, 'BE-2839', '16-17', 12, 0, '2017-03-28', '0000-00-00', '', '0000-00-00', 1, 15, '16px'),
(23, 70, 'SPL 1, Tapukara Industrial Area, Khuskhera-301707\r\nDistt-Alwar', 15, 5, '2017-04-20', 'Mr. Shivender Pandey', '8800283377', 'As per your verbal enquiry.', 'Quote for Antico pump.', 'With reference to above enquiry we are pleased to submit our quote as follows :-', '', '\r\n					Price Basis : Ex-Our  Works Udaipur .<br>Packing &amp; Forwarding : Extra @  %<br>Sales Tax : Vat Extra @ 5.5%   or as applicable on date of dispatch.<br>Excise Duty : Extra if applicable for which we shall provide you EDGP to Claim Cenvat.<br>Delivery : Within 2 to 3 weeks from date of receipt of Techno-Commercially clear PO.<br>Freight &amp; Insurance : In Buyers account. In case of transit damage you will have to Claim from your Insurance Company.<br>Payment : Strictly within 30 days of receipt of material else interest will be charged @ 18 % p.a. for delayed period.<br>Warranty : For Pump &amp; Motors\r\nStandard as provided by manufacturer to be free from defects in both material &amp; workmanship for a period of 12 months from date of installation or 18 months from date of supply whichever is earlier. Provided the Motor/Pump is installed as per instructions. We shall not be liable for any loss and or consequential damages due to breakdown of the equipment either for repair purpose or otherwise. Winding failures is not covered under warranty. \r\nFor Spare\r\nOnly interchange ability with original equipment is confirmed and any manufacturing defect is covered.<br>Discount :  @ % on quoted price.<br>Validity : 30 Days.<br>\r\n				', '50000.00', 'Pending', 25, 'STL', 11, 'BE-3255', '16-17', 12, 0, '2017-03-28', '0000-00-00', '', '2017-03-29', 1, 14, '16px'),
(24, 15, '(Unit of J.K. Cement Ltd.)\r\nKailash nagar \r\nNimbahera - 312617', 15, 34, '2017-04-18', 'Ajay Raj Vaishnav', '9799039255', 'As per your email enquiry.', 'Quote for cooling unit', 'With reference to above enquiry we are pleased to submit our quote as follows :-', '', '<ol><li style="text-align: justify;">Price Basis : Ex-Our  Works Udaipur .</li><li style="text-align: justify;">Packing &amp; Forwarding : Extra @  %</li><li style="text-align: justify;">Sales Tax : Vat Extra @ 5.5%   or as applicable on date of dispatch.</li><li style="text-align: justify;">Excise Duty : Extra if applicable for which we shall provide you EDGP to Claim Cenvat.</li><li style="text-align: justify;">Delivery : Within 2 to 3 weeks from date of receipt of Techno-Commercially clear PO.</li><li style="text-align: justify;">Freight &amp; Insurance : In Buyers account. In case of transit damage you will have to Claim from your Insurance Company.</li><li style="text-align: justify;">Payment : Strictly within 30 days of receipt of material else interest will be charged @ 18 % p.a. for delayed period.</li><li style="text-align: justify;">Warranty : For Pump &amp; Motors\r\nStandard as provided by manufacturer to be free from defects in both material &amp; workmanship for a period of 12 months from date of installation or 18 months from date of supply whichever is earlier. Provided the Motor/Pump is installed as per instructions. We shall not be liable for any loss and or consequential damages due to breakdown of the equipment either for repair purpose or otherwise. Winding failures is not covered under warranty. \r\nFor Spare\r\nOnly interchange ability with original equipment is confirmed and any manufacturing defect is covered.</li><li style="text-align: justify;">Discount :  @ % on quoted price.</li><li style="text-align: justify;">Validity : 30 Days.</li></ol>', '49000.00', 'Pending', 25, 'STL', 16, 'BE-3311', '16-17', 15, 0, '2017-03-28', '0000-00-00', '', '0000-00-00', 0, 24, '16px'),
(25, 95, 'Chanderai Lead Zinc Smelter,\r\nChittorgarh-312021', 11, 5, '2017-04-14', 'Mr PC Pareek', '9928013967', 'PR. No. 1100098785', 'Offer for Antico make Pump', 'We are thank you for your enquiry for pump and we being authorized dealer of  \r\nAntico Pumps are pleased to submit our offer as under\r\n', '', 'Price Basis : EX-Transporter Godown Chittorgarh.<br>Packing &amp; Forwarding : Inclusive<br>Sales Tax : Vat Extra @ 14.5%   or as applicable on date of dispatch.<br>Excise Duty : Extra as applicable for which we shall provide you EDGP to Claim Cenvat.<br>Delivery : Within 6 to 8 weeks from date of receipt of Techno-Commercially clear PO.<br>Freight &amp; Insurance : In Buyers account. In case of transit damage you will have to Claim from your Insurance Company.<br>Payment : Strictly within 30 days of receipt of material else interest will be charged @ 18 % p.a. for delayed period.<br>Warranty : For Pump &amp; Motors\r\nStandard as provided by manufacturer to be free from defects in both material &amp; workmanship for a period of 12 months from date of installation or 18 months from date of supply whichever is earlier. Provided the Motor/Pump is installed as per instructions. We shall not be liable for any loss and or consequential damages due to breakdown of the equipment either for repair purpose or otherwise. Winding failures is not covered under warranty.&nbsp;<br>Validity : 30 Days.<br>', '24500.00', 'Pending', 25, 'STL', 17, 'DC-3', '16-17', 4, 0, '2017-03-29', '0000-00-00', '', '0000-00-00', 0, 25, '16px'),
(26, 121, 'Plot No. SPL-2B, \r\nTapukara Industrial Area,\r\nBhiwadi Alwar Road, Tapukara,\r\nDistt: Alwar-301707 (Raj.)', 15, 1, '2017-04-01', 'Mr. Mr. Subrata Sinha', '9785401212', 'As your verbal enquiry ', 'Quote for Johnson Pump & Spares', 'With reference to your verbal enquiry we are pleased to submit our quote as follows :-', '', '<ol><li style="text-align: justify;">Price Basis : Ex-Our  Works Udaipur .</li><li style="text-align: justify;">Packing &amp; Forwarding : Extra @  2%</li><li style="text-align: justify;">Sales Tax : Vat Extra @ 5.5%   or as applicable on date of dispatch.</li><li style="text-align: justify;">Excise Duty : Extra if applicable for which we shall provide you EDGP to Claim Cenvat.</li><li style="text-align: justify;">Delivery : Within 2 to 3 weeks from date of receipt of Techno-Commercially clear PO.</li><li style="text-align: justify;">Freight &amp; Insurance : In Buyers account. In case of transit damage you will have to Claim from your Insurance Company.</li><li style="text-align: justify;">Payment : Strictly within 30 days of receipt of material else interest will be charged @ 18 % p.a. for delayed period.</li><li style="text-align: justify;">Warranty : For Pump &amp; Motors\r\nStandard as provided by manufacturer to be free from defects in both material &amp; workmanship for a period of 12 months from date of installation or 18 months from date of supply whichever is earlier. Provided the Motor/Pump is installed as per instructions. We shall not be liable for any loss and or consequential damages due to breakdown of the equipment either for repair purpose or otherwise. For Spare\r\nOnly interchange ability with original equipment is confirmed and any manufacturing defect is covered.</li><li style="text-align: justify;">Validity : 30 Days.</li></ol>', '25260.00', 'Converted Into Sales Order', 25, 'STL', 18, 'BE-2875', '16-17', 12, 0, '2017-03-29', '0000-00-00', '', '0000-00-00', 0, 26, '13px'),
(27, 96, 'RSPL Group, Plot No.119-121, Block P&T, Kalpi Road, Fazalganj, Kanpur-208012 (UP)\r\n\r\n', 15, 16, '2017-04-01', 'Mr. Akshay Agarwal ', '7318214777', 'As per your email enquiry dated 27.03.2017', 'Quote for Johnson Pump Spares', 'We being an exclusive accredited Dealer for JOHNSON Pumps, are pleased to submit an offer as under:-', '', 'Price Basis : Ex-Our  Works Udaipur .<br>Packing &amp; Forwarding : Extra @ 2%<br>Sales Tax : 2% CST extra agts C form &nbsp;or as applicable on date of dispatch.<br>Delivery &nbsp;: Within 2 to 3 weeks from date of receipt of Techno-Commercially clear PO.<br>Freight &amp; Insurance : In Buyers account. In case of transit damage you will have to Claim from your Insurance Company.<br>Payment : Strictly within 30 days of receipt of material else interest will be charged @ 18 % p.a. for delayed period.<br>Warranty : &nbsp;For Spare\r\nOnly interchange ability with original equipment is confirmed and any manufacturing defect is covered.<br>Discount : 5 % on quoted price.<br>Validity : 30 Days.<br>', '9360.00', 'Converted Into Sales Order', 27, 'FMSL', 2, 'DC-6', '16-17', 12, 0, '2017-03-29', '0000-00-00', '', '0000-00-00', 0, 27, '16px'),
(28, 77, '19 KM Stone, Bhiwadi -Alwar Road,\r\nVill-Gailpur ( Bhiwadi ) - 301707', 15, 1, '2017-04-14', 'Mr. Shiv Kumar Ji', '9680449223', 'As per per your email enquiry dated 28.03.2017', 'Quote for Johnson Pump', 'We being an exclusive accredited Dealer for JOHNSON Pumps in the state of Rajasthan, are pleased to submit an offer as under:', 'Note : Item 1 You may please place repeat order your PO no. 14/00001803 dated 03.12.2015.', '<ol><li style="text-align: justify;">Price Basis : Ex-Our  Works Udaipur .</li><li style="text-align: justify;">Packing &amp; Forwarding : Extra @ 2 %</li><li style="text-align: justify;">Sales Tax : Vat Extra @ 5.5%   or as applicable on date of dispatch.</li><li style="text-align: justify;">Excise Duty : Extra as applicable for which we shall provide you EDGP to Claim Cenvat.</li><li style="text-align: justify;">Delivery : Within 2 to 3 weeks from date of receipt of Techno-Commercially clear PO.</li><li style="text-align: justify;">Freight &amp; Insurance : In Buyers account. In case of transit damage you will have to Claim from your Insurance Company.</li><li style="text-align: justify;">Payment : Strictly within 30 days of receipt of material else interest will be charged @ 18 % p.a. for delayed period.</li><li style="text-align: justify;">Warranty : For Pump &amp; Motors\r\nStandard as provided by manufacturer to be free from defects in both material &amp; workmanship for a period of 12 months from date of installation or 18 months from date of supply whichever is earlier. Provided the Motor/Pump is installed as per instructions. We shall not be liable for any loss and or consequential damages due to breakdown of the equipment either for repair purpose or otherwise. Winding failures is not covered under warranty.&nbsp;</li><li style="text-align: justify;">Validity : 30 Days.</li></ol>', '124000.00', 'Pending', 25, 'STL', 19, 'BE-3186', '16-17', 16, 0, '2017-03-29', '0000-00-00', '', '0000-00-00', 0, 28, '16px');
INSERT INTO `quotations` (`id`, `customer_id`, `customer_address`, `employee_id`, `item_group_id`, `finalisation_date`, `customer_for_attention`, `customer_contact_no`, `enquiry_no`, `subject`, `text`, `additional_note`, `terms_conditions`, `total`, `status`, `company_id`, `qt1`, `qt2`, `qt3`, `qt4`, `created_by`, `edited_by`, `created_on`, `edited_on`, `reason`, `closing_date`, `revision`, `quotation_id`, `pdf_font_size`) VALUES
(29, 97, 'The Executive Engineer ( O&M/Ph-I)\r\nGeneration Circle,Vidhyut nagar\r\nBanswara-327001', 11, 4, '2017-05-28', 'Mr Manish', '9413348292', 'Enquiry No. RRVUNLDGN (O&MiPH-II)/BGN20L6-17/F./D1313 Dt. 09.03.17', 'Budgetary Quotation for supply of Clear Water Dewatering submersible pump set for Mahi Power House II,Bagidora', 'We thank you for your above referred enquiry  and we being EXCLUSIVE AUTHORISED DEALER for DARLING PUMPS AND SPARES in the State of Rajasthan, are pleased to submit an offer as under :-\r\n\r\nDARLING SINKO BLOC (SUBMERSIBLE MONO BLOC) PUMPSETS comprising of Fluid tight leak proof motor designed for 320/440 volts. AC supply, filled with oil for effective cooling and life long lubrication of heavy duty Ball Bearings and Mechanical Seal provided in the Motor. Pump Motor assembly no foundation, no foot valve or suction pipe. Unit is self-priming, self-standing and portable.\r\nPump should have special PVC insulated winding .Pump should be diffuser design Mechanical Seal working in oil bath. Pump should have top discharge and suction will be between of pump and motor.\r\nHeight & width of pump should not be more that 1000 mm and 325 mm. Minimum submergence should not be more than 595 mm. Weight of pump-motor assembly should not be more that 230 KG\r\n', 'For installation, Commissioning, Testing Charges  will be extra @ 10000/- for each pump set.', '<div>Quoted prices are firm and Ex Our Works, Udaipur</div><div>P &amp; F Charges extra @ 2 % of basic value.</div><div>Freight to RRVUNL Account .( Maximum &nbsp;0.5% of Value of Order.)VAT @ 5.50 % or as applicable at date of dispatch will be charged on the amount or any other tax as applicable on such contracts at such date of dispatch. Service Tax Nil as we are</div><div>Exempt currently.</div><div>We agree for late delivery clause @ 0.25 % for each week and recovery of amount will be limited to 3 % of basic order value of delayed / undelivered material.</div><div>Date of LR / GTR shall be treated as date of delivery.</div><div>We accept payment terms as usual to negotiate 90% value of the consignment through bank and balance 10% payment to be paid within 30 days from the date of dispatch of material.&nbsp;</div><div>&nbsp;In case if you wish to receive the material on freight paid basis than we shall book material till nearest transporter godown on Freight Paid basis and actual freight amount shall be paid to us against documentary proof. &nbsp;Freight amount will not be more than 4 % on total order value including P &amp; F charges and taxes.</div><div>Authorization certificate attached from DARLING Pumps.</div><div>We confirm to accept visual pre dispatch inspection at our works at Udaipur.</div><div>We shall provide you test &amp; performance certificates for pump.</div><div>We regret to accept part order.</div><div>Insurance will be arranged by RVUNL at your cost and we shall intimate dispatch details to you immediately after dispatch of material.</div><div>We accept standard guarantee as provided by manufacturer for 12 months from date of installation and 18 months from date of supply.</div><div>We agree to execute contract agreement on non judicial stamp paper as per Rajasthan Government rules.</div><div>Delivery period shall be 16 to 18 weeks from the date of acceptance of purchase order. Date of LR / GTR to be treated as date of dispatch.</div><div>Price validity shall be upto 30.06.2017&nbsp;</div><div><br></div><div>Further to the above, we confirm that the prices offered by us as a AUTHORISED DEALER of DARLING pump and spares are the same as being charged from private or other Govt. / Public Sector Undertakings. &nbsp;We hope you will find our offer to suit your requirement and look forward to have your valued purchase order.</div>', '440000.00', 'Pending', 25, 'STL', 20, 'DC-5', '16-17', 4, 0, '2017-03-29', '0000-00-00', '', '0000-00-00', 0, 29, '16px'),
(30, 43, '25, Rajasthan Project\r\nA.O. Building Barsingsar-334402\r\nBikaner (Raj.)', 11, 15, '2017-05-28', 'Mr. Kalpesh Kumar', '1234567890', 'Enquiry for spare of Tushaco Pump', 'Budgetory Offer for "TUSHACO" spares ', 'We thank you for your above referred enquiry and we being EXCLUSIVE AUTHORISED DEALER for TUSHACO make Pumps & Spares in the State of Rajasthan, are pleased to submit an offer as under ', 'Spares interchangeable with existing pump serial number 074631 / 1210', '<div>Quoted prices are firm and Ex Our Works, Udaipur</div><div>P &amp; F Charges : Extra @ 4 % of basic value.</div><div>Freight &amp; Insurance :To buyers account.</div><div>We accept payment terms as usual to negotiate 90% value of the consignment through bank and balance 10% payment to be paid within 30 days from the date of dispatch of material.&nbsp;</div><div>&nbsp;Authorization certificate attached from TUSHACO Pumps.</div><div>We confirm to accept visual pre dispatch inspection at our works at Udaipur.</div><div>We shall provide you test &amp; performance certificates for pump.</div><div>We regret to accept part order.</div><div>We accept standard guarantee as provided by manufacturer for 12 months from date of installation and 18 months from date of supply.<br></div><div>Delivery period shall be 16 to 18 weeks from the date of acceptance of purchase order. Date of LR / GTR to be treated as date of dispatch.<br></div><div>Price validity : 120 Days</div><div><br></div><div>Further to the above, we confirm that the prices offered by us as a AUTHORISED DEALER of TUSHACO pump and spares are the same as being charged from private or other Govt. / Public Sector Undertakings. &nbsp;We hope you will find our offer to suit your requirement and look forward to have your valued purchase order.</div>\r\n					\r\n				', '621200.00', 'Pending', 25, 'STL', 21, 'BE-3145', '16-17', 4, 0, '2017-03-29', '0000-00-00', '', '0000-00-00', 0, 30, '16px'),
(31, 64, 'United Breweries Limited,\r\nBlock No. SP 971, RICCO Industrial Area,\r\nCHOPANKI-301019', 15, 16, '2017-04-25', 'Vishnu Sharma', '8290553922', 'As per your verbal enquiry dated 01.03.2017', 'Quote for Johnson pump Spares', 'With reference to your enquiry we are pleased to submit our quote as follows :-', '', '<ol><li style="text-align: justify;">Price Basis : Ex-Our  Works Udaipur .</li><li style="text-align: justify;">Packing &amp; Forwarding : Extra @2 &nbsp;%</li><li style="text-align: justify;">Sales Tax : Vat Extra @ 5.5%   or as applicable on date of dispatch.</li><li style="text-align: justify;">Delivery : Within 2 to 3 weeks from date of receipt of Techno-Commercially clear PO.</li><li style="text-align: justify;">Freight &amp; Insurance : In Buyers account. In case of transit damage you will have to Claim from your Insurance Company.</li><li style="text-align: justify;">Payment : Strictly within 30 days of receipt of material else interest will be charged @ 18 % p.a. for delayed period.</li><li style="text-align: justify;">Warranty : For Spare\r\nOnly interchange ability with original equipment is confirmed and any manufacturing defect is covered.</li><li style="text-align: justify;">Validity : 30 Days.</li></ol>', '37000.00', 'Pending', 25, 'STL', 22, 'BE-3296', '16-17', 15, 0, '2017-03-29', '0000-00-00', '', '0000-00-00', 0, 31, '16px'),
(32, 74, 'Plot No. SP 290-292, RIICO Industrial Area,\r\nPhase-VII, Chopanki, Bhiwadi\r\nAlwar - 301019', 15, 1, '2017-04-30', 'Mr. Surjeet Singh', '9828352664', 'As per your email enquiry dated 25.02.2017', 'Quote for Johnson Pump', 'With reference to below enquiry we are pleased to submit our quote as follows :-', '', '<ol><li style="text-align: justify;">Price Basis : Ex-Our  Works Udaipur .</li><li style="text-align: justify;">Packing &amp; Forwarding : Extra @  %</li><li style="text-align: justify;">Sales Tax : Vat Extra @ 5.5%   or as applicable on date of dispatch.</li><li style="text-align: justify;">Delivery : Within 2 to 3 weeks from date of receipt of Techno-Commercially clear PO.</li><li style="text-align: justify;">Freight &amp; Insurance : In Buyers account. In case of transit damage you will have to Claim from your Insurance Company.</li><li style="text-align: justify;">Payment : Strictly within 30 days of receipt of material else interest will be charged @ 18 % p.a. for delayed period.</li><li style="text-align: justify;">Warranty : For Pump &amp; Motors\r\nStandard as provided by manufacturer to be free from defects in both material &amp; workmanship for a period of 12 months from date of installation or 18 months from date of supply whichever is earlier. Provided the Motor/Pump is installed as per instructions. We shall not be liable for any loss and or consequential damages due to breakdown of the equipment either for repair purpose or otherwise.&nbsp;</li><li style="text-align: justify;">Validity : 30 Days.</li></ol>', '71500.00', 'Pending', 25, 'STL', 23, 'BE-3270', '16-17', 15, 0, '2017-03-29', '0000-00-00', '', '0000-00-00', 0, 32, '16px'),
(33, 32, 'Power Plant\r\nLNJ Nagar\r\nVillage :Mordi\r\nBanswara-327001 (Raj.)', 11, 16, '2017-04-15', 'Mr. Parveen Rawal', '9413357059', 'Purchase Enquiry No. : 11587', 'Offer for Johnson Pump Spare', 'We are thank you for your enquiry for pump spare and we being authorized dealer of \r\n Johnson Pumps & Spare are pleased to submit our offer as under:\r\n\r\n', '', 'Price Basis : Ex-Our  Works Udaipur .<br>Packing &amp; Forwarding : Extra @2 &nbsp;%<br>Sales Tax : Vat Extra @ 14.5%   or as applicable on date of dispatch.<br>Excise Duty : Not applicable.<br>Delivery : Within 6 to 8 weeks from date of receipt of Techno-Commercially clear PO.<br>Freight &amp; Insurance : In Buyers account. In case of transit damage you will have to Claim from your Insurance Company.<br>Payment : Strictly within 30 days of receipt of material else interest will be charged @ 18 % p.a. for delayed period.<br>Warranty : &nbsp;For Spare\r\nOnly interchange ability with original equipment is confirmed and any manufacturing defect is covered.<br>Validity : 30 Days.<br>', '17838.00', 'Pending', 25, 'STL', 24, 'DC-8', '16-17', 4, 0, '2017-03-30', '0000-00-00', '', '0000-00-00', 0, 33, '16px'),
(34, 8, 'Unit Of - DCM Shriram Industries Limited\r\nShriram Nagar, Kota-324004', 15, 4, '2017-04-27', 'Ram Kshteri', '9929590865', 'Your email enquiry dated 29.01.2017', 'BE 2904 Quote for Darling Submersible Pump', 'With reference to above enquiry we are pleased to submit our quote as follows :-', 'Scope of supply : Pumpset with 10 mtrs cable and electronic type control panel \r\n(OL/UL/Single phase preventer, dry-run protection with liquid level sensor)', '<p></p><p></p><ol></ol><p></p><ol><li style="text-align: justify;">Price Basis : Ex-Our  Works Udaipur</li><li style="text-align: justify;">Packing &amp; Forwarding : Extra @ 2 % of basic order vale</li><li style="text-align: justify;">Sales Tax : Vat Extra @ 5.5%   or as applicable on date of dispatch.</li><li style="text-align: justify;">Excise Duty : Extra if applicable for which we shall provide you EDGP to Claim Cenvat.</li><li style="text-align: justify;">Delivery : Within 2 to 3 weeks from date of receipt of Techno-Commercially clear PO.</li><li style="text-align: justify;">Freight &amp; Insurance : In Buyers account. In case of transit damage you will have to Claim from your Insurance Company.</li><li style="text-align: justify;">Payment : Strictly within 30 days of receipt of material else interest will be charged @ 18 % p.a. for delayed period.</li><li style="text-align: justify;">Warranty : For Pump &nbsp;Standard as provided by manufacturer to be free from defects in both material &amp; workmanship for a period of 12 months from date of installation or 18 months from date of supply whichever is earlier. Provided the Motor/Pump is installed as per instructions. We shall not be liable for any loss and or consequential damages due to breakdown of the equipment either for repair purpose or otherwise. Winding failures is not covered under warranty. \r\nFor Spare\r\nOnly interchange ability with original equipment is confirmed and any manufacturing defect is covered.</li></ol>', '52500.00', 'Pending', 25, 'STL', 25, 'BE-2932', '16-17', 7, 0, '2017-03-30', '0000-00-00', '', '0000-00-00', 0, 34, '16px'),
(35, 61, 'Chambal Fertilisers And Chemicals Limited,\r\nP.O. Gadepan-325208\r\nDistt-Kota (Raj.)', 15, 4, '2017-05-05', 'Mr. Akant Khanduri', '7442782614', 'As per your email enquiry dated 21.04.2017.', 'Quote for Darling Pump ', 'We thank you for your valuable enquiry and we being exclusive dealer for Darling Pumps in state of Rajasthan are pleased to submit our offer for as below :\r\n\r\n', '', '<p></p><p></p><ul></ul><p></p><ol><li style="text-align: left;">Price Basis : Ex-Our  Works Udaipur .</li><li style="text-align: left;">Packing &amp; Forwarding : Inclusive</li><li style="text-align: left;">Sales Tax : 2% cst agst C &amp; E1 sales or as applicable time of dispatch.</li><li style="text-align: left;">Excise Duty : Extra as applicable&nbsp;</li><li style="text-align: left;">Delivery : Within 6 to 8 weeks from date of receipt of Techno-Commercially clear PO and LD acceptable after 8 weeks 0.5% per week.</li><li style="text-align: left;">Freight &amp; Insurance : In Buyers account. In case of transit damage you will have to Claim from your Insurance Company.</li><li style="text-align: left;">Payment : Strictly within 30 days of receipt of material else interest will be charged @ 18 % p.a. for delayed period.</li><li style="text-align: left;">Warranty : For Pump Standard as provided by manufacturer to be free from defects in both material &amp; workmanship for a period of 12 months from date of installation or 18 months from date of supply whichever is earlier. Provided the Motor/Pump is installed as per instructions. We shall not be liable for any loss and or consequential damages due to breakdown of the equipment either for repair purpose or otherwise. Winding failures is not covered under warranty.&nbsp;</li><li style="text-align: left;">Validity : upto 20.05.2017.</li></ol>', '71000.00', 'Pending', 25, 'STL', 26, 'DC-9', '16-17', 15, 0, '2017-03-30', '0000-00-00', '', '0000-00-00', 0, 35, '16px'),
(36, 18, 'Chanderia Smelter Complex (CPP)\r\nPO Putholi\r\nDt. Chittorgarh', 11, 27, '2017-04-20', 'Mr. PC Pareek', '1472254464', 'Request for Quotation: 1100102452pcp 24.01.2017 17:24:16 2000033466', 'Offer for Antico & Positive Metering Dosing Pump', 'We are thank you for your enquiry for Pumps and we being authorized dealer of ANTICO  Pump & POSITIVE Metering make Dosing Pumps are pleased to submit our offer as under:', 'For Item no 1 .\r\nYou May placed Repeat order as per last PO No.: 2000024094/4100076827 dated: 12.09.2016', 'Price Basis : Ex Transporter Godown Chittorgarh .<br>Packing &amp; Forwarding : Inclusive.<br>Sales Tax : Vat Extra @ 14.5%   or as applicable on date of dispatch.<br>Excise Duty : Extra if applicable for which we shall provide you EDGP to Claim Cenvat.<br>Delivery : Within 6 to 8 weeks from date of receipt of Techno-Commercially clear PO.<br>Freight &amp; Insurance : In Buyers account. In case of transit damage you will have to Claim from your Insurance Company.<br>Payment : Strictly within 30 days of receipt of material else interest will be charged @ 18 % p.a. for delayed period.<br>Warranty : For Pump &amp; Motors\r\nStandard as provided by manufacturer to be free from defects in both material &amp; workmanship for a period of 12 months from date of installation or 18 months from date of supply whichever is earlier. Provided the Motor/Pump is installed as per instructions. We shall not be liable for any loss and or consequential damages due to breakdown of the equipment either for repair purpose or otherwise. Winding failures is not covered under warranty.&nbsp;<br>Validity : 30 Days.<br>', '149925.00', 'Pending', 25, 'STL', 27, 'BE-3249', '16-17', 4, 0, '2017-03-30', '0000-00-00', '', '0000-00-00', 0, 36, '16px'),
(37, 8, 'Unit Of - DCM Shriram\r\nIndustries Limited\r\nShriram Nagar, \r\nKota-324004', 15, 26, '2017-05-10', 'Ram Kshteri', '9929590865', 'As per discussion during visit dated 8.3.2017', 'Quote for Johnson Pump - Shilpa Udr', 'With reference to above enquiry we are pleased to submit our quote as follows :-', '', '<p></p><p></p><ol></ol><p></p><ol><li style="text-align: left;">Price Basis : Ex-Our  Works Udaipur .</li><li style="text-align: left;">Packing &amp; Forwarding : Extra @ 2 % of basic order value</li><li style="text-align: left;">Sales Tax : Vat Extra @ 5.5%   or as applicable on date of dispatch.</li><li style="text-align: left;">Excise Duty : Extra as applicable for which we shall provide you EDGP to Claim Cenvat.</li><li style="text-align: left;">Delivery : Within 6 to 8 weeks from date of receipt of Techno-Commercially clear PO.</li><li style="text-align: left;">Payment : 100 % advance against delivery.</li><li style="text-align: left;">Warranty : For Pump &amp; Motors\r\nStandard as provided by manufacturer to be free from defects in both material &amp; workmanship for a period of 12 months from date of installation or 18 months from date of supply whichever is earlier. Provided the Motor/Pump is installed as per instructions. We shall not be liable for any loss and or consequential damages due to breakdown of the equipment either for repair purpose or otherwise. Winding failures is not covered under warranty. \r\nFor Spare\r\nOnly interchange ability with original equipment is confirmed and any manufacturing defect is covered.</li></ol>', '264400.00', 'Pending', 25, 'STL', 28, 'BE-2932', '16-17', 12, 0, '2017-03-30', '0000-00-00', '', '0000-00-00', 0, 37, '16px'),
(38, 43, '25, Rajasthan Project\r\nA.O. Building Barsingsar-334402\r\nBikaner (Raj.)', 11, 4, '2017-05-29', 'Mr. Abdul Jalil', '1234567890', 'As telephonic discussion 30.03.17', 'Offer for Darling make Waset Water handling Pump', 'We thank you for your enquiry and we being authorised dealer for DARLING pumps for Rajasthan are pleased to submit our offer as follows :- ', 'Man Days\r\n\r\nSupervision of erection, commissioning, installation and site charges are Rs. 5000 /- per day for fitter or Rs. 6000 / day for service engineer plus with lodging facility. For visits under warranty if product has a fault than visit will be free of charge but if problem is due to site issue than we shall charge you as per these rates.', '<h4><span style="font-family: &quot;Times New Roman&quot;;">Price Basis : Ex-Our  Works Udaipur .<br></span><span style="font-family: &quot;Times New Roman&quot;;">Packing &amp; Forwarding : Extra @ 4% &nbsp;of basic order Value .<br></span><span style="font-family: &quot;Times New Roman&quot;;">Sales Tax : Vat Extra @ 5.5%   or as applicable on date of dispatch.<br></span><span style="font-family: &quot;Times New Roman&quot;;">Delivery : Within 6 to 8 weeks from date of receipt of Techno-Commercially clear PO.<br></span><span style="font-family: &quot;Times New Roman&quot;;">LD Clause :<span style="color: rgb(23, 16, 0); text-align: justify;">Please note date of LR\r\nto be treated as date of delivery and in case of delay in supply LD to be\r\ncalculated from date of LR.</span></span><span style="font-family: &quot;Times New Roman&quot;;"><span style="font-size: 12pt; color: rgb(23, 16, 0);">Penalty @ 0.5 % per week or part thereof after 2 weeks of grace period\r\nafter delivery period and maximum upto 3 % of basic order value is acceptable\r\non the unexecuted portion of the order<br></span></span><span style="font-family: &quot;Times New Roman&quot;;">Freight &amp; Insurance : In Buyers account. In case of transit damage you will have to Claim from your Insurance Company.<br></span><span style="font-family: &quot;Times New Roman&quot;;">Payment : Strictly within 15 days of receipt of material else interest will be charged @ 18 % p.a. for delayed period.<br></span><span style="font-family: &quot;Times New Roman&quot;;">Warranty : For Pump &amp; Motors\r\nStandard as provided by manufacturer to be free from defects in both material &amp; workmanship for a period of 12 months from date of installation or 18 months from date of supply whichever is earlier. Provided the Motor/Pump is installed as per instructions. We shall not be liable for any loss and or consequential damages due to breakdown of the equipment either for repair purpose or otherwise. Winding failures is not covered under warranty.&nbsp;<br></span><span style="font-family: &quot;Times New Roman&quot;;">D<br></span><span style="font-family: &quot;Times New Roman&quot;;">Validity : 30 Days.</span></h4>', '80500.00', 'Pending', 25, 'STL', 29, 'DC-7', '16-17', 4, 0, '2017-03-30', '0000-00-00', '', '0000-00-00', 0, 38, '16px'),
(39, 66, '(Unit- Mandpam)\r\nPB No. 13\r\nBhilwara-311001', 15, 26, '2017-04-30', 'Mr. B.K. Singhal', '9414024884', 'As per your email enquiry ', 'Quote for Johnson Pump', 'With reference to below enquiry we are pleased to submit our quote as follows :-', '', '<ol><li>Price Basis : Ex-Our  Works Udaipur .</li><li>Packing &amp; Forwarding : Extra @  2%</li><li>Sales Tax : Vat Extra @ 5.5%   or as applicable on date of dispatch.</li><li>Excise Duty : Extra if applicable for which we shall provide you EDGP to Claim Cenvat.</li><li>Delivery : Within 6 to 8 weeks from date of receipt of Techno-Commercially clear PO.</li><li>Freight &amp; Insurance : In Buyers account. In case of transit damage you will have to Claim from your Insurance Company.</li><li>Payment : Strictly within 30 days of receipt of material else interest will be charged @ 18 % p.a. for delayed period.</li><li>Warranty : For Pump &amp; Motors\r\nStandard as provided by manufacturer to be free from defects in both material &amp; workmanship for a period of 12 months from date of installation or 18 months from date of supply whichever is earlier. Provided the Motor/Pump is installed as per instructions. We shall not be liable for any loss and or consequential damages due to breakdown of the equipment either for repair purpose or otherwise. Winding failures is not covered under warranty. \r\nFor Spare\r\nOnly interchange ability with original equipment is confirmed and any manufacturing defect is covered.</li><li>Validity : 30 Days.</li></ol>', '610782.00', 'Pending', 25, 'STL', 30, 'BE-3391', '16-17', 12, 0, '2017-03-30', '0000-00-00', '', '0000-00-00', 0, 39, '13px'),
(40, 8, 'Unit Of - DCM Shriram Industries Limited\r\nShriram Nagar, Kota-324004', 15, 26, '2017-05-25', 'Ram Kshteri', '9929590865', 'As per discussion dated 20.3.2017', 'BE 2932 : Revised Quote for Johnson Pump - Shilpa Udr', 'With reference to above enquiry we are pleased to submit our quote as follows :-', '', '<p style="margin-left: 25px;"></p><p style="margin-left: 25px;"><ol></ol></p><ol><li style="text-align: left;">Price Basis : Ex-Our  Works Udaipur .</li><li style="text-align: left;">Packing &amp; Forwarding : Extra @ 2 &nbsp;% on basic order value</li><li style="text-align: left;">Sales Tax : Vat Extra @ 5.50%   or as applicable on date of dispatch.</li><li style="text-align: left;">Excise Duty : Extra as applicable for which we shall provide you EDGP to Claim Cenvat.</li><li style="text-align: left;">Delivery : Within 8 to 10 weeks from date of receipt of Techno-Commercially clear PO.</li><li style="text-align: left;">Freight &amp; Insurance : In Buyers account. In case of transit damage you will have to Claim from your Insurance Company.</li><li style="text-align: left;">Payment : 100 % advance against delivery</li><li style="text-align: left;">Warranty : For Pump &amp; Motors\r\nStandard as provided by manufacturer to be free from defects in both material &amp; workmanship for a period of 12 months from date of installation or 18 months from date of supply whichever is earlier. Provided the Motor/Pump is installed as per instructions. We shall not be liable for any loss and or consequential damages due to breakdown of the equipment either for repair purpose or otherwise. Winding failures is not covered under warranty. \r\nFor Spare\r\nOnly interchange ability with original equipment is confirmed and any manufacturing defect is covered.</li></ol>', '362460.00', 'Pending', 25, 'STL', 31, 'BE-2932', '16-17', 7, 0, '2017-03-30', '0000-00-00', '', '0000-00-00', 0, 40, '16px'),
(41, 74, 'Plot No. SP 290-292,\r\nRIICO Industrial Area,\r\nPhase-VII, Chopanki, \r\nBhiwadi, Alwar-301019', 15, 1, '2017-04-21', 'Mr. Nitin Tiwari', '1493302765', 'As per your vebal enquiry.', 'Quote For Johnson pump. ', 'With reference to above enquiry we are pleased to submit our quote as follows :-', '', 'Price Basis : Ex-Our  Works Udaipur .<br>Packing &amp; Forwarding : Extra @  %<br>Sales Tax : Vat Extra @ 5.5%   or as applicable on date of dispatch.<br>Excise Duty : Extra if applicable for which we shall provide you EDGP to Claim Cenvat.<br>Delivery : Within 2 to 3 weeks from date of receipt of Techno-Commercially clear PO.<br>Freight &amp; Insurance : In Buyers account. In case of transit damage you will have to Claim from your Insurance Company.<br>Payment : Strictly within 30 days of receipt of material else interest will be charged @ 18 % p.a. for delayed period.<br>Warranty : For Pump &amp; Motors\r\nStandard as provided by manufacturer to be free from defects in both material &amp; workmanship for a period of 12 months from date of installation or 18 months from date of supply whichever is earlier. Provided the Motor/Pump is installed as per instructions. We shall not be liable for any loss and or consequential damages due to breakdown of the equipment either for repair purpose or otherwise. Winding failures is not covered under warranty. \r\nFor Spare\r\nOnly interchange ability with original equipment is confirmed and any manufacturing defect is covered.<br>Discount :  @ % on quoted price.<br>Validity : 30 Days.<br>', '62900.00', 'Pending', 25, 'STL', 32, 'BE-3270', '16-17', 15, 0, '2017-03-31', '0000-00-00', '', '0000-00-00', 0, 41, '16px'),
(42, 59, '7J 4,RC Vyas Colony,\r\nBhilwara', 15, 1, '2017-04-20', 'Mr. Sanjeev Ji', '9351734430', 'As per your verbal enquiry.', 'Quote for Johnson pump.', 'With reference to above enquiry we are pleased to submit our quote as follows :-', '', 'Price Basis : Ex-Our  Works Udaipur .<br>Packing &amp; Forwarding : Extra @  %<br>Sales Tax : Vat Extra @ 5.5%   or as applicable on date of dispatch.<br>Excise Duty : Extra if applicable for which we shall provide you EDGP to Claim Cenvat.<br>Delivery : Within 2 to 3 weeks from date of receipt of Techno-Commercially clear PO.<br>Freight &amp; Insurance : In Buyers account. In case of transit damage you will have to Claim from your Insurance Company.<br>Payment : Strictly within 30 days of receipt of material else interest will be charged @ 18 % p.a. for delayed period.<br>Warranty : For Pump &amp; Motors\r\nStandard as provided by manufacturer to be free from defects in both material &amp; workmanship for a period of 12 months from date of installation or 18 months from date of supply whichever is earlier. Provided the Motor/Pump is installed as per instructions. We shall not be liable for any loss and or consequential damages due to breakdown of the equipment either for repair purpose or otherwise. Winding failures is not covered under warranty. \r\nFor Spare\r\nOnly interchange ability with original equipment is confirmed and any manufacturing defect is covered.<br>Discount :  @ % on quoted price.<br>Validity : 30 Days.<br>', '44000.00', 'Pending', 25, 'STL', 33, 'BE-3148', '16-17', 12, 0, '2017-03-31', '0000-00-00', '', '0000-00-00', 0, 42, '16px'),
(43, 111, '(A unit of : Rajasthan Cooperative Dairy Federation Limited)\r\nNadbai (Bharatpur) Rajasthan 321602\r\n', 15, 2, '2017-04-20', 'Mr. Satish Sharma', '5643276530', 'As per your email enquiry.', 'Quote for Tushaco pump.', 'With reference to above enquiry we are pleased to submit our quote as follows :-', '', 'Price Basis : Ex-Our  Works Udaipur .<br>Packing &amp; Forwarding : Extra @  %<br>Sales Tax : Vat Extra @ 5.5%   or as applicable on date of dispatch.<br>Excise Duty : Extra if applicable for which we shall provide you EDGP to Claim Cenvat.<br>Delivery : Within 2 to 3 weeks from date of receipt of Techno-Commercially clear PO.<br>Freight &amp; Insurance : In Buyers account. In case of transit damage you will have to Claim from your Insurance Company.<br>Payment : Strictly within 30 days of receipt of material else interest will be charged @ 18 % p.a. for delayed period.<br>Warranty : For Pump &amp; Motors\r\nStandard as provided by manufacturer to be free from defects in both material &amp; workmanship for a period of 12 months from date of installation or 18 months from date of supply whichever is earlier. Provided the Motor/Pump is installed as per instructions. We shall not be liable for any loss and or consequential damages due to breakdown of the equipment either for repair purpose or otherwise. Winding failures is not covered under warranty. \r\nFor Spare\r\nOnly interchange ability with original equipment is confirmed and any manufacturing defect is covered.<br>Discount :  @ % on quoted price.<br>Validity : 30 Days.<br>', '75000.00', 'Pending', 25, 'STL', 34, 'BE-3291', '16-17', 12, 0, '2017-03-31', '0000-00-00', '', '0000-00-00', 0, 43, '16px'),
(44, 80, '7-8 KM Stone, Bhiwadi-\r\nAlwar Road, Khijuriwas (PO), \r\nAlwar (Dist), Bhiwadi, \r\nRajasthan 301018', 15, 3, '2017-04-20', 'Mr. Ankush Saxena', '8107291735', 'As per your verbal enquiry.', 'Quote for Positive pump.', 'With reference to above enquiry we are pleased to submit our quote as follows :-', '', 'Price Basis : Ex-Our  Works Udaipur .<br>Packing &amp; Forwarding : Extra @  %<br>Sales Tax : Vat Extra @ 5.5%   or as applicable on date of dispatch.<br>Excise Duty : Extra if applicable for which we shall provide you EDGP to Claim Cenvat.<br>Delivery : Within 2 to 3 weeks from date of receipt of Techno-Commercially clear PO.<br>Freight &amp; Insurance : In Buyers account. In case of transit damage you will have to Claim from your Insurance Company.<br>Payment : Strictly within 30 days of receipt of material else interest will be charged @ 18 % p.a. for delayed period.<br>Warranty : For Pump &amp; Motors\r\nStandard as provided by manufacturer to be free from defects in both material &amp; workmanship for a period of 12 months from date of installation or 18 months from date of supply whichever is earlier. Provided the Motor/Pump is installed as per instructions. We shall not be liable for any loss and or consequential damages due to breakdown of the equipment either for repair purpose or otherwise. Winding failures is not covered under warranty. \r\nFor Spare\r\nOnly interchange ability with original equipment is confirmed and any manufacturing defect is covered.<br>Discount :  @ % on quoted price.<br>Validity : 30 Days.<br>', '33600.00', 'Converted Into Sales Order', 25, 'STL', 35, 'BE-3107', '16-17', 12, 0, '2017-03-31', '0000-00-00', '', '0000-00-00', 0, 44, '16px'),
(45, 44, 'R. K. Nagar, Nimbahera-312601', 15, 2, '2017-05-05', 'Mr. Punit Gurjar', '9610019610', 'As per email enquiry.', 'Quote for Tushaco pumps.', 'With reference to your enquiry we are pleased to submit our quote as follows :-', '', '<ol><li style="text-align: justify; line-height: 1;">Price Basis : Ex-Our  Works Udaipur .</li><li style="text-align: justify; line-height: 1;">Packing &amp; Forwarding : Extra @ 2%</li><li style="text-align: justify; line-height: 1;">Sales Tax : Vat Extra @ 14.5%   or as applicable on date of dispatch.</li><li style="text-align: justify; line-height: 1;">Excise Duty : Extra as applicable for which we shall provide you EDGP to Claim Cenvat.</li><li style="text-align: justify; line-height: 1;">Delivery : Within 4 to 6 weeks from date of receipt of Techno-Commercially clear PO.</li><li style="text-align: justify; line-height: 1;">Freight &amp; Insurance : In Buyers account. In case of transit damage you will have to Claim from your Insurance Company.</li><li style="text-align: justify; line-height: 1;">Payment : Strictly within 30 days of receipt of material else interest will be charged @ 18 % p.a. for delayed period.</li><li style="text-align: justify; line-height: 1;">Warranty : For Pump &amp; Motors\r\nStandard as provided by manufacturer to be free from defects in both material &amp; workmanship for a period of 12 months from date of installation or 18 months from date of supply whichever is earlier. Provided the Motor/Pump is installed as per instructions. We shall not be liable for any loss and or consequential damages due to breakdown of the equipment either for repair purpose or otherwise.</li><li style="text-align: justify; line-height: 1;">Validity : 30 Days.</li></ol>', '20500.00', 'Pending', 25, 'STL', 36, 'DC-10', '16-17', 15, 0, '2017-03-31', '0000-00-00', '', '0000-00-00', 0, 45, '16px'),
(46, 38, '(A Division of DCM Shriram\r\nCement) Shriram Nagar, \r\nKota-3240004', 15, 15, '2017-04-20', 'Mr. Neelambuj Pareek', '9460483470', 'As per your email enquiry.', 'Quote for Tushco spares.', 'With reference to above enquiry we are pleased to submit our quote as follows :-', '', 'Price Basis : Ex-Our  Works Udaipur .<br>Packing &amp; Forwarding : Extra @  %<br>Sales Tax : Vat Extra @ 5.5%   or as applicable on date of dispatch.<br>Excise Duty : Extra if applicable for which we shall provide you EDGP to Claim Cenvat.<br>Delivery : Within 2 to 3 weeks from date of receipt of Techno-Commercially clear PO.<br>Freight &amp; Insurance : In Buyers account. In case of transit damage you will have to Claim from your Insurance Company.<br>Payment : Strictly within 30 days of receipt of material else interest will be charged @ 18 % p.a. for delayed period.<br>Warranty : For Pump &amp; Motors\r\nStandard as provided by manufacturer to be free from defects in both material &amp; workmanship for a period of 12 months from date of installation or 18 months from date of supply whichever is earlier. Provided the Motor/Pump is installed as per instructions. We shall not be liable for any loss and or consequential damages due to breakdown of the equipment either for repair purpose or otherwise. Winding failures is not covered under warranty. \r\nFor Spare\r\nOnly interchange ability with original equipment is confirmed and any manufacturing defect is covered.<br>Discount :  @ % on quoted price.<br>Validity : 30 Days.<br>', '11900.00', 'Pending', 25, 'STL', 37, 'DC-12', '16-17', 12, 0, '2017-03-31', '0000-00-00', '', '0000-00-00', 0, 46, '16px'),
(47, 112, 'A-135-135-136, Road no. 12,\r\nVishwakarma indusrial Area, Jaipur-302013', 15, 17, '2017-04-20', 'Mr. Pankaj Kalani', '9785022279', 'As per your email enquiry.', 'Quote for Antico Spares.', 'With reference to above enquiry we are pleased to submit our quote as follows :-', '', 'Price Basis : Ex-Our  Works Udaipur .<br>Packing &amp; Forwarding : Extra @  %<br>Sales Tax : Vat Extra @ 5.5%   or as applicable on date of dispatch.<br>Excise Duty : Extra if applicable for which we shall provide you EDGP to Claim Cenvat.<br>Delivery : Within 2 to 3 weeks from date of receipt of Techno-Commercially clear PO.<br>Freight &amp; Insurance : In Buyers account. In case of transit damage you will have to Claim from your Insurance Company.<br>Payment : Strictly within 30 days of receipt of material else interest will be charged @ 18 % p.a. for delayed period.<br>Warranty : For Pump &amp; Motors\r\nStandard as provided by manufacturer to be free from defects in both material &amp; workmanship for a period of 12 months from date of installation or 18 months from date of supply whichever is earlier. Provided the Motor/Pump is installed as per instructions. We shall not be liable for any loss and or consequential damages due to breakdown of the equipment either for repair purpose or otherwise. Winding failures is not covered under warranty. \r\nFor Spare\r\nOnly interchange ability with original equipment is confirmed and any manufacturing defect is covered.<br>Discount :  @ % on quoted price.<br>Validity : 30 Days.<br>', '2400.00', 'Pending', 25, 'STL', 38, 'BE-3194', '16-17', 12, 0, '2017-03-31', '0000-00-00', '', '0000-00-00', 0, 47, '16px'),
(48, 8, 'Unit Of - DCM Shriram Industries Limited\r\nShriram Nagar, Kota-324004', 15, 18, '2017-04-19', 'Ram Kshteri', '9929590865', 'As per your email enquiry.', 'Quote for Darling & Antico Spares', 'With reference to below enquiry we are pleased to submit our quote as follows :-', '', '<ol><li>Price Basis : Ex-Our  Works Udaipur .<br>Packing &amp; Forwarding : Extra @  2%<br>Sales Tax : Vat Extra @ 5.5% &nbsp;as applicable on date of dispatch.<br>Excise Duty : Extra if applicable for which we shall provide you EDGP to Claim Cenvat.<br>Delivery : Within 2 to 3 weeks from date of receipt of Techno-Commercially clear PO.<br>Freight &amp; Insurance : In Buyers account. In case of transit damage you will have to Claim from your Insurance Company.<br>Payment : Strictly within 30 days of receipt of material else interest will be charged @ 18 % p.a. for delayed period.<br>Warranty : &nbsp;For Spare\r\nOnly interchange ability with original equipment is confirmed and any manufacturing defect is covered.<br>Validity : 30 Days.<br></li></ol>', '36794.00', 'Converted Into Sales Order', 25, 'STL', 39, 'BE-2932', '16-17', 12, 0, '2017-03-31', '0000-00-00', '', '0000-00-00', 0, 48, '16px'),
(49, 70, 'SPL 1, Tapukara Industrial\r\nArea, Khuskhera-301707\r\nDistt-Alwar', 15, 16, '2017-04-22', 'Mr. Arun Sharma', '8800283377', 'As per email enquiry.', 'Quote for Johnson spares.', 'With reference to above enquiry we are pleased to submit our quote as follows :-', '', 'Price Basis : Ex-Our  Works Udaipur .<br>Packing &amp; Forwarding : Extra @  %<br>Sales Tax : Vat Extra @ 5.5%   or as applicable on date of dispatch.<br>Excise Duty : Extra if applicable for which we shall provide you EDGP to Claim Cenvat.<br>Delivery : Within 2 to 3 weeks from date of receipt of Techno-Commercially clear PO.<br>Freight &amp; Insurance : In Buyers account. In case of transit damage you will have to Claim from your Insurance Company.<br>Payment : Strictly within 30 days of receipt of material else interest will be charged @ 18 % p.a. for delayed period.<br>Warranty : For Pump &amp; Motors\r\nStandard as provided by manufacturer to be free from defects in both material &amp; workmanship for a period of 12 months from date of installation or 18 months from date of supply whichever is earlier. Provided the Motor/Pump is installed as per instructions. We shall not be liable for any loss and or consequential damages due to breakdown of the equipment either for repair purpose or otherwise. Winding failures is not covered under warranty. \r\nFor Spare\r\nOnly interchange ability with original equipment is confirmed and any manufacturing defect is covered.<br>Discount :  @ % on quoted price.<br>Validity : 30 Days.<br>', '10000.00', 'Pending', 25, 'STL', 40, 'BE-3255', '16-17', 12, 0, '2017-03-31', '0000-00-00', '', '0000-00-00', 0, 49, '16px'),
(50, 111, '(A unit of : Rajasthan\r\nCooperative Dairy\r\nFederation Limited)\r\nNadbai,\r\nBharatpur-321602 (Raj.)\r\n', 15, 2, '2017-04-22', 'Mr. Satish Sharma', '5643276530', 'As per your email enquiry.', 'Quote for Tushaco pump.', 'With reference to above enquiry we are pleased to submit our quote as follows :-', '', 'Price Basis : Ex-Our  Works Udaipur .<br>Packing &amp; Forwarding : Extra @  %<br>Sales Tax : Vat Extra @ 5.5%   or as applicable on date of dispatch.<br>Excise Duty : Extra if applicable for which we shall provide you EDGP to Claim Cenvat.<br>Delivery : Within 2 to 3 weeks from date of receipt of Techno-Commercially clear PO.<br>Freight &amp; Insurance : In Buyers account. In case of transit damage you will have to Claim from your Insurance Company.<br>Payment : Strictly within 30 days of receipt of material else interest will be charged @ 18 % p.a. for delayed period.<br>Warranty : For Pump &amp; Motors\r\nStandard as provided by manufacturer to be free from defects in both material &amp; workmanship for a period of 12 months from date of installation or 18 months from date of supply whichever is earlier. Provided the Motor/Pump is installed as per instructions. We shall not be liable for any loss and or consequential damages due to breakdown of the equipment either for repair purpose or otherwise. Winding failures is not covered under warranty. \r\nFor Spare\r\nOnly interchange ability with original equipment is confirmed and any manufacturing defect is covered.<br>Discount :  @ % on quoted price.<br>Validity : 30 Days.<br>', '54000.00', 'Pending', 25, 'STL', 41, 'BE-3291', '16-17', 12, 0, '2017-03-31', '0000-00-00', '', '0000-00-00', 0, 50, '16px'),
(51, 26, 'Unit-Kotputli Cement Works\r\nVillage - Mohanpura\r\nTeh - Kotputli\r\nDist. jaipur-303108', 15, 4, '2017-04-22', 'Mr. Pradeep Ranka', '9887480241', 'As per your email enquiry.', 'Quote for Darling pump.', 'With reference to above enquiry we are pleased to submit our quote as follows :-', '', 'Price Basis : Ex-Our  Works Udaipur .<br>Packing &amp; Forwarding : Extra @  %<br>Sales Tax : Vat Extra @ 5.5%   or as applicable on date of dispatch.<br>Excise Duty : Extra if applicable for which we shall provide you EDGP to Claim Cenvat.<br>Delivery : Within 2 to 3 weeks from date of receipt of Techno-Commercially clear PO.<br>Freight &amp; Insurance : In Buyers account. In case of transit damage you will have to Claim from your Insurance Company.<br>Payment : Strictly within 30 days of receipt of material else interest will be charged @ 18 % p.a. for delayed period.<br>Warranty : For Pump &amp; Motors\r\nStandard as provided by manufacturer to be free from defects in both material &amp; workmanship for a period of 12 months from date of installation or 18 months from date of supply whichever is earlier. Provided the Motor/Pump is installed as per instructions. We shall not be liable for any loss and or consequential damages due to breakdown of the equipment either for repair purpose or otherwise. Winding failures is not covered under warranty. \r\nFor Spare\r\nOnly interchange ability with original equipment is confirmed and any manufacturing defect is covered.<br>Discount :  @ % on quoted price.<br>Validity : 30 Days.<br>', '50000.00', 'Pending', 25, 'STL', 42, 'BE-2720', '16-17', 12, 0, '2017-03-31', '0000-00-00', '', '0000-00-00', 0, 51, '16px'),
(52, 57, '(Division of DCM Shriram Ltd.)\r\nShriram Nagar, Kota-324004', 15, 26, '2017-04-30', 'Mr. Dileep Sisodia', '9829516611', 'Your email enquiry dated 29.04.2017', 'Gen bx: Offer for Johnson centrifugal pump with motor', 'With reference to your enquiry we are pleased to submit our quote as follows :-', '', '<p></p><p></p><ol></ol><p></p><ol><li style="text-align: left;">Price Basis : Ex-Our  Works Udaipur .</li><li style="text-align: left;">Packing &amp; Forwarding : Extra @ 2 &nbsp;%</li><li style="text-align: left;">Sales Tax : Vat Extra @ 5.5 %   or as applicable on date of dispatch.</li><li style="text-align: left;">Excise Duty : Extra as applicable for which we shall provide you EDGP to Claim Cenvat.</li><li style="text-align: left;">Delivery : Within 4 to 6 weeks from date of receipt of Techno-Commercially clear PO.</li><li style="text-align: left;">Freight &amp; Insurance : In Buyers account. In case of transit damage you will have to Claim from your Insurance Company.</li><li style="text-align: left;">Payment : 100% &nbsp;advance agst PI</li><li style="text-align: left;">Warranty : For Pump &amp; Motors\r\nStandard as provided by manufacturer to be free from defects in both material &amp; workmanship for a period of 12 months from date of installation or 18 months from date of supply whichever is earlier. Provided the Motor/Pump is installed as per instructions. We shall not be liable for any loss and or consequential damages due to breakdown of the equipment either for repair purpose or otherwise.&nbsp;</li><li style="text-align: left;">Validity : 30 Days</li></ol>', '31250.00', 'Pending', 25, 'STL', 43, 'DC-13', '16-17', 15, 0, '2017-03-31', '0000-00-00', '', '0000-00-00', 0, 52, '16px'),
(53, 107, 'Shriram Nagar, Kota-324004', 15, 2, '2017-04-30', 'Mr. Nitin Paliwal', '9829895738', 'Your email enquiry dt. 20.03.2017', 'BE 2502 : Quote for Tushaco Pump - Shilpa Udr', 'With reference to above enquiry we are pleased to submit our quote as follows :-', 'NOTE : You may place repeat order as per your last PO No. SCW/NIP/7287467 dated 13.12.2014', '<p></p><p><ol></ol></p><ol><li style="text-align: left;">Price Basis : Ex-Our  Works Udaipur .</li><li style="text-align: left;">Sales Tax : Vat Extra @ 14.5 %   or as applicable on date of dispatch.</li><li style="text-align: left;">Delivery : Ready Stock</li><li style="text-align: left;">Freight &amp; Insurance : In Buyers account. In case of transit damage you will have to Claim from your Insurance Company.</li><li style="text-align: left;">Payment : Strictly within 30 days of receipt of material else interest will be charged @ 18 % p.a. for delayed period.</li><li style="text-align: left;">Warranty : For Pump &amp; Motors\r\nStandard as provided by manufacturer to be free from defects in both material &amp; workmanship for a period of 12 months from date of installation or 18 months from date of supply whichever is earlier. Provided the Motor/Pump is installed as per instructions. We shall not be liable for any loss and or consequential damages due to breakdown of the equipment either for repair purpose or otherwise. Winding failures is not covered under warranty.&nbsp;</li></ol>', '7650.00', 'Pending', 25, 'STL', 44, 'BE-2502', '16-17', 7, 0, '2017-03-31', '0000-00-00', '', '0000-00-00', 0, 53, '16px'),
(54, 101, 'NH-12, Ramganj Balaji, \r\nBundi-323001 (Raj)', 15, 3, '2017-04-30', 'Mr. Yusuf Ansari', '7073458817', 'Your email inquiry dated 28.3.2017', 'BE 2877- Quote for Dosing Pump - Shilpa Udr', 'With reference to above enquiry we are pleased to submit our quote as follows :-', 'NOTE : You can place repeat order as per your last PO no. PB50C553 dated 8.10.2011', '<ol><li style="text-align: left;">Price Basis : Ex-Our  Works Udaipur .</li><li style="text-align: left;">Packing &amp; Forwarding : Extra @ 2 % of basic order value</li><li style="text-align: left;">Sales Tax : Vat Extra @ 14.5%   or as applicable on date of dispatch.</li><li style="text-align: left;">Delivery : Ready Stock</li><li style="text-align: left;">Freight &amp; Insurance : In Buyers account. In case of transit damage you will have to Claim from your Insurance Company.</li><li style="text-align: left;">Payment : Strictly within 15 days of receipt of material else interest will be charged @ 18 % p.a. for delayed period.</li><li style="text-align: left;">Warranty : For Pump Standard as provided by manufacturer to be free from defects in both material &amp; workmanship for a period of 12 months from date of installation or 18 months from date of supply whichever is earlier. Provided the Motor/Pump is installed as per instructions. We shall not be liable for any loss and or consequential damages due to breakdown of the equipment either for repair purpose or otherwise. Winding failures is not covered under warranty.&nbsp;</li></ol>', '8502.50', 'Pending', 25, 'STL', 45, 'BE-2877', '16-17', 7, 0, '2017-03-31', '0000-00-00', '', '0000-00-00', 0, 54, '16px'),
(55, 115, 'Village-Bhadresh\r\nBarmer -344001', 4, 19, '2017-04-20', 'Mr. Mahesh Sharma', '2982229100', 'Enquiry ref 4100149172 Dt. 18.03.17', 'Offer for Spare of pump Positive Metering Pump', 'We are thank you for your enquiry for Pump and we being authorized dealer of \r\nPositive Metering  Pumps are pleased to submit our offer as under :\r\n\r\nDosing Pump model HD 2017/SZ1,Capacity : 0-150, Pressure :5kg/cm2,Dia : 32,8:1,\r\nBV10/PP, Sr, No 10105648, IR no 5732\r\n\r\n', '', 'Price Basis : Transporter Godown -Barmer.<br>Packing &amp; Forwarding : Inclusive<br>Sales Tax : Vat Extra @ 14.5%   or as applicable on date of dispatch.<br>Delivery : Within 6 to 8 weeks from date of receipt of Techno-Commercially clear PO.<br>Freight &amp; Insurance : In Buyers account. In case of transit damage you will have to Claim from your Insurance Company.<br>Payment : Strictly within 30 days of receipt of material else interest will be charged @ 18 % p.a. for delayed period.<br>Warranty : For Spare\r\nOnly interchange ability with original equipment is confirmed and any manufacturing defect is covered.<br>Validity : 30 Days.<br>', '186450.00', 'Pending', 25, 'STL', 46, 'BE-2890', '17-18', 4, 0, '2017-04-03', '0000-00-00', '', '0000-00-00', 0, 55, '16px');
INSERT INTO `quotations` (`id`, `customer_id`, `customer_address`, `employee_id`, `item_group_id`, `finalisation_date`, `customer_for_attention`, `customer_contact_no`, `enquiry_no`, `subject`, `text`, `additional_note`, `terms_conditions`, `total`, `status`, `company_id`, `qt1`, `qt2`, `qt3`, `qt4`, `created_by`, `edited_by`, `created_on`, `edited_on`, `reason`, `closing_date`, `revision`, `quotation_id`, `pdf_font_size`) VALUES
(56, 4, 'Bangur Nagar \r\nPost Box no 33\r\nBeawar; 305901', 11, 26, '2017-04-14', 'Mr. Abhishek Singh Chauhan', '9214337632', 'Email Enquiry for Oil Pump  Dated 22.03.2017', 'Offer for Johnson Pump with Motor for High Temp. Oil', 'With reference to above enquiry we are pleased to submit our quote as follows :-', '', '<p>Price Basis : Transporter Godown Beawar .<br>Packing &amp; Forwarding : Inclusive.</p><p>Discount @ 20 % as per agreed Terms&nbsp;</p><p>Sales Tax : Vat Extra @ 5.5%   or as applicable on date of dispatch.<br>Excise Duty : Extra as applicable for which we shall provide you EDGP to Claim Cenvat.<br>Delivery : Within 8 to 10 weeks from date of receipt of Techno-Commercially clear PO.<br>Freight &amp; Insurance : In Buyers account. In case of transit damage you will have to Claim from your Insurance Company.<br>Payment : Strictly within 30 days of receipt of material else interest will be charged @ 18 % p.a. for delayed period.<br>Warranty : For Pump &amp; Motors\r\nStandard as provided by manufacturer to be free from defects in both material &amp; workmanship for a period of 12 months from date of installation or 18 months from date of supply whichever is earlier. Provided the Motor/Pump is installed as per instructions. We shall not be liable for any loss and or consequential damages due to breakdown of the equipment either for repair purpose or otherwise. Winding failures is not covered under warranty.&nbsp;<br>Validity : 30 Days.<br></p>', '222491.00', 'Pending', 25, 'STL', 47, 'DC-14', '17-18', 4, 0, '2017-04-03', '0000-00-00', '', '0000-00-00', 0, 56, '16px'),
(57, 2, 'UNIT:ADITYA CEMENT WORKS\r\nAdityapuram Shambhura\r\nChittorgarh', 11, 15, '2017-04-12', 'Mr. Ujjwal saxena', '1472221002', 'verbal Enquiry Dated 03/04/2017', 'Offer for Tushaco Pump Spare', 'We are thank you for your enquiry for Spares and we being authorized dealer of  TUSHACO make  Pumps are pleased to submit our offer as under :-', '', 'Price Basis : Ex-Our  Works Udaipur .<br>Packing &amp; Forwarding : Inclusive<br>Sales Tax : Vat Extra @ 14.5%   or as applicable on date of dispatch.<br>Excise Duty : Extra if applicable for which we shall provide you EDGP to Claim Cenvat.<br>Delivery : Within 6 to 8 weeks from date of receipt of Techno-Commercially clear PO.<br>Freight &amp; Insurance : In Buyers account. In case of transit damage you will have to Claim from your Insurance Company.<br>Payment : Strictly within 30 days of receipt of material else interest will be charged @ 18 % p.a. for delayed period.<br>Warranty : For Spare\r\nOnly interchange ability with original equipment is confirmed and any manufacturing defect is covered.<br>Validity : 30 Days.<br>', '15700.00', 'Pending', 25, 'STL', 48, 'DC-15', '17-18', 4, 0, '2017-04-03', '0000-00-00', '', '0000-00-00', 0, 57, '16px'),
(58, 1, 'Dariba Smelter Complex\r\nRajpura Dariba Mines\r\nRajsamand - 313211', 11, 4, '2017-04-17', 'Mr Aditya Jalan', '8003093638', 'Email Enquiry dated: 04/04/2017', 'BE 3156 offer for DARLING make Submersible pumps', 'We are thank you for your enquiry for Pump and we being authorized dealer of \r\n\r\nDarling  Pumps are pleased to submit our offer as under:\r\n\r\n', 'You may placed repeat order as per earleir PO No.: 4100086619 dated : 20/01/2017', '<p>Price Basis : Ex-Our  Works Udaipur .<br>Packing &amp; Forwarding : Inclusive<br>Sales Tax : 2 &nbsp;% CST Against C &amp; E1 Form<br>Excise Duty : Extra as applicable for which we shall provide you EDGP to Claim Cenvat.<br>Delivery : Within 2 to 4 weeks from date of receipt of Techno-Commercially clear PO.</p><p>LD Clause : &nbsp;Will be Applicable from 8 Weeks from date of PO</p><p>Payment : Strictly within 30 days of receipt of material else interest will be charged @ 18 % p.a. for delayed period..<br>Validity : 30 Days.<br></p>', '92610.00', 'Pending', 25, 'STL', 49, 'DC-16', '17-18', 11, 0, '2017-04-04', '0000-00-00', '', '0000-00-00', 0, 58, '16px'),
(59, 124, 'G-138 to 142,4th Phase,\r\nRiico Industrial Area, Bhilwara-311001 (Raj.)\r\n', 15, 1, '2017-04-15', 'Mr. Atul Ji', '9001895174', 'As per your email enquiry.', 'Quote for Johnson pump.', 'We thank you for your valuable  enquiry and  we are pleased to submit our quote as follows :-', '', '<ol><li style="text-align: justify;">Price Basis : Ex-Our  Works Udaipur .</li><li style="text-align: justify;">Packing &amp; Forwarding : Extra @ 2 %</li><li style="text-align: justify;">Sales Tax : Vat Extra @ 5.5%   or as applicable on date of dispatch.</li><li style="text-align: justify;">Delivery &nbsp; : One Unit Ready Stock or Within 6 to 8 weeks from date of receipt of Techno-Commercially clear PO.</li><li style="text-align: justify;">Freight &amp; Insurance : In Buyers account.&nbsp;</li><li style="text-align: justify;">Payment &nbsp; : 100% advance agst PI</li><li style="text-align: justify;">Warranty : For Pump &amp; Motors\r\nStandard as provided by manufacturer to be free from defects in both material &amp; workmanship for a period of 12 months from date of installation or 18 months from date of supply whichever is earlier. Provided the Motor/Pump is installed as per instructions.&nbsp;</li><li style="text-align: justify;">Validity : 30 Days.</li></ol>', '66400.00', 'Pending', 25, 'STL', 50, 'DC-17', '17-18', 15, 0, '2017-04-05', '0000-00-00', '', '0000-00-00', 0, 59, '16px'),
(60, 69, '68th Milestone, N.H.8, \r\nVillage-Joniawas, Dharuhera-122100,\r\nDistt-Rewari, (Haryana)', 15, 16, '2017-04-12', 'Mr. Ajay Prakash Singh', '9991735166', 'As per your email enquiry.', 'Quote for Johnson Spares.', 'With reference to above enquiry we are pleased to submit our quote as follows :-', 'You may please place repeat order your PO no. 4300068744  dated 08.07.2016.', '<ol><li style="text-align: justify; line-height: 1;">Price Basis : Ex-Our  Works Udaipur .</li><li style="text-align: justify; line-height: 1;">Packing &amp; Forwarding : Extra @ 2%</li><li style="text-align: justify; line-height: 1;">Sales Tax : 2% CST agst C form or as applicable time of dispatch</li><li style="text-align: justify; line-height: 1;">Delivery : Ready stock or Within 2 to 3 weeks from date of receipt of Techno-Commercially clear PO.</li><li style="text-align: justify; line-height: 1;">Freight &amp; Insurance : In Buyers account. In case of transit damage you will have to Claim from your Insurance Company.</li><li style="text-align: justify; line-height: 1;">Payment : Strictly within 3 days of receipt of material else interest will be charged @ 18 % p.a. for delayed period.</li><li style="text-align: justify; line-height: 1;">Warranty : For Spare\r\nOnly interchange ability with original equipment is confirmed and any manufacturing defect is covered.</li><li style="text-align: justify; line-height: 1;">Validity : 30 Days.</li></ol>', '12920.00', 'Pending', 25, 'STL', 51, 'BE-2942', '17-18', 16, 0, '2017-04-05', '0000-00-00', '', '0000-00-00', 0, 60, '16px'),
(61, 30, 'Village -Khapradig ,Teh :-Simga\r\nBhatapara ,Baloda Bazar Raipur -493332\r\nChattisgarh', 11, 15, '2017-04-15', 'Shadaab Alam Rizvi', '8349301232', 'RFQ No. 573131 dated : 06.04.2017', 'Offer for Mechanical Seal of TUSHACO Pump', 'We thank you very much for valuable enquiry for Mechanical Seal of Tushaco Pumps we being Authorised dealer of Tushaco make Pump Kindly check our offer as below:\r\n', '', '<p>Price Basis : Ex Transporter Godown Baloda Bazar.<br>Packing &amp; Forwarding : Inclusive<br>Sales Tax : 2 % CST against C form or As Applicable date at the &nbsp;time of dispatch<br>Excise Duty : Extra if applicable for which we shall provide you EDGP to Claim Cenvat.<br>Delivery : Within 6 to 8 weeks from date of receipt of Techno-Commercially clear PO.<br>Payment : 30 days of receipt of material</p><p>&nbsp;Warranty :For Spare\r\nOnly interchange ability with original equipment is confirmed and any manufacturing defect is covered.<br>Discount : 20 % on quoted price.<br>Validity : 30 Days.&nbsp;<br></p>', '47250.00', 'Pending', 25, 'STL', 52, 'BE-3241', '17-18', 11, 0, '2017-04-06', '0000-00-00', '', '0000-00-00', 0, 61, '16px'),
(62, 96, 'RSPL Group, Plot No.119-121, Block P&T, Kalpi Road, Fazalganj, Kanpur-208012 (UP)\r\n\r\n', 15, 26, '2017-04-15', 'Mr. Akshay Agarwal ', '7318214777', 'Your email enquiry dated 30.03.2017.', 'Quote for Johnson SS centrifugal Pump', 'With reference to your enquiry we are pleased to submit our quote as follows :-', 'We have Quote Half Open Impeller Pump.', '<ol><li style="text-align: justify;">Price Basis : Ex-Our  Works Udaipur .</li><li style="text-align: justify;">Packing &amp; Forwarding : Extra @ 2%</li><li style="text-align: justify;">Sales Tax : 2% CST agst C form &nbsp; or as applicable on date of dispatch.</li><li style="text-align: justify;">Excise Duty : Extra if applicable for which we shall provide you EDGP to Claim Cenvat.</li><li style="text-align: justify;">Delivery : Within 10 to 12 weeks from date of receipt of Techno-Commercially clear PO.</li><li style="text-align: justify;">Freight &amp; Insurance : In Buyers account. In case of transit damage you will have to Claim from your Insurance Company.</li><li style="text-align: justify;">Payment : 50% advance with order copy balance agst PI</li><li style="text-align: justify;">Warranty : For Pump &amp; Motors\r\nStandard as provided by manufacturer to be free from defects in both material &amp; workmanship for a period of 12 months from date of installation or 18 months from date of supply whichever is earlier. Provided the Motor/Pump is installed as per instructions. We shall not be liable for any loss and or consequential damages due to breakdown of the equipment either for repair purpose or otherwise.&nbsp;</li><li style="text-align: justify;">Validity : 30 Days.</li></ol>', '215500.00', 'Pending', 27, 'FMSL', 3, 'DC-6', '17-18', 15, 0, '2017-04-07', '0000-00-00', '', '0000-00-00', 0, 62, '16px'),
(63, 30, 'Village -Khapradig ,Teh :-Simga\r\nBhatapara ,Baloda Bazar Raipur -493332\r\nChattisgarh', 11, 4, '2017-04-25', 'Shadaab Alam Rizvi', '8349301232', 'RFQ No. 558372, 571678 dated : 06.04.2017', 'Offer for Darling make Submersible dewatering Pumps', 'We are thank you for your enquiry for Pumps and we being authorized dealer of  Darling Pumps are pleased to submit our offer as under:\r\n', '', 'Price Basis : Ex Transporter Godown Baloda Bazar<br>Packing &amp; Forwarding : Inclusive<br>Sales Tax : 2 % CST against C form &nbsp;or as applicable on date of dispatch.<br>Excise Duty : Extra if applicable for which we shall provide you EDGP to Claim Cenvat.<br>Delivery : Within 4 to 6 &nbsp;weeks or earlier from date of receipt of Techno-Commercially clear PO.<br>Payment : Strictly within 30 days of receipt of material else interest will be charged @ 18 % p.a. for delayed period.<br>Warranty : For Pump &amp; Motors\r\nStandard as provided by manufacturer to be free from defects in both material &amp; workmanship for a period of 12 months from date of installation or 18 months from date of supply whichever is earlier. Provided the Motor/Pump is installed as per instructions. We shall not be liable for any loss and or consequential damages due to breakdown of the equipment either for repair purpose or otherwise. Winding failures is not covered under warranty.&nbsp;<br>Discount : &nbsp; 20 % on quoted prices<br>Validity : 30 Days.<br>', '418700.00', 'Pending', 25, 'STL', 53, 'DC-18', '17-18', 11, 0, '2017-04-07', '0000-00-00', '', '0000-00-00', 0, 63, '16px'),
(64, 66, 'RSWM Limited,\r\n(Unit- Mandpam)PB No. 13\r\nBhilwara-311001', 15, 26, '2017-04-30', 'Sh. Singhal Sir', '9414034874', 'Your email enquiry dated 06.04.2017', 'Quote for Johnson Pump Unit', 'With reference to your enquiry we are pleased to submit our quote as follows :-', '', '<ol><li style="text-align: justify;">Price Basis : Ex-Our  Works Udaipur .</li><li style="text-align: justify;">Packing &amp; Forwarding : Extra @2 %</li><li style="text-align: justify;">Sales Tax : Vat Extra @ 5.5%   or as applicable on date of dispatch.</li><li style="text-align: justify;">Excise Duty : Extra as applicable for which we shall provide you EDGP to Claim Cenvat.</li><li style="text-align: justify;">Delivery : Within 12 to 14 weeks from date of receipt of Techno-Commercially clear PO.</li><li style="text-align: justify;">Freight &amp; Insurance : In Buyers account. In case of transit damage you will have to Claim from your Insurance Company.</li><li style="text-align: justify;">Payment : Strictly within 30 days of receipt of material else interest will be charged @ 18 % p.a. for delayed period.</li><li style="text-align: justify;">Warranty : For Pump &amp; Motors\r\nStandard as provided by manufacturer to be free from defects in both material &amp; workmanship for a period of 12 months from date of installation or 18 months from date of supply whichever is earlier. Provided the Motor/Pump is installed as per instructions. We shall not be liable for any loss and or consequential damages due to breakdown of the equipment either for repair purpose or otherwise.&nbsp;</li><li style="text-align: justify;">Validity : 30 Days.</li></ol>', '225000.00', 'Pending', 25, 'STL', 54, 'BE-3320', '17-18', 15, 0, '2017-04-07', '0000-00-00', '', '0000-00-00', 0, 64, '16px'),
(65, 96, '(Bhoganipur Unit Store)\r\n542, 544, Haidarpur Bhoganipur\r\nUttar Pradesh\r\n', 15, 15, '2017-05-08', 'Mr. Ashutosh Dixit ', '7054300927', 'As per your email enquiry dated 26.04.2017', 'Quote for Tushaco Spares.', 'With reference to your below enquiry we are pleased to submit our quote as follows :-', '', '<ol><li style="text-align: justify;">Price Basis : Ex-Our  Works Udaipur .</li><li style="text-align: justify;">Packing &amp; Forwarding : Extra @  2%</li><li style="text-align: justify;">Sales Tax : 2% CST against C form as applicable on date of dispatch.</li><li style="text-align: justify;">Excise Duty : Extra if applicable for which we shall provide you EDGP to Claim Cenvat.</li><li style="text-align: justify;">Delivery : Within 4 to 6 weeks from date of receipt of Techno-Commercially clear PO.</li><li style="text-align: justify;">Freight &amp; Insurance : In Buyers account. In case of transit damage you will have to Claim from your Insurance Company.</li><li style="text-align: justify;">Payment : 100% advance against PI.</li><li style="text-align: justify;">Warranty : For Pump &amp; Motors\r\nStandard as provided by manufacturer to be free from defects in both material &amp; workmanship for a period of 12 months from date of installation or 18 months from date of supply whichever is earlier. Provided the Motor/Pump is installed as per instructions. We shall not be liable for any loss and or consequential damages due to breakdown of the equipment either for repair purpose or otherwise.&nbsp;</li><li style="text-align: justify;">Validity : 30 Days.</li></ol>', '21500.00', 'Converted Into Sales Order', 27, 'FMSL', 4, 'BE-3388', '17-18', 12, 0, '2017-04-07', '0000-00-00', '', '0000-00-00', 0, 65, '16px'),
(66, 128, 'Village Chohal |Hoshiarpur |146024 Punjab | India\r\n', 15, 27, '2017-04-30', 'Shamsher Singh', '9876166995', 'Your email enquiry dated 11.04.2017.', 'Quote for Antico Pumps', 'With reference to your enquiry we are pleased to submit our quote as follows :-', '', '<ol><li style="text-align: justify;">Price Basis : Ex-Our  Works Udaipur .</li><li style="text-align: justify;">Packing &amp; Forwarding : Extra @ 3%</li><li style="text-align: justify;">Sales Tax : 2% CST agst C form &nbsp;as applicable on date of dispatch.</li><li style="text-align: justify;">Excise Duty : Extra if applicable for which we shall provide you EDGP to Claim Cenvat.</li><li style="text-align: justify;">Delivery : Within 2 to 3 weeks from date of receipt of Techno-Commercially clear PO.</li><li style="text-align: justify;">Freight &amp; Insurance : In Buyers account. In case of transit damage you will have to Claim from your Insurance Company.</li><li style="text-align: justify;">Payment : 100% advance agst PI</li><li style="text-align: justify;">Warranty : For Pump &amp; Motors\r\nStandard as provided by manufacturer to be free from defects in both material &amp; workmanship for a period of 12 months from date of installation or 18 months from date of supply whichever is earlier. Provided the Motor/Pump is installed as per instructions. We shall not be liable for any loss and or consequential damages due to breakdown of the equipment either for repair purpose or otherwise.&nbsp;</li><li style="text-align: justify;">Validity : 30 Days.</li></ol>', '49500.00', 'Pending', 25, 'STL', 55, 'BE-2999', '17-18', 15, 0, '2017-04-11', '0000-00-00', '', '0000-00-00', 0, 66, '16px'),
(67, 66, '(Unit- Mandpam)\r\nPB No. 13\r\nBhilwara-311001', 15, 16, '2017-04-20', 'Aashish Tomar', '9782258181', 'Your email enquiry dated 11.04.2017', 'Quote for Johnson Pump Spares', 'With reference to your enquiry we are pleased to submit our quote as follows :-', '', '<ol><li style="text-align: justify;">Price Basis : Ex-Our  Works Udaipur .</li><li style="text-align: justify;">Packing &amp; Forwarding : Inclusive</li><li style="text-align: justify;">Sales Tax : Vat Extra @ 5.5%   or as applicable on date of dispatch.</li><li style="text-align: justify;">Delivery : Within 3 to 4 weeks from date of receipt of Techno-Commercially clear PO.<br></li><li style="text-align: justify;">Freight &amp; Insurance : In Buyers account. In case of transit damage you will have to Claim from your Insurance Company.</li><li style="text-align: justify;">Payment : Strictly within 30 days of receipt of material else interest will be charged @ 18 % p.a. for delayed period.</li><li style="text-align: justify;">Warranty : FFor Spare\r\nOnly interchange ability with original equipment is confirmed and any manufacturing defect is covered.</li><li style="text-align: justify;">Discount : 10@ % on quoted price.</li><li style="text-align: justify;">Validity : 30 Days.</li></ol>', '10592.00', 'Pending', 25, 'STL', 56, 'BE-3320', '17-18', 15, 0, '2017-04-11', '0000-00-00', '', '0000-00-00', 0, 67, '16px'),
(68, 123, 'Udai Sagar Road,\r\nDistt- Udaipur, \r\n313001 (Raj.)', 4, 4, '2017-04-14', 'Mr. Vimal Nagar', '2942492451', 'Price offer for Kitchen Waste ', 'Offer for Darling Pump', 'We are thank you for your enquiry for Pump and we being authorized dealer of \r\nDarling  make Pumps are pleased to submit our offer as under:\r\n', '', 'Price Basis : Ex-Our  Works Udaipur .<br>Packing &amp; Forwarding : Inclusive<br>Sales Tax : Vat Extra @ 5.5%   or as applicable on date of dispatch.<br>Excise Duty : Extra as applicable for which we shall provide you EDGP to Claim Cenvat.<br>Delivery : Within 4 to 6 weeks from date of receipt of Techno-Commercially clear PO.<br>Freight &amp; Insurance : In Buyers account. In case of transit damage you will have to Claim from your Insurance Company.<br>Payment : Strictly within 15 days of receipt of material else interest will be charged @ 18 % p.a. for delayed period.<br>Warranty : For Pump &amp; Motors\r\nStandard as provided by manufacturer to be free from defects in both material &amp; workmanship for a period of 12 months from date of installation or 18 months from date of supply whichever is earlier. Provided the Motor/Pump is installed as per instructions. We shall not be liable for any loss and or consequential damages due to breakdown of the equipment either for repair purpose or otherwise. Winding failures is not covered under warranty.&nbsp;<br>Validity : 30 Days.<br>', '49500.00', 'Pending', 25, 'STL', 57, 'DC-18', '17-18', 4, 0, '2017-04-11', '0000-00-00', '', '0000-00-00', 0, 68, '16px'),
(69, 48, 'Corporate Procurement (NRM) |Jindal Saw Limited\r\n28 | ShivaJi Marg |Opp. CTC Mall |New Delhi - 110015 ', 15, 18, '2017-04-30', 'Mr. Satpal Marwah', '9958777464', 'Your email enquiry dated 12.04.2017', 'Quote for Darling Pump Spares', 'We thank you very much for your valuable enquiry, we being authorised dealer for DARLING pumps  are pleased to submit our offer as below : \r\n\r\n', 'You may please place repeat order your PO no. 4730012282 dated 18.02.2016.', '<ol><li style="text-align: justify;">Price Basis &nbsp; &nbsp; : Your Transporter Godown Bhilwara</li><li style="text-align: justify;">Packing &amp; Forwarding : Inclusive</li><li style="text-align: justify;">Sales Tax &nbsp; &nbsp; &nbsp; : 2% CST agst C and E1 form as applicable on date of dispatch.</li><li style="text-align: justify;">Excise Duty : Extra as applicable for which we shall provide you EDGP to Claim Cenvat.</li><li style="text-align: justify;">Delivery : Within 10 to 12 weeks from date of receipt of Techno-Commercially clear PO.</li><li style="text-align: justify;">Freight &amp; Insurance : In Buyers account. In case of transit damage you will have to Claim from your Insurance Company.</li><li style="text-align: justify;">Payment &nbsp; &nbsp; &nbsp; : Strictly within 15 days of receipt of material else interest will be charged @ 18 % p.a. for delayed period.</li><li style="text-align: justify;">Warranty &nbsp; &nbsp; : &nbsp;For Spare\r\nOnly interchange ability with original equipment is confirmed and any manufacturing defect is covered.</li><li style="text-align: justify;">Validity &nbsp; &nbsp; &nbsp; &nbsp; &nbsp;: 30 Days.</li></ol>', '888830.00', 'Converted Into Sales Order', 25, 'STL', 58, 'BE-3173', '17-18', 15, 0, '2017-04-12', '0000-00-00', '', '0000-00-00', 0, 69, '16px'),
(70, 61, 'P.O. Gadepan\r\nKota -325208', 15, 17, '2017-04-30', 'Mr. Akant Khanduri', '7442782614', 'Your email enquiry CFCL/PUR/121/ 0010084805 dated 07.04.2017.', 'Quote for Antico Pump Spares', 'With reference to your enquiry we are pleased to submit our quote as follows :-', '', '<ol><li style="text-align: justify;">Price Basis : Ex-Our  Works Udaipur .</li><li style="text-align: justify;">Packing &amp; Forwarding : Extra @ 2 %</li><li style="text-align: justify;">Sales Tax : Vat Extra @ 14.5%   or as applicable on date of dispatch.</li><li style="text-align: justify;">Delivery : Within 3 to 4 weeks from date of receipt of Techno-Commercially clear PO.</li><li style="text-align: justify;">Freight &amp; Insurance : In Buyers account. In case of transit damage you will have to Claim from your Insurance Company.</li><li style="text-align: justify;">Payment : Strictly within 30 days of receipt of material else interest will be charged @ 18 % p.a. for delayed period.</li><li style="text-align: justify;">Warranty : For Spare\r\nOnly interchange ability with original equipment is confirmed and any manufacturing defect is covered.</li><li style="text-align: justify;">Validity : 30 Days.</li></ol>', '16800.00', 'Pending', 25, 'STL', 59, 'DC-9', '17-18', 15, 0, '2017-04-12', '0000-00-00', '', '0000-00-00', 0, 70, '16px'),
(71, 45, 'Sangam House, Atun, Chittorgarh Road, \r\nBhilwara-311001', 15, 26, '2017-04-30', 'Mr. Rahul Tiwari', '7727006054', 'As per your email enquiry.', 'Quote for Johnson pump with Motor.', 'We are thank you for your enquiry and we being authorized dealer of JOHNSON make Pumps are pleased to submit our offer as under:-', '', '<p></p><p><ol></ol></p><ol><li style="text-align: justify;">Price Basis : Ex-Our  Works Udaipur .</li><li style="text-align: justify;">Packing &amp; Forwarding : Extra @ 2%</li><li style="text-align: justify;">Sales Tax : Vat Extra @ 5.5%   or as applicable on date of dispatch.</li><li style="text-align: justify;">Excise Duty : Extra as applicable for which we shall provide you EDGP to Claim Cenvat.</li><li style="text-align: justify;">Delivery : Ready Stock or Within 4 to 6 weeks from date of receipt of Techno-Commercially clear PO.</li><li style="text-align: justify;">Freight &amp; Insurance : In Buyers account. In case of transit damage you will have to Claim from your Insurance Company.</li><li style="text-align: justify;">Payment : Strictly within 30 days of receipt of material else interest will be charged @ 18 % p.a. for delayed period.</li><li style="text-align: justify;">Warranty : For Pump &amp; Motors\r\nStandard as provided by manufacturer to be free from defects in both material &amp; workmanship for a period of 12 months from date of installation or 18 months from date of supply whichever is earlier. Provided the Motor/Pump is installed as per instructions. We shall not be liable for any loss and or consequential damages due to breakdown of the equipment either for repair purpose or otherwise.</li><li style="text-align: justify;">Validity : 30 Days.</li></ol>', '42000.00', 'Pending', 25, 'STL', 60, 'BE-3356', '17-18', 15, 0, '2017-04-13', '0000-00-00', '', '0000-00-00', 0, 71, '16px'),
(72, 96, 'RSPL Group, Plot No.119-121, Block P&T, Kalpi Road, Fazalganj, Kanpur-208012 (UP)\r\n\r\n', 15, 2, '2017-04-25', 'Mr. Akshay Agarwal ', '7318214777', 'Your email enquiry dated 14.04.2017.', 'Quote for Tushaco Pumps', 'With reference to your enquiry we are pleased to submit our quote as follows :-', '', '<ol><li style="text-align: justify;">Price Basis : Ex-Our  Works Udaipur .</li><li style="text-align: justify;">Packing &amp; Forwarding : Extra @ 2%</li><li style="text-align: justify;">Sales Tax : 2% CST agst C form &nbsp;or as applicable on date of dispatch.</li><li style="text-align: justify;">Delivery : Within 4 to 6 weeks from date of receipt of Techno-Commercially clear PO.</li><li style="text-align: justify;">Freight &amp; Insurance : In Buyers account. In case of transit damage you will have to Claim from your Insurance Company.</li><li style="text-align: justify;">Payment : 100% advance agst PI</li><li style="text-align: justify;">Warranty : For Pump &amp; Motors\r\nStandard as provided by manufacturer to be free from defects in both material &amp; workmanship for a period of 12 months from date of installation or 18 months from date of supply whichever is earlier. Provided the Motor/Pump is installed as per instructions. We shall not be liable for any loss and or consequential damages due to breakdown of the equipment either for repair purpose or otherwise.</li><li style="text-align: justify;">Validity : 30 Days.</li></ol>', '25700.00', 'Converted Into Sales Order', 27, 'FMSL', 5, 'DC-6', '17-18', 15, 0, '2017-04-14', '0000-00-00', '', '0000-00-00', 0, 72, '16px'),
(73, 132, 'Unit - Ringas\r\nCIN: L17115RJ1960PLC008216\r\nSP-1,Industrial Area,Ringas-332404(Raj.)\r\n', 15, 16, '2017-04-20', 'Rajesh Kumar Dixit', '9413357092', 'Your email enquiry dated 14.04.2017.', 'Quote for Johnson Pump spares', 'With reference to your enquiry we are pleased to submit our quote as follows :-', '', '<ol><li style="text-align: justify;">Price Basis : Ex-Our  Works Udaipur .</li><li style="text-align: justify;">Packing &amp; Forwarding : Extra @  2%</li><li style="text-align: justify;">Sales Tax : Vat Extra @ 5.5%   or as applicable on date of dispatch.</li><li style="text-align: justify;">Delivery : Within 3 to 4 weeks from date of receipt of Techno-Commercially clear PO.</li><li style="text-align: justify;">Freight &amp; Insurance : In Buyers account. In case of transit damage you will have to Claim from your Insurance Company.</li><li style="text-align: justify;">Payment : Strictly within 30 days of receipt of material else interest will be charged @ 18 % p.a. for delayed period.</li><li style="text-align: justify;">Warranty : For Spare\r\nOnly interchange ability with original equipment is confirmed and any manufacturing defect is covered</li><li style="text-align: justify;">Validity : 30 Days.</li></ol>', '80940.00', 'Pending', 25, 'STL', 61, 'BE-2523', '17-18', 15, 0, '2017-04-14', '0000-00-00', '', '0000-00-00', 0, 73, '16px'),
(74, 29, 'Bangur City\r\nPO RAS-306107\r\nTehsil :Jaitaran\r\nDist. Pali\r\n', 11, 3, '2017-04-30', 'Mr. Ravi Kant Nagar', '9214037552', 'Verbal enquiry during plant Visit on Dt. 15.04.17', 'Offer for Positive make Dosing Pump', 'We are thank you for your enquiry for Dosing Pump and we being authorized dealer of Positive Pumps are pleased to submit our offer as under :', '', '<p>Price Basis : Ex-Transporter Godown Beawar .</p><p>Discount : @ 20% on quoted price.</p><p>Packing &amp; Forwarding : Inclusive</p><p>Sales Tax : Vat Extra @ 14.5%   or as applicable on date of dispatch.<br>Delivery : Ready-Stock<br>Freight &amp; Insurance : In Buyers account. In case of transit damage you will have to Claim from your Insurance Company.<br>Payment : Strictly within 30 days of receipt of material else interest will be charged @ 18 % p.a. for delayed period.<br>Warranty : For Pump &amp; Motors\r\nStandard as provided by manufacturer to be free from defects in both material &amp; workmanship for a period of 12 months from date of installation or 18 months from date of supply whichever is earlier. Provided the Motor/Pump is installed as per instructions. We shall not be liable for any loss and or consequential damages due to breakdown of the equipment either for repair purpose or otherwise. Winding failures is not covered under warranty.&nbsp;<br>Validity : 30 Days.<br></p>', '9500.00', 'Pending', 25, 'STL', 62, 'DC-19', '17-18', 4, 0, '2017-04-17', '0000-00-00', '', '0000-00-00', 0, 74, '16px'),
(75, 47, 'Chittor cement plant,\r\nVill- Bhavliya, Tehsil- Nimbahera-312620', 15, 4, '2017-04-30', 'Mr. Abhineet Agarwal ', '8003490569', 'As per your email enquiry.', 'Quote for Darling Pump.', 'With reference to email enquiry we are pleased to submit our quote as follows :-', '', '<ol><li style="text-align: justify;">Price Basis : Ex-your transporter Godown Nimbahera .</li><li style="text-align: justify;">Packing &amp; Forwarding : Inclusive</li><li style="text-align: justify;">Sales Tax : 2% CST agst C and E1 sale as applicable on date of dispatch.</li><li style="text-align: justify;">Excise Duty : Extra as applicable for which we shall provide you EDGP to Claim Cenvat.</li><li style="text-align: justify;">Delivery : Within 3 to 4 weeks from date of receipt of Techno-Commercially clear PO.</li><li style="text-align: justify;">Freight &amp; Insurance : In Buyers account. In case of transit damage you will have to Claim from your Insurance Company.</li><li style="text-align: justify;">Payment : Strictly within 30 days of receipt of material else interest will be charged @ 18 % p.a. for delayed period.</li><li style="text-align: justify;">Warranty : For Pump &amp; Motors\r\nStandard as provided by manufacturer to be free from defects in both material &amp; workmanship for a period of 12 months from date of installation or 18 months from date of supply whichever is earlier. Provided the Motor/Pump is installed as per instructions. We shall not be liable for any loss and or consequential damages due to breakdown of the equipment either for repair purpose or otherwise. Winding failures is not covered under warranty.&nbsp;</li><li style="text-align: justify;">Validity : 30 Days.</li><li style="text-align: justify;">Discount &nbsp; : 10% on our quoted Price and &nbsp;should be order qty &nbsp;5 Nos.</li></ol>', '607750.00', 'Pending', 25, 'STL', 63, 'DC-2', '17-18', 16, 0, '2017-04-17', '0000-00-00', '', '0000-00-00', 0, 75, '16px'),
(76, 96, 'RSPL Group, Plot No.119-121, Block P&T, Kalpi Road, Fazalganj, Kanpur-208012 (UP)\r\n\r\n', 15, 2, '2017-04-25', 'Mr. Akshay Agarwal ', '7318214777', 'Your email enquiry dated 21.04.2017.', 'Quote for Tushaco Pumps', 'With reference to above enquiry we are pleased to submit our quote as follows :-', '', '\r\n					<ol><li style="text-align: justify;">Price Basis : Ex-Our  Works Udaipur .</li><li style="text-align: justify;">Packing &amp; Forwarding : Extra @ 2%</li><li style="text-align: justify;">Sales Tax : 2% CST agst C form &nbsp;or as applicable on date of dispatch.</li><li style="text-align: justify;">Delivery : Within 4 to 6 weeks from date of receipt of Techno-Commercially clear PO.</li><li style="text-align: justify;">Freight &amp; Insurance : In Buyers account. In case of transit damage you will have to Claim from your Insurance Company.</li><li style="text-align: justify;">Payment : 100% advance agst PI</li><li style="text-align: justify;">Warranty : For Pump &amp; Motors\r\nStandard as provided by manufacturer to be free from defects in both material &amp; workmanship for a period of 12 months from date of installation or 18 months from date of supply whichever is earlier. Provided the Motor/Pump is installed as per instructions. We shall not be liable for any loss and or consequential damages due to breakdown of the equipment either for repair purpose or otherwise.</li><li style="text-align: justify;">Validity : 30 Days.</li></ol>\r\n				', '21500.00', 'Converted Into Sales Order', 27, 'FMSL', 6, 'DC-6', '17-18', 12, 0, '2017-04-21', '0000-00-00', '', '0000-00-00', 0, 76, '16px'),
(77, 47, '(formerly Lafarge India Limited)  \r\nDLF IT Park - 1, Block A1, 8th floor, New Town, Rajarhat,\r\nKolkata 700 156  Office: +91 (0) 33 3983 2229 \r\n', 15, 1, '2017-04-30', 'Mr. C. G. Gangadhar', '9163394284', 'As per your email enquiry.', 'Quote for Johnson pump.', 'We thank you for your valuable enquiry for Johnson pump we being authorised dealer for Johnson Pumps and are pleased to submit our offer as under :-\r\n', 'You may please place repeat order as your P.O. No. 14255526 GP  dated  08.08.2014.', '<ol><li style="text-align: justify;">Price Basis : Ex-Our  Works Udaipur .</li><li style="text-align: justify;">Packing &amp; Forwarding : Inclusive</li><li style="text-align: justify;">Sales Tax : 2% CST agst ''C'' and E1 form as applicable on date of dispatch.</li><li style="text-align: justify;">Excise Duty : Extra as applicable for which we shall provide you EDGP to Claim Cenvat.</li><li style="text-align: justify;">Delivery : Within 10 to 12 weeks from date of receipt of Techno-Commercially clear PO.</li><li style="text-align: justify;">Freight &amp; Insurance : In Buyers account. In case of transit damage you will have to Claim from your Insurance Company.</li><li style="text-align: justify;">Payment : Strictly within 30 days of receipt of material else interest will be charged @ 18 % p.a. for delayed period.</li><li style="text-align: justify;">Warranty : For Pump &amp; Motors\r\nStandard as provided by manufacturer to be free from defects in both material &amp; workmanship for a period of 12 months from date of installation or 18 months from date of supply whichever is earlier. Provided the Motor/Pump is installed as per instructions. We shall not be liable for any loss and or consequential damages due to breakdown of the equipment either for repair purpose or otherwise.&nbsp;</li><li style="text-align: justify;">Validity : 30 Days.</li></ol>', '31825.00', 'Pending', 25, 'STL', 64, 'DC-2', '17-18', 15, 0, '2017-04-24', '0000-00-00', '', '0000-00-00', 0, 77, '16px'),
(78, 132, 'Unit - Ringas\r\nCIN:  L17115RJ1960PLC008216\r\nSP-1,Industrial Area,Ringas-332404(Raj.)\r\n', 15, 3, '2017-05-01', 'Rajesh Kumar Dixit', '9413357092', 'As per your email enquiry dated 24.04.2017', 'Quote for Dosing Pump', 'With reference to your enquiry we are pleased to submit our quote as follows :-', '', '<ol><li style="text-align: justify;">Price Basis : Ex-Our  Works Udaipur .</li><li style="text-align: justify;">Packing &amp; Forwarding : Extra @  2%</li><li style="text-align: justify;">Sales Tax : Vat Extra @ 14.5%   or as applicable on date of dispatch.</li><li style="text-align: justify;">Delivery : &nbsp;Ready stock or Within 2 to 3 weeks from date of receipt of Techno-Commercially clear PO.</li><li style="text-align: justify;">Freight &amp; Insurance : In Buyers account. In case of transit damage you will have to Claim from your Insurance Company.</li><li style="text-align: justify;">Payment : Strictly within 30 days of receipt of material else interest will be charged @ 18 % p.a. for delayed period.</li><li style="text-align: justify;">Warranty : For Pump &amp; Motors\r\nStandard as provided by manufacturer to be free from defects in both material &amp; workmanship for a period of 6 months from date of installation or 12 months from date of supply whichever is earlier. Provided the Motor/Pump is installed as per instructions. We shall not be liable for any loss and or consequential damages due to breakdown of the equipment either for repair purpose or otherwise.&nbsp;</li><li style="text-align: justify;">Validity : 30 Days.<br></li></ol>', '46800.00', 'Converted Into Sales Order', 25, 'STL', 65, 'BE-2523', '17-18', 15, 0, '2017-04-24', '0000-00-00', '', '0000-00-00', 0, 78, '16px'),
(79, 136, 'A-27, Kumawat badi Khatipura,\r\nJaipur-302012 (Raj.)', 15, 3, '2017-05-01', 'Mr. D.P. Sharma', '8058022667', 'As per your email enquiry.', 'Quote for Positive pump.', 'With reference to below enquiry we are pleased to submit our quote as follows :-', '', '<ol><li style="text-align: justify;">Price Basis : Ex-Our  Works Udaipur .</li><li style="text-align: justify;">Packing &amp; Forwarding : Extra @ 4%</li><li style="text-align: justify;">Sales Tax : Vat Extra @ 14.5%   or as applicable on date of dispatch.</li><li style="text-align: justify;">Delivery : Within 2 to 3 weeks from date of receipt of Techno-Commercially clear PO.</li><li style="text-align: justify;">Freight &amp; Insurance : In Buyers account. In case of transit damage you will have to Claim from your Insurance Company.</li><li style="text-align: justify;">Payment : 100% advance with order copy.</li><li style="text-align: justify;">Warranty : For Pump &amp; Motors\r\nStandard as provided by manufacturer to be free from defects in both material &amp; workmanship for a period of 12 months from date of installation or 18 months from date of supply whichever is earlier. Provided the Motor/Pump is installed as per instructions. We shall not be liable for any loss and or consequential damages due to breakdown of the equipment either for repair purpose or otherwise. Winding failures is not covered under warranty.&nbsp;</li><li style="text-align: justify;">Validity : 30 Days.</li></ol>', '46800.00', 'Pending', 25, 'STL', 66, 'DC-20', '17-18', 15, 0, '2017-04-24', '0000-00-00', '', '0000-00-00', 0, 79, '16px'),
(80, 137, 'Bakhshi Enterprises\r\nIndraprasth Ind. Area, \r\nKota, Raj. - 324005\r\n\r\n', 15, 16, '2017-04-30', 'Mr. Tejbir Singh Bakhshi', '9352602235', 'As per your email enquiry.', 'Quote for Johnson spares.', 'With reference to below enquiry we are pleased to submit our quote as follows :-', '', '<ol><li style="text-align: justify;">Price Basis : Ex-Our  Works Udaipur .</li><li style="text-align: justify;">Packing &amp; Forwarding : Extra @  2%</li><li style="text-align: justify;">Sales Tax : Vat Extra @ 5.5%   or as applicable on date of dispatch.</li><li style="text-align: justify;">Delivery : Within 2 to 3 weeks from date of receipt of Techno-Commercially clear PO.</li><li style="text-align: justify;">Payment : 100% advance agst PI</li><li style="text-align: justify;">Freight &amp; Insurance : In Buyers account. In case of transit damage you will have to Claim from your Insurance Company.</li><li style="text-align: justify;">Warranty : &nbsp;For Spare\r\nOnly interchange ability with original equipment is confirmed and any manufacturing defect is covered.</li><li style="text-align: justify;">Validity : 30 Days.</li></ol>', '14726.00', 'Pending', 25, 'STL', 67, 'DC-21', '17-18', 15, 0, '2017-04-24', '0000-00-00', '', '0000-00-00', 0, 80, '16px'),
(81, 52, 'United Spirits Limited, \r\nUnit- Alwar\r\n201-202,M.I.A,-301030\r\nAlwar(Raj.)', 15, 16, '2017-05-03', 'Mr. Harsharan Singh', '8239477381', 'As per your email enquiry ', 'Quote for Johnson Pump Spares', 'With reference to above enquiry we are pleased to submit our quote as follows :-', '', '<ol><li style="text-align: justify;">Price Basis : Ex-Our  Works Udaipur .</li><li style="text-align: justify;">Packing &amp; Forwarding : Extra @  2%</li><li style="text-align: justify;">Sales Tax : Vat Extra @ 5.5%   or as applicable on date of dispatch.</li><li style="text-align: justify;">Delivery : Within 2 to 3 weeks from date of receipt of Techno-Commercially clear PO.</li><li style="text-align: justify;">Freight &amp; Insurance : In Buyers account. In case of transit damage you will have to Claim from your Insurance Company.</li><li style="text-align: justify;">Payment : Strictly within 30 days of receipt of material else interest will be charged @ 18 % p.a. for delayed period.</li><li style="text-align: justify;">Warranty : For Spare\r\nOnly interchange ability with original equipment is confirmed and any manufacturing defect is covered.</li><li style="text-align: justify;">Validity : 30 Days.</li></ol>', '7600.00', 'Pending', 25, 'STL', 68, 'BE-3332', '17-18', 15, 0, '2017-04-26', '0000-00-00', '', '0000-00-00', 0, 81, '16px'),
(82, 84, 'SPC-162, MIA,\r\nAlwar -301030\r\n', 15, 26, '2017-05-03', 'Mr. Akash Dwivedi', '9785757416', 'As per your email enquiry.', 'Quote for Johnson and Positive pump with Motor', 'With reference to below enquiry we are pleased to submit our quote as follows :-', '', '<ol><li style="text-align: justify;">Price Basis : Ex-Our  Works Udaipur .</li><li style="text-align: justify;">Packing &amp; Forwarding : Extra @  2%</li><li style="text-align: justify;">Sales Tax :Item 1 5.5% VAT and rest all 14.5% VAT extra as applicable&nbsp;</li><li style="text-align: justify;">Excise Duty : Extra as applicable for which we shall provide you EDGP to Claim Cenvat.</li><li style="text-align: justify;">Delivery : Within 6 to 8 weeks from date of receipt of Techno-Commercially clear PO.</li><li style="text-align: justify;">Freight &amp; Insurance : In Buyers account. In case of transit damage you will have to Claim from your Insurance Company.</li><li style="text-align: justify;">Payment : Strictly within 30 days of receipt of material else interest will be charged @ 18 % p.a. for delayed period.</li><li style="text-align: justify;">Warranty : For Pump &amp; Motors\r\nStandard as provided by manufacturer to be free from defects in both material &amp; workmanship for a period of 12 months from date of installation or 18 months from date of supply whichever is earlier. Provided the Motor/Pump is installed as per instructions. We shall not be liable for any loss and or consequential damages due to breakdown of the equipment either for repair purpose or otherwise.</li><li style="text-align: justify;">Validity : 30 Days.</li></ol>', '300548.00', 'Pending', 25, 'STL', 69, 'BE-3355', '17-18', 15, 0, '2017-04-26', '0000-00-00', '', '0000-00-00', 0, 82, '16px'),
(83, 26, 'Unit-Kotputli Cement Works\r\nVillage - Mohanpura\r\nTeh - Kotputli Dist. jaipur-303108', 15, 33, '2017-05-01', 'Mr. N. K. Singh ', '9887480241', 'Offer for PHE', 'As per your varbel enquiry dated 18.04.2017.', 'With reference to your enquiry we are pleased to submit our quote as follows :-', '', '<ol><li style="text-align: justify;">Price Basis : Ex-Our  Works Udaipur .</li><li style="text-align: justify;">Packing &amp; Forwarding : Extra @  2%</li><li style="text-align: justify;">Sales Tax : Vat Extra @ 14.5%   or as applicable on date of dispatch.</li><li style="text-align: justify;">Excise Duty : Extra as applicable for which we shall provide you EDGP to Claim Cenvat.</li><li style="text-align: justify;">Delivery : Within 4 to 6 weeks from date of receipt of Techno-Commercially clear PO.</li><li style="text-align: justify;">Freight &amp; Insurance : In Buyers account. In case of transit damage you will have to Claim from your Insurance Company.</li><li style="text-align: justify;">Payment : Strictly within 30 days of receipt of material.</li><li style="text-align: justify;">Warranty : Standard as provided by manufacturer to be free from defects in both material &amp; workmanship for a period of 12 months from date of installation or 18 months from date of supply whichever is earlier. We shall not be liable for any loss and or consequential damages due to breakdown of the equipment either for repair purpose or otherwise.&nbsp;</li><li style="text-align: justify;">Validity : 30 Days.</li></ol>', '235740.00', 'Pending', 25, 'STL', 70, 'BE-2720', '17-18', 15, 0, '2017-04-26', '0000-00-00', '', '0000-00-00', 0, 83, '16px'),
(84, 11, 'Unit- Rabriyawas\r\nTehsil-jaitaran \r\nPali (Raj)\r\n\r\n', 11, 26, '2017-04-27', 'Mr. Radheyshyam Mundra', '9816046481', 'Email Enquiry ', 'Offer for Johnson Pump with Motor', 'We are thank you for your enquiry for Pump and we being authorized dealer of Johnson make Pumps are pleased to submit our offer as under:', '', 'Price Basis : Ex-Our  Works Udaipur .<br>Packing &amp; Forwarding : Inclusive<br>Sales Tax : Vat Extra @ 5.5% .<br>Excise Duty : Extra if applicable for which we shall provide you EDGP to Claim Cenvat.<br>Delivery : Within 6 to 8 weeks from date of receipt of Techno-Commercially clear PO.<br>Freight &amp; Insurance : In Buyers account. In case of transit damage you will have to Claim from your Insurance Company.<br>Payment : Strictly within 30 days of receipt of material else interest will be charged @ 18 % p.a. for delayed period.<br>Warranty : For Pump &amp; Motors\r\nStandard as provided by manufacturer to be free from defects in both material &amp; workmanship for a period of 12 months from date of installation or 18 months from date of supply whichever is earlier. Provided the Motor/Pump is installed as per instructions. We shall not be liable for any loss and or consequential damages due to breakdown of the equipment either for repair purpose or otherwise. Winding failures is not covered under warranty.&nbsp;<br>Validity : 30 Days.<br>', '86040.00', 'Converted Into Sales Order', 25, 'STL', 71, 'BE-3364', '17-18', 4, 0, '2017-04-27', '0000-00-00', '', '0000-00-00', 0, 84, '16px'),
(85, 1, 'Dariba Smelter Complex\r\nRajpura Dariba Mines\r\nRajsamand - 313211', 11, 4, '2017-05-10', 'Mr. Nitesh Shrimali', '7340660255', 'Enquiry of Submersible Pump 6004191', 'Offer for Darling Submersible Pump', 'We are thank you for your enquiry for Pump and we being authorized dealer of Darling  make Pumps are pleased to submit our offer as under:', ' you may placed us repeat order as per earlier PO No.: 2000040173 / 4100088040 dated : 17.04.2017.\r\nAnd minimum qty. order are 4  5 qty. in a single order  acceptable', 'Price Basis : Ex-Our  Works Udaipur .<br>Packing &amp; Forwarding : Enclusive<br>Sales Tax : CST Extra @ 2% against form C &nbsp;&amp; E1 form.<br>Excise Duty : Extra as applicable @ 12.5% &nbsp;for which we shall provide you EDGP to Claim Cenvat.<br>Delivery : Within 4 to 6 weeks from date of receipt of Techno-Commercially clear PO.<br>Freight &amp; Insurance : In Buyers account. In case of transit damage you will have to Claim from your Insurance Company.<br>Payment : Strictly within 30 days of receipt of material else interest will be charged @ 18 % p.a. for delayed period.<br>Warranty : For Pump &amp; Motors\r\nStandard as provided by manufacturer to be free from defects in both material &amp; workmanship for a period of 12 months from date of installation or 18 months from date of supply whichever is earlier. Provided the Motor/Pump is installed as per instructions. We shall not be liable for any loss and or consequential damages due to breakdown of the equipment either for repair purpose or otherwise. Winding failures is not covered under warranty..<br>Validity : 30 Days.<br>', '385875.00', 'Converted Into Sales Order', 25, 'STL', 72, 'DC-16', '17-18', 4, 0, '2017-04-27', '0000-00-00', '', '0000-00-00', 0, 85, '16px'),
(86, 95, 'Hydro -I ,Unit II\r\nChanderai Lead Zinc Smelter,\r\nChittorgarh-312021', 11, 22, '2017-05-10', 'Mr Aditya Jalan', '9180030936', 'Rfq pr number 1100103003', 'Offer for Tushaco Pump', 'We are thank you for your enquiry for Spares and we being authorized dealer of  TUSHACO make  Pumps are pleased to submit our offer as under:', '', 'Price Basis : Transporter Godown Chittor<br>Packing &amp; Forwarding : Inclusive<br>Sales Tax : Vat Extra @ 14.5%   or as applicable on date of dispatch.<br>Excise Duty : Extra if applicable for which we shall provide you EDGP to Claim Cenvat.<br>Delivery : Within 2 to 3 weeks from date of receipt of Techno-Commercially clear PO.<br>Freight &amp; Insurance : In Buyers account. In case of transit damage you will have to Claim from your Insurance Company.<br>Payment : Strictly within 30 days of receipt of material else interest will be charged @ 18 % p.a. for delayed period.<br>Warranty : For Pump &amp; Motors\r\nStandard as provided by manufacturer to be free from defects in both material &amp; workmanship for a period of 12 months from date of installation or 18 months from date of supply whichever is earlier. Provided the Motor/Pump is installed as per instructions. We shall not be liable for any loss and or consequential damages due to breakdown of the equipment either for repair purpose or otherwise. Winding failures is not covered under warranty. \r\nFor Spare\r\nOnly interchange ability with original equipment is confirmed and any manufacturing defect is covered.<br>Validity : 30 Days.<br>', '63300.00', 'Converted Into Sales Order', 25, 'STL', 73, 'BE-2488', '17-18', 4, 0, '2017-04-27', '0000-00-00', '', '0000-00-00', 0, 86, '16px');
INSERT INTO `quotations` (`id`, `customer_id`, `customer_address`, `employee_id`, `item_group_id`, `finalisation_date`, `customer_for_attention`, `customer_contact_no`, `enquiry_no`, `subject`, `text`, `additional_note`, `terms_conditions`, `total`, `status`, `company_id`, `qt1`, `qt2`, `qt3`, `qt4`, `created_by`, `edited_by`, `created_on`, `edited_on`, `reason`, `closing_date`, `revision`, `quotation_id`, `pdf_font_size`) VALUES
(87, 138, 'Rolling Mill division,\r\nKIADB Industrial area,\r\nTUMKUR ROAD Dobbaspet,\r\nNelamangala taluk,\r\nBANGALURU rural dist 562111 India\r\nPH. NO. 080-27735051/52,', 15, 2, '2017-05-06', 'Asst. Purchase Manager', '0802773505', 'Your email enquiry dated 27.04.2017', 'Quote for Tushaco Pump', 'With reference to your enquiry we are pleased to submit our quote as follows :-', '', '<ol><li style="text-align: justify; line-height: 1;">Price Basis : Ex-Our  Works Udaipur .</li><li style="text-align: justify; line-height: 1;">Packing &amp; Forwarding : Extra @  2%</li><li style="text-align: justify; line-height: 1;">Sales Tax : 2% CST agst C form &nbsp; or as applicable on date of dispatch.</li><li style="text-align: justify; line-height: 1;">Excise Duty : Extra as applicable for which we shall provide you EDGP to Claim Cenvat.</li><li style="text-align: justify; line-height: 1;">Delivery : Within 8 to 10 weeks from date of receipt of Techno-Commercially clear PO.</li><li style="text-align: justify; line-height: 1;">Freight &amp; Insurance : In Buyers account. In case of transit damage you will have to Claim from your Insurance Company.</li><li style="text-align: justify; line-height: 1;">Payment : 100% advance PI</li><li style="text-align: justify; line-height: 1;">Warranty : For Pump &amp; Motors\r\nStandard as provided by manufacturer to be free from defects in both material &amp; workmanship for a period of 12 months from date of installation or 18 months from date of supply whichever is earlier. Provided the Motor/Pump is installed as per instructions.&nbsp;</li><li style="text-align: justify; line-height: 1;">Validity : 30 Days.</li></ol>', '13900.00', 'Pending', 25, 'STL', 74, 'DC-22', '17-18', 15, 0, '2017-04-27', '0000-00-00', '', '0000-00-00', 0, 87, '16px'),
(88, 67, '1003,Magnum Tower, 2nd Cross Lane, Swami Samarth Nagar,\r\n Andheri (W)-400053,\r\nMumbai(Maharashtra)', 11, 16, '2017-05-10', 'Mr. Vijay Deshpande', '9850035415', 'Email Dated 26.04.17 for PO', 'Offer for Johnson Pump  Spares', ' We are thank you for your enquiry for Spares and we being authorized dealer of Johnson make Pumps are pleased to submit our offer as under:\r\n\r\nJOHNSON PUMP MODEL : KGEN 12 5', '', 'Price Basis : Ex-Our  Works Udaipur .<br>Packing &amp; Forwarding : Inclusive<br>Sales Tax : Vat Extra @ 5.5%   or as applicable on date of dispatch.<br>Delivery : Within 6 to 8 weeks from date of receipt of Techno-Commercially clear PO.<br>Freight &amp; Insurance : In Buyers account. In case of transit damage you will have to Claim from your Insurance Company.<br>Payment : Payment against perform Invoice at the time of dispatch.<br>Warranty : For Spare\r\nOnly interchange ability with original equipment is confirmed and any manufacturing defect is covered.<br>Validity : 30 Days.<br>', '7870.00', 'Closed', 25, 'STL', 75, 'BE-3351', '17-18', 4, 0, '2017-04-28', '0000-00-00', 'Requirement cancelled', '2017-04-28', 0, 88, '16px'),
(89, 67, '1003,Magnum Tower, 2nd Cross Lane, Swami Samarth Nagar,\r\n Andheri (W)-400053,\r\nMumbai(Maharashtra)', 11, 16, '2017-05-04', 'Mr. Vijay Deshpande', '9850035415', 'Email enquiry dated : 27/04/2017', 'Offer for Spares of JOHNSON KGEN Pump', 'With reference to above enquiry we are pleased to submit our quote as follows :-\r\n\r\nSPARES OF KGEN PUMP MODEL : 12 5 ', '', 'Price Basis : Ex-Our  Works Udaipur .<br>Packing &amp; Forwarding : Inclusive<br>Sales Tax : 5.5%   or as applicable on date of dispatch.<br>Delivery : Within 6 &nbsp;to8 weeks from date of receipt of Techno-Commercially clear PO.<br>Freight &amp; Insurance : In Buyers account. In case of transit damage you will have to Claim from your Insurance Company.<br>Payment : Against Performa Invoice at the time of dispatch<br>Warranty : . \r\nFor Spare\r\nOnly interchange ability with original equipment is confirmed and any manufacturing defect is covered.<br>Validity : 30 Days.<br>', '7870.00', 'Converted Into Sales Order', 27, 'FMSL', 7, 'BE-3351', '17-18', 11, 0, '2017-04-28', '0000-00-00', '', '0000-00-00', 0, 89, '16px'),
(90, 40, 'Pali-Marwar-306401\r\nRajastahn', 11, 16, '2017-05-10', 'Mr. Tapasvi Vaidya', '9001099411', 'Inquiry 17154', 'Offer for Johnson Pump Spares', ' We are thank you for your enquiry for Spares and we being authorized dealer of Johnson make Pumps are pleased to submit our offer as under:', 'Price are Same as per Previous Supply against PO No 4600013917 Dated 26.09.2016', 'Price Basis : Ex-Our  Works Udaipur .<br>Packing &amp; Forwarding : Inclusive<br>Sales Tax : Vat Extra @ 5.5%   or as applicable on date of dispatch.<br>Delivery : Within 4 to 6 weeks from date of receipt of Techno-Commercially clear PO.<br>Freight &amp; Insurance : In Buyers account. In case of transit damage you will have to Claim from your Insurance Company.<br>Payment : Strictly within 30 days of receipt of material else interest will be charged @ 18 % p.a. for delayed period.<br>Warranty : For Spare\r\nOnly interchange ability with original equipment is confirmed and any manufacturing defect is covered.<br>Discount :  @ 5% on quoted price.<br>Validity : 30 Days.<br>', '25800.00', 'Converted Into Sales Order', 25, 'STL', 76, 'BE-3189', '17-18', 4, 0, '2017-05-01', '0000-00-00', '', '0000-00-00', 0, 90, '16px'),
(91, 2, 'UNIT:ADITYA CEMENT WORKS\r\nAdityapuram Shambhura\r\nChittorgarh', 11, 15, '2017-05-10', 'Satish Shukla', '1472221002', 'Enquiry ACZ1701065 Dated 29.04.2017', ' Offer for Seal Kit of Allweiller Pump', 'We thank you for valuable enquiry for Seal Kit of Allweiller pump we being authorised dealers for Allweiler Pumps & Spares  are pleased to submit an offer as under : ', ' Kindly send Existing pump sr. for interchangeability of Seal kit with existing pump.\r\nYou May placed repeat PO As per last PO No.: GK/GKG/7100537117 dated 14.01.2017', 'Price Basis : Ex-Transporter Chittorgarh .<br>Packing &amp; Forwarding : Inclusive<br>Sales Tax :CST @ 2% against &nbsp;C &amp; E1 form or as applicable date of dispatch.<br>Excise Duty : Extra as applicable .<br>Delivery : Within 8 to 10 weeks from date of receipt of Techno-Commercially clear PO.<br>Freight &amp; Insurance : In Buyers account. In case of transit damage you will have to Claim from your Insurance Company.<br>Payment : Strictly within 30 days of receipt of material else interest will be charged @ 18 % p.a. for delayed period.<br>Warranty : For Spare\r\nOnly interchange ability with original equipment is confirmed and any manufacturing defect is covered.<br>Validity : 30 Days.<br>', '178650.00', 'Pending', 25, 'STL', 77, 'BE-2833', '17-18', 4, 0, '2017-05-01', '0000-00-00', '', '0000-00-00', 0, 91, '16px'),
(92, 40, 'Pali-Marwar-306401\r\nRajastahn', 11, 4, '2017-05-12', 'Mr. Tapasvi Vaidya', '9001099411', 'Inquiry 16578 / 16785 / 17286', 'Offer for Pumps', ' We are thank you for your enquiry for Pump and we being authorized dealer of  DARLING / JOHNSON  make Pumps are pleased to submit our offer as under :', 'Item no 3 & 4 is not in our range  so we are regret to quote this ', '<p>Price Basis : Ex-Our  Works Udaipur .<br>Packing &amp; Forwarding : Inclusive</p><p>Discount : @7.5% &nbsp;on quoted price as per Last Purchase Order 4600015892<br><span style="font-weight: bold;">Sales Tax : For Item No 1 &amp; 2 @ 2% CST Extra against form C&amp; E-1. Vat Extra @ 5.5% for Item no 3.</span>.<br>Excise Duty : Extra as applicable for which we shall provide you EDGP to Claim Cenvat.<br>Delivery : Within 6 to 8 weeks from date of receipt of Techno-Commercially clear PO.<br>Freight &amp; Insurance : In Buyers account. In case of transit damage you will have to Claim from your Insurance Company.<br>Payment : Strictly within 30 days of receipt of material else interest will be charged @ 18 % p.a. for delayed period.<br>Warranty : For Pump &amp; Motors\r\nStandard as provided by manufacturer to be free from defects in both material &amp; workmanship for a period of 12 months from date of installation or 18 months from date of supply whichever is earlier. Provided the Motor/Pump is installed as per instructions. We shall not be liable for any loss and or consequential damages due to breakdown of the equipment either for repair purpose or otherwise. Winding failures is not covered under warranty.<br>Validity : 30 Days.<br></p>', '246800.00', 'Converted Into Sales Order', 25, 'STL', 78, 'DC-23', '17-18', 4, 0, '2017-05-02', '0000-00-00', '', '0000-00-00', 0, 92, '16px'),
(93, 45, 'Sangam House, Atun, Chittorgarh Road, \r\nBhilwara-311001(Rajasthan)', 15, 26, '2017-05-06', 'Mr. Madan Lal ', '7727006054', 'As per your verbal enquiry', 'Quote for Johnson Pump with Motor ', 'With reference to your verbal enquiry we are pleased to submit our quote as follows :-', '', 'Price Basis : Ex-Our  Works Udaipur .<br>Packing &amp; Forwarding : Extra @  2%<br>Sales Tax : Vat Extra @ 5.5%   or as applicable on date of dispatch.<br>Excise Duty : Extra as applicable for which we shall provide you EDGP to Claim Cenvat.<br>Delivery : Within 2 to 3 weeks from date of receipt of Techno-Commercially clear PO.<br>Freight &amp; Insurance : In Buyers account. In case of transit damage you will have to Claim from your Insurance Company.<br>Payment : Strictly within 30 days of receipt of material else interest will be charged @ 18 % p.a. for delayed period.<br>Warranty : For Pump &amp; Motors\r\nStandard as provided by manufacturer to be free from defects in both material &amp; workmanship for a period of 12 months from date of installation or 18 months from date of supply whichever is earlier. Provided the Motor/Pump is installed as per instructions. We shall not be liable for any loss and or consequential damages due to breakdown of the equipment either for repair purpose or otherwise. For Spare\r\nOnly interchange ability with original equipment is confirmed and any manufacturing defect is covered.<br>Validity : 30 Days.<br>', '49800.00', 'Pending', 25, 'STL', 79, 'BE-3356', '17-18', 12, 0, '2017-05-03', '0000-00-00', '', '0000-00-00', 0, 93, '16px'),
(94, 77, '19 KM Stone, Bhiwadi-Alwar Road,\r\nVill-Gailpur, Bhiawdi-301707\r\nDistt-Alwar (Raj.)', 15, 16, '2017-05-10', 'Mr. Hari Prakash Jasaiwal', '9680449223', 'As per your email enquiry', 'Quote for Johnson Spares', 'With reference to below enquiry we are pleased to submit our quote as follows :-', '', 'Price Basis : Ex-Our  Works Udaipur .<br>Packing &amp; Forwarding : Extra @  2%<br>Sales Tax : Vat Extra @ 5.5%   or as applicable on date of dispatch.<br>Delivery : Within 4 to 6 weeks from date of receipt of Techno-Commercially clear PO.<br>Freight &amp; Insurance : In Buyers account. In case of transit damage you will have to Claim from your Insurance Company.<br>Payment : Strictly within 30 days of receipt of material else interest will be charged @ 18 % p.a. for delayed period.<br>Warranty : For Spare\r\nOnly interchange ability with original equipment is confirmed and any manufacturing defect is covered.<br>Validity : 30 Days.<br>', '30800.00', 'Converted Into Sales Order', 25, 'STL', 80, 'BE-3186', '17-18', 15, 0, '2017-05-03', '0000-00-00', '', '0000-00-00', 0, 94, '16px'),
(95, 8, 'Unit Of - DCM Shriram Industries Limited\r\nShriram Nagar, Kota-324004', 15, 26, '2017-05-31', 'Sh R.B.Shandilya Ji', '9929590865', 'As per your verbal enquiry dated 01.05.2017', 'Quote for Alloye 20 Pump FOR Condensate Water Transfer', 'With reference to your enquiry we are pleased to submit our quote as follows :-', '', '<ol><li style="text-align: justify; line-height: 1.2;">Price Basis : Ex-Our  Works Udaipur .</li><li style="text-align: justify; line-height: 1.2;">Packing &amp; Forwarding : Extra @  2%</li><li style="text-align: justify; line-height: 1.2;">Sales Tax : Vat Extra @ 5.5%   or as applicable on date of dispatch.</li><li style="text-align: justify; line-height: 1.2;">Excise Duty : Extra if applicable for which we shall provide you EDGP to Claim Cenvat.</li><li style="text-align: justify; line-height: 1.2;">Delivery : Within 8 to 10 weeks from date of receipt of Techno-Commercially clear PO.</li><li style="text-align: justify; line-height: 1.2;">Freight &amp; Insurance : In Buyers account. In case of transit damage you will have to Claim from your Insurance Company.</li><li style="text-align: justify; line-height: 1.2;">Payment : Strictly within 30 days of receipt of material else interest will be charged @ 18 % p.a. for delayed period.</li><li style="text-align: justify; line-height: 1.2;">Warranty : For Pump &amp; Motors\r\nStandard as provided by manufacturer to be free from defects in both material &amp; workmanship for a period of 12 months from date of installation or 18 months from date of supply whichever is earlier. Provided the Motor/Pump is installed as per instructions. We shall not be liable for any loss and or consequential damages due to breakdown of the equipment either for repair purpose or otherwise.&nbsp;</li><li style="text-align: justify; line-height: 1.2;">Validity : 30 Days.</li></ol>', '137500.00', 'Pending', 25, 'STL', 81, 'BE-2932', '17-18', 15, 0, '2017-05-03', '0000-00-00', '', '0000-00-00', 0, 95, '16px'),
(96, 8, 'Unit of DCM Shriram Industries Limited\r\nShriram Nagar, Kota-324004', 15, 1, '2017-05-31', 'Sh R.B.Shandilya Ji', '9929590865', 'As per your verbal enquiry dated 01.05.2017', 'Quote for Recovery Pit Pumps', 'With reference to above enquiry we being authorised dealer for JOHNSON pumps in state of Rajasthan are pleased to submit our quote as follows :-', '', '\r\n					<ol><li style="text-align: justify; line-height: 1;">Price Basis : Ex-Our  Works Udaipur .</li><li style="text-align: justify; line-height: 1;">Packing &amp; Forwarding : Extra @  2%</li><li style="text-align: justify; line-height: 1;">Sales Tax : Vat Extra @ 5.5%   or as applicable on date of dispatch.</li><li style="text-align: justify; line-height: 1;">Excise Duty : Extra if applicable for which we shall provide you EDGP to Claim Cenvat.</li><li style="text-align: justify; line-height: 1;">Delivery : Within 8 to 10 weeks from date of receipt of Techno-Commercially clear PO.</li><li style="text-align: justify; line-height: 1;">Freight &amp; Insurance : In Buyers account. In case of transit damage you will have to Claim from your Insurance Company.</li><li style="text-align: justify; line-height: 1;">Payment : 100% advance agst PI.</li><li style="text-align: justify; line-height: 1;">Warranty : For Pump &amp; Motors\r\nStandard as provided by manufacturer to be free from defects in both material &amp; workmanship for a period of 12 months from date of installation or 18 months from date of supply whichever is earlier. Provided the Motor/Pump is installed as per instructions. We shall not be liable for any loss and or consequential damages due to breakdown of the equipment either for repair purpose or otherwise.&nbsp;</li><li style="text-align: justify; line-height: 1;">Validity : 30 Days.</li></ol>\r\n				', '220850.00', 'Pending', 25, 'STL', 82, 'BE-2932', '17-18', 15, 0, '2017-05-03', '0000-00-00', '', '0000-00-00', 0, 96, '15px'),
(97, 81, 'B-25-26, RIICO Housing Colony\r\nRoad No. 1-D, V.K.I. Area, \r\nJaipur-302013', 15, 1, '2017-05-20', 'Vinod Kumar', '9414077213', 'Your verbal enquiry dated 01.05.2017.', 'Quote for Johnson Pump', 'With reference to your enquiry we are pleased to submit our quote as follows :-', '', '<ol><li style="text-align: justify;">Price Basis : Ex-Our  Works Udaipur .</li><li style="text-align: justify;">Packing &amp; Forwarding : Extra @  2%</li><li style="text-align: justify;">Sales Tax : Vat Extra @ 5.5%   or as applicable on date of dispatch.</li><li style="text-align: justify;">Delivery : Item 1 Within 8 to 10 weeks and rest ready stock &nbsp;from date of receipt of Techno-Commercially clear PO.</li><li style="text-align: justify;">Freight &amp; Insurance : In Buyers account. In case of transit damage you will have to Claim from your Insurance Company.</li><li style="text-align: justify;">Payment : Strictly within 15 days of receipt of material else interest will be charged @ 18 % p.a. for delayed period.</li><li style="text-align: justify;">Warranty : For Pump &amp; Motors\r\nStandard as provided by manufacturer to be free from defects in both material &amp; workmanship for a period of 12 months from date of installation or 18 months from date of supply whichever is earlier. Provided the Motor/Pump is installed as per instructions. We shall not be liable for any loss and or consequential damages due to breakdown of the equipment either for repair purpose or otherwise. W</li><li style="text-align: justify;">Validity : 30 Days.</li></ol>', '88000.00', 'Closed', 27, 'FMSL', 8, 'BE-3392', '17-18', 12, 0, '2017-05-03', '0000-00-00', '', '0000-00-00', 0, 97, '16px'),
(98, 141, 'Village : Bhanwarasia\r\nVaya- Dabok\r\nUdaipur-313022', 4, 4, '2017-05-26', 'Mr. Jagdish Lohar', '9414682180', 'Verbal enquiry during visit on Dated 03.05.2017', 'Offer for Darling Make submersible pump', 'We are thank you for your enquiry for Pump and we being authorized dealer of Darling make Pumps in State of Rajasthan are pleased to submit our offer as under: ', '', 'Price Basis : Ex-Our  Works Udaipur .<br>Sales Tax : Vat Extra @ 5.5%   or as applicable on date of dispatch.<br>Delivery : Within 3 to 4 weeks from date of receipt of Techno-Commercially clear PO.<br>Freight &amp; Insurance : In Buyers account. In case of transit damage you will have to Claim from your Insurance Company.<br>Payment : 20% advance along with Purchase Order ,balance payment including all taxes against performa Invoice at before dispatch .<br>Warranty : For Pump &amp; Motors\r\nStandard as provided by manufacturer to be free from defects in both material &amp; workmanship for a period of 12 months from date of installation or 18 months from date of supply whichever is earlier. Provided the Motor/Pump is installed as per instructions. We shall not be liable for any loss and or consequential damages due to breakdown of the equipment either for repair purpose or otherwise. Winding failures is not covered under warranty.&nbsp;<br>Validity : 30 Days.<br>', '64800.00', 'Pending', 25, 'STL', 83, 'DC-24', '17-18', 4, 0, '2017-05-04', '0000-00-00', '', '0000-00-00', 0, 98, '16px'),
(99, 52, 'United Spirits Limited, \r\nUnit- Alwar\r\n201-202,M.I.A,-301030\r\nAlwar(Raj.)', 15, 16, '2017-05-15', 'Sh Harsharan Singh', '9718811140', 'As per email enquiry ', 'Quote for Johnson Spares', 'With reference to below enquiry we are pleased to submit our quote as follows :-', '', 'Price Basis : Ex-Our  Works Udaipur .<br>Packing &amp; Forwarding : Extra @  2%<br>Sales Tax : Vat Extra @ 5.5%   or as applicable on date of dispatch.<br>Delivery : Within 4 to 6 weeks from date of receipt of Techno-Commercially clear PO.<br>Freight &amp; Insurance : In Buyers account. In case of transit damage you will have to Claim from your Insurance Company.<br>Payment : Strictly within 30 days of receipt of material else interest will be charged @ 18 % p.a. for delayed period.<br>Warranty : For Spare\r\nOnly interchange ability with original equipment is confirmed and any manufacturing defect is covered.<br>Validity : 30 Days.<br>', '44790.00', 'Pending', 25, 'STL', 84, 'BE-3332', '17-18', 12, 0, '2017-05-04', '0000-00-00', '', '0000-00-00', 0, 99, '16px'),
(100, 47, 'Chittor cement plant,\r\nVill- Bhavliya, Tehsil- Nimbahera-312620', 15, 34, '2017-05-25', 'Mr  Abhineet Agarwal ', '8003490569', 'As per email enquiry 2000003736 dated 05.05.2017.', 'Quote for Cooling Unit', 'With reference to your enquiry we are pleased to submit our quote as follows :-', 'Note : Water connection to Heat exchanger to be provided by you.\r\nPiping arrangement from and to lubrication site to be provided and fitment will be under your scope.', '<ol><li style="text-align: justify;">Price Basis : Ex-Our  Works Udaipur .</li><li style="text-align: justify;">Packing &amp; Forwarding : Extra @  2%</li><li style="text-align: justify;">Sales Tax : Vat Extra @ 14.5%   or as applicable on date of dispatch.</li><li style="text-align: justify;">Excise Duty : Extra as applicable for which we shall provide you EDGP to Claim Cenvat.</li><li style="text-align: justify;">Delivery : Within 4 to 6 weeks from date of receipt of Techno-Commercially clear PO.</li><li style="text-align: justify;">Freight &amp; Insurance : In Buyers account. In case of transit damage you will have to Claim from your Insurance Company.</li><li style="text-align: justify;">Payment : Strictly within 30 days of receipt of material else interest will be charged @ 18 % p.a. for delayed period.</li><li style="text-align: justify;">Warranty : For Pump &amp; Motors\r\nStandard as provided by manufacturer to be free from defects in both material &amp; workmanship for a period of 12 months from date of installation or 18 months from date of supply whichever is earlier. Provided the Motor/Pump is installed as per instructions. We shall not be liable for any loss and or consequential damages due to breakdown of the equipment either for repair purpose or otherwise. For Spare\r\nOnly interchange ability with original equipment is confirmed and any manufacturing defect is covered.</li><li style="text-align: justify;">Validity : 30 Days.</li></ol>', '52000.00', 'Pending', 25, 'STL', 85, 'DC-2', '17-18', 15, 0, '2017-05-04', '0000-00-00', '', '0000-00-00', 0, 100, '16px'),
(101, 5, '(Formerly Indo Zinc Ltd)\r\n(A Subsidiary of The India Cements Ltd)\r\nPost Wajwana\r\nBanswara -327025', 11, 26, '2017-05-04', 'Jitendra Sharma', '0296230151', 'Enquiry form mail Dt. 06.04.17', 'Offer for JOHNSON make Centrifugal Pump', 'We are thank you for your enquiry for Pump and we being authorized dealer of Johnson make Pumps are pleased to submit our offer as under:', '', 'Price Basis : Door Delivery Freight Paid.<br>Packing &amp; Forwarding : NIL<br>Sales Tax : Vat Extra @ 5.5%   or as applicable on date of dispatch.<br>Excise Duty : Extra as applicable for which we shall provide you EDGP to Claim Cenvat.<br>Delivery : Within 8 to 12 weeks from date of receipt of Techno-Commercially clear PO.<br>Freight &amp; Insurance : In Buyers account. In case of transit damage you will have to Claim from your Insurance Company.<br>Payment : Strictly within 30 days of receipt of material else interest will be charged @ 18 % p.a. for delayed period.<br>Warranty : For Pump &amp; Motors\r\nStandard as provided by manufacturer to be free from defects in both material &amp; workmanship for a period of 12 months from date of installation or 18 months from date of supply whichever is earlier. Provided the Motor/Pump is installed as per instructions. We shall not be liable for any loss and or consequential damages due to breakdown of the equipment either for repair purpose or otherwise. Winding failures is not covered under warranty.&nbsp;<br>Validity : 30 Days.<br>', '380000.00', 'Converted Into Sales Order', 25, 'STL', 86, 'BE-2960', '17-18', 4, 0, '2017-05-04', '0000-00-00', '', '0000-00-00', 0, 101, '16px'),
(102, 62, 'B 5/7 Marudhar Industrial Area, Jodhpur-342005 ', 11, 16, '2017-05-18', 'Mr. D K  Soni', '9314760036', 'Telephonic discussed dated : 05/05/2017', 'BE 2668 offer for spares of JOHNSON Pump', 'With reference to above enquiry for spares of JOHNSON Pump we are pleased to submit our quote as follows :-', '', 'Price Basis : Ex-Our  Works Udaipur .<br>Packing &amp; Forwarding : Extra @  2%<br>Sales Tax : Vat Extra @ 5.5%   or as applicable on date of dispatch.<br>Delivery : Within 3 to 4 weeks or earlier from date of receipt of Techno-Commercially clear PO.<br>Freight &amp; Insurance : In Buyers account. In case of transit damage you will have to Claim from your Insurance Company.<br>Payment : Strictly within 7 days of receipt of material else interest will be charged @ 18 % p.a. for delayed period.<br>Warranty : For Spare\r\nOnly interchange ability with original equipment is confirmed and any manufacturing defect is covered.<br>Validity : 30 Days.<br>', '5530.00', 'Converted Into Sales Order', 27, 'FMSL', 9, 'BE-2668', '17-18', 11, 0, '2017-05-05', '0000-00-00', '', '0000-00-00', 0, 102, '16px'),
(103, 96, 'RSPL Group, Plot No.119-121, Block P&T, Kalpi Road, Fazalganj, Kanpur-208012 (UP)\r\n\r\n', 15, 1, '2017-04-15', 'Mr. Aashutosh Ji', '7318214777', 'Your email enquiry dated 05.05.2017', 'Quote for Johnson Pump', 'With reference to your enquiry we are pleased to submit our quote as follows :-', '', '\r\n					<ol><li style="text-align: justify;">Price Basis : Ex-Our  Works Udaipur .</li><li style="text-align: justify;">Packing &amp; Forwarding : Extra @ 2%</li><li style="text-align: justify;">Sales Tax : 2% CST agst C form &nbsp; or as applicable on date of dispatch.</li><li style="text-align: justify;">Delivery : Ready Stock or Within 10 to 12 weeks from date of receipt of Techno-Commercially clear PO.</li><li style="text-align: justify;">Freight &amp; Insurance : In Buyers account. In case of transit damage you will have to Claim from your Insurance Company.</li><li style="text-align: justify;">Payment : 100% advance agst PI</li><li style="text-align: justify;">Warranty : For Pump &amp; Motors\r\nStandard as provided by manufacturer to be free from defects in both material &amp; workmanship for a period of 12 months from date of installation or 18 months from date of supply whichever is earlier. Provided the Motor/Pump is installed as per instructions. We shall not be liable for any loss and or consequential damages due to breakdown of the equipment either for repair purpose or otherwise.&nbsp;</li><li style="text-align: justify;">Validity : 30 Days.</li></ol>\r\n				', '20200.00', 'Pending', 27, 'FMSL', 10, 'DC-6', '17-18', 15, 0, '2017-05-05', '0000-00-00', '', '0000-00-00', 0, 103, '16px'),
(104, 8, 'Unit Of - DCM Shriram Industries Limited\r\nShriram Nagar, Kota-324004', 15, 4, '2017-05-31', 'Mr. Jaydeep Ji', '9929590865', 'As per your verbal enquiry dated 01.05.2017.', 'Quote for Darling Pump.', 'With reference to your enquiry we are pleased to submit our quote as follows :-', '', '\r\n					<ol><li style="text-align: justify;">Price Basis : Ex-Works Udaipur .</li><li style="text-align: justify;">Packing &amp; Forwarding : 2%</li><li style="text-align: justify;">Sales Tax : VAT 5.5% extra &nbsp;as applicable on date of dispatch.</li><li style="text-align: justify;">Excise Duty : Extra as applicable for which we shall provide you EDGP to Claim Cenvat.</li><li style="text-align: justify;">Delivery : Within 3 to 4 weeks from date of receipt of Techno-Commercially clear PO.</li><li style="text-align: justify;">Freight &amp; Insurance : In Buyers account. In case of transit damage you will have to Claim from your Insurance Company.</li><li style="text-align: justify;">Payment : 100% advance agst PI</li><li style="text-align: justify;">Warranty : For Pump &amp; Motors\r\nStandard as provided by manufacturer to be free from defects in both material &amp; workmanship for a period of 12 months from date of installation or 18 months from date of supply whichever is earlier. Provided the Motor/Pump is installed as per instructions. We shall not be liable for any loss and or consequential damages due to breakdown of the equipment either for repair purpose or otherwise. Winding failures is not covered under warranty.&nbsp;</li><li style="text-align: justify;">Validity : 30 Days.</li></ol>\r\n				', '132250.00', 'Pending', 25, 'STL', 87, 'BE-2932', '17-18', 15, 0, '2017-05-06', '0000-00-00', '', '0000-00-00', 0, 104, '16px'),
(105, 47, 'Chittor cement plant,\r\nVill- Bhavliya, Tehsil- Nimbahera-312620', 15, 34, '2017-05-25', 'Mr  Abhineet Agarwal ', '8003490569', 'As per your email enquiry 2000003923 dated 09.05.2017', 'Quote for Cooling Unit', 'With reference to below enquiry we are pleased to submit our quote as follows :-', 'Note : Water connection to Heat exchanger to be provided by you.\r\nPiping arrangement from and to lubrication site to be provided and fitment will be under your scope.', '<ol><li style="text-align: justify;">Price Basis : Ex-Our  Works Udaipur .</li><li style="text-align: justify;">Packing &amp; Forwarding : Extra @  2%</li><li style="text-align: justify;">Sales Tax : Vat Extra @ 14.5 % &nbsp;as applicable on date of dispatch.</li><li style="text-align: justify;">Excise Duty : Extra as applicable for which we shall provide you EDGP to Claim Cenvat.</li><li style="text-align: justify;">Delivery : Within 4 to 6 weeks from date of receipt of Techno-Commercially clear PO.</li><li style="text-align: justify;">Freight &amp; Insurance : In Buyers account. In case of transit damage you will have to Claim from your Insurance Company.</li><li style="text-align: justify;">Payment : Strictly within 30 days of receipt of material else interest will be charged @ 18 % p.a. for delayed period.</li><li style="text-align: justify;">Warranty : For Pump &amp; Motors\r\nStandard as provided by manufacturer to be free from defects in both material &amp; workmanship for a period of 12 months from date of installation or 18 months from date of supply whichever is earlier. Provided the Motor/Pump is installed as per instructions. We shall not be liable for any loss and or consequential damages due to breakdown of the equipment either for repair purpose or otherwise.&nbsp;</li><li style="text-align: justify;">Validity : 30 Days.</li></ol>', '156000.00', 'Pending', 25, 'STL', 88, 'DC-2', '17-18', 15, 0, '2017-05-06', '0000-00-00', '', '0000-00-00', 0, 105, '16px'),
(106, 8, 'Unit Of - DCM Shriram Industries Limited\r\nShriram Nagar, Kota-324004', 15, 4, '2017-06-30', 'Mr. Jaydeep Ji', '9929590947', 'Your verbal enquiry during my visit at your site', 'Quote for Darling Submersible Pump', 'With reference to your enquiry we are pleased to submit our quote as follows :-', '', '<ol><li style="text-align: justify;">Price Basis : Ex-Our  Works Udaipur .</li><li style="text-align: justify;">Packing &amp; Forwarding : Extra @  2%</li><li style="text-align: justify;">Sales Tax : Vat Extra @ 5.5%   or as applicable on date of dispatch.</li><li style="text-align: justify;">Excise Duty : Extra as applicable for which we shall provide you EDGP to Claim Cenvat.</li><li style="text-align: justify;">Delivery : Within 4 to 6 weeks from date of receipt of Techno-Commercially clear PO.</li><li style="text-align: justify;">Freight &amp; Insurance : In Buyers account. In case of transit damage you will have to Claim from your Insurance Company.</li><li style="text-align: justify;">Payment :100% advance agst PI</li><li style="text-align: justify;">Warranty : For Pump &amp; Motors\r\nStandard as provided by manufacturer to be free from defects in both material &amp; workmanship for a period of 12 months from date of installation or 18 months from date of supply whichever is earlier. Provided the Motor/Pump is installed as per instructions. We shall not be liable for any loss and or consequential damages due to breakdown of the equipment either for repair purpose or otherwise. Winding failures is not covered under warranty.</li><li style="text-align: justify;">Validity : 30 Days.</li></ol>', '103450.00', 'Pending', 25, 'STL', 89, 'BE-2932', '17-18', 15, 0, '2017-05-06', '0000-00-00', '', '0000-00-00', 0, 106, '16px'),
(107, 26, 'Unit-Kotputli Cement Works\r\nVillage - Mohanpura\r\nTeh - Kotputli\r\nDist. jaipur-303108', 15, 3, '2017-05-25', 'Mr. Pradeep Ranka Ji', '9887480241', 'As per your email enquiry GKC/GKZ1700962  ', 'Quote for Dosing Pump', 'With reference to your enquiry we are pleased to submit our quote as follows :-', 'We have similar type of pump already successfully running in your plant.', '<ol><li style="text-align: justify;">Price Basis : Ex-Our  Works Udaipur .</li><li style="text-align: justify;">Packing &amp; Forwarding : Extra @  2%</li><li style="text-align: justify;">Sales Tax : Vat Extra @ 14.5%   or as applicable on date of dispatch.</li><li style="text-align: justify;">Excise Duty : Extra as applicable for which we shall provide you EDGP to Claim Cenvat.</li><li style="text-align: justify;">Delivery : Within 4 to 6 weeks from date of receipt of Techno-Commercially clear PO.</li><li style="text-align: justify;">Freight &amp; Insurance : In Buyers account. In case of transit damage you will have to Claim from your Insurance Company.</li><li style="text-align: justify;">Payment : Strictly within 30 days of receipt of material else interest will be charged @ 18 % p.a. for delayed period.</li><li style="text-align: justify;">Warranty : For Pump &amp; Motors\r\nStandard as provided by manufacturer to be free from defects in both material &amp; workmanship for a period of 12 months from date of installation or 18 months from date of supply whichever is earlier. Provided the Motor/Pump is installed as per instructions. We shall not be liable for any loss and or consequential damages due to breakdown of the equipment either for repair purpose or otherwise.&nbsp;</li><li style="text-align: justify;">Validity : 30 Days.</li></ol>', '45000.00', 'Pending', 25, 'STL', 90, 'BE-2814', '17-18', 15, 0, '2017-05-08', '0000-00-00', '', '0000-00-00', 0, 107, '16px'),
(108, 66, '(Unit- Mandpam)\r\nPB No. 13\r\nBhilwara-311001', 15, 16, '2017-05-31', 'Mr. D K Sharma', '9414034874', 'As per your verbal enquiry dated 06.05.2017', 'Quote for Johnson Pump Spares', 'With reference to enquiry enquiry we are pleased to submit our quote as follows :-', '', '<ol><li style="text-align: justify; line-height: 1;">Price Basis : Ex-Our  Works Udaipur .</li><li style="text-align: justify; line-height: 1;">Packing &amp; Forwarding : Extra @  2%</li><li style="text-align: justify; line-height: 1;">Sales Tax : Vat Extra @ 5.5%   or as applicable on date of dispatch.</li><li style="text-align: justify; line-height: 1;">Delivery : Within 6 to 8 weeks from date of receipt of Techno-Commercially clear PO.</li><li style="text-align: justify; line-height: 1;">Freight &amp; Insurance : In Buyers account. In case of transit damage you will have to Claim from your Insurance Company.</li><li style="text-align: justify; line-height: 1;">Payment : Strictly within 30 days of receipt of material else interest will be charged @ 18 % p.a. for delayed period.</li><li style="text-align: justify; line-height: 1;">Warranty : For Spare\r\nOnly interchange ability with original equipment is confirmed and any manufacturing defect is covered.</li><li style="text-align: justify; line-height: 1;">Validity : 30 Days.</li></ol>', '31908.00', 'Pending', 25, 'STL', 91, 'BE-3320', '17-18', 12, 0, '2017-05-08', '0000-00-00', '', '0000-00-00', 0, 108, '16px'),
(109, 143, 'Kalol Grinding Unit\r\nVillage : Moti Bhoyan\r\nTaluka : Kalol, Dist.: Gandhinagar', 12, 4, '2017-05-15', 'Rahul Agarwal', '7624005135', 'As per your email enquiry', 'Quote for Darling pump', 'With reference to below enquiry we are pleased to submit our quote as follows :-', '', '<ol><li style="text-align: justify;">Price Basis : Ex-Our  Works Udaipur .</li><li style="text-align: justify;">Packing &amp; Forwarding : Extra @  2%</li><li style="text-align: justify;">Sales Tax : 2% CST against C &amp; E1 form as applicable on date of dispatch.</li><li style="text-align: justify;">Excise Duty : Extra as applicable for which we shall provide you EDGP to Claim Cenvat.</li><li style="text-align: justify;">Delivery : Within 4 to 6 weeks from date of receipt of Techno-Commercially clear PO.</li><li style="text-align: justify;">Freight &amp; Insurance : In Buyers account. In case of transit damage you will have to Claim from your Insurance Company.</li><li style="text-align: justify;">Payment : Strictly within 30 days of receipt of material else interest will be charged @ 18 % p.a. for delayed period.</li><li style="text-align: justify;">Warranty : For Pump &amp; Motors\r\nStandard as provided by manufacturer to be free from defects in both material &amp; workmanship for a period of 12 months from date of installation or 18 months from date of supply whichever is earlier. Provided the Motor/Pump is installed as per instructions. We shall not be liable for any loss and or consequential damages due to breakdown of the equipment either for repair purpose or otherwise. Winding failures is not covered under warranty.&nbsp;</li><li style="text-align: justify;">Validity : 30 Days.</li></ol>', '36845.00', 'Pending', 25, 'STL', 92, 'DC-25', '17-18', 12, 0, '2017-05-08', '0000-00-00', '', '0000-00-00', 0, 109, '16px'),
(110, 146, 'E-969 969 A, RIICO Industrial Area, Sitapura, Jaipur-302022.', 15, 16, '2017-05-30', 'Khel Shanker', '8440047521', 'As per received your enquiry from principle dated 08.05.2017.', 'Quote for Johnson pump spares', 'With reference to above enquiry we are pleased to submit our quote as follows :-', '', '<p></p><ol><li style="text-align: justify;">Price Basis : Ex-Our  Works Udaipur .</li><li style="text-align: justify;">Packing &amp; Forwarding : Extra @  2%</li><li style="text-align: justify;">Sales Tax : Vat Extra @ 5.5%   or as applicable on date of dispatch.</li><li style="text-align: justify;">Delivery : Within 1 to 2 weeks from date of receipt of Techno-Commercially clear PO.</li><li style="text-align: justify;">Freight &amp; Insurance : In Buyers account. In case of transit damage you will have to Claim from your Insurance Company.</li><li style="text-align: justify;">Payment : 100% advance agst PI before dispatch.</li><li style="text-align: justify;">Warranty : For Spare\r\nOnly interchange ability with original equipment is confirmed and any manufacturing defect is covered.</li><li style="text-align: justify;">Validity : 30 Days.</li></ol><p></p>', '1980.00', 'Pending', 27, 'FMSL', 11, 'DC-27', '17-18', 15, 0, '2017-05-08', '0000-00-00', '', '0000-00-00', 0, 110, '16px'),
(111, 144, 'Works : 7-12, Sec -6, HSIIDC, Bawal\r\nDistrict : Rewari-123501,\r\nHaryana', 12, 15, '2017-05-15', 'Abhishek Tiwari', '9996117965', 'As per your email enquiry', 'Quote for Tushaco Spares.', 'With reference to below enquiry we are pleased to submit our quote as follows :-', '', '<ol><li style="text-align: justify;">Price Basis : Ex-Our  Works Udaipur .</li><li style="text-align: justify;">Packing &amp; Forwarding : Extra @  2%</li><li style="text-align: justify;">Sales Tax : 2% CST against C form &nbsp;as applicable on date of dispatch.</li><li style="text-align: justify;">Excise Duty : Extra if applicable for which we shall provide you EDGP to Claim Cenvat.</li><li style="text-align: justify;">Delivery : Within 4 to 5 weeks from date of receipt of Techno-Commercially clear PO.</li><li style="text-align: justify;">Freight &amp; Insurance : In Buyers account. In case of transit damage you will have to Claim from your Insurance Company.</li><li style="text-align: justify;">Payment : 100% advance with order copy.</li><li style="text-align: justify;">Warranty : For Spare\r\nOnly interchange ability with original equipment is confirmed and any manufacturing defect is covered.</li><li style="text-align: justify;">Validity : 30 Days.</li></ol>', '61740.00', 'Pending', 27, 'FMSL', 12, 'DC-26', '17-18', 12, 0, '2017-05-08', '0000-00-00', '', '0000-00-00', 0, 111, '16px'),
(112, 147, 'In front of UIT Colony Balita Road ,Kunhari\r\nKota.(Raj)-324008', 15, 3, '2017-05-30', 'Kapil Jain', '9829792064', 'As per your email enquiry dated 10.05.2017', 'Quote for Positive Dosing Pump', 'With reference to below enquiry we are pleased to submit our quote as follows :-', '', '<ol><li style="text-align: justify;">Price Basis : Ex-Our  Works Udaipur .</li><li style="text-align: justify;">Packing &amp; Forwarding : Extra @  2%</li><li style="text-align: justify;">Sales Tax : Vat Extra @ 14.5%   or as applicable on date of dispatch.</li><li style="text-align: justify;">Delivery : Ready stock or Within 2 to 3 weeks from date of receipt of Techno-Commercially clear PO.</li><li style="text-align: justify;">Freight &amp; Insurance : In Buyers account. In case of transit damage you will have to Claim from your Insurance Company.</li><li style="text-align: justify;">Payment : 100% advance agst PI before dispatch&nbsp;</li><li style="text-align: justify;">Warranty : For Pump &amp; Motors\r\nStandard as provided by manufacturer to be free from defects in both material &amp; workmanship for a period of 06 months from date of installation or 09 months from date of supply whichever is earlier. Provided the Motor/Pump is installed as per instructions. We shall not be liable for any loss and or consequential damages due to breakdown of the equipment either for repair purpose or otherwise.</li><li style="text-align: justify;">Validity : 30 Days.</li></ol>', '10000.00', 'Pending', 27, 'FMSL', 13, 'DC-28', '17-18', 15, 0, '2017-05-10', '0000-00-00', '', '0000-00-00', 0, 112, '16px'),
(113, 29, 'Bangur City\r\nPO RAS-306107\r\nTehsil :Jaitaran\r\nDist. Pali\r\n', 11, 4, '2017-05-16', 'Mr. Vivek Saxena ', '9214337462', 'RFQ. No.: 176045 dated 09.05.2017', 'BE 3027 offer for Darling Make Submersible pump', 'With reference to above enquiry we are pleased to submit our quote as follows :-', '', '<span style="font-weight: bold;">Price Basis : For Item No.: 1 Beawer Transporter Godown &amp; For Item No. 2 Bhiwadi Transporter Godown</span><br>Packing &amp; Forwarding : Inclusive<br>Sales Tax : Vat Extra @ 5.5%   or as applicable on date of dispatch.<br>Excise Duty : Extra if applicable for which we shall provide you EDGP to Claim Cenvat.<br>Delivery : Within 4 to 6 weeks or earlier from date of receipt of Techno-Commercially clear PO.<br>Freight &amp; Insurance : In Buyers account. In case of transit damage you will have to Claim from your Insurance Company.<br>Payment : Strictly within 30 days of receipt of material else interest will be charged @ 18 % p.a. for delayed period.<br>Warranty : For Pump &amp; Motors\r\nStandard as provided by manufacturer to be free from defects in both material &amp; workmanship for a period of 12 months from date of installation or 18 months from date of supply whichever is earlier. Provided the Motor/Pump is installed as per instructions. We shall not be liable for any loss and or consequential damages due to breakdown of the equipment either for repair purpose or otherwise. Winding failures is not covered under warranty.<br>Validity : 30 Days.<br>', '123212.00', 'Pending', 25, 'STL', 93, 'BE-3027', '17-18', 11, 0, '2017-05-10', '0000-00-00', '', '0000-00-00', 0, 113, '10px'),
(114, 95, 'Hydro -I ,Unit II\r\nChanderai Lead Zinc Smelter,\r\nChittorgarh-312021', 11, 1, '2017-05-26', 'Mr PC Pareek', '9928013967', 'RFQ No.: 2000032689 2000034987 dated: 10.05.2017', 'Offer for JOHNSON make Centrifugal Pump', 'With reference to above enquiry we are pleased to submit our quote as follows :-', '', 'Price Basis : Ex Transporter Godown Chittor<br>Packing &amp; Forwarding : Inclusive<br>Sales Tax : Vat Extra @ 5.5%   or as applicable on date of dispatch.<br>Excise Duty : Extra if applicable for which we shall provide you EDGP to Claim Cenvat.<br>Delivery : Within 12 to 14 weeks or earlier from date of receipt of Techno-Commercially clear PO.<br>Freight &amp; Insurance : In Buyers account. In case of transit damage you will have to Claim from your Insurance Company.<br>Payment : Strictly within 30 days of receipt of material else interest will be charged @ 18 % p.a. for delayed period.<br>Warranty : For Pump &nbsp;Standard as provided by manufacturer to be free from defects in both material &amp; workmanship for a period of 12 months from date of installation or 18 months from date of supply whichever is earlier. Provided the Pump is installed as per instructions. We shall not be liable for any loss and or consequential damages due to breakdown of the equipment either for repair purpose or otherwise. Mechanical Seal failures is not covered under warranty.&nbsp;<br>Validity : 30 Days.<br>', '90350.00', 'Pending', 25, 'STL', 94, 'DC-29', '17-18', 11, 0, '2017-05-12', '0000-00-00', '', '0000-00-00', 0, 114, '16px'),
(115, 10, 'Sutlej Textiles and Industries Limited\r\nUnit-Rajasthan Textile Mills, \r\nPachpahar Road Bhawanimandi-326502 Distt: Jhalawar', 15, 26, '2017-05-20', 'Bhanwar Tripathi', '9116009797', 'As per your email enquiry dated 12.05.2017', 'Quote for Johnson Pump', 'We thank you for your enquiry and we being authorised dealers for JOHNSON Pumps in the state of Rajasthan, are pleased to submit an offer as under:', 'Rest dosing pump quote submit to you shortly.', '<ol><li style="text-align: justify;">Price Basis : Ex-Our  Works Udaipur .</li><li style="text-align: justify;">Packing &amp; Forwarding : Extra @  2%</li><li style="text-align: justify;">Sales Tax : Vat Extra @ 5.5%   or as applicable on date of dispatch.</li><li style="text-align: justify;">Excise Duty : Extra as applicable for which we shall provide you EDGP to Claim Cenvat.</li><li style="text-align: justify;">Delivery : Within 12 days from date of receipt of Techno-Commercially clear PO.</li><li style="text-align: justify;">Freight &amp; Insurance : In Buyers account. In case of transit damage you will have to Claim from your Insurance Company.</li><li style="text-align: justify;">Payment : Strictly within 15 days of receipt of material else interest will be charged @ 18 % p.a. for delayed period.</li><li style="text-align: justify;">Warranty : For Pump &amp; Motors\r\nStandard as provided by manufacturer to be free from defects in both material &amp; workmanship for a period of 12 months from date of installation or 18 months from date of supply whichever is earlier. Provided the Motor/Pump is installed as per instructions. We shall not be liable for any loss and or consequential damages due to breakdown of the equipment either for repair purpose or otherwise.</li><li style="text-align: justify;">Validity : 30 Days.</li></ol>', '67695.00', 'Pending', 25, 'STL', 95, 'BE-3346', '17-18', 15, 0, '2017-05-13', '0000-00-00', '', '0000-00-00', 0, 115, '13px'),
(116, 93, 'C-17,Panchwati Colony\r\nNear Bhaskar Circle,\r\nRatanada , Jodhpur -342001', 11, 26, '2017-05-24', 'Mr. Mayank Agrawal', '9759279242', 'Email enquiry dated: 13/05/2017', 'BE 3384 offer for JOHNSON make Non Clog Self Priming Pump Set', 'With reference to above enquiry we are pleased to submit our quote as follows :-', '', 'Price Basis : Ex-Our  Works Udaipur .<br>Packing &amp; Forwarding : Extra @  2%<br>Sales Tax : Vat Extra @ 5.5%   or as applicable on date of dispatch.<br>Delivery : Ready Stock Else Within 2 to 3 weeks from date of receipt of Techno-Commercially clear PO.<br>Freight &amp; Insurance : In Buyers account. In case of transit damage you will have to Claim from your Insurance Company.<br>Payment : Advance with PO<br>Warranty : For Pump &amp; Motors\r\nStandard as provided by manufacturer to be free from defects in both material &amp; workmanship for a period of 12 months from date of installation or 18 months from date of supply whichever is earlier. Provided the Motor/Pump is installed as per instructions. We shall not be liable for any loss and or consequential damages due to breakdown of the equipment either for repair purpose or otherwise. Winding failures &amp; Mechanical Seal are not covered under warranty.&nbsp;<br>Validity : 30 Days.<br>', '29850.00', 'Pending', 27, 'FMSL', 14, 'BE-3384', '17-18', 11, 0, '2017-05-13', '0000-00-00', '', '0000-00-00', 0, 116, '16px'),
(117, 11, 'Unit- Rabriyawas\r\nTehsil-jaitaran \r\nPali (Raj)\r\n\r\n', 11, 5, '2017-05-24', 'Mr. Radhey Shyam Mundr', '7573040626', 'Enquiry No.  2701427664  dated 14.05.2017', 'BE 3274  offer for ANTICO make Centrifugal Pump', 'With reference to above enquiry we are pleased to submit our quote as follows :-', 'You May placed repeat order as per last PO No.: 2800615340/NE05/NIRMAL KUMAR dated : 12.10.2016', '<ol><li>Price Basis : Ex-Our  Works Udaipur .</li><li>Packing &amp; Forwarding : Inclusive</li><li>Sales Tax : Vat Extra @ 14.5%   or as applicable on date of dispatch.</li><li>Excise Duty : Extra if applicable for which we shall provide you EDGP to Claim Cenvat.</li><li>Delivery : Within 4 to 6 weeks from date of receipt of Techno-Commercially clear PO.</li><li>Freight &amp; Insurance : In Buyers account. In case of transit damage you will have to Claim from your Insurance Company.</li><li>Payment : Strictly within 30 days of receipt of material else interest will be charged @ 18 % p.a. for delayed period.</li><li>Discount : &nbsp;5.44 &nbsp;% on quoted price.</li><li>Validity : 30 Days.</li></ol>', '63450.00', 'Pending', 25, 'STL', 96, 'BE-3274', '17-18', 11, 0, '2017-05-15', '0000-00-00', '', '0000-00-00', 0, 117, '14px');
INSERT INTO `quotations` (`id`, `customer_id`, `customer_address`, `employee_id`, `item_group_id`, `finalisation_date`, `customer_for_attention`, `customer_contact_no`, `enquiry_no`, `subject`, `text`, `additional_note`, `terms_conditions`, `total`, `status`, `company_id`, `qt1`, `qt2`, `qt3`, `qt4`, `created_by`, `edited_by`, `created_on`, `edited_on`, `reason`, `closing_date`, `revision`, `quotation_id`, `pdf_font_size`) VALUES
(118, 40, 'Pali-Marwar-306401\r\nRajastahn', 11, 16, '2017-05-25', 'Mr. Tapasvi Vaidya', '9001099411', 'Inquiry 16723', 'Offer for JOHNSON Pumps Spare', ' We are thank you for your enquiry for Spares and we being authorized dealer of JOHNSON make Pumps are pleased to submit our offer as under:\r\n', 'Price are same for Item No 1  as per previous supply against Purchase order for 4600010798 Dt. 02.02.16.\r\n\r\n', '<ol><li>Price Basis : F.O.R . Transporter Godown Pali.</li><li>Packing &amp; Forwarding : Inclusive</li><li>Sales Tax : Vat Extra @ 5.5% or as applicable on date of dispatch.</li><li>Delivery : Within 6 to 8 weeks from date of receipt of Techno-Commercially clear PO.</li><li>Freight &amp; Insurance : In Buyers account. In case of transit damage you will have to Claim from your Insurance Company.</li><li>Payment : Strictly within 30 days of receipt of material else interest will be charged @ 18 % p.a. for delayed period.</li><li>Warranty : &nbsp;For Spare\r\nOnly interchange ability with original equipment is confirmed and any manufacturing defect is covered.</li><li>Discount :  @7.5 % on quoted price.</li><li>Validity : 30 Days.</li></ol>', '15000.00', 'Pending', 25, 'STL', 97, 'BE-3189', '17-18', 4, 0, '2017-05-15', '0000-00-00', '', '0000-00-00', 0, 118, '15px'),
(119, 65, 'Plot# SP1 to & B5 to 8 \r\nAgro Park, M.I.A. (Extention )\r\nAlwar-301030 (Raj.)', 15, 16, '2017-05-19', 'Mr. Jai Gupta', '8266921599', 'As per your verbal enquiry', 'Quote for Johnson Spares', 'With reference to your verbal enquiry we are pleased to submit our quote as follows :-', '', '<ol><li>Price Basis : Ex-Our  Works Udaipur .</li><li>Packing &amp; Forwarding : Extra @  2%</li><li>Sales Tax : Vat Extra @ 5.5% &nbsp;as applicable on date of dispatch.</li><li>Excise Duty : Extra if applicable for which we shall provide you EDGP to Claim Cenvat.</li><li>Delivery : Within 4 to 5 weeks from date of receipt of Techno-Commercially clear PO.</li><li>Freight &amp; Insurance : In Buyers account. In case of transit damage you will have to Claim from your Insurance Company.</li><li>Payment : Strictly within 30 days of receipt of material else interest will be charged @ 18 % p.a. for delayed period.</li><li>Warranty : For Spare\r\nOnly interchange ability with original equipment is confirmed and any manufacturing defect is covered.</li><li>Validity : 30 Days.</li></ol>', '9100.00', 'Pending', 25, 'STL', 98, 'BE-2772', '17-18', 12, 0, '2017-05-15', '0000-00-00', '', '0000-00-00', 0, 119, '14px'),
(120, 126, 'P.B. 73 ,\r\nKanpur Madri\r\nUdaipur-313003', 11, 27, '2017-05-24', 'Mr. Prashant Kukadkar', '7665012106', 'Email enquiry dated : 16.05.2017', 'BE 3080 offer for ANTICO Make Centrifugal pump', 'With reference to above enquiry we are pleased to submit our quote as follows :-', 'NOTE : HE series models are discontinue and developed new NS series Pump', '<ol><li>Price Basis : Ex-Our  Works Udaipur .</li><li>Packing &amp; Forwarding : Extra @  2%</li><li>Sales Tax : Vat Extra @ 14.5%   or as applicable on date of dispatch.</li><li>Excise Duty : Extra if applicable for which we shall provide you EDGP to Claim Cenvat.</li><li>Delivery : Within 2 to 3 weeks from date of receipt of Techno-Commercially clear PO.</li><li>Freight &amp; Insurance : In Buyers account. In case of transit damage you will have to Claim from your Insurance Company.</li><li>Payment : Strictly within 15 &nbsp;days of receipt of material else interest will be charged @ 18 % p.a. for delayed period.</li><li>Warranty : For Pump &amp; Motors\r\nStandard as provided by manufacturer to be free from defects in both material &amp; workmanship for a period of 12 months from date of installation or 18 months from date of supply whichever is earlier. Provided the Motor/Pump is installed as per instructions. We shall not be liable for any loss and or consequential damages due to breakdown of the equipment either for repair purpose or otherwise. Winding failures &amp; Mechanical seal Failures are not covered under warranty.&nbsp;</li><li>Validity : 30 Days.</li></ol>', '52700.00', 'Pending', 25, 'STL', 99, 'BE-3080', '17-18', 11, 0, '2017-05-16', '0000-00-00', '', '0000-00-00', 0, 120, '16px'),
(121, 6, 'Unit: Vikram Cement Works\r\nKHOR, Tehsil: Jawad \r\nNeemuch (MP)-458470', 11, 26, '2017-05-30', 'Mr. Sheevendra Singh', '7420230525', 'Enquiry No.: VCA/VCZ1702072 dated: 16.05.2017', 'BE 2564 offer for JOHNSON make Centrifugal Pump Set', 'With reference to above enquiry we are pleased to submit our quote as follows :-', '', '<ol><li>Price Basis : Ex-Our  Works Udaipur .</li><li>Packing &amp; Forwarding : Inclusive</li><li>Sales Tax : 2 % CST against C form or as applicable on date of dispatch.</li><li>Excise Duty : Extra if applicable for which we shall provide you EDGP to Claim Cenvat.</li><li>Delivery : Within 6 to 8 weeks or earlier from date of receipt of Techno-Commercially clear PO.</li><li>Freight &amp; Insurance : In Buyers account. In case of transit damage you will have to Claim from your Insurance Company.</li><li>Payment : Strictly within 30 days of receipt of material else interest will be charged @ 18 % p.a. for delayed period.</li><li>Warranty : For Pump &amp; Motors\r\nStandard as provided by manufacturer to be free from defects in both material &amp; workmanship for a period of 12 months from date of installation or 18 months from date of supply whichever is earlier. Provided the Motor/Pump is installed as per instructions. We shall not be liable for any loss and or consequential damages due to breakdown of the equipment either for repair purpose or otherwise. Winding failures is not covered under warranty.&nbsp;</li><li>Validity : 30 Days.</li></ol>', '155800.00', 'Pending', 25, 'STL', 100, 'BE-2564', '17-18', 11, 0, '2017-05-16', '0000-00-00', '', '0000-00-00', 0, 121, '16px'),
(122, 5, '(Formerly Indo Zinc Ltd)\r\n(A Subsidiary of The India Cements Ltd)\r\nPost Wajwana\r\nBanswara -327025', 11, 27, '2017-05-30', 'Mr. Prakash Patle', '9587030588', 'As telephonic discussed dated: 16.05.2016', 'BE 2962 offer for ANTICO make Non Metallic Descaling Pump Set ', 'With reference to above enquiry we are pleased to submit our quote as follows :-', '', '<ol><li>Price Basis : Ex-Our  Works Udaipur .</li><li>Packing &amp; Forwarding : Inclusive</li><li>Sales Tax : Vat Extra @ 14.5%   or as applicable on date of dispatch.</li><li>Excise Duty : Extra if applicable for which we shall provide you EDGP to Claim Cenvat.</li><li>Delivery : Within 2 to 3 weeks from date of receipt of Techno-Commercially clear PO.</li><li>Freight &amp; Insurance : In Buyers account. In case of transit damage you will have to Claim from your Insurance Company.</li><li>Payment : Strictly within 15 days of receipt of material else interest will be charged @ 18 % p.a. for delayed period.</li><li>Warranty : For Pump &amp; Motors\r\nStandard as provided by manufacturer to be free from defects in both material &amp; workmanship for a period of 12 months from date of installation or 18 months from date of supply whichever is earlier. Provided the Motor/Pump is installed as per instructions. We shall not be liable for any loss and or consequential damages due to breakdown of the equipment either for repair purpose or otherwise. Winding &amp; Mechanical Seal &nbsp;failures are not covered under warranty. .</li><li>Validity : 30 Days.</li></ol>', '28750.00', 'Pending', 25, 'STL', 101, 'BE-2962', '17-18', 11, 0, '2017-05-16', '0000-00-00', '', '0000-00-00', 0, 122, '16px'),
(123, 7, 'NH 90, Atru Road, \r\nVillage Kawai, Taluka Atru, \r\nBaran 325 219, (Raj)', 15, 2, '2017-05-25', 'Mr. Sanjay Kumar Jain', '8875024904', 'As per your email enquiry', 'Quote for Tushaco Pump ', 'With reference to below enquiry we are pleased to submit our quote as follows :-', '', '<ol><li style="text-align: justify; ">Price Basis : Ex-Our  Works Udaipur .</li><li style="text-align: justify; ">Packing &amp; Forwarding : Extra @  2%</li><li style="text-align: justify; ">Sales Tax : Vat Extra @ 14.5% &nbsp;as applicable on date of dispatch.</li><li style="text-align: justify;">Excise Duty : Extra if applicable for which we shall provide you EDGP to Claim Cenvat.</li><li style="text-align: justify;">Delivery : Within 4 to 6 weeks from date of receipt of Techno-Commercially clear PO.</li><li style="text-align: justify;">Freight &amp; Insurance : In Buyers account. In case of transit damage you will have to Claim from your Insurance Company.</li><li style="text-align: justify;">Payment : Strictly within 30 days of receipt of material else interest will be charged @ 18 % p.a. for delayed period.</li><li style="text-align: justify; ">Warranty : For Pump &amp; Motors\r\nStandard as provided by manufacturer to be free from defects in both material &amp; workmanship for a period of 12 months from date of installation or 18 months from date of supply whichever is earlier. Provided the Motor/Pump is installed as per instructions. We shall not be liable for any loss and or consequential damages due to breakdown of the equipment either for repair purpose or otherwise.&nbsp;</li><li style="text-align: justify;">Validity : 30 Days.</li></ol>', '17500.00', 'Pending', 25, 'STL', 102, 'BE-3147', '17-18', 15, 0, '2017-05-17', '0000-00-00', '', '0000-00-00', 0, 123, '14px'),
(124, 96, 'Sagar Unit -II -for OBA \r\nPlot No. 42 to 47, 49 to 54, \r\nMPIIDC Growth Center Sector - MP', 15, 1, '2017-05-30', 'Mr. Akshay Agarwal', '7318214777', 'Your email enquiry dated 05.05.2017', 'Quote for Tushaco/ Johnson Pump', 'With reference to your enquiry we are pleased to submit our quote as follows :-', '', '<ol><li>Price Basis : Ex-Our  Works Udaipur .</li><li>Packing &amp; Forwarding : Extra @  2%</li><li>Sales Tax : 2% CST agst C form &nbsp; or as applicable on date of dispatch.</li><li>Excise Duty : Extra if applicable for which we shall provide you EDGP to Claim Cenvat.</li><li>Delivery : Within 8 to 10 weeks from date of receipt of Techno-Commercially clear PO.</li><li>Freight &amp; Insurance : In Buyers account. In case of transit damage you will have to Claim from your Insurance Company.</li><li>Payment : 100% advance agst PI</li><li>Warranty : For Pump &amp; Motors\r\nStandard as provided by manufacturer to be free from defects in both material &amp; workmanship for a period of 12 months from date of installation or 18 months from date of supply whichever is earlier. Provided the Motor/Pump is installed as per instructions. We shall not be liable for any loss and or consequential damages due to breakdown of the equipment either for repair purpose or otherwise.&nbsp;</li><li>Validity : 30 Days.</li></ol>', '86400.00', 'Pending', 27, 'FMSL', 15, 'DC-6', '17-18', 15, 0, '2017-05-17', '0000-00-00', '', '0000-00-00', 0, 124, '16px'),
(125, 8, 'Unit Of - DCM Shriram Industries Limited\r\nShriram Nagar, Kota-324004', 15, 1, '2017-05-24', 'Mr. Danveer Ji', '9929590865', 'As per your verbal enquiry', 'Quote for Johnson Pump', 'With reference to your enquiry we are pleased to submit our quote as follows :-', '', '<ol><li style="text-align: justify; ">Price Basis : Ex-Our  Works Udaipur .</li><li style="text-align: justify;">Packing &amp; Forwarding : Extra @  2%</li><li style="text-align: justify;">Sales Tax : Vat Extra @ 5.5% &nbsp;as applicable on date of dispatch.</li><li style="text-align: justify;">Excise Duty : Extra if applicable for which we shall provide you EDGP to Claim Cenvat.</li><li style="text-align: justify;">Delivery : Within 8 to 10 weeks from date of receipt of Techno-Commercially clear PO.</li><li style="text-align: justify;">Freight &amp; Insurance : In Buyers account. In case of transit damage you will have to Claim from your Insurance Company.</li><li style="text-align: justify;">Payment : 100% advance agst PI</li><li style="text-align: justify;">Warranty : For Pump &amp; Motors\r\nStandard as provided by manufacturer to be free from defects in both material &amp; workmanship for a period of 12 months from date of installation or 18 months from date of supply whichever is earlier. Provided the Motor/Pump is installed as per instructions.&nbsp;</li><li style="text-align: justify;">Validity : 30 Days.</li></ol>', '63500.00', 'Pending', 25, 'STL', 103, 'BE-2932', '17-18', 15, 0, '2017-05-17', '0000-00-00', '', '0000-00-00', 0, 125, '16px'),
(126, 22, 'Unit-Birla White\r\nRajashree Nagar, Kharia Khangar\r\nVillage :-Kharia Khangar\r\nDist. Jodhpur 342606', 11, 15, '2017-05-24', 'Mr. Neeraj Gautam', '2920264040', 'Enquiry No. BWJ/BWZ1700829 dated 18.05.2017', 'BE 2827 offer for Line Mounted Relief for TUSHACO Pump', 'With reference to above enquiry we are pleased to submit our quote as follows :-', '', '<ol><li>Price Basis : Ex-Our  Works Udaipur .</li><li>Packing &amp; Forwarding : Incusive</li><li>Sales Tax : Vat Extra @ 14.5%   or as applicable on date of dispatch.</li><li>Excise Duty : Extra if applicable for which we shall provide you EDGP to Claim Cenvat.</li><li>Delivery : Within 8 &nbsp;to 10 &nbsp;weeks or earlier from date of receipt of Techno-Commercially clear PO.</li><li>Freight &amp; Insurance : In Buyers account. In case of transit damage you will have to Claim from your Insurance Company.</li><li>Payment : Strictly within 30 days of receipt of material else interest will be charged @ 18 % p.a. for delayed period.</li><li>Validity : 30 Days.</li></ol>', '52500.00', 'Pending', 25, 'STL', 104, 'BE-2827', '17-18', 11, 0, '2017-05-18', '0000-00-00', '', '0000-00-00', 0, 126, '16px'),
(127, 93, 'C-17,Panchwati Colony\r\nNear Bhaskar Circle,\r\nRatanada , Jodhpur -342001', 11, 4, '2017-05-25', 'Mr. Mayank Agarwal', '9782341891', 'As telephonic discussed dated: 18.05.2017', 'BE 3384 offer for Darling make Submersible Sewage Transfer Pump', 'With reference to above enquiry we are pleased to submit our quote as follows :-', '', '<ol><li>Price Basis : Ex-Our  Works Udaipur .</li><li>Packing &amp; Forwarding : Extra @  2%</li><li>Sales Tax : Vat Extra @ 5.5%   or as applicable on date of dispatch.</li><li>Delivery : Within 2 to 3 weeks or earlier from date of receipt of Techno-Commercially clear PO.</li><li>Freight &amp; Insurance : In Buyers account. In case of transit damage you will have to Claim from your Insurance Company.</li><li>Payment :100 % Advance with PO</li><li>Warranty : For Pump &amp; Motors\r\nStandard as provided by manufacturer to be free from defects in both material &amp; workmanship for a period of 12 months from date of installation or 18 months from date of supply whichever is earlier. Provided the Motor/Pump is installed as per instructions. We shall not be liable for any loss and or consequential damages due to breakdown of the equipment either for repair purpose or otherwise. Winding failures is not covered under warranty.</li><li>Validity : 30 Days.</li></ol>', '43000.00', 'Pending', 27, 'FMSL', 16, 'BE-3384', '17-18', 11, 0, '2017-05-18', '0000-00-00', '', '0000-00-00', 0, 127, '14px'),
(128, 96, 'Sagar Unit -II -for OBA \r\nPlot No. 42 to 47, 49 to 54, \r\nMPIIDC Growth Center Sector - MP', 15, 1, '2017-05-31', 'Mr. Akshay Agarwal ', '7318214777', 'As per your email enquiry dated 15.05.2017.', 'Quote for Johnson Pump', 'With reference to above enquiry we are pleased to submit our quote as follows :-', '', '<ol><li>Price Basis : Ex-Our  Works Udaipur .</li><li>Packing &amp; Forwarding : Extra @  2%</li><li>Sales Tax : 2% cst agst C form or as applicable on date of dispatch.</li><li>Excise Duty : Extra if applicable for which we shall provide you EDGP to Claim Cenvat.</li><li>Delivery : Within 4 to 6 weeks from date of receipt of Techno-Commercially clear PO.</li><li>Freight &amp; Insurance : In Buyers account. In case of transit damage you will have to Claim from your Insurance Company.</li><li>Payment : Strictly within 30 days of receipt of material else interest will be charged @ 18 % p.a. for delayed period.</li><li>Warranty : For Pump &amp; Motors\r\nStandard as provided by manufacturer to be free from defects in both material &amp; workmanship for a period of 12 months from date of installation or 18 months from date of supply whichever is earlier. Provided the Motor/Pump is installed as per instructions. We shall not be liable for any loss and or consequential damages due to breakdown of the equipment either for repair purpose or otherwise.&nbsp;</li><li>Validity : 30 Days.</li></ol>', '16920.00', 'Pending', 27, 'FMSL', 17, 'DC-6', '17-18', 15, 0, '2017-05-18', '0000-00-00', '', '0000-00-00', 0, 128, '16px'),
(129, 152, 'Chetak Circle\r\nUdaipur', 11, 4, '2017-05-31', 'Mr. Ram Sumer', '9983636955', 'Verbal Inquiry during Site Visit dt. 18.05.17', 'Offer for Darling Submersible Pump', 'We are thank you for your enquiry for Pump and we being authorized dealer of Darling  make submersible Pumps are pleased to submit our offer as under:', '', '<ol><li>Price Basis : Ex-Our  Works Udaipur .</li><li>Packing &amp; Forwarding : Extra @  2%</li><li>Sales Tax : Vat Extra @ 5.5%   or as applicable on date of dispatch.</li><li>Delivery : Within 2 to 3 weeks from date of receipt of Techno-Commercially clear PO.<br></li><li>Payment : 50% advance along with Purchase order &amp; balance against PI at the time of dispatch.<br></li><li>Warranty : For Pump &amp; Motors\r\nStandard as provided by manufacturer to be free from defects in both material &amp; workmanship for a period of 12 months from date of installation or 18 months from date of supply whichever is earlier. Provided the Motor/Pump is installed as per instructions. We shall not be liable for any loss and or consequential damages due to breakdown of the equipment either for repair purpose or otherwise. Winding failures is not covered under warranty.&nbsp;</li><li>Validity : 30 Days.</li></ol>', '190000.00', 'Pending', 25, 'STL', 105, 'DC-30', '17-18', 4, 0, '2017-05-18', '0000-00-00', '', '0000-00-00', 0, 129, '13px'),
(130, 44, 'R. K. Nagar, Nimbahera\r\nChittorgarh-312601', 15, 2, '2017-06-10', 'Mr Rajesh VIjayvergiya ', '9610019610', 'As per your email enquiry dated 17.05.2017.', 'Quote for Tushaco Pump', 'We thank you for your valuable enquiry and we being the authorised dealer for Tushaco Pumps for the state of Rajasthan are pleased to submit our offer as below:-\r\n\r\n', '', '<ol><li>Price Basis : Ex-Our  Works Udaipur .</li><li>Packing &amp; Forwarding : Extra @  2%</li><li>Sales Tax : Vat Extra @ 14.5%   or as applicable on date of dispatch.</li><li>Excise Duty : Extra as applicable for which we shall provide you EDGP to Claim Cenvat.</li><li>Delivery : Within 6 to 8 weeks from date of receipt of Techno-Commercially clear PO.</li><li>Freight &amp; Insurance : In Buyers account. In case of transit damage you will have to Claim from your Insurance Company.</li><li>Payment : Strictly within 30 days of receipt of material else interest will be charged @ 18 % p.a. for delayed period.</li><li>Warranty : For Pump &amp; Motors\r\nStandard as provided by manufacturer to be free from defects in both material &amp; workmanship for a period of 12 months from date of installation or 18 months from date of supply whichever is earlier. Provided the Motor/Pump is installed as per instructions. We shall not be liable for any loss and or consequential damages due to breakdown of the equipment either for repair purpose or otherwise.&nbsp;</li><li>Validity : 30 Days.</li></ol>', '148500.00', 'Pending', 25, 'STL', 106, 'DC-10', '17-18', 15, 0, '2017-05-18', '0000-00-00', '', '0000-00-00', 0, 130, '15px'),
(131, 2, 'Unit-Aditya Cement Works\r\nAdityapuram Shambhura\r\nChittorgarh', 11, 15, '2017-05-25', 'Mr. Sunil Chauhan', '1472221002', 'Enquiry No. : ACZ1701261 dated : 17/05/2017', 'BE 2833 Offer for Seal Kit of Allweiler Pump', 'With reference to above enquiry we are pleased to submit our quote as follows :-', 'You May placed repeat PO As per last PO No.: GK/GKG/7100537117 dated 14.01.2017', '<ol><li>Price Basis : Ex Transporter Godown Chittor</li><li>Packing &amp; Forwarding : Inclusive</li><li>Sales Tax : 2 % CST Against C &amp; E1 Form or as Applicable date of Dispatch</li><li>Excise Duty : Extra if applicable for which we shall provide you EDGP to Claim Cenvat.</li><li>Delivery : Within 8 to 10 weeks or earlier from date of receipt of Techno-Commercially clear PO.</li><li>Payment : Strictly within 30 days of receipt of material else interest will be charged @ 18 % p.a. for delayed period.</li><li>Warranty : &nbsp;For Spare\r\nOnly interchange ability with original equipment is confirmed and any manufacturing defect is covered.</li><li>Validity : 30 Days.</li></ol>', '178650.00', 'Pending', 25, 'STL', 107, 'BE-2833', '17-18', 11, 0, '2017-05-18', '0000-00-00', '', '0000-00-00', 0, 131, '15px'),
(132, 152, 'Chetak Circle\r\nUdaipur', 11, 4, '2017-05-31', 'Mr. Ram Sumer', '9983636955', 'Verbal enquiry during site visit on dt. 18.05.17', 'Offer for Darling make Submersible Pump', 'We are thank you for your enquiry for Pump and we being authorized dealer of Darling Pumps are pleased to submit our offer as under:', '', '<ol><li>Price Basis : Ex-Our  Works Udaipur .</li><li>Packing &amp; Forwarding : Extra @  2%</li><li>Sales Tax : Vat Extra @ 5.5%   or as applicable on date of dispatch.</li><li>Delivery : Within 2 to 3 weeks from date of receipt of Techno-Commercially clear PO.<br></li><li>Payment : 50% advance along with Purchase Order balance against PI at the time of dispatch,<br></li><li>Warranty : For Pump &amp; Motors\r\nStandard as provided by manufacturer to be free from defects in both material &amp; workmanship for a period of 12 months from date of installation or 18 months from date of supply whichever is earlier. Provided the Motor/Pump is installed as per instructions. We shall not be liable for any loss and or consequential damages due to breakdown of the equipment either for repair purpose or otherwise. Winding failures is not covered under warranty.&nbsp;</li><li>Validity : 30 Days.<br></li></ol>', '190000.00', 'Pending', 27, 'FMSL', 18, 'DC-30', '17-18', 4, 0, '2017-05-18', '0000-00-00', '', '0000-00-00', 0, 132, '13px'),
(133, 153, 'Works : Vill- Muddapur, Tal.Mudhol\r\nDist. Bagalkot ( KAR)-587122', 15, 22, '2017-05-24', 'Mr. S. Sivanesvaran', '9611199401', 'As per your email enquiry', 'Quote for Tushaco Pump with Motor', 'With reference to below enquiry we are pleased to submit our quote as follows :-', 'You may please place the repeat order of PO No. 4100074690  Dated 05.12.2015', '<ol><li style="text-align: justify; ">Price Basis : Ex-Our  Works Udaipur .</li><li style="text-align: justify; ">Packing &amp; Forwarding : Extra @  2%</li><li style="text-align: justify;">Sales Tax : 2% against ''C'' Form on date of dispatch.</li><li style="text-align: justify;">Excise Duty : Extra as applicable for which we shall provide you EDGP to Claim Cenvat.</li><li style="text-align: justify;">Delivery : Within 4 to 5 weeks from date of receipt of Techno-Commercially clear PO.</li><li style="text-align: justify;">Freight &amp; Insurance : In Buyers account. In case of transit damage you will have to Claim from your Insurance Company.</li><li style="text-align: justify;">Payment : Strictly within 30 days of receipt of material else interest will be charged @ 18 % p.a. for delayed period.</li><li style="text-align: justify;">Warranty : For Pump &amp; Motors\r\nStandard as provided by manufacturer to be free from defects in both material &amp; workmanship for a period of 12 months from date of installation or 18 months from date of supply whichever is earlier. Provided the Motor/Pump is installed as per instructions. We shall not be liable for any loss and or consequential damages due to breakdown of the equipment either for repair purpose or otherwise. Winding failures is not covered under warranty.&nbsp;</li><li style="text-align: justify;">Validity : 30 Days.</li></ol>', '19180.00', 'Pending', 25, 'STL', 108, 'BE-2805', '17-18', 12, 0, '2017-05-19', '0000-00-00', '', '0000-00-00', 0, 133, '16px'),
(134, 139, 'Shriram Nagaer, Kota-324004\r\n', 15, 2, '2017-05-29', 'Harish jain', '0744248099', 'As per your email enquiry dated 20.05.2017.', 'Quote for Tushaco Pump', 'With reference to your enquiry we are pleased to submit our quote as follows :-', '', '<ol><li>Price Basis : Ex-Our  Daman .</li><li>Packing &amp; Forwarding : Extra @  2%</li><li>Sales Tax : 2% CST agst C &amp; E 1 Form or as applicable on date of dispatch.</li><li>Excise Duty : Extra as applicable for which we shall provide you EDGP to Claim Cenvat.</li><li>Delivery : Within 6 to 8 weeks from date of receipt of Techno-Commercially clear PO.</li><li>Freight &amp; Insurance : In Buyers account. In case of transit damage you will have to Claim from your Insurance Company.</li><li>Payment : Strictly within 07 days of receipt of material else interest will be charged @ 18 % p.a. for delayed period.</li><li>Warranty : For Pump &amp; Motors\r\nStandard as provided by manufacturer to be free from defects in both material &amp; workmanship for a period of 12 months from date of installation or 18 months from date of supply whichever is earlier. Provided the Motor/Pump is installed as per instructions. We shall not be liable for any loss and or consequential damages due to breakdown of the equipment either for repair purpose or otherwise. Winding failures is not covered under warranty. \r\nFor Spare\r\nOnly interchange ability with original equipment is confirmed and any manufacturing defect is covered.</li><li>Validity : 30 Days.</li></ol>', '16900.00', 'Pending', 25, 'STL', 109, 'BE-2822', '17-18', 15, 0, '2017-05-20', '0000-00-00', '', '0000-00-00', 0, 134, '14px');

-- --------------------------------------------------------

--
-- Table structure for table `quotation_close_reasons`
--

CREATE TABLE IF NOT EXISTS `quotation_close_reasons` (
  `id` int(10) NOT NULL AUTO_INCREMENT,
  `reason` text NOT NULL,
  PRIMARY KEY (`id`)
) ENGINE=MyISAM  DEFAULT CHARSET=latin1 AUTO_INCREMENT=9 ;

--
-- Dumping data for table `quotation_close_reasons`
--

INSERT INTO `quotation_close_reasons` (`id`, `reason`) VALUES
(1, 'Price was Higher'),
(2, 'Delivery was long'),
(3, 'Requirement cancelled'),
(4, 'Requirement Postponed'),
(5, 'Other Brand preferred'),
(6, 'No response or reply'),
(7, 'Order placed without consulting us'),
(8, 'Technically not suitable');

-- --------------------------------------------------------

--
-- Table structure for table `quotation_rows`
--

CREATE TABLE IF NOT EXISTS `quotation_rows` (
  `id` int(10) NOT NULL AUTO_INCREMENT,
  `quotation_id` int(10) NOT NULL,
  `item_id` int(10) NOT NULL,
  `description` text NOT NULL,
  `quantity` int(5) NOT NULL,
  `rate` decimal(10,2) NOT NULL,
  `amount` decimal(15,2) NOT NULL,
  `height` int(10) DEFAULT '0',
  PRIMARY KEY (`id`)
) ENGINE=InnoDB  DEFAULT CHARSET=latin1 AUTO_INCREMENT=490 ;

--
-- Dumping data for table `quotation_rows`
--

INSERT INTO `quotation_rows` (`id`, `quotation_id`, `item_id`, `description`, `quantity`, `rate`, `amount`, `height`) VALUES
(3, 1, 926, '<div class="MsoNoSpacing" style="MARGIN: 0in 0in 0pt"></div><p>\r\n</p><br>', 2, '49500.00', '99000.00', 21),
(5, 3, 927, '<p>Indent No : 7464</p><p>Pump Model:- CCR 32 160</p><p>Liquid : Normal Water</p><p>Capacity: 5m3/hr</p><p>Head:40 mtr</p><p>Suction X Discharge : 50 X 32 mm</p><p>Design : Centrifugal</p><p>Temperature /PH / SG :Ambient / 6-7/ 1</p><p>Sealing : Gland Packing</p><p>MOC: Casing/Impeller/ Shaft :SS 316</p><p>Bearing Housing: CI</p><p>Motor Power :3 HP ,2900 rpm</p>', 1, '50990.00', '50990.00', 40),
(6, 3, 928, '<p>Indent No : 7498</p><p>Pump Model : CCR 65 125</p><p>Liquid : Effluent</p><p>Capacity : 90 m3/hr</p><p>Head : 20 Mtrs</p><p>Suction X Discharge : 80 X 50 mm</p><p>Design :Centrifugal</p><p>Temperature : 60 / SG : 1&nbsp;</p><p>Sealing :Gland Packing</p><p>MOC: Casing/Impeller/ Shaft :SS 316</p><p>Motor Power :10 HP &nbsp;2900 rpm</p>', 1, '78900.00', '78900.00', 40),
(7, 4, 930, '<p class="MsoNormal"><span style="font-family:&quot;Palatino Linotype&quot;,&quot;serif&quot;;\r\nmso-fareast-font-family:&quot;Times New Roman&quot;;mso-bidi-font-family:Calibri;\r\ncolor:black">Pump Model : CCR 40 160<o:p></o:p></span></p><p class="MsoNormal"><span style="font-family:&quot;Palatino Linotype&quot;,&quot;serif&quot;;\r\nmso-fareast-font-family:&quot;Times New Roman&quot;;mso-bidi-font-family:Calibri;\r\ncolor:black">Head: 30\r\nMeters&nbsp;&nbsp;&nbsp;&nbsp;&nbsp;&nbsp;&nbsp;&nbsp;&nbsp;&nbsp;&nbsp;&nbsp;&nbsp;&nbsp;&nbsp;&nbsp;&nbsp;&nbsp;&nbsp;&nbsp;&nbsp;&nbsp;&nbsp;\r\n&nbsp;&nbsp;&nbsp;&nbsp;&nbsp;&nbsp;&nbsp;</span></p><p class="MsoNormal"><span style="font-family:&quot;Palatino Linotype&quot;,&quot;serif&quot;;\r\nmso-fareast-font-family:&quot;Times New Roman&quot;;mso-bidi-font-family:Calibri;\r\ncolor:black"> Flow: 30 M3/Hr<o:p></o:p></span></p><p class="MsoNormal"><span style="font-family:&quot;Palatino Linotype&quot;,&quot;serif&quot;;\r\nmso-fareast-font-family:&quot;Times New Roman&quot;;mso-bidi-font-family:Calibri;\r\ncolor:black">MOC:&nbsp; SS 316 MOC Pump Shaft, Casing , Shaft Sleeve, Impeller<o:p></o:p></span></p><p class="MsoNormal"><span style="font-family:&quot;Palatino Linotype&quot;,&quot;serif&quot;;\r\nmso-fareast-font-family:&quot;Times New Roman&quot;;mso-bidi-font-family:Calibri;\r\ncolor:black">Sealing: Gland\r\nPacking&nbsp;&nbsp;&nbsp;&nbsp;&nbsp;&nbsp;&nbsp;&nbsp;&nbsp;&nbsp;&nbsp;&nbsp;&nbsp;&nbsp;&nbsp;&nbsp;&nbsp;&nbsp;&nbsp;</span></p><p class="MsoNormal"><span style="font-family:&quot;Palatino Linotype&quot;,&quot;serif&quot;;\r\nmso-fareast-font-family:&quot;Times New Roman&quot;;mso-bidi-font-family:Calibri;\r\ncolor:black">\r\nImpeller Type: Closed&nbsp;&nbsp;&nbsp;&nbsp;&nbsp; <o:p></o:p></span></p><p class="MsoNormal"><span style="font-family:&quot;Palatino Linotype&quot;,&quot;serif&quot;;\r\nmso-fareast-font-family:&quot;Times New Roman&quot;;mso-bidi-font-family:Calibri;\r\ncolor:black">Power: 7.5 HP/2900\r\nRPM&nbsp;&nbsp;&nbsp;&nbsp;&nbsp;&nbsp;&nbsp;&nbsp;&nbsp;&nbsp;&nbsp;&nbsp;&nbsp;&nbsp;&nbsp;</span></p><p class="MsoNormal"><span style="font-family:&quot;Palatino Linotype&quot;,&quot;serif&quot;;\r\nmso-fareast-font-family:&quot;Times New Roman&quot;;mso-bidi-font-family:Calibri;\r\ncolor:black">\r\nLiquid : Clear Water<o:p></o:p></span></p><p class="MsoNormal"><span style="font-family:&quot;Palatino Linotype&quot;,&quot;serif&quot;;\r\nmso-fareast-font-family:&quot;Times New Roman&quot;;mso-bidi-font-family:Calibri;\r\ncolor:black">Temp.:\r\nAmbient / S G : 1 <o:p></o:p></span></p><p class="MsoNormal"><span style="font-family:&quot;Palatino Linotype&quot;,&quot;serif&quot;;\r\nmso-fareast-font-family:&quot;Times New Roman&quot;;mso-bidi-font-family:Calibri;\r\ncolor:black">Suc*Dis Size: 50 x 32\r\nMM / P H&nbsp; : 7 <o:p></o:p></span></p><p>\r\n\r\n\r\n\r\n\r\n\r\n\r\n\r\n\r\n\r\n\r\n\r\n\r\n\r\n</p><p class="MsoNormal"><span style="font-family:&quot;Palatino Linotype&quot;,&quot;serif&quot;;\r\nmso-fareast-font-family:&quot;Times New Roman&quot;;mso-bidi-font-family:Calibri;\r\ncolor:black">Particle Size: Clear Water<o:p></o:p></span></p>', 1, '58500.00', '58500.00', 0),
(13, 8, 677, '<p>Pump Model : KGEN 11 3 G1</p>', 2, '8350.00', '16700.00', 0),
(14, 8, 679, '<p>Pump Model : KGEN 11 4 G1<br></p>', 2, '9420.00', '18840.00', 0),
(19, 6, 931, '<p class="MsoNormal" style="margin-bottom:0cm;margin-bottom:.0001pt;line-height:\r\nnormal"><span lang="EN-US" style="font-size:9.0pt;font-family:&quot;Palatino Linotype&quot;,&quot;serif&quot;;\r\nmso-fareast-font-family:&quot;Times New Roman&quot;;mso-bidi-font-family:Calibri;\r\ncolor:black;mso-ansi-language:EN-US">&nbsp;PR No :</span><span style="color: black; font-family: &quot;Palatino Linotype&quot;, serif; font-size: 9pt; background-color: transparent;">1610001589</span></p><p class="MsoNormal" style="margin-bottom:0cm;margin-bottom:.0001pt;line-height:\r\nnormal"><span lang="EN-US" style="font-size:9.0pt;font-family:&quot;Palatino Linotype&quot;,&quot;serif&quot;;\r\nmso-fareast-font-family:&quot;Times New Roman&quot;;mso-bidi-font-family:Calibri;\r\ncolor:black;mso-ansi-language:EN-US">Your Item Code :&nbsp;</span><span style="color: black; font-family: &quot;Palatino Linotype&quot;, serif; font-size: 9pt; background-color: transparent;">766842027100</span></p><p class="MsoNormal" style="margin-bottom:0cm;margin-bottom:.0001pt;line-height:\r\nnormal"><span lang="EN-US" style="font-size:9.0pt;font-family:&quot;Palatino Linotype&quot;,&quot;serif&quot;;\r\nmso-fareast-font-family:&quot;Times New Roman&quot;;mso-bidi-font-family:Calibri;\r\ncolor:black;mso-ansi-language:EN-US">Submersible Pump for Dewatering<o:p></o:p></span></p><p class="MsoNormal" style="margin-bottom:0cm;margin-bottom:.0001pt;line-height:\r\nnormal"><span lang="EN-US" style="font-size:9.0pt;font-family:&quot;Palatino Linotype&quot;,&quot;serif&quot;;\r\nmso-fareast-font-family:&quot;Times New Roman&quot;;mso-bidi-font-family:Calibri;\r\ncolor:black;mso-ansi-language:EN-US">Make : Darling &nbsp; &nbsp; &nbsp; &nbsp; &nbsp; &nbsp; &nbsp; &nbsp; &nbsp; &nbsp; &nbsp; &nbsp; &nbsp; &nbsp; &nbsp; &nbsp; &nbsp; &nbsp; &nbsp; &nbsp; &nbsp; &nbsp;&nbsp;</span><span style="color: black; font-family: &quot;Palatino Linotype&quot;, serif; font-size: 9pt; background-color: transparent;">&nbsp;Model : S 630</span></p><p class="MsoNormal" style="margin-bottom:0cm;margin-bottom:.0001pt;line-height:\r\nnormal"><span lang="EN-US" style="font-size:9.0pt;font-family:&quot;Palatino Linotype&quot;,&quot;serif&quot;;\r\nmso-fareast-font-family:&quot;Times New Roman&quot;;mso-bidi-font-family:Calibri;\r\ncolor:black;mso-ansi-language:EN-US">Capacity : 0 to 17.50LPS &nbsp; &nbsp; &nbsp; &nbsp; &nbsp; &nbsp; &nbsp; &nbsp; &nbsp; &nbsp; &nbsp; &nbsp; &nbsp; &nbsp; &nbsp;</span><span style="color: black; font-family: &quot;Palatino Linotype&quot;, serif; font-size: 9pt; background-color: transparent;">Head Range : 0 to 32 Mtrs</span></p><p class="MsoNormal" style="margin-bottom:0cm;margin-bottom:.0001pt;line-height:\r\nnormal"><span lang="EN-US" style="font-size:9.0pt;font-family:&quot;Palatino Linotype&quot;,&quot;serif&quot;;\r\nmso-fareast-font-family:&quot;Times New Roman&quot;;mso-bidi-font-family:Calibri;\r\ncolor:black;mso-ansi-language:EN-US">Delivery Outlet : 65 mm &nbsp; &nbsp; &nbsp; &nbsp; &nbsp; &nbsp; &nbsp; &nbsp; &nbsp; &nbsp; &nbsp; &nbsp; &nbsp; &nbsp; &nbsp;</span><span style="color: black; font-family: &quot;Palatino Linotype&quot;, serif; font-size: 9pt; background-color: transparent;">Cable Size 1*3*1.5</span></p><p>\r\n\r\n\r\n\r\n\r\n\r\n\r\n\r\n\r\n\r\n\r\n\r\n\r\n\r\n<span lang="EN-US" style="font-size:9.0pt;line-height:115%;font-family:&quot;Palatino Linotype&quot;,&quot;serif&quot;;\r\nmso-fareast-font-family:&quot;Times New Roman&quot;;mso-bidi-font-family:Calibri;\r\ncolor:black;mso-ansi-language:EN-US;mso-fareast-language:EN-IN;mso-bidi-language:\r\nAR-SA">Scope of Supply :Pump with 5 mtr Cable&nbsp;</span><br></p>', 2, '15435.00', '30870.00', 0),
(20, 6, 705, '<p class="MsoNormal" style="margin-bottom:0cm;margin-bottom:.0001pt;line-height:\r\nnormal"><span lang="EN-US" style="font-size:9.0pt;font-family:&quot;Palatino Linotype&quot;,&quot;serif&quot;;\r\nmso-fareast-font-family:&quot;Times New Roman&quot;;mso-bidi-font-family:Calibri;\r\ncolor:black;mso-ansi-language:EN-US"><span lang="EN-US" style="font-size: 9pt; line-height: 115%;">PR : 1100100683</span><br></span></p><p class="MsoNormal" style="margin-bottom:0cm;margin-bottom:.0001pt;line-height:\r\nnormal"><span lang="EN-US" style="font-size:9.0pt;font-family:&quot;Palatino Linotype&quot;,&quot;serif&quot;;\r\nmso-fareast-font-family:&quot;Times New Roman&quot;;mso-bidi-font-family:Calibri;\r\ncolor:black;mso-ansi-language:EN-US">Your Code :&nbsp;</span><span style="color: black; font-family: &quot;Palatino Linotype&quot;, serif; font-size: 9pt; background-color: transparent;">766872027010</span></p><p class="MsoNormal" style="margin-bottom:0cm;margin-bottom:.0001pt;line-height:\r\nnormal"><span lang="EN-US" style="font-size:9.0pt;font-family:&quot;Palatino Linotype&quot;,&quot;serif&quot;;\r\nmso-fareast-font-family:&quot;Times New Roman&quot;;mso-bidi-font-family:Calibri;\r\ncolor:black;mso-ansi-language:EN-US">Make : Johnson Pump<o:p></o:p></span></p><p class="MsoNormal" style="margin-bottom:0cm;margin-bottom:.0001pt;line-height:\r\nnormal"><span lang="EN-US" style="font-size:9.0pt;font-family:&quot;Palatino Linotype&quot;,&quot;serif&quot;;\r\nmso-fareast-font-family:&quot;Times New Roman&quot;;mso-bidi-font-family:Calibri;\r\ncolor:black;mso-ansi-language:EN-US">Model : CB 40C-160<o:p></o:p></span></p><p class="MsoNormal" style="margin-bottom:0cm;margin-bottom:.0001pt;line-height:\r\nnormal"><span lang="EN-US" style="font-size:9.0pt;font-family:&quot;Palatino Linotype&quot;,&quot;serif&quot;;\r\nmso-fareast-font-family:&quot;Times New Roman&quot;;mso-bidi-font-family:Calibri;\r\ncolor:black;mso-ansi-language:EN-US">Capacity : 25 m3/hr<o:p></o:p></span></p><p class="MsoNormal" style="margin-bottom:0cm;margin-bottom:.0001pt;line-height:\r\nnormal"><span lang="EN-US" style="font-size:9.0pt;font-family:&quot;Palatino Linotype&quot;,&quot;serif&quot;;\r\nmso-fareast-font-family:&quot;Times New Roman&quot;;mso-bidi-font-family:Calibri;\r\ncolor:black;mso-ansi-language:EN-US">Head : 30 Mtrs<o:p></o:p></span></p><p class="MsoNormal" style="margin-bottom:0cm;margin-bottom:.0001pt;line-height:\r\nnormal"><span lang="EN-US" style="font-size:9.0pt;font-family:&quot;Palatino Linotype&quot;,&quot;serif&quot;;\r\nmso-fareast-font-family:&quot;Times New Roman&quot;;mso-bidi-font-family:Calibri;\r\ncolor:black;mso-ansi-language:EN-US">Suc * Discharge : 65X40mm<o:p></o:p></span></p><p>\r\n\r\n\r\n\r\n\r\n\r\n\r\n\r\n\r\n\r\n<span lang="EN-US" style="font-size:9.0pt;line-height:115%;font-family:&quot;Palatino Linotype&quot;,&quot;serif&quot;;\r\nmso-fareast-font-family:&quot;Times New Roman&quot;;mso-bidi-font-family:Calibri;\r\ncolor:black;mso-ansi-language:EN-US;mso-fareast-language:EN-IN;mso-bidi-language:\r\nAR-SA">Rec. Motor Power : 5HP/2900 RPM</span></p><p><span lang="EN-US" style="font-size:9.0pt;line-height:115%;font-family:&quot;Palatino Linotype&quot;,&quot;serif&quot;;\r\nmso-fareast-font-family:&quot;Times New Roman&quot;;mso-bidi-font-family:Calibri;\r\ncolor:black;mso-ansi-language:EN-US;mso-fareast-language:EN-IN;mso-bidi-language:\r\nAR-SA">Scope Of Supply : Bare Pump<br></span><br></p>', 2, '17200.00', '34400.00', 0),
(23, 5, 735, '<p class="MsoNormal" style="margin-bottom:0cm;margin-bottom:.0001pt;line-height:\r\nnormal"><span style="color: black; font-family: &quot;Palatino Linotype&quot;, serif; background-color: transparent;">Liquid : Acidic</span><br></p><p class="MsoNormal" style="margin-bottom:0cm;margin-bottom:.0001pt;line-height:\r\nnormal"><span lang="EN-US" style="font-family:&quot;Palatino Linotype&quot;,&quot;serif&quot;;\r\nmso-fareast-font-family:&quot;Times New Roman&quot;;mso-bidi-font-family:Calibri;\r\ncolor:black;mso-ansi-language:EN-US">Model : CCR 32 125<o:p></o:p></span></p><p class="MsoNormal" style="margin-bottom:0cm;margin-bottom:.0001pt;line-height:\r\nnormal"><span lang="EN-US" style="font-family:&quot;Palatino Linotype&quot;,&quot;serif&quot;;\r\nmso-fareast-font-family:&quot;Times New Roman&quot;;mso-bidi-font-family:Calibri;\r\ncolor:black;mso-ansi-language:EN-US">Capacity : 20 m3/hr<o:p></o:p></span></p><p class="MsoNormal" style="margin-bottom:0cm;margin-bottom:.0001pt;line-height:\r\nnormal"><span lang="EN-US" style="font-family:&quot;Palatino Linotype&quot;,&quot;serif&quot;;\r\nmso-fareast-font-family:&quot;Times New Roman&quot;;mso-bidi-font-family:Calibri;\r\ncolor:black;mso-ansi-language:EN-US">Head : 20 Mtrs<o:p></o:p></span></p><p class="MsoNormal" style="margin-bottom:0cm;margin-bottom:.0001pt;line-height:\r\nnormal"><span lang="EN-US" style="font-family:&quot;Palatino Linotype&quot;,&quot;serif&quot;;\r\nmso-fareast-font-family:&quot;Times New Roman&quot;;mso-bidi-font-family:Calibri;\r\ncolor:black;mso-ansi-language:EN-US">SG : 1.3 /</span><span style="color: black; font-family: &quot;Palatino Linotype&quot;, serif; background-color: transparent;">PH : 1.5-4</span></p><p class="MsoNormal" style="margin-bottom:0cm;margin-bottom:.0001pt;line-height:\r\nnormal"><span lang="EN-US" style="font-family:&quot;Palatino Linotype&quot;,&quot;serif&quot;;\r\nmso-fareast-font-family:&quot;Times New Roman&quot;;mso-bidi-font-family:Calibri;\r\ncolor:black;mso-ansi-language:EN-US">Suc * Discharge : 50X32mm<o:p></o:p></span></p><p class="MsoNormal" style="margin-bottom:0cm;margin-bottom:.0001pt;line-height:\r\nnormal"><span lang="EN-US" style="font-family:&quot;Palatino Linotype&quot;,&quot;serif&quot;;\r\nmso-fareast-font-family:&quot;Times New Roman&quot;;mso-bidi-font-family:Calibri;\r\ncolor:black;mso-ansi-language:EN-US">Sealing : Mechanical Seal<o:p></o:p></span></p><p class="MsoNormal" style="margin-bottom:0cm;margin-bottom:.0001pt;line-height:\r\nnormal"><span lang="EN-US" style="font-family:&quot;Palatino Linotype&quot;,&quot;serif&quot;;\r\nmso-fareast-font-family:&quot;Times New Roman&quot;;mso-bidi-font-family:Calibri;\r\ncolor:black;mso-ansi-language:EN-US">Impeller : Closed<o:p></o:p></span></p><p class="MsoNormal" style="margin-bottom:0cm;margin-bottom:.0001pt;line-height:\r\nnormal"><span lang="EN-US" style="font-family:&quot;Palatino Linotype&quot;,&quot;serif&quot;;\r\nmso-fareast-font-family:&quot;Times New Roman&quot;;mso-bidi-font-family:Calibri;\r\ncolor:black;mso-ansi-language:EN-US">Rec. Motor Power : 5HP/2900 RPM<o:p></o:p></span></p><p class="MsoNormal" style="margin-bottom:0cm;margin-bottom:.0001pt;line-height:\r\nnormal"><span lang="EN-US" style="font-family:&quot;Palatino Linotype&quot;,&quot;serif&quot;;\r\nmso-fareast-font-family:&quot;Times New Roman&quot;;mso-bidi-font-family:Calibri;\r\ncolor:black;mso-ansi-language:EN-US">MOC<o:p></o:p></span></p><p class="MsoNormal" style="margin-bottom:0cm;margin-bottom:.0001pt;line-height:\r\nnormal"><span lang="EN-US" style="font-family:&quot;Palatino Linotype&quot;,&quot;serif&quot;;\r\nmso-fareast-font-family:&quot;Times New Roman&quot;;mso-bidi-font-family:Calibri;\r\ncolor:black;mso-ansi-language:EN-US">Impeller /Casing/Shaft/Shaft Sleeve\r\n:SS316L<o:p></o:p></span></p><p>\r\n\r\n\r\n\r\n\r\n\r\n\r\n\r\n\r\n\r\n\r\n\r\n\r\n\r\n\r\n\r\n\r\n\r\n\r\n\r\n\r\n\r\n\r\n\r\n\r\n\r\n<span lang="EN-US" style="font-size:11.0pt;line-height:115%;font-family:&quot;Palatino Linotype&quot;,&quot;serif&quot;;\r\nmso-fareast-font-family:&quot;Times New Roman&quot;;mso-bidi-font-family:Calibri;\r\ncolor:black;mso-ansi-language:EN-US;mso-fareast-language:EN-IN;mso-bidi-language:\r\nAR-SA">Bearing Housing : CI</span><br></p>', 1, '123000.00', '123000.00', 0),
(26, 9, 669, '<p>Mechanical Seal of Antico Pump</p><p>Pump Model: EXP 50 ATC</p>', 2, '9500.00', '19000.00', 0),
(27, 10, 715, '<p><br></p>', 1, '22000.00', '22000.00', 0),
(28, 11, 708, '<p>CB 200 200 Pump with 25 HP,1500 RPM motor.</p>', 1, '225000.00', '225000.00', 0),
(34, 16, 733, '<p>CCR 50 160 R6 S2 L3<br></p>', 1, '75000.00', '75000.00', 0),
(35, 17, 731, 'CCR 32 160 R6 S2 L3', 1, '44000.00', '44000.00', 0),
(37, 12, 708, '<p>CB 200 200 G1 Pump with 25 HP,1500 RPM motor.</p>', 1, '225000.00', '225000.00', 0),
(38, 14, 654, '<p>NZ 25 160 Pump Closed Impeller<br></p>', 1, '50000.00', '50000.00', 0),
(39, 15, 926, '<p>WV 03 L/40<br></p>', 1, '100000.00', '100000.00', 0),
(41, 19, 731, 'CCR 32 160 R6 S2 L3', 1, '44000.00', '44000.00', 0),
(42, 20, 733, '<p>CCR 50 160 R6 S2 L3<br></p>', 1, '75000.00', '75000.00', 0),
(43, 21, 940, '<p>Your Item Code :PUMPOTHR0415</p><p>Pump Model : T3 SFP 20/56</p><p>Capacity : 50 LPM</p><p><span style="text-decoration: underline; font-weight: bold;">Scope of Supply : </span><span style="font-weight: bold;">Bare Pump</span></p>', 1, '106250.00', '106250.00', 0),
(47, 25, 649, '<p class="MsoNormal"><span lang="EN-US" style="font-family:&quot;Palatino Linotype&quot;,&quot;serif&quot;;\r\nmso-fareast-font-family:&quot;Times New Roman&quot;;mso-bidi-font-family:Arial;\r\ncolor:black;mso-ansi-language:EN-US">Pump Model:- NS 50 <br>\r\n</span></p><p class="MsoNormal"><span lang="EN-US" style="font-family:&quot;Palatino Linotype&quot;,&quot;serif&quot;;\r\nmso-fareast-font-family:&quot;Times New Roman&quot;;mso-bidi-font-family:Arial;\r\ncolor:black;mso-ansi-language:EN-US">Capacity: 18m3/hr &nbsp; &nbsp; &nbsp; &nbsp; &nbsp; &nbsp; &nbsp; &nbsp; &nbsp; &nbsp; &nbsp; &nbsp; &nbsp; &nbsp; &nbsp; &nbsp; &nbsp; &nbsp; &nbsp; &nbsp;Head:18 mtr<br>\r\n</span></p><p class="MsoNormal"><span lang="EN-US" style="font-family:&quot;Palatino Linotype&quot;,&quot;serif&quot;;\r\nmso-fareast-font-family:&quot;Times New Roman&quot;;mso-bidi-font-family:Arial;\r\ncolor:black;mso-ansi-language:EN-US">Suction X Discharge : 50 X 40 mm &nbsp; &nbsp; &nbsp; &nbsp; &nbsp; &nbsp; Design : Centrifugal</span></p><p class="MsoNormal"><span style="color: black; font-family: &quot;Palatino Linotype&quot;, serif; background-color: transparent;">Impeller Type: SEMI Open &nbsp; &nbsp; &nbsp; &nbsp; &nbsp; &nbsp; &nbsp; &nbsp; &nbsp; &nbsp; &nbsp;&nbsp;</span><span style="color: black; font-family: &quot;Palatino Linotype&quot;, serif; background-color: transparent;">MOC: Casing/Impeller : PP&nbsp;</span><span style="color: black; font-family: &quot;Palatino Linotype&quot;, serif; background-color: transparent;">&amp; Shaft :SS 316</span></p><p class="MsoNormal"><span style="color: black; font-family: &quot;Palatino Linotype&quot;, serif; background-color: transparent;">Bearing Housing: CI &nbsp; &nbsp; &nbsp; &nbsp; &nbsp; &nbsp; &nbsp; &nbsp; &nbsp; &nbsp; &nbsp; &nbsp; &nbsp; &nbsp; &nbsp; &nbsp;&nbsp;</span><span style="color: black; font-family: &quot;Palatino Linotype&quot;, serif; background-color: transparent;">Reccd. Motor Power :5Hp ,2900 rpm</span></p><p class="MsoNormal"><span lang="EN-US" style="font-family:&quot;Palatino Linotype&quot;,&quot;serif&quot;;\r\nmso-fareast-font-family:&quot;Times New Roman&quot;;mso-bidi-font-family:Arial;\r\ncolor:black;mso-ansi-language:EN-US">\r\nSealing: Mechanical Seal</span><span style="color:black"><o:p></o:p></span></p><p>\r\n\r\n\r\n\r\n\r\n\r\n<strong><span style="font-size:12.0pt;font-family:&quot;Palatino Linotype&quot;,&quot;serif&quot;;\r\nmso-fareast-font-family:Calibri;mso-fareast-theme-font:minor-latin;color:black;\r\nmso-ansi-language:EN-IN;mso-fareast-language:EN-IN;mso-bidi-language:AR-SA">Scope\r\nof Supply :Bare Pump</span></strong><br></p>', 1, '24500.00', '24500.00', 0),
(49, 7, 806, '<p>Pump Type : Self Priming Non Clog Centrifugal Pump</p><p>Model : KGEN 16 6 G1</p><p>Flow : 36 m3 /hr &nbsp; &nbsp; &nbsp; &nbsp; &nbsp;<span style="background-color: transparent;">Head : 30 mtr</span></p><p>MOC : Impeller / Pump Shaft : SS 316</p><p>Pump Casing &amp; Bearing Houysing ; CI</p><p>Liquid : Caustic Weak Lye</p><p>Particle Size Handling : 13 MM</p><p>Sealing : Mechanical</p><p>Motor : 7.5 Hp / 2900</p><p><span style="background-color: transparent;">Impeller : Semi Open</span><br></p><p>Scope of Supply : </p><p>Price for Pump with Remi / BBL Std Foot Mounted Motor Coupling , Coupling Gaurd , MS base Frame , Foundation Bolt Duly Assembled<br></p>', 2, '46700.00', '93400.00', 0),
(59, 24, 917, '<p>Mechfill Cooling Unit with Simplex Filter</p>', 1, '49000.00', '49000.00', 0),
(60, 23, 654, '<p>NZ 25 160 Pump Closed Impeller<br></p>', 1, '50000.00', '50000.00', 0),
(61, 28, 709, '<p class="MsoNormal"><strong style="color: rgb(255, 0, 0); font-family: &quot;Palatino Linotype&quot;; background-color: transparent;"><i><u>Item \r\n3. Clear Water Pump</u></i></strong><br></p><p class="MsoNormal"><strong><em><font face="Palatino Linotype">Delivery &nbsp; &nbsp; &nbsp; &nbsp; &nbsp; &nbsp; &nbsp; &nbsp; &nbsp; &nbsp; &nbsp; &nbsp; &nbsp; &nbsp; &nbsp; &nbsp; &nbsp; &nbsp; &nbsp; &nbsp; &nbsp; &nbsp; &nbsp; &nbsp; &nbsp; &nbsp; &nbsp; &nbsp;Ready Stock</font></em></strong>&nbsp;</p><table style="color: rgb(0, 0, 0);" cellspacing="0" cellpadding="0" width="412" border="0">\r\n<colgroup>\r\n<col style="WIDTH: 48pt" width="64">\r\n<col style="WIDTH: 131pt; mso-width-source: userset; mso-width-alt: 6400" width="175">\r\n<col style="WIDTH: 130pt; mso-width-source: userset; mso-width-alt: 6326" width="173">\r\n</colgroup><tbody>\r\n<tr style="HEIGHT: 14.25pt" height="19">\r\n<td class="xl67" style="VERTICAL-ALIGN: bottom" height="19" width="238" colspan="2"><font style="size: +0"><font style="FONT-SIZE: 9pt">Pump \r\nModel</font></font></td>\r\n<td class="xl68" style="VERTICAL-ALIGN: bottom" width="173"><font style="size: +0"><font style="FONT-SIZE: 9pt">CN 40 200 \r\nG1 &nbsp; &nbsp; &nbsp; &nbsp; &nbsp; &nbsp; &nbsp; &nbsp; &nbsp; &nbsp; &nbsp;</font></font></td></tr>\r\n<tr style="HEIGHT: 14.25pt" height="19">\r\n<td class="xl67" style="VERTICAL-ALIGN: bottom" height="19" colspan="2"><font style="size: +0"><font style="FONT-SIZE: 9pt">Service</font></font></td>\r\n<td class="xl68" style="VERTICAL-ALIGN: bottom"><font style="size: +0"><font style="FONT-SIZE: 9pt">Water Transfer &nbsp; &nbsp; &nbsp; &nbsp; &nbsp; &nbsp; &nbsp; &nbsp; &nbsp; &nbsp; &nbsp; &nbsp;</font></font></td></tr>\r\n<tr style="HEIGHT: 14.25pt" height="19">\r\n<td class="xl67" style="VERTICAL-ALIGN: bottom" height="19" colspan="2"><font style="size: +0"><font style="FONT-SIZE: 9pt">Make</font></font><font style="size: +0"><font style="FONT-SIZE: 9pt">&nbsp;</font></font></td>\r\n<td class="xl68" style="VERTICAL-ALIGN: bottom"><font style="size: +0"><font style="FONT-SIZE: 9pt">Johnson</font></font></td></tr>\r\n<tr style="HEIGHT: 14.25pt" height="19">\r\n<td class="xl67" style="VERTICAL-ALIGN: bottom" height="19" colspan="2"><font style="size: +0"><font style="FONT-SIZE: 9pt">Fluid Handled</font></font></td>\r\n<td class="xl68" style="VERTICAL-ALIGN: bottom"><font style="size: +0"><font style="FONT-SIZE: 9pt">Clear Water</font></font></td></tr>\r\n<tr style="HEIGHT: 14.25pt" height="19">\r\n<td class="xl67" style="VERTICAL-ALIGN: bottom" height="19" colspan="2"><font style="size: +0"><font style="FONT-SIZE: 9pt">Operating Temperature \r\n(oC)</font></font></td>\r\n<td class="xl68" style="VERTICAL-ALIGN: bottom"><font style="size: +0"><font style="FONT-SIZE: 9pt">Ambient</font></font></td></tr>\r\n<tr style="HEIGHT: 14.25pt" height="19">\r\n<td class="xl67" style="VERTICAL-ALIGN: bottom" height="19" colspan="2"><font style="size: +0"><font style="FONT-SIZE: 9pt">Specific \r\nGravity</font></font></td>\r\n<td class="xl68" style="VERTICAL-ALIGN: bottom"><font style="size: +0"><font style="FONT-SIZE: 9pt">1</font></font></td></tr>\r\n<tr style="HEIGHT: 14.25pt" height="19">\r\n<td class="xl67" style="VERTICAL-ALIGN: bottom" height="19" colspan="2"><font style="size: +0"><font style="FONT-SIZE: 9pt">PH</font></font></td>\r\n<td class="xl68" style="VERTICAL-ALIGN: bottom"><font style="size: +0"><font style="FONT-SIZE: 9pt">7</font></font></td></tr>\r\n<tr style="HEIGHT: 14.25pt" height="19">\r\n<td class="xl67" style="VERTICAL-ALIGN: bottom" height="19" colspan="2"><font style="size: +0"><font style="FONT-SIZE: 9pt">Capacity \r\n(m3/hr)</font></font></td>\r\n<td class="xl68" style="VERTICAL-ALIGN: bottom"><font style="size: +0"><font style="FONT-SIZE: 9pt">25</font></font></td></tr>\r\n<tr style="HEIGHT: 14.25pt" height="19">\r\n<td class="xl67" style="VERTICAL-ALIGN: bottom" height="19" colspan="2"><font style="size: +0"><font style="FONT-SIZE: 9pt">Head (m)</font></font></td>\r\n<td class="xl68" style="VERTICAL-ALIGN: bottom"><font style="size: +0"><font style="FONT-SIZE: 9pt">40</font></font></td></tr>\r\n<tr style="HEIGHT: 14.25pt" height="19">\r\n<td class="xl67" style="VERTICAL-ALIGN: bottom" height="19" colspan="2"><font style="size: +0"><font style="FONT-SIZE: 9pt">Speed (rpm)</font></font></td>\r\n<td class="xl68" style="VERTICAL-ALIGN: bottom"><font style="size: +0"><font style="FONT-SIZE: 9pt">2900</font></font></td></tr>\r\n<tr style="HEIGHT: 14.25pt" height="19">\r\n<td class="xl67" style="VERTICAL-ALIGN: bottom" height="19" colspan="2"><font style="size: +0"><font style="FONT-SIZE: 9pt">Efficiency BEP</font></font></td>\r\n<td class="xl68" style="VERTICAL-ALIGN: bottom"><font style="size: +0"><font style="FONT-SIZE: 9pt">63%</font></font></td></tr>\r\n<tr style="HEIGHT: 14.25pt" height="19">\r\n<td class="xl67" style="VERTICAL-ALIGN: bottom" height="19" colspan="2"><strong><font style="FONT-SIZE: 9pt; BACKGROUND-COLOR: #ffff00">Power consumed by pump \r\n(BkW)</font></strong></td>\r\n<td class="xl69" style="VERTICAL-ALIGN: bottom"><strong><font style="FONT-SIZE: 9pt; BACKGROUND-COLOR: #ffff00">4.7</font></strong></td></tr>\r\n<tr style="HEIGHT: 14.25pt" height="19">\r\n<td class="xl67" style="VERTICAL-ALIGN: bottom" height="19" colspan="2"><font style="size: +0"><font style="FONT-SIZE: 9pt">Recommended Motor Rating ( \r\nH.P)</font></font></td>\r\n<td class="xl68" style="VERTICAL-ALIGN: bottom"><font style="size: +0"><font style="FONT-SIZE: 9pt">7.5 H.P</font></font></td></tr>\r\n<tr style="HEIGHT: 14.25pt" height="19">\r\n<td class="xl67" style="VERTICAL-ALIGN: bottom" height="19" colspan="2"><font style="size: +0"><font style="FONT-SIZE: 9pt">Pump Type</font></font><font style="size: +0"><font style="FONT-SIZE: 9pt">&nbsp;</font></font></td>\r\n<td class="xl68" style="VERTICAL-ALIGN: bottom"><font style="size: +0"><font style="FONT-SIZE: 9pt">&nbsp;</font></font><font style="size: +0"><font style="FONT-SIZE: 9pt">Horizontal Centrifugal Pump</font></font></td></tr>\r\n<tr style="HEIGHT: 14.25pt" height="19">\r\n<td class="xl67" style="VERTICAL-ALIGN: bottom" height="19" colspan="2"><font style="size: +0"><font style="FONT-SIZE: 9pt">Pump Suction/Delivery Size \r\n(mm)</font></font></td>\r\n<td class="xl68" style="VERTICAL-ALIGN: bottom"><font style="size: +0"><font style="FONT-SIZE: 9pt">65*40 mm</font></font></td></tr>\r\n<tr style="HEIGHT: 14.25pt" height="19">\r\n<td class="xl67" style="VERTICAL-ALIGN: bottom" height="19" colspan="2"><font style="size: +0"><font style="FONT-SIZE: 9pt">Shaft Sealing</font></font></td>\r\n<td class="xl68" style="VERTICAL-ALIGN: bottom"><font style="size: +0"><font style="FONT-SIZE: 9pt">Gland Packing</font></font></td></tr>\r\n<tr style="HEIGHT: 14.25pt" height="19">\r\n<td class="xl67" style="VERTICAL-ALIGN: bottom" height="19" colspan="2"><font style="size: +0"><font style="FONT-SIZE: 9pt">Motor</font></font></td>\r\n<td class="xl68" style="VERTICAL-ALIGN: bottom"><font style="size: +0"><font style="FONT-SIZE: 9pt">BBL/ REMI</font></font></td></tr>\r\n<tr style="HEIGHT: 14.25pt" height="19">\r\n<td class="xl67" style="VERTICAL-ALIGN: bottom" height="19" colspan="2"><font style="size: +0"><font style="FONT-SIZE: 9pt">Impeller Type</font></font></td>\r\n<td class="xl68" style="VERTICAL-ALIGN: bottom"><font style="size: +0"><font style="FONT-SIZE: 9pt">Closed</font></font></td></tr>\r\n<tr style="HEIGHT: 14.25pt" height="19">\r\n<td class="xl67" style="VERTICAL-ALIGN: bottom" height="19" colspan="2"><font style="size: +0"><font style="FONT-SIZE: 9pt">Lubrication</font></font></td>\r\n<td class="xl67" style="VERTICAL-ALIGN: bottom"><font style="size: +0"><font style="FONT-SIZE: 9pt">Oil / Grease</font></font></td></tr>\r\n<tr style="HEIGHT: 14.25pt" height="19">\r\n<td class="xl67" style="VERTICAL-ALIGN: bottom" height="19" colspan="2"><font style="size: +0"><font style="FONT-SIZE: 9pt">Volute Casing</font></font></td>\r\n<td class="xl67" style="VERTICAL-ALIGN: bottom"><font style="size: +0"><font style="FONT-SIZE: 9pt">Cast Iron</font></font></td></tr>\r\n<tr style="HEIGHT: 14.25pt" height="19">\r\n<td class="xl67" style="VERTICAL-ALIGN: bottom" height="19" colspan="2"><font style="size: +0"><font style="FONT-SIZE: 9pt">Shaft</font></font></td>\r\n<td class="xl67" style="VERTICAL-ALIGN: bottom"><font style="size: +0"><font style="FONT-SIZE: 9pt">SS</font></font><font style="size: +0"><font style="FONT-SIZE: 9pt">&nbsp;</font></font></td></tr>\r\n<tr style="HEIGHT: 14.25pt" height="19">\r\n<td class="xl67" style="VERTICAL-ALIGN: bottom" height="19" colspan="2"><font style="size: +0"><font style="FONT-SIZE: 9pt">Impeller</font></font></td>\r\n<td class="xl67" style="VERTICAL-ALIGN: bottom"><font style="size: +0"><font style="FONT-SIZE: 9pt">Cast Iron</font></font></td></tr>\r\n<tr style="HEIGHT: 14.25pt" height="19">\r\n<td class="xl67" style="VERTICAL-ALIGN: bottom" height="19" colspan="2"><font style="size: +0"><font style="FONT-SIZE: 9pt">Bearing Housing</font></font></td>\r\n<td class="xl67" style="VERTICAL-ALIGN: bottom"><font style="size: +0"><font style="FONT-SIZE: 9pt">CI</font></font></td></tr></tbody></table><p class="MsoNormal"><font linotype?=""><font style="COLOR: #000000"></font></font>&nbsp;</p><p>\r\n\r\n\r\n\r\n\r\n\r\n\r\n\r\n\r\n\r\n\r\n\r\n\r\n\r\n\r\n\r\n\r\n\r\n</p><p class="MsoNormal">Price for Pump with BBL/REMI Motor, Lovejoy Coupling, \r\nCoupling Guard duly </p><p class="MsoNormal">assembled on MS Base frame&nbsp; : Rs. 33,500/- each set</p>', 2, '33500.00', '67000.00', 0),
(62, 28, 802, '<p class="MsoNormal"><font face="Palatino Linotype" style="color: rgb(255, 0, 0);"><span style="font-weight: 700;"><i><u>Item 2. Sludge Transfer Pump</u></i></span></font></p><p class="MsoNormal"><font face="Palatino Linotype" style="color: rgb(255, 0, 0);"><span style="font-weight: 700;"><i><u></u></i></span></font><span style="font-weight: 700;"><em>Delivery &nbsp; &nbsp; &nbsp; &nbsp; &nbsp; &nbsp; &nbsp; &nbsp; &nbsp; &nbsp; &nbsp; &nbsp; &nbsp; &nbsp; &nbsp; &nbsp; &nbsp; &nbsp; &nbsp; &nbsp; &nbsp; &nbsp; &nbsp; &nbsp; &nbsp; &nbsp; &nbsp; &nbsp; &nbsp; &nbsp; &nbsp; &nbsp; &nbsp; &nbsp; &nbsp; &nbsp; &nbsp; &nbsp;Ready Stock</em></span>&nbsp;</p><table cellspacing="0" cellpadding="0" width="417" border="0" style="background-color: rgb(255, 255, 255); color: rgb(0, 0, 0);"><colgroup><col width="64" style="width: 48pt;"><col width="183" style="width: 137pt;"><col width="170" style="width: 128pt;"></colgroup><tbody><tr height="19" style="height: 14.25pt;"><td class="xl66" height="19" width="246" colspan="2" style="vertical-align: bottom;"><font style="font-size: 9pt;">Pump Model</font></td><td class="xl67" width="170" style="vertical-align: bottom;"><font style="font-size: 9pt;">KGEN 12 6 G1</font></td></tr><tr height="19" style="height: 14.25pt;"><td class="xl66" height="19" colspan="2" style="vertical-align: bottom;"><font style="font-size: 9pt;">Service</font></td><td class="xl67" style="vertical-align: bottom;"><font style="font-size: 9pt;">Sludge Transfer</font></td></tr><tr height="19" style="height: 14.25pt;"><td class="xl66" height="19" colspan="2" style="vertical-align: bottom;"><font style="font-size: 9pt;">Make</font><font style="font-size: 9pt;">&nbsp;</font></td><td class="xl67" style="vertical-align: bottom;"><font style="font-size: 9pt;">Johnson</font></td></tr><tr height="19" style="height: 14.25pt;"><td class="xl66" height="19" colspan="2" style="vertical-align: bottom;"><font style="font-size: 9pt;">Fluid Handled</font></td><td class="xl67" style="vertical-align: bottom;"><font style="font-size: 9pt;">Clear Water</font></td></tr><tr height="19" style="height: 14.25pt;"><td class="xl66" height="19" colspan="2" style="vertical-align: bottom;"><font style="font-size: 9pt;">Operating Temperature (oC)</font></td><td class="xl67" style="vertical-align: bottom;"><font style="font-size: 9pt;">Ambient</font></td></tr><tr height="19" style="height: 14.25pt;"><td class="xl66" height="19" colspan="2" style="vertical-align: bottom;"><font style="font-size: 9pt;">Specific Gravity</font></td><td class="xl67" style="vertical-align: bottom;"><font style="font-size: 9pt;">1</font></td></tr><tr height="19" style="height: 14.25pt;"><td class="xl66" height="19" colspan="2" style="vertical-align: bottom;"><font style="font-size: 9pt;">PH</font></td><td class="xl67" style="vertical-align: bottom;"><font style="font-size: 9pt;">7</font></td></tr><tr height="19" style="height: 14.25pt;"><td class="xl66" height="19" colspan="2" style="vertical-align: bottom;"><font style="font-size: 9pt;">Capacity (m3/hr)</font></td><td class="xl67" style="vertical-align: bottom;"><font style="font-size: 9pt;">30</font></td></tr><tr height="19" style="height: 14.25pt;"><td class="xl66" height="19" colspan="2" style="vertical-align: bottom;"><font style="font-size: 9pt;">Head (m)</font></td><td class="xl67" style="vertical-align: bottom;"><font style="font-size: 9pt;">19</font></td></tr><tr height="19" style="height: 14.25pt;"><td class="xl66" height="19" colspan="2" style="vertical-align: bottom;"><font style="font-size: 9pt;">Speed (rpm)</font></td><td class="xl67" style="vertical-align: bottom;"><font style="font-size: 9pt;">2900</font></td></tr><tr height="19" style="height: 14.25pt;"><td class="xl66" height="19" colspan="2" style="vertical-align: bottom;"><font style="font-size: 9pt;">Efficiency BEP</font></td><td class="xl67" style="vertical-align: bottom;"><font style="font-size: 9pt;">64%</font></td></tr><tr height="19" style="height: 14.25pt;"><td class="xl66" height="19" colspan="2" style="vertical-align: bottom;"><font style="font-size: 9pt;">Power consumed by pump (BkW)</font></td><td class="xl68" style="vertical-align: bottom;"><font style="font-size: 9pt;">2.10</font></td></tr><tr height="19" style="height: 14.25pt;"><td class="xl66" height="19" colspan="2" style="vertical-align: bottom;"><font style="font-size: 9pt;">Recommended Motor Rating ( H.P)</font></td><td class="xl67" style="vertical-align: bottom;"><font style="font-size: 9pt;">5 H.P</font></td></tr><tr height="19" style="height: 14.25pt;"><td class="xl66" height="19" colspan="2" style="vertical-align: bottom;"><font style="font-size: 9pt;">Pump Type</font><font style="font-size: 9pt;">&nbsp;</font></td><td class="xl69" style="vertical-align: bottom;"><font style="font-size: 9pt;">Self Priming Mud Pump</font></td></tr><tr height="19" style="height: 14.25pt;"><td class="xl66" height="19" colspan="2" style="vertical-align: bottom;"><font style="font-size: 9pt;">Pump Suction/Delivery Size (mm)</font></td><td class="xl67" style="vertical-align: bottom;"><font style="font-size: 9pt;">65*65</font></td></tr><tr height="19" style="height: 14.25pt;"><td class="xl66" height="19" colspan="2" style="vertical-align: bottom;"><font style="font-size: 9pt;">Shaft Sealing</font></td><td class="xl67" style="vertical-align: bottom;"><font style="font-size: 9pt;">Mechanical Seal</font></td></tr><tr height="19" style="height: 14.25pt;"><td class="xl66" height="19" colspan="2" style="vertical-align: bottom;"><font style="font-size: 9pt;">Motor</font></td><td class="xl67" style="vertical-align: bottom;"><font style="font-size: 9pt;">BBL/ REMI</font></td></tr><tr height="19" style="height: 14.25pt;"><td class="xl66" height="19" colspan="2" style="vertical-align: bottom;"><font style="font-size: 9pt;">Impeller Type</font></td><td class="xl67" style="vertical-align: bottom;"><font style="font-size: 9pt;">Half Open</font></td></tr><tr height="19" style="height: 14.25pt;"><td class="xl66" height="19" colspan="2" style="vertical-align: bottom;"><font style="font-size: 9pt;">Lubrication</font></td><td class="xl66" style="vertical-align: bottom;"><font style="font-size: 9pt;">Oil</font><font style="font-size: 9pt;">&nbsp;</font></td></tr><tr height="19" style="height: 14.25pt;"><td class="xl66" height="19" colspan="2" style="vertical-align: bottom;"><font style="font-size: 9pt;">Volute Casing</font></td><td class="xl66" style="vertical-align: bottom;"><font style="font-size: 9pt;">CI</font></td></tr><tr height="19" style="height: 14.25pt;"><td class="xl66" height="19" colspan="2" style="vertical-align: bottom;"><font style="font-size: 9pt;">Shaft</font></td><td class="xl66" style="vertical-align: bottom;"><font style="font-size: 9pt;">SS</font></td></tr><tr height="19" style="height: 14.25pt;"><td class="xl66" height="19" colspan="2" style="vertical-align: bottom;"><font style="font-size: 9pt;">Impeller</font></td><td class="xl66" style="vertical-align: bottom;"><font style="font-size: 9pt;">CI</font></td></tr><tr height="19" style="height: 14.25pt;"><td class="xl66" height="19" colspan="2" style="vertical-align: bottom;"><font style="font-size: 9pt;">Bearing Housing</font></td><td class="xl66" style="vertical-align: bottom;"><font style="font-size: 9pt;">CI</font></td></tr></tbody></table><p class="MsoNormal"><font linotype?=""><font style="color: rgb(0, 0, 0);"></font></font>&nbsp;</p><p class="MsoNormal">Price for Pump with BBL/REMI Motor, Lovejoy Coupling, Coupling Guard </p><p class="MsoNormal">duly assembled on MS Base frame&nbsp; : Rs. 28500/- each set</p><p class="MsoNormal">&nbsp;</p>', 2, '28500.00', '57000.00', 0),
(63, 29, 946, '<p>Your Requirement :Submersible Dewatering Pump</p><p>Make : Darling Pump</p><p>Model : M-3080</p><p>Liquid : Clean / Muddy / Sandy</p><p>Motor Power HP / KW &nbsp;: 30 / 22.5 &nbsp;/ 2980 rpm</p><p>Flow / Capacity : 1200 LPM @ 60 Mtrs</p><p>Head in Range : 40 - 83 Mtrs</p><p>Discharge Size &nbsp;: 100 MM</p><p>Solid Handling : 8 MM</p><p>Drive : Submersible Motor</p><p>MOC :NRV Cast Iron MOC 4  Flanged for discharge pipe line</p><p>Control panel Specification:</p><p>With Single phase Preventer, Dry Run Protection, Over Load, Under Load Protection, Star Delta Starter, Complete panel cover in metal sheet box.</p><p><br></p><p>Scope of supply : -</p><p>Pump set with 5 meters cables with Cast Iron NRV 4  &amp; Control panel&nbsp;</p>', 2, '220000.00', '440000.00', 0),
(64, 30, 947, '<p><span style="font-size:12.0pt;font-family:&quot;Palatino Linotype&quot;,&quot;serif&quot;;\r\nmso-fareast-font-family:&quot;Times New Roman&quot;;mso-bidi-font-family:Calibri;\r\ncolor:#171000;mso-ansi-language:EN-IN;mso-fareast-language:EN-IN;mso-bidi-language:\r\nAR-SA">Cartridge Assembly for Pump Model T3ST 45/46</span><br></p>', 2, '250950.00', '501900.00', 0),
(65, 30, 612, '<p>Mechanical Seal for Pump Model T3ST 45/46</p>', 4, '24850.00', '99400.00', 0),
(66, 30, 948, '<p>Gasket Set for Pump Model T3 ST 45/46</p>', 2, '9950.00', '19900.00', 0),
(67, 13, 715, '<p>CN 50 200 G1 S2 L3 bare pump.<br></p>', 1, '22000.00', '22000.00', 0),
(68, 31, 949, '<p>Johnson Pump Spares</p><p><br></p><p>Complete Bearing Housing&nbsp;</p>', 1, '37000.00', '37000.00', 0),
(71, 33, 945, '<p>CI Impeller (Full Dia) for Pump CN 100 315</p>', 1, '11288.00', '11288.00', 0),
(72, 33, 951, '<p>Cap Nut impeller &nbsp;for CN 100 315</p>', 1, '1450.00', '1450.00', 0),
(73, 33, 952, '<p>Shaft Sleeve for CN 100 315</p>', 1, '5100.00', '5100.00', 0),
(81, 34, 958, '<p class="MsoNoSpacing">Application : Transfer&nbsp;&nbsp;&nbsp;&nbsp;&nbsp;&nbsp;&nbsp;&nbsp;&nbsp;&nbsp;&nbsp;&nbsp;&nbsp;&nbsp;&nbsp;&nbsp;&nbsp;&nbsp;&nbsp;&nbsp;&nbsp;&nbsp;&nbsp;&nbsp;&nbsp;&nbsp;&nbsp;&nbsp;&nbsp;&nbsp;&nbsp;&nbsp;Make : Darling</p><p class="MsoNoSpacing">Type : Submersible Pump&nbsp;&nbsp;&nbsp;&nbsp;&nbsp;&nbsp;&nbsp;&nbsp;&nbsp;&nbsp;&nbsp;&nbsp;&nbsp;&nbsp;&nbsp;&nbsp;&nbsp;&nbsp;&nbsp;&nbsp;&nbsp;&nbsp;&nbsp;&nbsp;Model : WP-05D/35</p><p class="MsoNoSpacing">Flow : 500 to 220 LPM&nbsp;&nbsp;&nbsp;&nbsp;&nbsp;&nbsp;&nbsp;&nbsp;&nbsp;&nbsp;&nbsp;&nbsp;&nbsp;&nbsp;&nbsp;&nbsp;&nbsp;&nbsp;&nbsp;&nbsp;&nbsp;&nbsp;&nbsp;&nbsp;&nbsp;&nbsp;&nbsp;&nbsp;&nbsp; Head : 16.5 to 20 Mtrs</p><p class="MsoNoSpacing">Liquid : Waste water&nbsp;&nbsp;&nbsp;&nbsp;&nbsp;&nbsp;&nbsp;&nbsp;&nbsp;&nbsp;&nbsp;&nbsp;&nbsp;&nbsp;&nbsp;&nbsp;&nbsp;&nbsp;&nbsp;&nbsp;&nbsp;&nbsp;&nbsp;&nbsp;&nbsp;&nbsp;&nbsp;&nbsp;&nbsp;&nbsp;&nbsp;&nbsp;&nbsp;&nbsp;Outlet : 80 mm</p><p class="MsoNoSpacing"></p><p class="MsoNoSpacing">Solid handling size : 35 mm &nbsp; &nbsp; &nbsp; &nbsp; &nbsp; &nbsp; &nbsp; &nbsp; &nbsp; &nbsp;Power : 5 HP / 2830 RPM</p><p class="MsoNoSpacing">Rated Voltage : 415 (+6%, -15%) &nbsp; &nbsp; &nbsp; Method of starting : DOL</p><p class="MsoNoSpacing">Class of protection : IP 68 &nbsp; &nbsp; &nbsp; &nbsp; &nbsp; &nbsp; &nbsp; &nbsp; &nbsp; &nbsp; &nbsp;Min. Submergence : 500 mm</p><p class="MsoNoSpacing">Weight of Pump set : 67 kg &nbsp; &nbsp; &nbsp; &nbsp; &nbsp; &nbsp; &nbsp; &nbsp; &nbsp; &nbsp;Phase : 3 phase</p><p class="MsoNoSpacing"><span style="text-decoration: underline;">Material of Construction</span> &nbsp;</p><p class="MsoNoSpacing">Casing : CI-FG-200 &nbsp; &nbsp; &nbsp; &nbsp; &nbsp; &nbsp; &nbsp; &nbsp; &nbsp; &nbsp; &nbsp; &nbsp; &nbsp; &nbsp; &nbsp; &nbsp; &nbsp; &nbsp;Impeller : CI-FG-200</p><p class="MsoNoSpacing">Shaft : AISI 410&nbsp;&nbsp;&nbsp;&nbsp;&nbsp;&nbsp;&nbsp;&nbsp;&nbsp;&nbsp;&nbsp;&nbsp;&nbsp;&nbsp;&nbsp;&nbsp;&nbsp;&nbsp;&nbsp;&nbsp;&nbsp;&nbsp;&nbsp;&nbsp;&nbsp;&nbsp;&nbsp;&nbsp;&nbsp;&nbsp;&nbsp;&nbsp;&nbsp;&nbsp;&nbsp;&nbsp;&nbsp; &nbsp; &nbsp;</p><p class="MsoNoSpacing"></p><p class="MsoNoSpacing"></p><p class="MsoNoSpacing"></p><p class="MsoNoSpacing"></p><p class="MsoNoSpacing"></p><p class="MsoNoSpacing"></p><p class="MsoNoSpacing"></p><p class="MsoNoSpacing"></p><p class="MsoNoSpacing"><span style="font-size:8.0pt;font-family:&quot;Palatino Linotype&quot;,&quot;serif&quot;"><o:p></o:p></span></p>', 1, '52500.00', '52500.00', 0),
(82, 36, 908, '<p class="MsoNormal"><strong><u><span style="color: black; font-family: &quot;Times New Roman&quot;;">Item Code:&nbsp; 760842027020</span></u></strong></p><p class="MsoNormal"><span style="font-family: &quot;Times New Roman&quot;;"><span style="color: black;">Application: Fluid Circulation &nbsp; &nbsp; &nbsp; &nbsp; &nbsp; &nbsp; &nbsp; &nbsp; &nbsp;</span><span style="color: black; background-color: transparent;">Liquid : Caustic Acid 48 %</span></span></p><p class="MsoNormal"><span style="font-family: &quot;Times New Roman&quot;;"><span style="color: black;">Antico Pump Model: NZRP 25 125 &nbsp; &nbsp; &nbsp; &nbsp; &nbsp;</span><span style="color: rgb(0, 0, 0); background-color: transparent;">Solid % : Clear Liquid</span></span></p><p class="MsoNormal"><span style="color: black; font-family: &quot;Times New Roman&quot;;">Temp&nbsp;&nbsp;&nbsp; : 50 Centi&nbsp; Max &nbsp; &nbsp; &nbsp; &nbsp; &nbsp; &nbsp; &nbsp; &nbsp; &nbsp; &nbsp; &nbsp; &nbsp; &nbsp; &nbsp; &nbsp; Suction&nbsp;&nbsp;&nbsp; : Flooded<o:p></o:p></span></p><div><span style="font-family: &quot;Times New Roman&quot;;"><span style="background-color: transparent; color: black;">Capacity&nbsp;&nbsp; : 10\r\nm3/hr &nbsp; &nbsp; &nbsp; &nbsp; &nbsp; &nbsp; &nbsp; &nbsp; &nbsp; &nbsp; &nbsp; &nbsp; &nbsp; &nbsp; &nbsp; &nbsp; &nbsp; Head&nbsp;&nbsp;&nbsp;&nbsp; : 15&nbsp; Mtr&nbsp;</span><br></span></div><p class="MsoNormal"><span style="color: black; font-family: &quot;Times New Roman&quot;;">\r\n</span></p><p class="MsoNormal"><span style="color: black; font-family: &quot;Times New Roman&quot;;">Suc * Dis&nbsp;&nbsp; :&nbsp; 40*25\r\nNB &nbsp; &nbsp; &nbsp; &nbsp; &nbsp; &nbsp; &nbsp; &nbsp; &nbsp; &nbsp; &nbsp; &nbsp; &nbsp; &nbsp; &nbsp; &nbsp; &nbsp;Sealing&nbsp;&nbsp; : Mechanical Seal&nbsp;&nbsp;&nbsp;&nbsp;&nbsp;&nbsp;&nbsp;\r\n<o:p></o:p></span></p><p class="MsoNormal"><span style="color: black; font-family: &quot;Times New Roman&quot;;">Motor Power : 3.7 KW / 5 HP / 2900\r\nRPM&nbsp;&nbsp;&nbsp;&nbsp;&nbsp;&nbsp;&nbsp;&nbsp;&nbsp;&nbsp;&nbsp;&nbsp;\r\nS.G.&nbsp;&nbsp;&nbsp;&nbsp;&nbsp;&nbsp;&nbsp; :&nbsp; 1.5 <o:p></o:p></span></p><p class="MsoNormal"><span style="color: black; font-family: &quot;Times New Roman&quot;;">MOC: Wetted Parts GFRPP Impeller, Casing, Shaft Sleeve: Alloy 20,\r\nPump Shaft : EN 24</span></p><p class="MsoNormal"><span style="font-weight: bold; text-decoration: underline; font-family: &quot;Times New Roman&quot;;">Scope of Supply</span></p><p class="MsoNormal"><span style="font-family: &quot;Times New Roman&quot;;"><strong><span style="color: black;">Pump with BBL Make Std. Foot Mounted Motor,</span></strong><span style="color: black;"><o:p></o:p></span></span></p><p class="MsoNormal"><span style="font-family: &quot;Times New Roman&quot;;"><strong><span style="color: black;">Love Joy Coupling, Coupling Guard, MS Base Plate ,</span></strong><span style="color: black;"><o:p></o:p></span></span></p><p class="MsoNormal">\r\n\r\n\r\n\r\n</p><p class="MsoNormal"><strong><span style="color: black; font-family: &quot;Times New Roman&quot;;">Mountong Bolt Etc.</span></strong><span style="font-family:&quot;Palatino Linotype&quot;,&quot;serif&quot;;\r\nmso-fareast-font-family:&quot;Times New Roman&quot;;mso-bidi-font-family:Calibri;\r\ncolor:black"><o:p></o:p></span></p>', 1, '54625.00', '54625.00', 0),
(83, 36, 972, '<p class="MsoNormal"><strong><u><span style="color: rgb(23, 16, 0); font-family: &quot;Times New Roman&quot;;">Item Code: 768181027010</span></u></strong></p><p class="MsoNormal"><span style="font-family: &quot;Times New Roman&quot;;"><span style="color:#171000">Make :Positive Metering Pump &nbsp; &nbsp; &nbsp; &nbsp; &nbsp; &nbsp; &nbsp; &nbsp; Pump\r\nType &nbsp;: Hydraulic Diaphragm Pump</span><span style="color:black"><o:p></o:p></span></span></p><p class="MsoNormal"><span style="font-family: &quot;Times New Roman&quot;;"><span style="color: rgb(23, 16, 0);">Pump Model&nbsp; : HD\r\n2017/SZ2 &nbsp; &nbsp; &nbsp; &nbsp; &nbsp; &nbsp; &nbsp; &nbsp;Liquid &nbsp; &nbsp; &nbsp; &nbsp; :&nbsp; Alum</span><span style="color:black"><o:p></o:p></span></span></p><p class="MsoNormal"><span style="font-family: &quot;Times New Roman&quot;;"><span style="color:#171000">Capacity&nbsp;&nbsp;&nbsp;&nbsp;&nbsp;&nbsp;&nbsp;&nbsp;\r\n: 0 to 220\r\nLPH&nbsp;&nbsp;&nbsp;&nbsp;&nbsp;&nbsp;&nbsp;&nbsp;&nbsp;&nbsp;&nbsp;&nbsp;&nbsp;&nbsp;&nbsp;&nbsp;&nbsp;&nbsp;&nbsp;&nbsp;&nbsp;&nbsp;&nbsp;&nbsp;&nbsp;\r\nWorking Pressure&nbsp;&nbsp; :&nbsp; 1.5 kg/cm2</span><span style="color:black"><o:p></o:p></span></span></p><p class="MsoNormal"><span style="font-family: &quot;Times New Roman&quot;;"><span style="color: rgb(23, 16, 0);">Suction&nbsp;&nbsp;&nbsp;&nbsp;&nbsp;&nbsp;&nbsp;&nbsp;&nbsp;&nbsp;\r\n:\r\nFlooded &nbsp; &nbsp; &nbsp; &nbsp; &nbsp; &nbsp; &nbsp; &nbsp; &nbsp; &nbsp; &nbsp; &nbsp; &nbsp;Suction * Discharge : 1 " * 1  Hose Nipple</span><span style="color:black"><o:p></o:p></span></span></p><p class="MsoNormal"><span style="font-family: &quot;Times New Roman&quot;;"><span style="color:#171000">Motor : &nbsp;0.5 HP,\r\n1500 RPM 3 Phase, Foot Mounted</span><span style="color:black">&nbsp;<o:p></o:p></span></span></p><p>\r\n\r\n\r\n\r\n\r\n\r\n\r\n\r\n\r\n\r\n\r\n\r\n</p><p class="MsoNormal"><span style="color: rgb(23, 16, 0); font-family: &quot;Times New Roman&quot;;">MOC :&nbsp; Liquid End &amp; NRV : PP&nbsp;&nbsp; ,&nbsp;\r\nDiaphragm : P T F E</span></p><p class="MsoNormal"><span style="color: rgb(23, 16, 0); font-weight: bold; text-decoration: underline; font-family: &quot;Times New Roman&quot;;">Scope of Supply</span></p><p class="MsoNormal"><span style="font-family: &quot;Times New Roman&quot;;"><strong><span style="color:#171000">Pump Set withRemi /BBL &nbsp;motor,\r\ncoupling, </span></strong><strong style="background-color: transparent;"><span style="color: rgb(23, 16, 0);">coupling guard, base frame, strainer</span></strong></span></p>', 1, '49800.00', '49800.00', 0);
INSERT INTO `quotation_rows` (`id`, `quotation_id`, `item_id`, `description`, `quantity`, `rate`, `amount`, `height`) VALUES
(84, 36, 920, '<p class="MsoNormal"><span style="font-family: &quot;Times New Roman&quot;;"><strong><u><span style="color: black;">Item Code: 760849027010</span></u></strong><u><span style="color: black;">&nbsp;</span></u></span></p><p class="MsoNormal"><span style="font-family: &quot;Times New Roman&quot;;"><span style="color: black;">Antico&nbsp;</span><span style="color: rgb(0, 0, 0); background-color: transparent;">Pump Model: NS 50 160</span></span></p><p class="MsoNormal"><span style="color: black; font-family: &quot;Times New Roman&quot;;">Liquid : Caustic Acid<o:p></o:p></span></p><p class="MsoNormal"><span style="font-family: &quot;Times New Roman&quot;;"><span style="color: black; background-color: transparent;">Capacity&nbsp;&nbsp; : 10&nbsp;\r\nm3/hr&nbsp;&nbsp;&nbsp;&nbsp;&nbsp;&nbsp;&nbsp;&nbsp;&nbsp;&nbsp;&nbsp;&nbsp;&nbsp;&nbsp;&nbsp;&nbsp;&nbsp;&nbsp;&nbsp;&nbsp;&nbsp;&nbsp;&nbsp;&nbsp;&nbsp;&nbsp;&nbsp;&nbsp;&nbsp;&nbsp;&nbsp;&nbsp;&nbsp;&nbsp;&nbsp;&nbsp;&nbsp;&nbsp;&nbsp;&nbsp;&nbsp;&nbsp;&nbsp;&nbsp;&nbsp;&nbsp;&nbsp;&nbsp;\r\nHead&nbsp;&nbsp;&nbsp;&nbsp; :&nbsp; 20 Mtr&nbsp;</span><br></span></p><p class="MsoNormal"><span style="color: black; font-family: &quot;Times New Roman&quot;;">\r\nSuc * Dis&nbsp;&nbsp; :&nbsp; 50*40\r\nNB&nbsp;&nbsp;&nbsp;&nbsp;&nbsp;&nbsp;&nbsp;&nbsp;&nbsp;&nbsp;&nbsp;&nbsp;&nbsp;&nbsp;&nbsp;&nbsp;&nbsp;&nbsp;&nbsp;&nbsp;&nbsp;&nbsp;&nbsp;&nbsp;&nbsp;&nbsp;&nbsp;&nbsp;&nbsp;&nbsp;&nbsp;&nbsp;&nbsp;&nbsp;&nbsp;&nbsp;&nbsp;&nbsp;&nbsp;&nbsp;&nbsp;&nbsp;&nbsp;&nbsp;&nbsp;&nbsp;\r\nSealing&nbsp;&nbsp; : Mechanical Seal&nbsp;&nbsp;&nbsp;&nbsp;&nbsp;&nbsp;&nbsp;\r\n<o:p></o:p></span></p><p class="MsoNormal"><span style="color: black; font-family: &quot;Times New Roman&quot;;">Motor Power : 3 HP / 2900\r\nRPM&nbsp;&nbsp;&nbsp;&nbsp;&nbsp;&nbsp;&nbsp;&nbsp; <o:p></o:p></span></p><p class="MsoNormal"><span style="color: black; font-family: &quot;Times New Roman&quot;;">MOC: PP &nbsp; &nbsp; &nbsp; &nbsp; &nbsp; &nbsp; &nbsp; &nbsp; &nbsp; &nbsp; &nbsp; &nbsp; &nbsp; &nbsp; &nbsp; &nbsp; &nbsp; &nbsp; &nbsp; &nbsp; &nbsp; &nbsp; &nbsp; &nbsp; &nbsp; &nbsp; &nbsp; &nbsp; &nbsp; &nbsp; &nbsp; &nbsp; &nbsp; Solid % : Clear Liquid<o:p></o:p></span></p><p class="MsoNormal"><span style="color: black; font-family: &quot;Times New Roman&quot;;">Temp&nbsp;&nbsp;&nbsp; : 50 Centi&nbsp;\r\nMax&nbsp;&nbsp;&nbsp;&nbsp;\r\n&nbsp;&nbsp;&nbsp;&nbsp;&nbsp;&nbsp;&nbsp;&nbsp;&nbsp;&nbsp;&nbsp;&nbsp;&nbsp;&nbsp;&nbsp;&nbsp;&nbsp;&nbsp;&nbsp;&nbsp;&nbsp;&nbsp;&nbsp;&nbsp;&nbsp;&nbsp;&nbsp;&nbsp;&nbsp;&nbsp;&nbsp;&nbsp;&nbsp;&nbsp;&nbsp;&nbsp;&nbsp;\r\nSuction&nbsp;&nbsp;&nbsp; : Flooded<o:p></o:p></span></p><p class="MsoNormal"><strong><span style="color: black; text-decoration: underline; font-family: &quot;Times New Roman&quot;;">Scope of Supply</span></strong></p><p class="MsoNormal"><span style="font-family: &quot;Times New Roman&quot;;"><strong><span style="color: black;">Pump with BBL Make Std. Foot Mounted Motor,</span></strong><span style="color: black;"><o:p></o:p></span></span></p><p class="MsoNormal"><span style="font-family: &quot;Times New Roman&quot;;"><strong><span style="color: black;">Love Joy Coupling, Coupling Guard, MS Base Plate ,</span></strong><span style="color: black;"><o:p></o:p></span></span></p><p>\r\n\r\n\r\n\r\n<strong><span style="font-size: 12pt; color: black; font-family: &quot;Times New Roman&quot;;">Mountong Bolt Etc</span></strong><br></p>', 1, '45500.00', '45500.00', 0),
(91, 38, 958, '<p>Make DARLING Pump</p><p>Model WP05 D - 35 &nbsp; &nbsp; &nbsp; &nbsp; &nbsp; &nbsp; &nbsp; &nbsp; &nbsp; &nbsp; &nbsp; &nbsp; &nbsp; &nbsp; &nbsp; &nbsp; &nbsp; Application Dewatering</p><p>Type Submersible Waste Water Handling</p><p>Flow Range 45  5 M3/hr &nbsp; &nbsp; &nbsp; &nbsp; &nbsp; &nbsp; &nbsp; &nbsp; &nbsp; &nbsp; &nbsp; Head Range 10  22 Meters</p><p>Capacity 30 M3/hr @ 17 meters &nbsp; &nbsp; &nbsp; &nbsp; Sealing &nbsp;Mechanical seal</p><p>MOC Cast Iron &nbsp; &nbsp; &nbsp; &nbsp; &nbsp; &nbsp; &nbsp; &nbsp; &nbsp; &nbsp; &nbsp; &nbsp; &nbsp; &nbsp; &nbsp; &nbsp; &nbsp; &nbsp; &nbsp; &nbsp; &nbsp; &nbsp; &nbsp; Power 5 HP / 2900 RPM</p><p>Minimum Submergence 475 mm &nbsp; &nbsp; &nbsp; &nbsp; SG / PH 1 / 7</p><p>Liquid Water with Light Slurry</p><p>Particle size Max Upto 35 &nbsp;mm &nbsp; &nbsp; &nbsp; &nbsp; &nbsp; &nbsp;<span style="background-color: transparent;">Temperature Ambient</span></p><p>Outlet &nbsp;Size / Starting Method 80 mm / DOL&nbsp;</p><p>Scope of Supply:</p><p>Price for pump set with 10 meters cables and electronic type control panel.</p>', 1, '80500.00', '80500.00', 0),
(93, 22, 926, '<p>WV 03 L/40<br></p>', 1, '100000.00', '100000.00', 0),
(94, 18, 708, '<p>CB 200 200 G1 Pump with 25 HP,1500 RPM motor.</p>', 1, '225000.00', '225000.00', 0),
(95, 37, 975, '<p>Application : Transfer &nbsp; &nbsp; &nbsp; &nbsp; &nbsp; &nbsp; &nbsp; &nbsp; &nbsp; &nbsp; &nbsp; &nbsp; &nbsp; &nbsp; &nbsp; &nbsp; &nbsp; &nbsp; &nbsp; Make : Johnson</p><p>Type : End suction back pullout type &nbsp; &nbsp; &nbsp; Model : CCR 25-125 R6 M2 L3</p><p>Head : 18 mtrs &nbsp; &nbsp; &nbsp; &nbsp; &nbsp; &nbsp; &nbsp; &nbsp; &nbsp; &nbsp; &nbsp; &nbsp; &nbsp; &nbsp; &nbsp; &nbsp; &nbsp; &nbsp; &nbsp; &nbsp; &nbsp; &nbsp; &nbsp; &nbsp; &nbsp; &nbsp; &nbsp; Flow : 10 m3/hr</p><p>Liquid : Brine Solution &nbsp; &nbsp; &nbsp; &nbsp; &nbsp; &nbsp; &nbsp; &nbsp; &nbsp; &nbsp; &nbsp; &nbsp; &nbsp; &nbsp; &nbsp; &nbsp; &nbsp; &nbsp; &nbsp; PH/SG/Temp : 7/1/Ambient</p><p>Reccd. Power : 2 HP/2900 RPM &nbsp; &nbsp; &nbsp; &nbsp; &nbsp; &nbsp; &nbsp; &nbsp; &nbsp;Suc*Dis : 32*25 mm</p><p>Suction : Flooded &nbsp; &nbsp; &nbsp; &nbsp; &nbsp; &nbsp; &nbsp; &nbsp; &nbsp; &nbsp; &nbsp; &nbsp; &nbsp; &nbsp; &nbsp; &nbsp; &nbsp; &nbsp; &nbsp; &nbsp; &nbsp; &nbsp; &nbsp; &nbsp; &nbsp;Impeller : Half-open</p><p>Sealing : Mechanical Seal &nbsp; &nbsp; &nbsp; &nbsp; &nbsp; &nbsp; &nbsp; &nbsp; &nbsp; &nbsp; &nbsp; &nbsp; &nbsp; &nbsp; &nbsp; &nbsp; MOC (Casing/Impeller) : SS/SS</p><p><span style="text-decoration: underline;">Scope of supply </span>: Pump with Remi/BBL make Motor, Coupling, Coupling guard dully assembled on base frame with fasteners.&nbsp;<br></p>', 1, '50800.00', '50800.00', 0),
(96, 37, 974, '<p>Application : Transfer &nbsp; &nbsp; &nbsp; &nbsp; &nbsp; &nbsp; &nbsp; &nbsp; &nbsp; &nbsp; &nbsp; &nbsp; &nbsp; &nbsp; &nbsp; &nbsp; &nbsp; &nbsp; &nbsp; &nbsp;Make : Johnson</p><p>Type : End suction back pullout type &nbsp; &nbsp; &nbsp; Model : CN 125 400 G1 S2 L3</p><p>Head : 50 mtrs &nbsp; &nbsp; &nbsp; &nbsp; &nbsp; &nbsp; &nbsp; &nbsp; &nbsp; &nbsp; &nbsp; &nbsp; &nbsp; &nbsp; &nbsp; &nbsp; &nbsp; &nbsp; &nbsp; &nbsp; &nbsp; &nbsp; &nbsp; &nbsp; &nbsp; &nbsp; &nbsp; Flow : 180 m3/hr</p><p>Liquid : Clear Water &nbsp; &nbsp; &nbsp; &nbsp; &nbsp; &nbsp; &nbsp; &nbsp; &nbsp; &nbsp; &nbsp; &nbsp; &nbsp; &nbsp; &nbsp; &nbsp; &nbsp; &nbsp; &nbsp; &nbsp; &nbsp; PH/SG/Temp : 7/1/Ambient</p><p>Reccd. Power : 50 HP/1500 RPM &nbsp; &nbsp; &nbsp; &nbsp; &nbsp; &nbsp; &nbsp;Suc*Dis : 150*125 mm</p><p>Suction : Negative upto 1 mtrs with &nbsp; &nbsp; &nbsp; &nbsp; Impeller : Closed</p><p>&nbsp;&nbsp;&nbsp;&nbsp;&nbsp;&nbsp;&nbsp;&nbsp;&nbsp;&nbsp;&nbsp;&nbsp;&nbsp;&nbsp;&nbsp;&nbsp;&nbsp; &nbsp; &nbsp;<span style="background-color: transparent;">foot-valve</span><br></p><p>Sealing : Gland Packing &nbsp; &nbsp; &nbsp; &nbsp; &nbsp; &nbsp; &nbsp; &nbsp; &nbsp; &nbsp; &nbsp; &nbsp; &nbsp; &nbsp; &nbsp; &nbsp; &nbsp; &nbsp;MOC (Casing/Impeller) : CI/CI</p><p><span style="text-decoration: underline;">Scope of supply :</span> Pump with Remi/BBL make Motor, Coupling, Coupling guard dully assembled on base frame with fasteners.&nbsp;</p>', 1, '162800.00', '162800.00', 0),
(97, 37, 975, '<p>Application : Transfer &nbsp; &nbsp; &nbsp; &nbsp; &nbsp; &nbsp; &nbsp; &nbsp; &nbsp; &nbsp; &nbsp; &nbsp; &nbsp; &nbsp; &nbsp; &nbsp; &nbsp; &nbsp; &nbsp; &nbsp;Make : Johnson</p><p>Type : End suction back pullout type &nbsp; &nbsp; &nbsp; &nbsp;Model : CCR 25-125 R6 M2 L3</p><p>Head : 15 mtrs &nbsp; &nbsp; &nbsp; &nbsp; &nbsp; &nbsp; &nbsp; &nbsp; &nbsp; &nbsp; &nbsp; &nbsp; &nbsp; &nbsp; &nbsp; &nbsp; &nbsp; &nbsp; &nbsp; &nbsp; &nbsp; &nbsp; &nbsp; &nbsp; &nbsp; &nbsp; &nbsp; Flow : 3 m3/hr</p><p>Liquid : 99% Caustic &nbsp; &nbsp; &nbsp; &nbsp; &nbsp; &nbsp; &nbsp; &nbsp; &nbsp; &nbsp; &nbsp; &nbsp; &nbsp; &nbsp; &nbsp; &nbsp; &nbsp; &nbsp; &nbsp; &nbsp; &nbsp; PH/SG/Temp : 7/1/Ambient</p><p>Reccd. Power : 2 HP/2900 RPM &nbsp; &nbsp; &nbsp; &nbsp; &nbsp; &nbsp; &nbsp; &nbsp; Suc*Dis : 32*25 mm</p><p>Suction : Flooded &nbsp; &nbsp; &nbsp; &nbsp; &nbsp; &nbsp; &nbsp; &nbsp; &nbsp; &nbsp; &nbsp; &nbsp; &nbsp; &nbsp; &nbsp; &nbsp; &nbsp; &nbsp; &nbsp; &nbsp; &nbsp; &nbsp; &nbsp; &nbsp; Impeller : Half-open</p><p>Sealing : Mechanical Seal &nbsp; &nbsp; &nbsp; &nbsp; &nbsp; &nbsp; &nbsp; &nbsp; &nbsp; &nbsp; &nbsp; &nbsp; &nbsp; &nbsp; &nbsp; &nbsp;MOC (Casing/Impeller) : SS/SS</p><p><span style="text-decoration: underline;">Scope of supply :</span> Pump with Remi/BBL make Motor, Coupling, Coupling guard dully assembled on base frame with fasteners.&nbsp;<br></p>', 1, '50800.00', '50800.00', 0),
(98, 40, 980, '<p>Make : Johnson&nbsp;&nbsp;&nbsp;&nbsp;&nbsp; &nbsp; &nbsp; &nbsp; &nbsp;&nbsp;&nbsp;&nbsp;&nbsp;&nbsp;&nbsp;&nbsp;&nbsp;&nbsp;&nbsp;&nbsp;&nbsp;Type : Self priming centrifugal pump</p><p>Model : FRE 80-170&nbsp; &nbsp; &nbsp;&nbsp;&nbsp;&nbsp;&nbsp;&nbsp;&nbsp;&nbsp;&nbsp;&nbsp;&nbsp;&nbsp;Application : Colony Water Transfer</p><p>Head : 25 mtrs&nbsp;&nbsp;&nbsp;&nbsp;&nbsp;&nbsp;&nbsp;&nbsp;&nbsp;&nbsp;&nbsp;&nbsp;&nbsp; &nbsp; &nbsp;&nbsp;&nbsp;&nbsp;&nbsp;&nbsp;&nbsp;&nbsp;&nbsp;&nbsp;&nbsp;&nbsp;Flow : 60 m3/hr</p><p>Liquid : Clear Water&nbsp; &nbsp; &nbsp;&nbsp;&nbsp;&nbsp;&nbsp; &nbsp; &nbsp; &nbsp; PH/SG/Temp: 7/1/ambient</p><p><span style="background-color: transparent;">Suc*Dis : 80*80 mm</span>&nbsp; &nbsp; &nbsp;&nbsp;&nbsp;&nbsp;&nbsp;&nbsp;&nbsp;&nbsp;&nbsp;&nbsp;&nbsp;&nbsp;Reccd. Power : 12.5 HP/2900 RPM &nbsp; &nbsp;</p><p>Impeller : Halfopen&nbsp;&nbsp;&nbsp;&nbsp;&nbsp;&nbsp;&nbsp;&nbsp;&nbsp; &nbsp; &nbsp; &nbsp; &nbsp;<span style="background-color: transparent;">Suction : Negative upto 3-4 mtrs with foot-valve</span></p><p><span style="background-color: transparent;">Sealing : Mechanical Seal&nbsp; &nbsp; MOC (Casing/Impeller) : SS 316/SS 316</span></p><p><span style="background-color: transparent;"><span style="text-decoration: underline;">Scope of supply :</span>&nbsp;&nbsp; &nbsp; Pump with Remi/BBL make motor with coupling, coupling guard dully assembled on base frame with fasteners&nbsp;</span></p>', 1, '121630.00', '121630.00', 0),
(99, 40, 981, '<p>Make : Johnson&nbsp;&nbsp;&nbsp;&nbsp;&nbsp; &nbsp; &nbsp; &nbsp; &nbsp;&nbsp;&nbsp;&nbsp;&nbsp;&nbsp;&nbsp;&nbsp;&nbsp;&nbsp;&nbsp;&nbsp;&nbsp;&nbsp;&nbsp;&nbsp;&nbsp;&nbsp;&nbsp;&nbsp;&nbsp;&nbsp;&nbsp;&nbsp;&nbsp;&nbsp;&nbsp;&nbsp;&nbsp;&nbsp;&nbsp;&nbsp;&nbsp;Type : End suction back pullout pump</p><p>Model : CCR 40 250 A20 M3 L3 &nbsp; &nbsp; &nbsp; &nbsp; Application : Transfer</p><p>Head : 80 mtrs&nbsp;&nbsp;&nbsp;&nbsp;&nbsp;&nbsp;&nbsp;&nbsp;&nbsp;&nbsp;&nbsp;&nbsp;&nbsp; &nbsp;&nbsp;&nbsp;&nbsp;&nbsp;&nbsp;&nbsp;&nbsp;&nbsp;&nbsp;&nbsp;&nbsp;&nbsp;&nbsp;&nbsp;&nbsp;&nbsp;&nbsp;&nbsp;&nbsp;&nbsp;&nbsp;&nbsp;&nbsp;&nbsp;&nbsp;&nbsp;&nbsp;&nbsp;&nbsp;&nbsp;&nbsp;&nbsp;&nbsp;Flow : 30 m3/hr</p><p>Liquid : H2SO4&nbsp;&nbsp;&nbsp;&nbsp;&nbsp; &nbsp; &nbsp; &nbsp; &nbsp; &nbsp; &nbsp; &nbsp; &nbsp; &nbsp; &nbsp; &nbsp;&nbsp;&nbsp;&nbsp;&nbsp;&nbsp;&nbsp;&nbsp;&nbsp;&nbsp;&nbsp;&nbsp;&nbsp;&nbsp;&nbsp;&nbsp;&nbsp;&nbsp;&nbsp;&nbsp;&nbsp;PH/SG/Temp: 2/1.05/ambient</p><p><span style="background-color: transparent;">Suc*Dis : 65*40 mm</span>&nbsp; &nbsp;&nbsp;&nbsp;&nbsp;&nbsp;&nbsp;&nbsp;&nbsp;&nbsp;&nbsp;&nbsp;&nbsp;&nbsp;&nbsp;&nbsp;&nbsp;&nbsp;&nbsp;&nbsp;&nbsp;&nbsp;&nbsp;&nbsp;&nbsp;&nbsp;&nbsp;&nbsp;&nbsp;&nbsp;&nbsp;&nbsp; &nbsp; &nbsp;Reccd. Power : 25 HP/2900 RPM &nbsp; &nbsp;</p><p>Impeller : Closed&nbsp;&nbsp;&nbsp;&nbsp;&nbsp;&nbsp;&nbsp;&nbsp;&nbsp;&nbsp;&nbsp;&nbsp;&nbsp;&nbsp;&nbsp;&nbsp;&nbsp;&nbsp;&nbsp;&nbsp;&nbsp; &nbsp; &nbsp;&nbsp; &nbsp; &nbsp; &nbsp; &nbsp; &nbsp; &nbsp; &nbsp; &nbsp;&nbsp;<span style="background-color: transparent;">Suction : Flooded</span></p><p><span style="background-color: transparent;">Sealing : Mechanical Seal&nbsp; &nbsp; &nbsp;&nbsp;&nbsp;&nbsp;&nbsp;&nbsp;&nbsp;&nbsp;&nbsp;&nbsp;&nbsp;&nbsp;&nbsp;&nbsp;&nbsp;&nbsp;&nbsp;&nbsp;&nbsp;&nbsp;MOC (Casing/Impeller) : Alloy 20/Alloy 20</span></p><p><span style="background-color: transparent;"><span style="text-decoration: underline;">Scope of supply :</span>&nbsp;&nbsp; &nbsp; Pump with Remi/BBL make motor with coupling, coupling guard dully assembled on base frame with fasteners&nbsp;</span></p>', 1, '240830.00', '240830.00', 0),
(101, 42, 731, '<p>CCR 32 160 R6 S2 L3</p>', 1, '44000.00', '44000.00', 0),
(102, 43, 605, '<p>R 20 DG Gear Pump</p>', 1, '75000.00', '75000.00', 0),
(103, 44, 982, '<p>ED-01</p>', 2, '16800.00', '33600.00', 0),
(106, 46, 983, '<p>Rotor Set R 50 SL&nbsp;</p>', 1, '11900.00', '11900.00', 0),
(108, 47, 984, '<p>Shaft HE 120</p>', 1, '2400.00', '2400.00', 0),
(110, 49, 985, '<p>Pump Casing KGEN 16 3</p>', 1, '10000.00', '10000.00', 0),
(112, 50, 605, '<p>R 20 DG Gear Pump</p>', 1, '54000.00', '54000.00', 0),
(114, 51, 986, '<p><br></p>', 1, '50000.00', '50000.00', 0),
(116, 53, 601, '<div><font face="Palatino Linotype" linotype?="">Make : \r\nTushaco</font></div><p>\r\n</p><div><font face="Palatino Linotype" linotype?="">Pump Model \r\n: RT-80</font></div>', 1, '7650.00', '7650.00', 0),
(117, 54, 982, '<p class="MsoBodyText3" style="MARGIN: 0in 0in 0pt"><font linotype?="">Item Description&nbsp;&nbsp;&nbsp; : Electronic \r\nDiaphragm Dosing Pump</font></p><p class="MsoBodyText3" style="MARGIN: 0in 0in 0pt"><font linotype?="">Model&nbsp;&nbsp;&nbsp;&nbsp;&nbsp;&nbsp;&nbsp;&nbsp;&nbsp;&nbsp;&nbsp;&nbsp;&nbsp;&nbsp;&nbsp;&nbsp;&nbsp;&nbsp;&nbsp;&nbsp; &nbsp;&nbsp;&nbsp;&nbsp;&nbsp;&nbsp;: ANT \r\nED 01</font></p><p class="MsoBodyText3" style="MARGIN: 0in 0in 0pt"><font linotype?="">Capacity&nbsp;&nbsp;&nbsp;&nbsp;&nbsp;&nbsp;&nbsp;&nbsp;&nbsp;&nbsp;&nbsp;&nbsp;&nbsp;&nbsp;&nbsp;&nbsp; &nbsp; &nbsp; &nbsp;: 0 to 4 \r\nLPH</font></p><p class="MsoBodyText3" style="MARGIN: 0in 0in 0pt"><font linotype?="">Pressure&nbsp;&nbsp;&nbsp;&nbsp;&nbsp;&nbsp;&nbsp;&nbsp;&nbsp;&nbsp;&nbsp;&nbsp;&nbsp;&nbsp;&nbsp;&nbsp;&nbsp; &nbsp;&nbsp;&nbsp;&nbsp;: 0 to \r\n4 kg/cm2</font></p><p class="MsoBodyText3" style="MARGIN: 0in 0in 0pt"><font linotype?="">Suc*Dis&nbsp;&nbsp;&nbsp;&nbsp;&nbsp;&nbsp;&nbsp;&nbsp;&nbsp;&nbsp;&nbsp;&nbsp;&nbsp;&nbsp;&nbsp;&nbsp;&nbsp;&nbsp; &nbsp; &nbsp; &nbsp;:  * \r\n</font></p><p class="MsoBodyText3" style="MARGIN: 0in 0in 0pt"><font linotype?="">MOC&nbsp;&nbsp;&nbsp;&nbsp;&nbsp;&nbsp;&nbsp;&nbsp;&nbsp;&nbsp;&nbsp;&nbsp;&nbsp;&nbsp;&nbsp;&nbsp;&nbsp;&nbsp;&nbsp;&nbsp;&nbsp; &nbsp;&nbsp;&nbsp;&nbsp;&nbsp; &nbsp;: Liquid end: PP</font></p><p class="MsoBodyText3" style="MARGIN: 0in 0in 0pt"><font linotype?="">&nbsp;&nbsp;&nbsp;&nbsp;&nbsp;&nbsp;&nbsp;&nbsp;&nbsp;&nbsp;&nbsp;&nbsp;&nbsp;&nbsp;&nbsp;&nbsp;&nbsp;&nbsp;&nbsp;&nbsp;&nbsp;&nbsp;&nbsp;&nbsp;&nbsp;&nbsp;&nbsp;&nbsp;&nbsp;&nbsp;&nbsp;&nbsp;&nbsp; &nbsp;&nbsp;&nbsp;&nbsp;&nbsp;&nbsp;&nbsp;&nbsp;Diaphragm: \r\nPP</font></p><p class="MsoBodyText3" style="MARGIN: 0in 0in 0pt"><font linotype?="">&nbsp;&nbsp;&nbsp;&nbsp;&nbsp;&nbsp;&nbsp;&nbsp;&nbsp;&nbsp;&nbsp;&nbsp;&nbsp;&nbsp;&nbsp;&nbsp;&nbsp;&nbsp;&nbsp;&nbsp;&nbsp;&nbsp;&nbsp;&nbsp;&nbsp;&nbsp;&nbsp;&nbsp;&nbsp;&nbsp;&nbsp;&nbsp;&nbsp; &nbsp;&nbsp;&nbsp;&nbsp;&nbsp;&nbsp;&nbsp;&nbsp;NRV: \r\nPP</font></p><p class="MsoBodyText3" style="MARGIN: 0in 0in 0pt"><font linotype?="">Drive&nbsp;&nbsp;&nbsp;&nbsp;&nbsp;&nbsp;&nbsp;&nbsp;&nbsp;&nbsp;&nbsp;&nbsp;&nbsp;&nbsp;&nbsp;&nbsp;&nbsp;&nbsp;&nbsp;&nbsp;&nbsp; &nbsp;&nbsp;&nbsp;&nbsp;&nbsp;&nbsp;&nbsp;&nbsp;: Single phase 230 \r\nV, 50 hz</font></p><p>\r\n\r\n\r\n\r\n\r\n\r\n\r\n\r\n\r\n</p><p class="MsoBodyText3" style="MARGIN: 0in 0in 0pt">Accessories &nbsp; &nbsp; &nbsp; &nbsp; &nbsp; &nbsp; &nbsp; :&nbsp;Strainer cum foot-vale, 1.5 mtrs. tube&nbsp;</p>', 1, '8502.50', '8502.50', 0),
(121, 55, 996, '<p><span style="font-family: &quot;Times New Roman&quot;;">Your Item Code : 2100515094</span></p><p><span style="font-family: &quot;Times New Roman&quot;;">Sealing Ring PN 12</span><span style="background-color: transparent; color: black; font-family: &quot;Times New Roman&quot;; font-size: 12pt;">&nbsp;</span></p>', 8, '1100.00', '8800.00', 0),
(122, 55, 1014, '<p>Your Item Code:2100515097</p><p>Valve Seat PN 13</p>', 8, '2800.00', '22400.00', 0),
(123, 55, 997, '<p>Your Item Code : 2100515095</p><p>Valve Cage PN 16</p>', 8, '3200.00', '25600.00', 0),
(124, 55, 999, '<p>Your Item Code : 2100515324</p><p>Liquid Head PN 1</p>', 2, '13000.00', '26000.00', 0),
(125, 55, 1001, '<p>Your Item Code : 2100514231</p><p>Hose Nipple PN 18</p>', 8, '2700.00', '21600.00', 0),
(126, 55, 1002, '<p>Your Item Code : 2100515390</p><p>Plain Washer PN 33</p>', 10, '15.00', '150.00', 0),
(127, 55, 1003, '<p>Your Item Code : 7100004392</p><p>Allen Bolt PN 35</p>', 10, '30.00', '300.00', 0),
(128, 55, 1004, '<p>Your Item Code : 2100515495</p><p>Circlip PN 36</p>', 10, '550.00', '5500.00', 0),
(129, 55, 1005, '<p>Your Item Code : 2100514306</p><p>SL Guide PN 37</p>', 4, '4800.00', '19200.00', 0),
(130, 55, 1006, '<p>Your Item Code : 2100515496</p><p>Allen Bolt PN 38</p>', 10, '30.00', '300.00', 0),
(131, 55, 1007, '<p>Your Item Code : 2100514307</p><p>Circlip PN 42</p>', 10, '600.00', '6000.00', 0),
(132, 55, 1009, '<p>Your Item Code : 2100515051</p><p>Top Cover PN 44</p>', 2, '5700.00', '11400.00', 0),
(133, 55, 1010, '<p>Your Item Code : 2100514487</p><p>SL Screw &nbsp;PN 45</p>', 4, '4800.00', '19200.00', 0),
(134, 55, 1011, '<p>Your Item Code : 2100514919</p><p>SL Indicator PN 46</p>', 2, '5100.00', '10200.00', 0),
(135, 55, 1012, '<p>Your Item Code : 2100515052</p><p>Grubs Screw PN 49</p>', 10, '40.00', '400.00', 0),
(136, 55, 1013, '<p>Your Item Code : 2100515053</p><p>Barrel PN 50</p>', 2, '4700.00', '9400.00', 0),
(138, 2, 929, '<p>Application Mines Dewatering</p><p>Pump Model : CN 100 400</p><p>Head: 50 Meters</p><p>Flow: 120 M3/hr</p><p>MOC: Cast Iron</p><p>Sealing : Gland Packing</p><p>Reccd. Motor Power: 40 HP/1450 RPM</p><p>Suc*Dis Size: 125*100 MM</p><p><br></p><p><br></p>', 1, '52500.00', '52500.00', 79),
(140, 56, 1084, '<p>Pump Model : CT 50C 160&nbsp;</p><p>Flow : 50 m3/ hr &nbsp; &nbsp; &nbsp; &nbsp; &nbsp; &nbsp; &nbsp; &nbsp; Head : 34 Mtrs</p><p><span style="background-color: transparent;">Application &nbsp;: Quench Oil &nbsp; &nbsp; &nbsp; &nbsp; &nbsp; &nbsp; &nbsp; Liquid : &nbsp;Clear Oil</span></p><p><span style="background-color: transparent;">Suction X Discharge : 65 X 50 MM</span></p><p><span style="background-color: transparent;">Viscosity : 177 &nbsp;Cst @ 40 Deg. C</span></p><p><span style="background-color: transparent;">Oil Temp. Variation&nbsp;: 40 deg. C to 130 Deg. C</span></p><p><span style="background-color: transparent;">Oil Specific Gravity : 0.8816 @ 30 Deg.C</span></p><p><span style="background-color: transparent;">Motor : 20 HP / 2980 RPM</span></p><p><span style="background-color: transparent;">Negative Suction : 1 &nbsp;Mtrs ( required foot valve )</span></p><p><span style="background-color: transparent;">Sealing : Mechanical Seal</span></p><p><span style="background-color: transparent;">Scope of Supply;</span></p><p><span style="background-color: transparent;">Price for Pump With Remi / BBL make Std. Motor , Love- Joy Coupling , Coupling Gaurd, MS Base Frame dully assembled.</span></p>', 1, '222491.00', '222491.00', 50),
(141, 57, 613, '<p>Mechanical Seal for Pump Model T3 ST 38/36</p>', 1, '15700.00', '15700.00', 0),
(145, 58, 931, '<p class="MsoNormal"><span style="FONT-SIZE: 12pt; FONT-FAMILY: &quot;Palatino Linotype&quot;,&quot;serif&quot;; COLOR: black">DARLING make Submersible \r\nPump for Dewatering&nbsp;</span></p><p class="MsoNormal"><span style="FONT-SIZE: 12pt; FONT-FAMILY: &quot;Palatino Linotype&quot;,&quot;serif&quot;; COLOR: black">Model \r\n: S 630 &nbsp; &nbsp; &nbsp; &nbsp; &nbsp; &nbsp; &nbsp; &nbsp; &nbsp; &nbsp; &nbsp; &nbsp; &nbsp; &nbsp; &nbsp; &nbsp; &nbsp; &nbsp; Power : 6.5 HP / 2980 RPM<o:p></o:p></span></p><p class="MsoNormal"><span style="FONT-SIZE: 12pt; FONT-FAMILY: &quot;Palatino Linotype&quot;,&quot;serif&quot;; COLOR: black">Capacity \r\n: 0 to 17.50LPS &nbsp; &nbsp; &nbsp; &nbsp; &nbsp; &nbsp; &nbsp; &nbsp; &nbsp;</span><span style="color: black; font-family: &quot;Palatino Linotype&quot;, serif; font-size: 12pt; background-color: transparent;">Head \r\nRange : 0 to 32 Mtrs</span></p><p class="MsoNormal"><span style="FONT-SIZE: 12pt; FONT-FAMILY: &quot;Palatino Linotype&quot;,&quot;serif&quot;; COLOR: black">Delivery \r\nOutlet : 65 mm &nbsp; &nbsp; &nbsp; &nbsp; &nbsp; &nbsp; &nbsp; &nbsp; </span><span style="color: black; font-family: &quot;Palatino Linotype&quot;, serif; font-size: 12pt; background-color: transparent;">Cable \r\nSize 1*3*1.5</span></p><p>\r\n\r\n\r\n\r\n\r\n\r\n\r\n</p><p class="MsoNormal"><span style="FONT-SIZE: 12pt; FONT-FAMILY: &quot;Palatino Linotype&quot;,&quot;serif&quot;; COLOR: black">Scope of Supply : Pump set &nbsp;with 5 mtr Cable</span></p>', 6, '15435.00', '92610.00', 0),
(153, 59, 705, '<p style="text-align: justify; line-height: 1;">Model : CB 40 160 G1 &nbsp; &nbsp; &nbsp; &nbsp; &nbsp; &nbsp; &nbsp; &nbsp; &nbsp; &nbsp; &nbsp; &nbsp; &nbsp; &nbsp;Make : Johnson&nbsp;</p><p style="text-align: justify; line-height: 1;">Flow : 35 m<span style="vertical-align: super;">3/ </span>hr &nbsp; &nbsp; &nbsp; &nbsp; &nbsp; &nbsp; &nbsp; &nbsp; &nbsp; &nbsp; &nbsp; &nbsp; &nbsp; &nbsp; &nbsp; &nbsp; &nbsp; &nbsp; &nbsp; &nbsp; Head : 40 mtr</p><p style="text-align: justify; line-height: 1;">Suction * Discharge : 50 * 32 &nbsp; &nbsp; &nbsp; &nbsp; &nbsp; &nbsp; &nbsp;<span style="background-color: transparent;">Sealing : Mechanical Seal</span></p><p style="text-align: justify; line-height: 1;">Recd. Power : 10 HP / 2900 RPM &nbsp; &nbsp;Liquid &nbsp; : Clear Water</p><p style="text-align: justify; line-height: 1;"><span style="background-color: transparent;">Scope of Supply : Complete Motorised Unit.</span></p>', 2, '33200.00', '66400.00', 0),
(160, 60, 1157, '<h4 style="line-height: 1;"><span style="text-decoration: underline;"><span style="font-weight: bold;">Item Code : ES013800000584</span><br></span>Mechanical Seal for Johnson Pump Spares CB 200 200 G1</h4>', 2, '6460.00', '12920.00', 0),
(167, 61, 621, '<p>Item Code :&nbsp;<span style="color: black; text-align: center; background-color: transparent;">PUMPSPAR4545</span></p><p><span style="color: black; text-align: center; background-color: transparent;">Mechanical Seal of Pump Model: T3SFP 20/56</span></p><p class="MsoNormal" style="TEXT-ALIGN: center" align="center"><span style="COLOR: black"><o:p></o:p></span></p><p></p>', 1, '13250.00', '13250.00', 0),
(168, 61, 612, '<p>Item Code :&nbsp;<span style="color: black; text-align: center; background-color: transparent;">PUMPSPAR4546</span></p><p class="MsoNormal" style="TEXT-ALIGN: center" align="center"><span style="COLOR: black"><o:p></o:p></span></p><p><span style="color: black; text-align: center; background-color: transparent;">Mechanical Seal of Pump Model: T3ST 45/42</span></p>', 2, '8500.00', '17000.00', 0),
(169, 61, 612, '<p>Item Code :&nbsp;<span style="color: black; text-align: center; background-color: transparent;">PUMPSPAR4544</span></p><p class="MsoNormal" style="TEXT-ALIGN: center" align="center"><span style="COLOR: black"><o:p></o:p></span></p><p class="MsoNormal" align="center" style="text-align: center;"><span style="color: black;"><o:p></o:p></span></p><p><span style="color: black; text-align: center; background-color: transparent;">Mechanical Seal of Pump Model: T3ST 45/42</span></p>', 2, '8500.00', '17000.00', 0),
(179, 63, 1187, '<p>Item Code:&nbsp;<span style="color: black; text-align: center; background-color: transparent;">PUMPWATR0506</span></p><p><span style="color: black; text-align: center; background-color: transparent;">Pump Model : J 2004 &nbsp; &nbsp; &nbsp; &nbsp; &nbsp; &nbsp; &nbsp; &nbsp; &nbsp; &nbsp; &nbsp; &nbsp; &nbsp;</span></p><p><span style="color: black; text-align: center; background-color: transparent;">Pump Type : Darling Jumbo Pump</span></p><p><span style="color: black; text-align: center; background-color: transparent;">Liquid : Raw Water &nbsp; &nbsp; &nbsp; &nbsp; &nbsp; &nbsp; &nbsp; &nbsp; Application : &nbsp;Raw Water Transfer</span></p><p><span style="color: black; text-align: center; background-color: transparent;">Head Range : 20 - 36 Meters &nbsp; &nbsp; &nbsp; &nbsp; &nbsp;Flow Range : 120 - 20 M3/hr</span></p><p><span style="color: black; text-align: center; background-color: transparent;">Motor Power : 20 HP/2980 RPM &nbsp; &nbsp; &nbsp;Out Let Size : 100 MM&nbsp;</span></p><p><span style="color: black; text-align: center; background-color: transparent; font-weight: bold;">Particle Size Handling &nbsp;: &nbsp;8 MM &nbsp; &nbsp; &nbsp; &nbsp; &nbsp;</span></p><p><span style="font-weight: bold;">Scope of Supply : Pump Set with 10 Meters Cables</span></p><p class="MsoNormal" style="TEXT-ALIGN: center" align="center"><span style="COLOR: black"><o:p></o:p></span></p><p></p>', 2, '178500.00', '357000.00', 0),
(180, 63, 642, '<p>Item Code :&nbsp;<span style="color: black; text-align: center; background-color: transparent;">PUMPWATR0440</span></p><p><span style="color: black; text-align: center; background-color: transparent;">Pump Model : DJ 52 &nbsp; &nbsp; &nbsp; &nbsp; &nbsp; &nbsp; &nbsp; &nbsp; &nbsp; &nbsp; &nbsp;</span><span style="color: rgb(0, 0, 0); text-align: center; background-color: transparent;">Pump Type : Darling Jumbo Pump</span></p><p><span style="color: black; text-align: center; background-color: transparent;">Head : 18 Meters&nbsp;&nbsp;&nbsp;&nbsp;&nbsp;&nbsp;&nbsp;&nbsp;&nbsp;&nbsp;&nbsp;&nbsp;&nbsp;&nbsp;&nbsp;&nbsp;&nbsp;&nbsp;&nbsp;&nbsp;&nbsp;&nbsp;&nbsp;&nbsp;&nbsp;&nbsp; &nbsp; Flow : 600 LPM</span></p><p><span style="color: black; text-align: center; background-color: transparent;">Motor Power : 5 HP/2980 &nbsp; &nbsp; &nbsp; &nbsp; &nbsp;Out &nbsp;Let Size : 65 MM</span></p><p><span style="color: black; text-align: center; background-color: transparent;"><br></span></p><p><span style="color: black; text-align: center; background-color: transparent; font-weight: bold;">Scope of Supply : Pump set with 10 Meters Cables&nbsp;</span></p><p><span style="color: black; text-align: center; background-color: transparent; font-weight: bold;">You may placed repeat order as per last PO No.: 308943 dated 08/07/2015</span></p><p class="MsoNormal" style="TEXT-ALIGN: center" align="center"><span style="COLOR: black"><o:p></o:p></span></p>', 1, '61700.00', '61700.00', 0),
(181, 62, 1186, '<table border="0" cellpadding="0" cellspacing="0" width="383" style="width: 288pt;">\r\n <colgroup><col width="213" style="mso-width-source:userset;mso-width-alt:7789;width:160pt">\r\n <col width="170" style="mso-width-source:userset;mso-width-alt:6217;width:128pt">\r\n </colgroup><tbody><tr height="21" style="height:15.75pt">\r\n  <td height="21" class="xl66" width="213" style="height:15.75pt;width:160pt">Service&nbsp;&nbsp;&nbsp;&nbsp;&nbsp;&nbsp;&nbsp;&nbsp;&nbsp;&nbsp;&nbsp;&nbsp;&nbsp;</td>\r\n  <td class="xl67" width="170" style="width:128pt">Transfer</td>\r\n </tr>\r\n <tr height="21" style="height:15.75pt">\r\n  <td height="21" class="xl66" width="213" style="height:15.75pt;width:160pt"><span style="font-weight: bold; background-color: yellow;">Make&nbsp;</span></td>\r\n  <td class="xl67" width="170" style="width:128pt"><span style="font-weight: bold; background-color: yellow;">Johnson</span></td>\r\n </tr>\r\n <tr height="21" style="height:15.75pt">\r\n  <td height="21" class="xl66" width="213" style="height:15.75pt;width:160pt">Fluid\r\n  Handled</td>\r\n  <td class="xl67" width="170" style="width:128pt">Chemical&nbsp;</td>\r\n </tr>\r\n <tr height="21" style="height:15.75pt">\r\n  <td height="21" class="xl66" width="213" style="height:15.75pt;width:160pt">Operating\r\n  Temperature (oC)</td>\r\n  <td class="xl67" width="170" style="width:128pt">Ambient</td>\r\n </tr>\r\n <tr height="21" style="height:15.75pt">\r\n  <td height="21" class="xl66" width="213" style="height:15.75pt;width:160pt">Specific\r\n  Gravity</td>\r\n  <td class="xl67" width="170" style="width:128pt">1.2</td>\r\n </tr>\r\n <tr height="21" style="height:15.75pt">\r\n  <td height="21" class="xl66" width="213" style="height:15.75pt;width:160pt">PH/ Efficiency&nbsp;</td>\r\n  <td class="xl67" width="170" style="width:128pt">7/59%</td>\r\n </tr>\r\n <tr height="21" style="height:15.75pt">\r\n  <td height="21" class="xl66" width="213" style="height:15.75pt;width:160pt">Capacity\r\n  (m3/hr)</td>\r\n  <td class="xl67" width="170" style="width:128pt">50</td>\r\n </tr>\r\n <tr height="21" style="height:15.75pt">\r\n  <td height="21" class="xl66" width="213" style="height:15.75pt;width:160pt">Head\r\n  (m)</td>\r\n  <td class="xl67" width="170" style="width:128pt">30</td>\r\n </tr>\r\n <tr height="21" style="height:15.75pt">\r\n  <td height="21" class="xl66" width="213" style="height:15.75pt;width:160pt">Speed\r\n  (rpm)</td>\r\n  <td class="xl67" width="170" style="width:128pt">1450</td>\r\n </tr>\r\n <tr height="21" style="height:15.75pt">\r\n  <td height="21" class="xl66" width="213" style="height:15.75pt;width:160pt">Power\r\n  consumed by pump (BkW)</td>\r\n  <td class="xl67" width="170" style="width:128pt">8.5</td>\r\n </tr>\r\n <tr height="21" style="height:15.75pt">\r\n  <td height="21" class="xl66" width="213" style="height:15.75pt;width:160pt">Recommended\r\n  Motor Rating ( H.P)</td>\r\n  <td class="xl67" width="170" style="width:128pt">20 H.P</td>\r\n </tr>\r\n <tr height="21" style="height:15.75pt">\r\n  <td height="21" class="xl66" width="213" style="height:15.75pt;width:160pt">Pump\r\n  Type&nbsp;</td>\r\n  <td class="xl67" width="170" style="width:128pt">&nbsp;Horizontal Centrifugal Pump</td>\r\n </tr>\r\n <tr height="21" style="height:15.75pt">\r\n  <td height="21" class="xl66" width="213" style="height:15.75pt;width:160pt">Pump\r\n  Model</td>\r\n  <td class="xl67" width="170" style="width:128pt">CCR 65 315 R6</td>\r\n </tr>\r\n <tr height="21" style="height:15.75pt">\r\n  <td height="21" class="xl66" width="213" style="height:15.75pt;width:160pt">Pump\r\n  Suction/Delivery Size (mm)</td>\r\n  <td class="xl67" width="170" style="width:128pt">100*65 mm</td>\r\n </tr>\r\n <tr height="21" style="height:15.75pt">\r\n  <td height="21" class="xl66" width="213" style="height:15.75pt;width:160pt">Shaft\r\n  Sealing</td>\r\n  <td class="xl67" width="170" style="width:128pt">Mechanical Seal</td>\r\n </tr>\r\n <tr height="21" style="height:15.75pt">\r\n  <td height="21" class="xl66" width="213" style="height:15.75pt;width:160pt"><span style="background-color: yellow;">Impeller\r\n  Type</span></td>\r\n  <td class="xl67" width="170" style="width:128pt"><span style="background-color: yellow;">Half Open</span></td>\r\n </tr>\r\n <tr height="21" style="height:15.75pt">\r\n  <td height="21" class="xl66" width="213" style="height:15.75pt;width:160pt">Lubrication</td>\r\n  <td class="xl67" width="170" style="width:128pt">Oil&nbsp;</td>\r\n </tr>\r\n <tr height="21" style="height:15.75pt">\r\n  <td height="21" class="xl66" width="213" style="height:15.75pt;width:160pt">MOC\r\n  Volute Casing</td>\r\n  <td class="xl67" width="170" style="width:128pt">SS 316</td>\r\n </tr>\r\n <tr height="21" style="height:15.75pt">\r\n  <td height="21" class="xl66" width="213" style="height:15.75pt;width:160pt">MOC\r\n  Shaft</td>\r\n  <td class="xl67" width="170" style="width:128pt">SS 316</td>\r\n </tr>\r\n <tr height="21" style="height:15.75pt">\r\n  <td height="21" class="xl66" width="213" style="height:15.75pt;width:160pt">MOC\r\n  Impeller</td>\r\n  <td class="xl67" width="170" style="width:128pt">SS 316</td>\r\n </tr>\r\n <tr height="21" style="height:15.75pt">\r\n  <td height="21" class="xl66" width="213" style="height:15.75pt;width:160pt">MOC\r\n  Bearing Housing</td>\r\n  <td class="xl67" width="170" style="width:128pt">CI</td>\r\n </tr>\r\n <tr height="37" style="mso-height-source:userset;height:27.75pt">\r\n  <td colspan="2" height="37" class="xl68" width="383" style="height:27.75pt;\r\n  width:288pt">Scope of Supply :- Pump with REMI/BBL/ CGL Motor coupling\r\n  coupling guard duly assembled on MS base frame</td>\r\n </tr></tbody></table>', 1, '215500.00', '215500.00', 0),
(192, 64, 1190, '<h6 style="line-height: 1;"><p class="MsoNormal"><span lang="EN-US">Pump\nModel&nbsp; &nbsp;\n: FRE 50 205 G6 <o:p></o:p></span></p>\n\n<p class="MsoNormal"><span lang="EN-US">Service&nbsp;&nbsp;&nbsp;&nbsp;&nbsp;&nbsp;&nbsp;&nbsp;&nbsp;&nbsp;&nbsp;  &nbsp;: Transfer&nbsp;&nbsp;&nbsp;&nbsp;&nbsp;&nbsp;&nbsp;&nbsp;&nbsp;&nbsp;&nbsp;&nbsp;&nbsp;&nbsp;&nbsp;&nbsp;&nbsp;&nbsp;&nbsp;&nbsp;&nbsp;&nbsp; </span></p><p class="MsoNormal"><span lang="EN-US">Make &nbsp; &nbsp; &nbsp; &nbsp; &nbsp; &nbsp; &nbsp; &nbsp; : Johnson<o:p></o:p></span></p>\n\n<p class="MsoNormal"><span lang="EN-US">Fluid\nHandled : ETP Sludge&nbsp;&nbsp;&nbsp;&nbsp;&nbsp; &nbsp;&nbsp;&nbsp;&nbsp;&nbsp;&nbsp;&nbsp;&nbsp;&nbsp;&nbsp;&nbsp;<o:p></o:p></span></p>\n\n<p class="MsoNormal"><span lang="EN-US">&nbsp;Operating Temperature (C) : Ambient<o:p></o:p></span></p>\n\n<p class="MsoNormal"><span lang="EN-US">Specific\nGravity &nbsp; : &nbsp; 1</span></p><p class="MsoNormal"><span lang="EN-US">PH &nbsp; &nbsp; &nbsp; &nbsp; &nbsp; &nbsp; &nbsp; &nbsp; &nbsp; &nbsp; &nbsp; &nbsp; : &nbsp; 7<o:p></o:p></span></p>\n\n<p class="MsoNormal"><span lang="EN-US">Capacity\n(m3/hr) : &nbsp;30&nbsp;&nbsp;&nbsp; &nbsp;&nbsp;&nbsp; &nbsp;&nbsp;&nbsp;&nbsp;&nbsp;&nbsp;&nbsp;&nbsp;&nbsp;&nbsp;&nbsp; &nbsp;&nbsp;&nbsp;&nbsp;&nbsp;&nbsp;</span></p><p class="MsoNormal"><span lang="EN-US">Head\n(m) &nbsp; &nbsp; &nbsp; &nbsp; &nbsp; &nbsp; &nbsp;: &nbsp;47<o:p></o:p></span></p>\n\n<p class="MsoNormal"><span lang="EN-US">Speed\n(rpm) &nbsp; &nbsp; &nbsp; &nbsp;: &nbsp;2900&nbsp; &nbsp;&nbsp;&nbsp;&nbsp;&nbsp;&nbsp;&nbsp;&nbsp;&nbsp;&nbsp;&nbsp; &nbsp; &nbsp; &nbsp; &nbsp; &nbsp; &nbsp; &nbsp; &nbsp; &nbsp;</span></p><p class="MsoNormal"><span lang="EN-US">Power pump (BkW)&nbsp;&nbsp; :&nbsp;&nbsp; 8.4<o:p></o:p></span></p>\n\n<p class="MsoNormal"><span lang="EN-US">Recom\nMotor Rating ( H.P) 15 HP<o:p></o:p></span></p>\n\n<p class="MsoNormal"><span lang="EN-US">&nbsp;&nbsp;&nbsp;&nbsp;&nbsp;&nbsp;&nbsp;&nbsp;&nbsp;&nbsp;&nbsp;&nbsp;&nbsp;&nbsp;&nbsp;&nbsp;&nbsp;&nbsp;&nbsp;&nbsp;&nbsp;&nbsp;&nbsp;&nbsp;&nbsp;&nbsp;&nbsp;&nbsp;&nbsp;&nbsp;&nbsp;&nbsp;&nbsp;&nbsp;&nbsp;&nbsp;&nbsp; &nbsp;&nbsp;&nbsp;&nbsp;&nbsp;&nbsp;&nbsp;&nbsp;&nbsp;&nbsp;&nbsp;&nbsp;&nbsp;&nbsp;&nbsp;&nbsp;<span style="font-weight: bold;">&nbsp;Design</span><o:p></o:p></span></p>\n\n<p class="MsoNormal"><span lang="EN-US">Pump\nType &nbsp; &nbsp; &nbsp;: Self Priming Pump&nbsp;&nbsp;&nbsp;&nbsp;&nbsp; &nbsp;<o:p></o:p></span></p>\n\n<p class="MsoNormal"><span lang="EN-US">Pump\nSuc/Del &nbsp;Size (mm) : 50*50 mm<o:p></o:p></span></p>\n\n<p class="MsoNormal"><span lang="EN-US">Shaft\nSealing&nbsp; : Mechanical Seal&nbsp;&nbsp;&nbsp;&nbsp;&nbsp;&nbsp;&nbsp;&nbsp;&nbsp; &nbsp;</span></p><p class="MsoNormal"><span lang="EN-US">&nbsp;Motor &nbsp; &nbsp; &nbsp; &nbsp; &nbsp; &nbsp; &nbsp; : &nbsp;BBL/ REMI<o:p></o:p></span></p>\n\n<p class="MsoNormal"><span lang="EN-US">Motor\nType &nbsp; &nbsp; &nbsp;: &nbsp;Foot Mounted &nbsp;&nbsp;&nbsp;&nbsp;&nbsp;&nbsp;&nbsp;&nbsp;&nbsp;&nbsp;&nbsp;&nbsp;&nbsp;&nbsp;</span></p><p class="MsoNormal"><span lang="EN-US">Impeller Type&nbsp;\n: &nbsp;Half Open<o:p></o:p></span></p>\n\n<p class="MsoNormal"><span lang="EN-US">Lubrication &nbsp; &nbsp; &nbsp;: Oil <o:p></o:p></span></p>\n\n<p class="MsoNormal"><span lang="EN-US">&nbsp;&nbsp;&nbsp;&nbsp;&nbsp;&nbsp;&nbsp;&nbsp;&nbsp;&nbsp;&nbsp;&nbsp;&nbsp;&nbsp;&nbsp;&nbsp;&nbsp;&nbsp;&nbsp;&nbsp;&nbsp;&nbsp;&nbsp;&nbsp;&nbsp; &nbsp;&nbsp;&nbsp;&nbsp;&nbsp;&nbsp;&nbsp;&nbsp;&nbsp;&nbsp;&nbsp;&nbsp;<span style="font-weight: bold;">Material Of Construction</span><o:p></o:p></span></p>\n\n<p class="MsoNormal"><span lang="EN-US">Volute\nCasing &nbsp; &nbsp; &nbsp; &nbsp; &nbsp; &nbsp;: CI &nbsp; &nbsp; &nbsp; &nbsp; &nbsp; &nbsp; &nbsp; &nbsp; &nbsp; &nbsp; &nbsp; &nbsp; &nbsp; &nbsp;</span></p><p class="MsoNormal"><span lang="EN-US">Shaft /</span><span style="color: inherit; background-color: transparent;">Shaft Sleeve</span><span style="color: inherit; background-color: transparent;">&nbsp; &nbsp;: SS</span></p>\n\n<p class="MsoNormal"><span lang="EN-US">Impeller &nbsp; &nbsp; &nbsp; &nbsp; &nbsp; &nbsp; &nbsp; &nbsp; &nbsp; &nbsp; &nbsp; : SS 316 &nbsp; &nbsp; &nbsp; &nbsp; &nbsp; &nbsp; &nbsp; &nbsp; &nbsp;</span></p><p class="MsoNormal"><span style="color: inherit; background-color: transparent;">Bearing\nHousing &nbsp; &nbsp; &nbsp; : CI</span></p>\n\n<p class="MsoNormal"><span lang="EN-US">&nbsp;&nbsp;&nbsp;&nbsp;&nbsp;&nbsp;&nbsp;&nbsp;&nbsp;&nbsp;&nbsp;&nbsp;&nbsp;&nbsp;&nbsp;&nbsp;&nbsp;&nbsp;&nbsp;&nbsp;&nbsp;&nbsp;&nbsp;&nbsp;&nbsp;&nbsp; &nbsp;&nbsp;&nbsp;&nbsp;&nbsp;&nbsp;&nbsp;&nbsp;&nbsp;&nbsp;<span style="font-weight: bold;">Scope of Supply</span><o:p></o:p></span></p>\n\n<p class="MsoNormal"><span lang="EN-US">Pump\nwith motor with coupling, coupling guard, duly assembled on Base Frame and\nfasteners</span></p></h6>', 2, '112500.00', '225000.00', 24);
INSERT INTO `quotation_rows` (`id`, `quotation_id`, `item_id`, `description`, `quantity`, `rate`, `amount`, `height`) VALUES
(194, 66, 907, '<p class="MsoNormal" style="margin-bottom:0cm;margin-bottom:.0001pt;text-align:\r\njustify;text-justify:inter-ideograph;line-height:normal"><span lang="EN-US" style="font-size: 10pt; font-family: &quot;Palatino Linotype&quot;, serif; color: black; background-image: initial; background-position: initial; background-size: initial; background-repeat: initial; background-attachment: initial; background-origin: initial; background-clip: initial;">&nbsp; &nbsp; &nbsp; &nbsp; &nbsp; &nbsp; &nbsp; &nbsp; &nbsp; <span style="text-decoration-line: underline; background-color: yellow;">Operating Data</span><o:p></o:p></span></p>\r\n\r\n<p class="MsoNormal" style="margin-bottom:0cm;margin-bottom:.0001pt;text-align:\r\njustify;text-justify:inter-ideograph;line-height:normal"><span lang="EN-US" style="font-size: 10pt; font-family: &quot;Palatino Linotype&quot;, serif; color: black; background-image: initial; background-position: initial; background-size: initial; background-repeat: initial; background-attachment: initial; background-origin: initial; background-clip: initial;">Equipment&nbsp;&nbsp;&nbsp;&nbsp;&nbsp;&nbsp;&nbsp;&nbsp;&nbsp; &nbsp; : HCL Transfer Pump<o:p></o:p></span></p>\r\n\r\n<p class="MsoNormal" style="margin-bottom:0cm;margin-bottom:.0001pt;text-align:\r\njustify;text-justify:inter-ideograph;line-height:normal"><span lang="EN-US" style="font-size: 10pt; font-family: &quot;Palatino Linotype&quot;, serif; color: black; background-image: initial; background-position: initial; background-size: initial; background-repeat: initial; background-attachment: initial; background-origin: initial; background-clip: initial;">Make &nbsp;&nbsp;&nbsp;&nbsp;&nbsp;&nbsp;&nbsp;&nbsp;&nbsp;&nbsp;&nbsp;&nbsp;&nbsp;&nbsp;&nbsp;&nbsp;&nbsp;&nbsp;&nbsp;&nbsp;&nbsp;: Antico<o:p></o:p></span></p>\r\n\r\n<p class="MsoNormal" style="margin-bottom:0cm;margin-bottom:.0001pt;text-align:\r\njustify;text-justify:inter-ideograph;line-height:normal"><span lang="EN-US" style="font-size: 10pt; font-family: &quot;Palatino Linotype&quot;, serif; color: black; background-image: initial; background-position: initial; background-size: initial; background-repeat: initial; background-attachment: initial; background-origin: initial; background-clip: initial;">Temperature (oC) :&nbsp;&nbsp;&nbsp;&nbsp;&nbsp;&nbsp;&nbsp;&nbsp;&nbsp;&nbsp;&nbsp; Ambient<o:p></o:p></span></p>\r\n\r\n<p class="MsoNormal" style="margin-bottom:0cm;margin-bottom:.0001pt;text-align:\r\njustify;text-justify:inter-ideograph;line-height:normal"><span lang="EN-US" style="font-size: 10pt; font-family: &quot;Palatino Linotype&quot;, serif; color: black; background-image: initial; background-position: initial; background-size: initial; background-repeat: initial; background-attachment: initial; background-origin: initial; background-clip: initial;">Specific Gravity &nbsp;&nbsp;&nbsp;:&nbsp;&nbsp;&nbsp;&nbsp;&nbsp;&nbsp;&nbsp;&nbsp;&nbsp;&nbsp;&nbsp; 1<o:p></o:p></span></p>\r\n\r\n<p class="MsoNormal" style="margin-bottom:0cm;margin-bottom:.0001pt;text-align:\r\njustify;text-justify:inter-ideograph;line-height:normal"><span lang="EN-US" style="font-size: 10pt; font-family: &quot;Palatino Linotype&quot;, serif; color: black; background-image: initial; background-position: initial; background-size: initial; background-repeat: initial; background-attachment: initial; background-origin: initial; background-clip: initial;">PH&nbsp;&nbsp;&nbsp;&nbsp;&nbsp;&nbsp;&nbsp;&nbsp;&nbsp; &nbsp;&nbsp;&nbsp;&nbsp;&nbsp;&nbsp;&nbsp;&nbsp;&nbsp;&nbsp;&nbsp;&nbsp;&nbsp;&nbsp;&nbsp;&nbsp; &nbsp;: &nbsp;7<o:p></o:p></span></p>\r\n\r\n<p class="MsoNormal" style="margin-bottom:0cm;margin-bottom:.0001pt;text-align:\r\njustify;text-justify:inter-ideograph;line-height:normal"><span lang="EN-US" style="font-size: 10pt; font-family: &quot;Palatino Linotype&quot;, serif; color: black; background-image: initial; background-position: initial; background-size: initial; background-repeat: initial; background-attachment: initial; background-origin: initial; background-clip: initial;">Capacity (m3/hr) &nbsp;: 10<o:p></o:p></span></p>\r\n\r\n<p class="MsoNormal" style="margin-bottom:0cm;margin-bottom:.0001pt;text-align:\r\njustify;text-justify:inter-ideograph;line-height:normal"><span lang="EN-US" style="font-size: 10pt; font-family: &quot;Palatino Linotype&quot;, serif; color: black; background-image: initial; background-position: initial; background-size: initial; background-repeat: initial; background-attachment: initial; background-origin: initial; background-clip: initial;">Head (m)&nbsp;&nbsp;&nbsp;&nbsp;&nbsp;&nbsp;&nbsp;&nbsp;&nbsp;&nbsp;&nbsp;&nbsp;&nbsp; &nbsp;&nbsp;: 12<o:p></o:p></span></p>\r\n\r\n<p class="MsoNormal" style="margin-bottom:0cm;margin-bottom:.0001pt;text-align:\r\njustify;text-justify:inter-ideograph;line-height:normal"><span lang="EN-US" style="font-size: 10pt; font-family: &quot;Palatino Linotype&quot;, serif; color: black; background-image: initial; background-position: initial; background-size: initial; background-repeat: initial; background-attachment: initial; background-origin: initial; background-clip: initial;">Speed (rpm)&nbsp;&nbsp;&nbsp;&nbsp;&nbsp;&nbsp;&nbsp;&nbsp; &nbsp;: 1450<o:p></o:p></span></p>\r\n\r\n<p class="MsoNormal" style="margin-bottom:0cm;margin-bottom:.0001pt;text-align:\r\njustify;text-justify:inter-ideograph;line-height:normal"><span lang="EN-US" style="font-size: 10pt; font-family: &quot;Palatino Linotype&quot;, serif; color: black; background-image: initial; background-position: initial; background-size: initial; background-repeat: initial; background-attachment: initial; background-origin: initial; background-clip: initial;">Power consumed by pump (BkW)&nbsp;&nbsp;&nbsp;&nbsp;&nbsp;&nbsp;&nbsp;&nbsp;&nbsp;&nbsp;&nbsp;&nbsp;&nbsp;&nbsp; :\r\n1.4<o:p></o:p></span></p>\r\n\r\n<p class="MsoNormal" style="margin-bottom:0cm;margin-bottom:.0001pt;text-align:\r\njustify;text-justify:inter-ideograph;line-height:normal"><span lang="EN-US" style="font-size: 10pt; font-family: &quot;Palatino Linotype&quot;, serif; color: black; background-image: initial; background-position: initial; background-size: initial; background-repeat: initial; background-attachment: initial; background-origin: initial; background-clip: initial;">Recom Motor Rating ( H.P)&nbsp;&nbsp;&nbsp;&nbsp;&nbsp;&nbsp;&nbsp;&nbsp;&nbsp;&nbsp;  :\r\n3 H.P<o:p></o:p></span></p>\r\n\r\n<p class="MsoNormal" style="margin-bottom:0cm;margin-bottom:.0001pt;text-align:\r\njustify;text-justify:inter-ideograph;line-height:normal"><span lang="EN-US" style="font-size: 10pt; font-family: &quot;Palatino Linotype&quot;, serif; color: black; background-image: initial; background-position: initial; background-size: initial; background-repeat: initial; background-attachment: initial; background-origin: initial; background-clip: initial;">&nbsp;&nbsp;&nbsp;&nbsp;&nbsp;&nbsp;&nbsp;&nbsp;&nbsp;&nbsp;&nbsp;&nbsp;&nbsp;&nbsp;&nbsp;&nbsp;<span style="text-decoration-line: underline; background-color: yellow;">&nbsp;&nbsp;&nbsp;&nbsp;Design</span><o:p></o:p></span></p>\r\n\r\n<p class="MsoNormal" style="margin-bottom:0cm;margin-bottom:.0001pt;text-align:\r\njustify;text-justify:inter-ideograph;line-height:normal"><span lang="EN-US" style="font-size: 10pt; font-family: &quot;Palatino Linotype&quot;, serif; color: black; background-image: initial; background-position: initial; background-size: initial; background-repeat: initial; background-attachment: initial; background-origin: initial; background-clip: initial;">Pump Type &nbsp;&nbsp;&nbsp;&nbsp;&nbsp;&nbsp;&nbsp;&nbsp;: Centrifugal Pump<o:p></o:p></span></p>\r\n\r\n<p class="MsoNormal" style="margin-bottom:0cm;margin-bottom:.0001pt;text-align:\r\njustify;text-justify:inter-ideograph;line-height:normal"><span lang="EN-US" style="font-size: 10pt; font-family: &quot;Palatino Linotype&quot;, serif; color: black; background-image: initial; background-position: initial; background-size: initial; background-repeat: initial; background-attachment: initial; background-origin: initial; background-clip: initial;">Pump Model&nbsp;&nbsp;&nbsp;&nbsp;&nbsp;&nbsp; : NZ 50\r\n200<o:p></o:p></span></p>\r\n\r\n<p class="MsoNormal" style="margin-bottom:0cm;margin-bottom:.0001pt;text-align:\r\njustify;text-justify:inter-ideograph;line-height:normal"><span lang="EN-US" style="font-size: 10pt; font-family: &quot;Palatino Linotype&quot;, serif; color: black; background-image: initial; background-position: initial; background-size: initial; background-repeat: initial; background-attachment: initial; background-origin: initial; background-clip: initial;">Pump Suction/Delivery Size (mm): 65*50<o:p></o:p></span></p>\r\n\r\n<p class="MsoNormal" style="margin-bottom:0cm;margin-bottom:.0001pt;text-align:\r\njustify;text-justify:inter-ideograph;line-height:normal"><span lang="EN-US" style="font-size: 10pt; font-family: &quot;Palatino Linotype&quot;, serif; color: black; background-image: initial; background-position: initial; background-size: initial; background-repeat: initial; background-attachment: initial; background-origin: initial; background-clip: initial;">Shaft Sealing&nbsp;&nbsp;&nbsp;&nbsp;&nbsp;&nbsp; : Mechanical\r\nSeal<o:p></o:p></span></p>\r\n\r\n<p class="MsoNormal" style="margin-bottom:0cm;margin-bottom:.0001pt;text-align:\r\njustify;text-justify:inter-ideograph;line-height:normal"><span lang="EN-US" style="font-size: 10pt; font-family: &quot;Palatino Linotype&quot;, serif; color: black; background-image: initial; background-position: initial; background-size: initial; background-repeat: initial; background-attachment: initial; background-origin: initial; background-clip: initial;">Impeller Type&nbsp;&nbsp;&nbsp;&nbsp; : Half\r\nOpen<o:p></o:p></span></p>\r\n\r\n<p class="MsoNormal" style="margin-bottom:0cm;margin-bottom:.0001pt;text-align:\r\njustify;text-justify:inter-ideograph;line-height:normal"><span style="background-color: yellow; text-decoration-line: underline; color: black; font-family: &quot;Palatino Linotype&quot;, serif; font-size: 10pt;">Material Of Construction</span><br></p>\r\n\r\n<p class="MsoNormal" style="margin-bottom:0cm;margin-bottom:.0001pt;text-align:\r\njustify;text-justify:inter-ideograph;line-height:normal"><span lang="EN-US" style="font-size: 10pt; font-family: &quot;Palatino Linotype&quot;, serif; color: black; background-image: initial; background-position: initial; background-size: initial; background-repeat: initial; background-attachment: initial; background-origin: initial; background-clip: initial;">Volute Casing&nbsp;&nbsp;&nbsp;&nbsp; :\r\nGFRPP<o:p></o:p></span></p>\r\n\r\n<p class="MsoNormal" style="margin-bottom:0cm;margin-bottom:.0001pt;text-align:\r\njustify;text-justify:inter-ideograph;line-height:normal"><span lang="EN-US" style="font-size: 10pt; font-family: &quot;Palatino Linotype&quot;, serif; color: black; background-image: initial; background-position: initial; background-size: initial; background-repeat: initial; background-attachment: initial; background-origin: initial; background-clip: initial;">Shaft&nbsp;&nbsp;&nbsp;&nbsp;&nbsp; &nbsp;&nbsp;&nbsp; &nbsp;&nbsp;&nbsp;&nbsp;&nbsp;&nbsp;&nbsp;&nbsp;&nbsp;&nbsp;&nbsp;: SS<o:p></o:p></span></p>\r\n\r\n<p class="MsoNormal" style="margin-bottom:0cm;margin-bottom:.0001pt;text-align:\r\njustify;text-justify:inter-ideograph;line-height:normal"><span lang="EN-US" style="font-size: 10pt; font-family: &quot;Palatino Linotype&quot;, serif; color: black; background-image: initial; background-position: initial; background-size: initial; background-repeat: initial; background-attachment: initial; background-origin: initial; background-clip: initial;">Impeller&nbsp;&nbsp;&nbsp;&nbsp;&nbsp;&nbsp;&nbsp;&nbsp;&nbsp;&nbsp;&nbsp;&nbsp;&nbsp;&nbsp;&nbsp; \r\n: GFRPP<o:p></o:p></span></p>\r\n\r\n<p class="MsoNormal" style="margin-bottom:0cm;margin-bottom:.0001pt;text-align:\r\njustify;text-justify:inter-ideograph;line-height:normal"><span lang="EN-US" style="font-size: 10pt; font-family: &quot;Palatino Linotype&quot;, serif; color: black; background-image: initial; background-position: initial; background-size: initial; background-repeat: initial; background-attachment: initial; background-origin: initial; background-clip: initial;"><o:p>&nbsp;</o:p></span></p>\r\n\r\n<p class="MsoNormal" style="margin-bottom:0cm;margin-bottom:.0001pt;text-align:\r\njustify;text-justify:inter-ideograph;line-height:normal"><span lang="EN-US" style="font-size: 10pt; font-family: &quot;Palatino Linotype&quot;, serif; color: black; background-image: initial; background-position: initial; background-size: initial; background-repeat: initial; background-attachment: initial; background-origin: initial; background-clip: initial;">Scope of supply : Pump with BBL/ REMI motor, coupling,\r\ncoupling guard duly assembled on base frame.</span><span lang="EN-US" style="font-family:&quot;Palatino Linotype&quot;,&quot;serif&quot;"><o:p></o:p></span></p>', 1, '49500.00', '49500.00', 0),
(195, 67, 787, '<p>SS Impeller for KGEN 14 8 G1&nbsp;</p>', 1, '6870.00', '6870.00', 0),
(196, 67, 768, '<p>SS shaft for KGEN 14 8 G1</p>', 1, '3722.00', '3722.00', 0),
(198, 68, 958, '<p>Pump Model:- WP 05D/35</p><p>Head:10-22 Mtrs</p><p>Capacity : 10 m3/hr @ 20 Mtrs</p><p>Outlet : 80 mm</p><p>Solid Size Handling : 35 mm</p><p>Motor Power : 5 HP /2900 RPM</p><p>Price for Pump with 10 Mtrs Cable</p>', 1, '49500.00', '49500.00', 0),
(211, 69, 1205, '<h5 style="margin: 0cm 0cm 0.0001pt 1pt; text-indent: 2.75pt; line-height: 1;"><span style="font-size:12.0pt;line-height:87%;font-family:\r\n&quot;Times New Roman&quot;,&quot;serif&quot;">IMPELLER P-8 CL-120MM/16-120 HP PUMP</span></h5>', 3, '98523.00', '295569.00', 4),
(212, 69, 1199, '<p class="MsoNormal" style="margin-top:0cm;margin-right:0cm;margin-bottom:0cm;\r\nmargin-left:1.0pt;margin-bottom:.0001pt;text-indent:2.75pt;line-height:87%;\r\nmso-pagination:none;mso-layout-grid-align:none;punctuation-wrap:simple;\r\ntext-autospace:none"><span style="font-size:12.0pt;line-height:87%;font-family:\r\n&quot;Times New Roman&quot;,&quot;serif&quot;">IMPELLER P-8 CL-25J/16-25 HP DARLING<o:p></o:p></span></p>', 2, '46613.00', '93226.00', 4),
(213, 69, 1198, '<p class="MsoNormal" style="margin-top:0cm;margin-right:0cm;margin-bottom:0cm;\r\nmargin-left:1.0pt;margin-bottom:.0001pt;text-indent:2.75pt;line-height:87%;\r\nmso-pagination:none;mso-layout-grid-align:none;punctuation-wrap:simple;\r\ntext-autospace:none"><span style="font-size:12.0pt;line-height:87%;font-family:\r\n&quot;Times New Roman&quot;,&quot;serif&quot;">PLATE SUCTION P-06A CL-120MM/16 120 HP PUMP<o:p></o:p></span></p>', 1, '65295.00', '65295.00', 4),
(214, 69, 1202, '<p class="MsoNormal" style="margin-top:0cm;margin-right:0cm;margin-bottom:0cm;\r\nmargin-left:1.0pt;margin-bottom:.0001pt;text-indent:2.75pt;line-height:87%;\r\nmso-pagination:none;mso-layout-grid-align:none;punctuation-wrap:simple;\r\ntext-autospace:none"><span style="font-size:12.0pt;line-height:87%;font-family:\r\n&quot;Times New Roman&quot;,&quot;serif&quot;">CASING CL-120-16 FOR DARLING PUMP<o:p></o:p></span></p>', 1, '199840.00', '199840.00', 4),
(215, 69, 1200, '<p class="MsoNormal" style="margin-top:0cm;margin-right:0cm;margin-bottom:0cm;\r\nmargin-left:1.0pt;margin-bottom:.0001pt;text-indent:2.75pt;line-height:87%;\r\nmso-pagination:none;mso-layout-grid-align:none;punctuation-wrap:simple;\r\ntext-autospace:none"><span style="font-size:12.0pt;line-height:87%;font-family:\r\n&quot;Times New Roman&quot;,&quot;serif&quot;">CASING CL-25J-16 FOR DARLING PUMP<o:p></o:p></span></p>', 1, '113100.00', '113100.00', 4),
(216, 69, 1201, '<p class="MsoNormal" style="margin-top:0cm;margin-right:0cm;margin-bottom:0cm;\r\nmargin-left:1.0pt;margin-bottom:.0001pt;text-indent:2.75pt;line-height:87%;\r\nmso-pagination:none;mso-layout-grid-align:none;punctuation-wrap:simple;\r\ntext-autospace:none"><span style="font-size:12.0pt;line-height:87%;font-family:\r\n&quot;Times New Roman&quot;,&quot;serif&quot;">CASING CL-30J-16 FOR DARLING PUMP<o:p></o:p></span></p>', 1, '121800.00', '121800.00', 4),
(217, 70, 1174, '<p>Locating Flange MOC HYLEM&nbsp;<span style="background-color: transparent;">(PART no. 70422921)</span></p>', 2, '3000.00', '6000.00', 0),
(218, 70, 1174, '<p>Locating Flange MOC FRP (PART no.&nbsp;70422926)</p>', 2, '2500.00', '5000.00', 0),
(219, 70, 1194, '<p>Gland Pusher for Metal Sleeve (Part No.72401052) MOC -SS 316<br></p>', 2, '2900.00', '5800.00', 0),
(225, 71, 938, '<p class="MsoNormal" style="margin-top:0cm;margin-right:0cm;margin-bottom:0cm;\r\nmargin-left:1.0pt;margin-bottom:.0001pt;text-indent:2.75pt;line-height:87%;\r\nmso-pagination:none;mso-layout-grid-align:none;punctuation-wrap:simple;\r\ntext-autospace:none"><span style="font-size:12.0pt;line-height:87%;font-family:\r\n&quot;Times New Roman&quot;,&quot;serif&quot;">Johnson CombiNorm Pump&nbsp;<o:p></o:p></span></p>\r\n\r\n<p class="MsoNormal" style="margin-top:0cm;margin-right:0cm;margin-bottom:0cm;\r\nmargin-left:1.0pt;margin-bottom:.0001pt;text-indent:2.75pt;line-height:87%;\r\nmso-pagination:none;mso-layout-grid-align:none;punctuation-wrap:simple;\r\ntext-autospace:none"><span style="font-size:12.0pt;line-height:87%;font-family:\r\n&quot;Times New Roman&quot;,&quot;serif&quot;">Pump Model&nbsp;&nbsp;&nbsp;\r\n:CN 40-160&nbsp;&nbsp;&nbsp;&nbsp; <o:p></o:p></span></p>\r\n\r\n<p class="MsoNormal" style="margin-top:0cm;margin-right:0cm;margin-bottom:0cm;\r\nmargin-left:1.0pt;margin-bottom:.0001pt;text-indent:2.75pt;line-height:87%;\r\nmso-pagination:none;mso-layout-grid-align:none;punctuation-wrap:simple;\r\ntext-autospace:none"><span style="font-size:12.0pt;line-height:87%;font-family:\r\n&quot;Times New Roman&quot;,&quot;serif&quot;">Type&nbsp;&nbsp;&nbsp;&nbsp;&nbsp;&nbsp;&nbsp;&nbsp;&nbsp;&nbsp;&nbsp;&nbsp;&nbsp;&nbsp;&nbsp;&nbsp;\r\n: Centrifugal Pump&nbsp;&nbsp; &nbsp; &nbsp; &nbsp; &nbsp; &nbsp; &nbsp; &nbsp; &nbsp; &nbsp; &nbsp;&nbsp;<o:p></o:p></span></p>\r\n\r\n<p class="MsoNormal" style="margin-top:0cm;margin-right:0cm;margin-bottom:0cm;\r\nmargin-left:1.0pt;margin-bottom:.0001pt;text-indent:2.75pt;line-height:87%;\r\nmso-pagination:none;mso-layout-grid-align:none;punctuation-wrap:simple;\r\ntext-autospace:none"><span style="font-size:12.0pt;line-height:87%;font-family:\r\n&quot;Times New Roman&quot;,&quot;serif&quot;">Application&nbsp;&nbsp;&nbsp;&nbsp;&nbsp;\r\n: Transfer &nbsp; &nbsp; &nbsp; &nbsp; &nbsp; &nbsp; &nbsp;&nbsp;<o:p></o:p></span></p>\r\n\r\n<p class="MsoNormal" style="margin-top:0cm;margin-right:0cm;margin-bottom:0cm;\r\nmargin-left:1.0pt;margin-bottom:.0001pt;text-indent:2.75pt;line-height:87%;\r\nmso-pagination:none;mso-layout-grid-align:none;punctuation-wrap:simple;\r\ntext-autospace:none"><span style="font-size:12.0pt;line-height:87%;font-family:\r\n&quot;Times New Roman&quot;,&quot;serif&quot;">Liquid&nbsp;&nbsp;&nbsp;&nbsp;&nbsp;&nbsp;&nbsp;&nbsp;&nbsp;&nbsp;&nbsp;&nbsp;&nbsp;\r\n: Clear Water </span><span style="background-color: transparent; font-family: &quot;Times New Roman&quot;, serif; font-size: 12pt; text-indent: 2.75pt;">&nbsp; &nbsp; &nbsp; &nbsp; &nbsp; &nbsp; &nbsp; &nbsp; &nbsp; &nbsp; &nbsp; &nbsp; &nbsp; &nbsp; &nbsp; &nbsp; &nbsp;&nbsp;</span></p>\r\n\r\n<p class="MsoNormal" style="margin-top:0cm;margin-right:0cm;margin-bottom:0cm;\r\nmargin-left:1.0pt;margin-bottom:.0001pt;text-indent:2.75pt;line-height:87%;\r\nmso-pagination:none;mso-layout-grid-align:none;punctuation-wrap:simple;\r\ntext-autospace:none"><span style="font-size:12.0pt;line-height:87%;font-family:\r\n&quot;Times New Roman&quot;,&quot;serif&quot;">Temperature&nbsp;&nbsp;&nbsp;\r\n: Ambient<o:p></o:p></span></p>\r\n\r\n<p class="MsoNormal" style="margin-top:0cm;margin-right:0cm;margin-bottom:0cm;\r\nmargin-left:1.0pt;margin-bottom:.0001pt;text-indent:2.75pt;line-height:87%;\r\nmso-pagination:none;mso-layout-grid-align:none;punctuation-wrap:simple;\r\ntext-autospace:none"><span style="font-size:12.0pt;line-height:87%;font-family:\r\n&quot;Times New Roman&quot;,&quot;serif&quot;">S.G /PH&nbsp;&nbsp;&nbsp;&nbsp;&nbsp;&nbsp;&nbsp;&nbsp;&nbsp;&nbsp;\r\n:&nbsp; 1 /7 &nbsp; &nbsp; &nbsp; &nbsp; &nbsp; &nbsp; &nbsp; &nbsp; &nbsp; &nbsp; &nbsp; &nbsp; &nbsp; &nbsp; &nbsp; &nbsp; &nbsp; &nbsp; &nbsp; &nbsp; &nbsp; &nbsp; &nbsp; &nbsp; &nbsp; &nbsp; &nbsp; &nbsp;&nbsp;<o:p></o:p></span></p>\r\n\r\n<p class="MsoNormal" style="margin-top:0cm;margin-right:0cm;margin-bottom:0cm;\r\nmargin-left:1.0pt;margin-bottom:.0001pt;text-indent:2.75pt;line-height:87%;\r\nmso-pagination:none;mso-layout-grid-align:none;punctuation-wrap:simple;\r\ntext-autospace:none"><span style="font-size:12.0pt;line-height:87%;font-family:\r\n&quot;Times New Roman&quot;,&quot;serif&quot;">Capacity&nbsp;&nbsp;&nbsp;&nbsp;&nbsp;&nbsp;&nbsp;&nbsp;&nbsp;\r\n:&nbsp; 40 m3/h &nbsp; &nbsp; &nbsp; &nbsp; &nbsp; &nbsp; &nbsp; &nbsp; &nbsp; &nbsp; &nbsp; &nbsp; &nbsp; &nbsp; &nbsp; &nbsp; &nbsp; &nbsp; &nbsp; &nbsp; &nbsp; &nbsp; &nbsp; &nbsp; &nbsp; &nbsp;<o:p></o:p></span></p>\r\n\r\n<p class="MsoNormal" style="margin-top:0cm;margin-right:0cm;margin-bottom:0cm;\r\nmargin-left:1.0pt;margin-bottom:.0001pt;text-indent:2.75pt;line-height:87%;\r\nmso-pagination:none;mso-layout-grid-align:none;punctuation-wrap:simple;\r\ntext-autospace:none"><span style="font-size:12.0pt;line-height:87%;font-family:\r\n&quot;Times New Roman&quot;,&quot;serif&quot;">Head&nbsp;&nbsp;&nbsp;&nbsp;&nbsp;&nbsp;&nbsp;&nbsp;&nbsp;&nbsp;&nbsp;&nbsp;&nbsp;&nbsp;&nbsp;\r\n:&nbsp; 30 mtr &nbsp; &nbsp; &nbsp; &nbsp; &nbsp; &nbsp; &nbsp; &nbsp; &nbsp; &nbsp; &nbsp; &nbsp; &nbsp; &nbsp; &nbsp; &nbsp; &nbsp; &nbsp;<o:p></o:p></span></p>\r\n\r\n<p class="MsoNormal" style="margin-top:0cm;margin-right:0cm;margin-bottom:0cm;\r\nmargin-left:1.0pt;margin-bottom:.0001pt;text-indent:2.75pt;line-height:87%;\r\nmso-pagination:none;mso-layout-grid-align:none;punctuation-wrap:simple;\r\ntext-autospace:none"><span style="font-size:12.0pt;line-height:87%;font-family:\r\n&quot;Times New Roman&quot;,&quot;serif&quot;">Casing&nbsp;&nbsp;&nbsp;&nbsp;&nbsp;&nbsp;&nbsp;&nbsp;&nbsp;&nbsp;&nbsp;&nbsp;\r\n: CI&nbsp;&nbsp;&nbsp;&nbsp;&nbsp;&nbsp;&nbsp;&nbsp;&nbsp;&nbsp;&nbsp;&nbsp;&nbsp;&nbsp;&nbsp;&nbsp;&nbsp;&nbsp;&nbsp;&nbsp;&nbsp;&nbsp;&nbsp;&nbsp;&nbsp;&nbsp;&nbsp;&nbsp;&nbsp;&nbsp;&nbsp;&nbsp;&nbsp;&nbsp;&nbsp;&nbsp;&nbsp;&nbsp;&nbsp;&nbsp;&nbsp;&nbsp;&nbsp;&nbsp;&nbsp;&nbsp;&nbsp;&nbsp;&nbsp;&nbsp;&nbsp;&nbsp;&nbsp;&nbsp;&nbsp;&nbsp;&nbsp;&nbsp;&nbsp;&nbsp;&nbsp;&nbsp;&nbsp;&nbsp;&nbsp;&nbsp;&nbsp;&nbsp;&nbsp;&nbsp;&nbsp;&nbsp;&nbsp;&nbsp;\r\n<o:p></o:p></span></p>\r\n\r\n<p class="MsoNormal" style="margin-top:0cm;margin-right:0cm;margin-bottom:0cm;\r\nmargin-left:1.0pt;margin-bottom:.0001pt;text-indent:2.75pt;line-height:87%;\r\nmso-pagination:none;mso-layout-grid-align:none;punctuation-wrap:simple;\r\ntext-autospace:none"><span style="font-size:12.0pt;line-height:87%;font-family:\r\n&quot;Times New Roman&quot;,&quot;serif&quot;">Impeller&nbsp;&nbsp;&nbsp;&nbsp;&nbsp;&nbsp;&nbsp;&nbsp;&nbsp;\r\n:&nbsp; CI &nbsp;&nbsp;<o:p></o:p></span></p>\r\n\r\n<p class="MsoNormal" style="margin-top:0cm;margin-right:0cm;margin-bottom:0cm;\r\nmargin-left:1.0pt;margin-bottom:.0001pt;text-indent:2.75pt;line-height:87%;\r\nmso-pagination:none;mso-layout-grid-align:none;punctuation-wrap:simple;\r\ntext-autospace:none"><span style="font-size:12.0pt;line-height:87%;font-family:\r\n&quot;Times New Roman&quot;,&quot;serif&quot;">Efficiency&nbsp;&nbsp;&nbsp;&nbsp;&nbsp;&nbsp;\r\n:&nbsp; 69% &nbsp;<o:p></o:p></span></p>\r\n\r\n<p class="MsoNormal" style="margin-top:0cm;margin-right:0cm;margin-bottom:0cm;\r\nmargin-left:1.0pt;margin-bottom:.0001pt;text-indent:2.75pt;line-height:87%;\r\nmso-pagination:none;mso-layout-grid-align:none;punctuation-wrap:simple;\r\ntext-autospace:none"><span style="font-size:12.0pt;line-height:87%;font-family:\r\n&quot;Times New Roman&quot;,&quot;serif&quot;">Sealing&nbsp;&nbsp;&nbsp;&nbsp;&nbsp;&nbsp;&nbsp;&nbsp;&nbsp;&nbsp;\r\n:&nbsp; Gland Packing &nbsp; &nbsp; &nbsp; &nbsp; &nbsp; &nbsp; &nbsp; &nbsp; &nbsp; &nbsp; &nbsp; &nbsp; &nbsp; &nbsp; &nbsp; &nbsp; &nbsp; &nbsp; &nbsp; &nbsp; &nbsp;&nbsp;<o:p></o:p></span></p>\r\n\r\n<p class="MsoNormal" style="margin-top:0cm;margin-right:0cm;margin-bottom:0cm;\r\nmargin-left:1.0pt;margin-bottom:.0001pt;text-indent:2.75pt;line-height:87%;\r\nmso-pagination:none;mso-layout-grid-align:none;punctuation-wrap:simple;\r\ntext-autospace:none"><span style="font-size:12.0pt;line-height:87%;font-family:\r\n&quot;Times New Roman&quot;,&quot;serif&quot;">Suc* Dis&nbsp;&nbsp;&nbsp;&nbsp;&nbsp;&nbsp;&nbsp;&nbsp;\r\n: 65 *40 MM &nbsp; &nbsp; &nbsp;</span></p><p class="MsoNormal" style="margin-top:0cm;margin-right:0cm;margin-bottom:0cm;\r\nmargin-left:1.0pt;margin-bottom:.0001pt;text-indent:2.75pt;line-height:87%;\r\nmso-pagination:none;mso-layout-grid-align:none;punctuation-wrap:simple;\r\ntext-autospace:none"><span style="font-family: &quot;Times New Roman&quot;, serif; font-size: 12pt; text-indent: 2.75pt; background-color: transparent;">Recom Motor : 7.5 HP/2900 RPM</span></p>\r\n\r\n<p class="MsoNormal" style="margin-top:0cm;margin-right:0cm;margin-bottom:0cm;\r\nmargin-left:1.0pt;margin-bottom:.0001pt;text-indent:2.75pt;line-height:87%;\r\nmso-pagination:none;mso-layout-grid-align:none;punctuation-wrap:simple;\r\ntext-autospace:none"><span style="font-size:12.0pt;line-height:87%;font-family:\r\n&quot;Times New Roman&quot;,&quot;serif&quot;">&nbsp;&nbsp;&nbsp;&nbsp;&nbsp;&nbsp;&nbsp;&nbsp;&nbsp;&nbsp;&nbsp;&nbsp;&nbsp;&nbsp;&nbsp;&nbsp;&nbsp;&nbsp;&nbsp;&nbsp;&nbsp;&nbsp;&nbsp;&nbsp;&nbsp;&nbsp;&nbsp;&nbsp;&nbsp;&nbsp;&nbsp;&nbsp;&nbsp;&nbsp;&nbsp;&nbsp;&nbsp;&nbsp;&nbsp;&nbsp;&nbsp;&nbsp;&nbsp;&nbsp;&nbsp;&nbsp;&nbsp;&nbsp;&nbsp;&nbsp;&nbsp;&nbsp;&nbsp;&nbsp;&nbsp;&nbsp;&nbsp;\r\n<o:p></o:p></span></p>\r\n\r\n<p class="MsoNormal" style="margin-top:0cm;margin-right:0cm;margin-bottom:0cm;\r\nmargin-left:1.0pt;margin-bottom:.0001pt;text-indent:2.75pt;line-height:87%;\r\nmso-pagination:none;mso-layout-grid-align:none;punctuation-wrap:simple;\r\ntext-autospace:none"><span style="font-size:12.0pt;line-height:87%;font-family:\r\n&quot;Times New Roman&quot;,&quot;serif&quot;">Scope&nbsp; of\r\nsupply with Motor, Coupling, Coupling guard duly assembled on MS Base\r\nframe.&nbsp; &nbsp;&nbsp;<o:p></o:p></span></p>', 1, '42000.00', '42000.00', 0),
(226, 72, 628, '<p><span lang="EN-IN">TUSHACO Make Shuttle Block Pump </span></p><p><span lang="EN-IN">MOC-CI horizontal foot \r\nmounted Construction with gland packaging arrangement&nbsp;<o:p></o:p></span><br></p>', 1, '25700.00', '25700.00', 0),
(227, 73, 1193, '<p>Mechanical Seal for CCR 32 160 R6 S2 L3</p><p>Complete Seal Kit ( Seal with Gland Plate and Shaft Sleeve)<br></p>', 3, '13490.00', '40470.00', 0),
(228, 73, 1193, '<p>Mechanical Seal for CCR 40 160 R6 S2 L3&nbsp;</p><p>Complete Seal Kit ( Seal with Gland Plate and Shaft Sleeve)</p>', 3, '13490.00', '40470.00', 0),
(230, 74, 982, '<h5 style="margin-bottom:0cm;margin-bottom:.0001pt;line-height:\r\nnormal"><span lang="EN-US" style="font-family: &quot;Palatino Linotype&quot;, serif; color: black;">Pump Type : Electronic Dosing Pump<br></span><span lang="EN-US" style="font-family: &quot;Palatino Linotype&quot;, serif; color: black;">Dosing Pump Model:- ED-01<br></span><span lang="EN-US" style="font-family: &quot;Palatino Linotype&quot;, serif; color: black;">Liquid : HCL 33% , Anti Scalent SMBS &nbsp;or Light Acid<br></span><span lang="EN-US" style="font-family: &quot;Palatino Linotype&quot;, serif; color: black;">Capacity: 0-6 LPH &nbsp; &nbsp; &nbsp; &nbsp; &nbsp;&nbsp;</span><span style="color: black; font-family: &quot;Palatino Linotype&quot;, serif; background-color: transparent;">Pressure: 0-4 Kg / cm2<br></span><span lang="EN-US" style="font-family: &quot;Palatino Linotype&quot;, serif; color: black;">Suction Discharge :  X <br></span><span lang="EN-US" style="font-family: &quot;Palatino Linotype&quot;, serif; color: black;"><span style="text-decoration-line: underline; font-weight: bold;">MOC</span><br></span><span lang="EN-US" style="font-family: &quot;Palatino Linotype&quot;, serif; color: black;">Liquid End :PP<br></span><span style="font-family: &quot;Palatino Linotype&quot;, serif;">Diaphragm : PTFE<br></span><span style="font-family: &quot;Palatino Linotype&quot;, serif;">NRV : PP&nbsp;<br></span><span style="font-family: &quot;Palatino Linotype&quot;, serif; background-color: transparent;">Scope of Supply: Bare Pump</span></h5><p class="MsoNormal" style="margin-bottom:0cm;margin-bottom:.0001pt;line-height:\r\nnormal"><span lang="EN-US" style="font-family:&quot;Palatino Linotype&quot;,&quot;serif&quot;;\r\nmso-fareast-font-family:&quot;Times New Roman&quot;;mso-bidi-font-family:Calibri;\r\ncolor:black;mso-ansi-language:EN-US"><o:p></o:p></span></p>', 1, '9500.00', '9500.00', 0),
(243, 75, 1224, '<p></p><p class="MsoNormal" style="text-align: justify; line-height: 1.2;"><span style="text-decoration: underline;"><span style="font-weight: bold;">"DARLING" MakeSubmersible Openwell Pump</span></span></p><table class="table table-bordered"><tbody><tr><td>Application&nbsp;<br></td><td>: Transfer<br></td></tr><tr><td>Type<br></td><td>: Open well Pump<br></td></tr><tr><td>Model<br></td><td>: M 30140<br></td></tr><tr><td>No. of Stages<br></td><td>: 4<br></td></tr><tr><td>Liquid<br></td><td>: Clear Water<br></td></tr><tr><td>SG/PH<br></td><td>: 1 / 7<br></td></tr><tr><td>Temp<br></td><td>: Ambient<br></td></tr><tr><td>Head<br></td><td>: 108 m<br></td></tr><tr><td>Capacity<br></td><td>: 36 m3/hr<br></td></tr><tr><td>Outlet<br></td><td><p>: 80 mm</p></td></tr><tr><td>Min. Submergence<br></td><td>: 595 mm<br></td></tr><tr><td>Impeller type<br></td><td>: Closed<br></td></tr><tr><td>Casing/Impeller<br></td><td>: CI-FG-200<br></td></tr><tr><td>Shaft/Shaft Sleeve<br></td><td>: EN8<br></td></tr><tr><td>Motor Power<br></td><td>: 30 HP / 2900 RPM<br></td></tr></tbody></table><p class="MsoNormal" style="text-align: justify; line-height: 1.2;"><span style="background-color: transparent;"><br></span></p><p class="MsoNormal" style="text-align: justify; line-height: 1.2;"><o:p></o:p></p><p class="MsoNormal" style="text-align: justify; line-height: 1.2;">Scope of Supply Pump set with 5 meterscable</p><p></p>', 5, '121550.00', '607750.00', 0),
(248, 78, 982, '<p class="MsoBodyText3" style="margin: 0in 0in 0pt; line-height: 1.6;"><u>&nbsp;Description&nbsp;&nbsp;&nbsp; : Electronic Diaphragm Dosing \r\nPump</u></p><p class="MsoBodyText3" style="margin: 0in 0in 0pt; line-height: 1.6;">Model&nbsp;&nbsp;&nbsp;&nbsp;&nbsp;&nbsp;&nbsp;&nbsp;&nbsp;&nbsp;&nbsp;&nbsp;&nbsp;&nbsp;&nbsp;&nbsp;&nbsp;&nbsp;&nbsp;&nbsp; : ED 01</p><p class="MsoBodyText3" style="margin: 0in 0in 0pt; line-height: 1.6;">Capacity &nbsp; &nbsp; &nbsp; &nbsp; &nbsp; &nbsp; &nbsp; &nbsp;: 6 to 0 LPH</p><p class="MsoBodyText3" style="margin: 0in 0in 0pt; line-height: 1.6;">Pressure &nbsp; &nbsp; &nbsp; &nbsp; &nbsp; &nbsp; &nbsp; &nbsp;: 0 to 4 \r\nkg/cm2</p><p class="MsoBodyText3" style="margin: 0in 0in 0pt; line-height: 1.6;">Suc*Dis &nbsp; &nbsp; &nbsp; &nbsp; &nbsp; &nbsp; &nbsp; &nbsp; &nbsp;:  * </p><p class="MsoBodyText3" style="margin: 0in 0in 0pt; line-height: 1.6;">MOC &nbsp; &nbsp; &nbsp; &nbsp; &nbsp; &nbsp; &nbsp; &nbsp; &nbsp; &nbsp; &nbsp; : Liquid end: \r\nPP</p><p class="MsoBodyText3" style="margin: 0in 0in 0pt; line-height: 1.6;">&nbsp; &nbsp; &nbsp; &nbsp; &nbsp; &nbsp; &nbsp; &nbsp; &nbsp; &nbsp; &nbsp; &nbsp; &nbsp; &nbsp; &nbsp; &nbsp; &nbsp; &nbsp; &nbsp;Diaphragm: \r\nPP</p><p class="MsoBodyText3" style="margin: 0in 0in 0pt; line-height: 1.6;">&nbsp; &nbsp; &nbsp; &nbsp; &nbsp; &nbsp; &nbsp; &nbsp; &nbsp; &nbsp; &nbsp; &nbsp; &nbsp; &nbsp; &nbsp; &nbsp; &nbsp; &nbsp; &nbsp;NRV: \r\nPP</p><p class="MsoBodyText3" style="margin: 0in 0in 0pt; line-height: 1.6;">Drive &nbsp; &nbsp; &nbsp; &nbsp; &nbsp; &nbsp; &nbsp; &nbsp; &nbsp; &nbsp; &nbsp; : Single phase 230 V, \r\n50 hz</p><p style="line-height: 1.6;">\r\n\r\n\r\n\r\n\r\n\r\n\r\n\r\n\r\n</p><p class="MsoBodyText3" style="margin: 0in 0in 0pt; line-height: 1.6;">Liquid &nbsp; &nbsp; &nbsp; &nbsp; &nbsp; &nbsp; &nbsp; &nbsp; &nbsp; &nbsp; : Light Acid</p>', 6, '7800.00', '46800.00', 0),
(254, 77, 1231, '<p style="line-height: 2;"><span style="font-weight: bold; text-decoration-line: underline;">Your Item Code : 300201G90</span></p><p style="line-height: 2;"><span style="font-weight: bold;">JOHNSON make Multistage Pump&nbsp;<span style="background-color: transparent;">Model : MCH 14 A*5&nbsp;</span></span></p><p style="line-height: 2;"><span style="background-color: transparent;">Scope of Supply : Bare Pump</span><br></p>', 1, '31825.00', '31825.00', 0),
(263, 80, 1237, '<p><span style="font-weight: bold; text-decoration-line: underline;">Minor KGEN Repair Kit consist of:</span></p><p><span style="font-weight: bold;">Part &nbsp; &nbsp; &nbsp; &nbsp; &nbsp; &nbsp; &nbsp; &nbsp; &nbsp; &nbsp; &nbsp; &nbsp; &nbsp; &nbsp; &nbsp; &nbsp; &nbsp; &nbsp; &nbsp; &nbsp; Part &nbsp;No.</span></p><p>Gasket &nbsp; &nbsp; &nbsp; &nbsp; &nbsp; &nbsp; &nbsp; &nbsp; &nbsp; &nbsp; &nbsp; &nbsp; &nbsp; &nbsp; &nbsp; &nbsp; &nbsp; &nbsp; &nbsp; &nbsp; 0240, 0250, 0650</p><p>Bearing &nbsp; &nbsp; &nbsp; &nbsp; &nbsp; &nbsp; &nbsp; &nbsp; &nbsp; &nbsp; &nbsp; &nbsp; &nbsp; &nbsp; &nbsp; &nbsp; &nbsp; &nbsp; &nbsp; &nbsp;1170, 1180</p><p>Oil Seal &nbsp; &nbsp; &nbsp; &nbsp; &nbsp; &nbsp; &nbsp; &nbsp; &nbsp; &nbsp; &nbsp; &nbsp; &nbsp; &nbsp; &nbsp; &nbsp; &nbsp; &nbsp; &nbsp; &nbsp; 1150</p><p>Allen Bolt &nbsp; &nbsp; &nbsp; &nbsp; &nbsp; &nbsp; &nbsp; &nbsp; &nbsp; &nbsp; &nbsp; &nbsp; &nbsp; &nbsp; &nbsp; &nbsp; &nbsp; &nbsp; 0520</p><p>Impeller Key &nbsp; &nbsp; &nbsp; &nbsp; &nbsp; &nbsp; &nbsp; &nbsp; &nbsp; &nbsp; &nbsp; &nbsp; &nbsp; &nbsp; &nbsp; 05 50</p><p>Washer &nbsp; &nbsp; &nbsp; &nbsp; &nbsp; &nbsp; &nbsp; &nbsp; &nbsp; &nbsp; &nbsp; &nbsp; &nbsp; &nbsp; &nbsp; &nbsp; &nbsp; &nbsp; &nbsp; &nbsp; &nbsp;0230</p><p>Plug &nbsp; &nbsp; &nbsp; &nbsp; &nbsp; &nbsp; &nbsp; &nbsp; &nbsp; &nbsp; &nbsp; &nbsp; &nbsp; &nbsp; &nbsp; &nbsp; &nbsp; &nbsp; &nbsp; &nbsp; &nbsp; &nbsp; &nbsp; &nbsp; 0620</p><p>Circlip Internal &nbsp; &nbsp; &nbsp; &nbsp; &nbsp; &nbsp; &nbsp; &nbsp; &nbsp; &nbsp; &nbsp; &nbsp; 1100</p><p>Circlip External &nbsp; &nbsp; &nbsp; &nbsp; &nbsp; &nbsp; &nbsp; &nbsp; &nbsp; &nbsp; &nbsp; &nbsp;1110</p><p>Adjusting Ring &nbsp; &nbsp; &nbsp; &nbsp; &nbsp; &nbsp; &nbsp; &nbsp; &nbsp; &nbsp; &nbsp; &nbsp; &nbsp; 0220&nbsp;</p>', 1, '2210.00', '2210.00', 0),
(264, 80, 772, '<p>CI Impeller &nbsp; &nbsp; &nbsp; &nbsp; &nbsp; &nbsp; &nbsp; &nbsp; &nbsp; &nbsp; &nbsp; &nbsp; &nbsp; &nbsp; &nbsp; &nbsp; &nbsp;0120&nbsp;</p>', 1, '1560.00', '1560.00', 0),
(265, 80, 756, '<p>Mechanical Seal Std &nbsp; &nbsp; &nbsp; &nbsp; &nbsp; &nbsp; &nbsp;0310</p>', 1, '3840.00', '3840.00', 0),
(266, 80, 768, '<p>Pump Shaft &nbsp;SS &nbsp; &nbsp; &nbsp; &nbsp; &nbsp; &nbsp; &nbsp; &nbsp; &nbsp; &nbsp; &nbsp; &nbsp; &nbsp;1050&nbsp;</p>', 1, '6375.00', '6375.00', 0),
(267, 80, 749, '<p>Bearing Cover &nbsp; &nbsp; &nbsp; &nbsp; &nbsp; &nbsp; &nbsp; &nbsp; &nbsp; &nbsp; &nbsp; &nbsp;1060</p>', 1, '159.00', '159.00', 0),
(268, 80, 764, '<p>Valve Assembly &nbsp; &nbsp; &nbsp; &nbsp; &nbsp; &nbsp; &nbsp; &nbsp; &nbsp; &nbsp;0210</p>', 1, '582.00', '582.00', 0),
(269, 79, 982, '<p class="MsoBodyText3" style="margin: 0in 0in 0pt;"><span style="background-color: transparent;">Item Description&nbsp;&nbsp;&nbsp; : Electronic &nbsp;Dosing Pump</span><br></p><p class="MsoBodyText3" style="margin: 0in 0in 0pt;"><font linotype?="">Model&nbsp;&nbsp;&nbsp;&nbsp;&nbsp;&nbsp;&nbsp;&nbsp;&nbsp;&nbsp;&nbsp;&nbsp;&nbsp;&nbsp;&nbsp;&nbsp;&nbsp;&nbsp;&nbsp;&nbsp; &nbsp;&nbsp;&nbsp;&nbsp;&nbsp;&nbsp;: &nbsp;ED- 01</font></p><p class="MsoBodyText3" style="margin: 0in 0in 0pt;"><font linotype?="">Capacity&nbsp;&nbsp;&nbsp;&nbsp;&nbsp;&nbsp;&nbsp;&nbsp;&nbsp;&nbsp;&nbsp;&nbsp;&nbsp;&nbsp;&nbsp;&nbsp; &nbsp; &nbsp; &nbsp;: 0 to 6 LPH</font></p><p class="MsoBodyText3" style="margin: 0in 0in 0pt;"><font linotype?="">Pressure&nbsp;&nbsp;&nbsp;&nbsp;&nbsp;&nbsp;&nbsp;&nbsp;&nbsp;&nbsp;&nbsp;&nbsp;&nbsp;&nbsp;&nbsp;&nbsp;&nbsp; &nbsp;&nbsp;&nbsp;&nbsp;: 0 to 4 kg/cm2</font></p><p class="MsoBodyText3" style="margin: 0in 0in 0pt;"><font linotype?="">Suc*Dis&nbsp;&nbsp;&nbsp;&nbsp;&nbsp;&nbsp;&nbsp;&nbsp;&nbsp;&nbsp;&nbsp;&nbsp;&nbsp;&nbsp;&nbsp;&nbsp;&nbsp;&nbsp; &nbsp; &nbsp; &nbsp;:  * </font></p><p class="MsoBodyText3" style="margin: 0in 0in 0pt;"><font linotype?="">MOC&nbsp;&nbsp;&nbsp;&nbsp;&nbsp;&nbsp;&nbsp;&nbsp;&nbsp;&nbsp;&nbsp;&nbsp;&nbsp;&nbsp;&nbsp;&nbsp;&nbsp;&nbsp;&nbsp;&nbsp;&nbsp; &nbsp;&nbsp;&nbsp;&nbsp;&nbsp; &nbsp;: Liquid end: PP</font></p><p class="MsoBodyText3" style="margin: 0in 0in 0pt;"><font linotype?="">&nbsp; &nbsp; &nbsp; &nbsp; &nbsp; &nbsp; &nbsp; &nbsp; &nbsp; &nbsp; &nbsp; &nbsp; &nbsp; &nbsp; &nbsp; &nbsp; &nbsp; &nbsp; &nbsp; &nbsp; &nbsp; &nbsp;Diaphragm: PP</font></p><p class="MsoBodyText3" style="margin: 0in 0in 0pt;"><font linotype?="">&nbsp; &nbsp; &nbsp; &nbsp; &nbsp; &nbsp; &nbsp; &nbsp; &nbsp; &nbsp; &nbsp; &nbsp; &nbsp; &nbsp; &nbsp; &nbsp; &nbsp; &nbsp; &nbsp; &nbsp; &nbsp; &nbsp;NRV: PP</font></p><p class="MsoBodyText3" style="margin: 0in 0in 0pt;"><font linotype?="">Drive&nbsp;&nbsp;&nbsp;&nbsp;&nbsp;&nbsp;&nbsp;&nbsp;&nbsp;&nbsp;&nbsp;&nbsp;&nbsp;&nbsp;&nbsp;&nbsp;&nbsp;&nbsp;&nbsp;&nbsp;&nbsp; &nbsp;&nbsp;&nbsp;&nbsp;&nbsp;&nbsp;&nbsp;&nbsp;: Single phase 230 V, 50 hz</font><span style="background-color: transparent;">&nbsp;</span></p>', 6, '7800.00', '46800.00', 0),
(270, 81, 668, '<p>Mechanical seal for FRE 40 170 R6 (MG type Seal (MG12G60), Size: 30 mm)</p>', 2, '3800.00', '7600.00', 0),
(273, 83, 916, '<p class="MsoNormal" style="margin-bottom:0cm;margin-bottom:.0001pt;line-height:\r\nnormal"><span style="font-size:12.0pt;font-family:&quot;Palatino Linotype&quot;,&quot;serif&quot;;\r\nmso-ansi-language:EN-IN">Plate Type Heat Exchanger -Gasketed -- U-S -- GCD-009 -- 15<o:p></o:p></span></p>', 6, '39290.00', '235740.00', 0),
(274, 84, 927, '<p>Johnson Pump Model : CCR 32 160 R6 S2 L3</p><p>Flow : 7 M3/ Hr &nbsp; &nbsp; &nbsp; &nbsp; &nbsp; &nbsp; &nbsp; &nbsp; &nbsp; &nbsp; &nbsp; &nbsp; &nbsp; &nbsp;Head : 35 Mtrs</p><p>Sealing : Gland Packing &nbsp; &nbsp; &nbsp; &nbsp; &nbsp; &nbsp;Liquid : RO Water</p><p>Impeller : Closed &nbsp; &nbsp; &nbsp; &nbsp; &nbsp; &nbsp; &nbsp; &nbsp; &nbsp; &nbsp; &nbsp; &nbsp; PH ; 5.5 - 6</p><p>Temp : Ambient &nbsp; &nbsp; &nbsp; &nbsp; &nbsp; &nbsp; &nbsp; &nbsp; &nbsp; &nbsp; &nbsp; &nbsp; &nbsp;Suction : Flooded</p><p><span style="font-weight: bold; text-decoration-line: underline;">MOC : Wetted Part SS 316</span></p><p>Suc * Dis Size : 50 X 32 MM</p><p>Motor Power : 3 HP / 2900 RPM</p><p>Scope of Supply : Price for Pump with Siemens Make IE3 foot mounted Motor,</p><p>Love joy Coupling , Coupling Gaurd, MS Base Frame</p>', 2, '43020.00', '86040.00', 0),
(275, 85, 931, '<p class="MsoNormal" style="margin-bottom:0cm;margin-bottom:.0001pt;line-height:\r\nnormal"><span lang="EN-US" style="font-size:9.0pt;font-family:&quot;Palatino Linotype&quot;,&quot;serif&quot;;\r\nmso-fareast-font-family:&quot;Times New Roman&quot;;mso-bidi-font-family:Calibri;\r\ncolor:black;mso-ansi-language:EN-US">Your Item Code :&nbsp;766842027100</span></p><p class="MsoNormal" style="margin-bottom:0cm;margin-bottom:.0001pt;line-height:\r\nnormal"><span lang="EN-US" style="font-size:9.0pt;font-family:&quot;Palatino Linotype&quot;,&quot;serif&quot;;\r\nmso-fareast-font-family:&quot;Times New Roman&quot;;mso-bidi-font-family:Calibri;\r\ncolor:black;mso-ansi-language:EN-US">Submersible Pump for Dewatering<o:p></o:p></span></p><p class="MsoNormal" style="margin-bottom:0cm;margin-bottom:.0001pt;line-height:\r\nnormal"><span style="color: rgb(0, 0, 0); font-family: &quot;Palatino Linotype&quot;, serif; font-size: 12px;">Pump&nbsp;</span><span style="color: black; font-family: &quot;Palatino Linotype&quot;, serif; font-size: 9pt; background-color: transparent;">Model : S 630</span></p><p class="MsoNormal" style="margin-bottom:0cm;margin-bottom:.0001pt;line-height:\r\nnormal"><span lang="EN-US" style="font-size:9.0pt;font-family:&quot;Palatino Linotype&quot;,&quot;serif&quot;;\r\nmso-fareast-font-family:&quot;Times New Roman&quot;;mso-bidi-font-family:Calibri;\r\ncolor:black;mso-ansi-language:EN-US">Capacity : 0 to 17.50LPS<o:p></o:p></span></p><p class="MsoNormal" style="margin-bottom:0cm;margin-bottom:.0001pt;line-height:\r\nnormal"><span lang="EN-US" style="font-size:9.0pt;font-family:&quot;Palatino Linotype&quot;,&quot;serif&quot;;\r\nmso-fareast-font-family:&quot;Times New Roman&quot;;mso-bidi-font-family:Calibri;\r\ncolor:black;mso-ansi-language:EN-US">Head Range : 0 to 32 Mtrs<o:p></o:p></span></p><p class="MsoNormal" style="margin-bottom:0cm;margin-bottom:.0001pt;line-height:\r\nnormal"><span lang="EN-US" style="font-size:9.0pt;font-family:&quot;Palatino Linotype&quot;,&quot;serif&quot;;\r\nmso-fareast-font-family:&quot;Times New Roman&quot;;mso-bidi-font-family:Calibri;\r\ncolor:black;mso-ansi-language:EN-US">Delivery Outlet : 65 mm<o:p></o:p></span></p><p class="MsoNormal" style="margin-bottom:0cm;margin-bottom:.0001pt;line-height:\r\nnormal"><span lang="EN-US" style="font-size:9.0pt;font-family:&quot;Palatino Linotype&quot;,&quot;serif&quot;;\r\nmso-fareast-font-family:&quot;Times New Roman&quot;;mso-bidi-font-family:Calibri;\r\ncolor:black;mso-ansi-language:EN-US">Cable Size 1*3*1.5<o:p></o:p></span></p><p>\r\n\r\n\r\n\r\n\r\n\r\n\r\n\r\n\r\n\r\n\r\n\r\n\r\n\r\n<span lang="EN-US" style="font-size:9.0pt;line-height:115%;font-family:&quot;Palatino Linotype&quot;,&quot;serif&quot;;\r\nmso-fareast-font-family:&quot;Times New Roman&quot;;mso-bidi-font-family:Calibri;\r\ncolor:black;mso-ansi-language:EN-US;mso-fareast-language:EN-IN;mso-bidi-language:\r\nAR-SA">Pump with 5 mtr Cable&nbsp;</span><br></p>', 25, '15435.00', '385875.00', 0),
(281, 87, 1316, '<p class="MsoNoSpacing" style="line-height: 1;"><span lang="EN-US" style="font-size:11.0pt">INTERNAL LOBE\r\nPUMP, MODEL RTBP-10, Q 10LPM, , MAKE- TUSHACO</span></p>', 1, '13900.00', '13900.00', 0),
(286, 88, 764, '<p>Flap Valve Assembly Part No 210 for KGEN 12 5</p>', 10, '335.00', '3350.00', 0),
(287, 88, 1313, '<p>Gasket Part No 250 for KGEN 12 5</p>', 10, '84.00', '840.00', 0),
(288, 88, 1312, '<p>Gasket Part No 240 for KGEN 12 5<br></p>', 20, '160.00', '3200.00', 0),
(289, 88, 1317, '<p>Impeller Key Part No 550 for KGEN 12 5</p>', 10, '48.00', '480.00', 0),
(294, 89, 764, '<p>Flap Valve Assembly PU Coated Part No. 0210</p>', 10, '335.00', '3350.00', 0),
(295, 89, 1313, '<p>Gasket Part No. 0250</p>', 10, '84.00', '840.00', 0),
(296, 89, 1312, '<p>Gasket Part No. 240</p>', 20, '160.00', '3200.00', 0),
(297, 89, 1317, '<p>Impeller Key Part No. 0550</p>', 10, '48.00', '480.00', 0),
(300, 45, 601, '<div style="line-height: 1;">\r\n<p style="margin: 0cm 0cm 0pt; line-height: 1;"><font style="font-size: 11pt; font-family: &quot;Times New Roman&quot;;">Pump Model No:-RT \r\n80 HBC</font></p></div><p style="line-height: 1;">\r\n</p><div style="line-height: 1;">\r\n<p style="margin: 0cm 0cm 0pt; line-height: 1;"><font face="Times New Roman">Power&nbsp;&nbsp; : 2 HP /1440 RPM</font></p><p style="margin: 0cm 0cm 0pt; line-height: 1;"><span style="font-family: &quot;Times New Roman&quot;; background-color: transparent;">scope of supply  Pump with motor, coupling, coupling guard duly assembled on MS \r\nbase frame.</span><br></p></div>', 1, '20500.00', '20500.00', 0),
(309, 82, 800, '<p></p><p></p><p class="MsoNormal"><span style="font-weight: bold; text-decoration: underline;">&nbsp;Application &nbsp;:&nbsp;Pump for circulating water separated from ETP Mud</span></p><p class="MsoNormal">Make &nbsp; &nbsp; &nbsp; &nbsp; &nbsp; &nbsp; : Johnson</p>\r\n\r\n\r\n\r\n<p class="MsoNormal">Pump Type : Self Priming Centrifugal Pump<o:p></o:p></p>\r\n\r\n<p class="MsoNormal">Model : KGEN 11 3 &nbsp;G1<o:p></o:p></p>\r\n\r\n<p class="MsoNormal">Flow &nbsp; &nbsp;: 1 m3&nbsp;/hr &nbsp; &nbsp; &nbsp; &nbsp; &nbsp; &nbsp; &nbsp; &nbsp; &nbsp; &nbsp; &nbsp;</p><p class="MsoNormal">Head &nbsp; : 15 mtr<o:p></o:p></p>\r\n\r\n<p class="MsoNormal">Liquid : Mud</p><p class="MsoNormal">Suc * Dis &nbsp; &nbsp;: 32 mm* 32 mm &nbsp; &nbsp; &nbsp; &nbsp; &nbsp; &nbsp; &nbsp; &nbsp; &nbsp; &nbsp; &nbsp; &nbsp; &nbsp;</p><p class="MsoNormal">Solid&nbsp;Size Handling : 7.5 MM<o:p></o:p></p>\r\n\r\n<p class="MsoNormal">Sealing :\r\nMechanical Seal &nbsp; &nbsp; &nbsp;</p><p class="MsoNormal">Impeller: Semi Open<o:p></o:p></p>\r\n\r\n<p class="MsoNormal">MOC &nbsp; &nbsp;: Impeller :\r\nCI&nbsp;&nbsp;&nbsp;&nbsp;&nbsp;&nbsp;&nbsp;&nbsp;&nbsp;&nbsp;&nbsp;&nbsp;&nbsp;\r\n</p><p class="MsoNormal">Pump Housing : CI<o:p></o:p></p>\r\n\r\n<p class="MsoNormal">Motor : 1 Hp / 2900 RPM<o:p></o:p></p>\r\n\r\n<p class="MsoNormal">Scope of Supply :&nbsp;<span style="background-color: transparent;">Pump with Remi / BBL Std Motor Coupling , Coupling Guard&nbsp;, MS&nbsp;</span><span style="background-color: transparent; line-height: 150%;">base Frame , Duly Assembled</span></p><p></p><p></p>', 1, '19900.00', '19900.00', 0),
(310, 82, 1307, '<p></p><p class="MsoNormal" style="margin-bottom: 7.5pt;"></p><p class="MsoNormal" style="margin-bottom:0in;margin-bottom:.0001pt"></p><p class="MsoNormal"><span style="background-color: transparent;"><span style="font-weight: bold; text-decoration-line: underline;">Appliction &nbsp;: Chemical Dosing Pump</span></span></p><p class="MsoNormal"><span style="background-color: transparent;">Make : Positive metering<br>Pump Type : Hydraulic Diaphragm Pump</span><br></p>\r\n\r\n<p class="MsoNormal">Pump Model&nbsp;&nbsp;:\r\nHD1011/SZ1&nbsp;&nbsp;&nbsp;&nbsp;&nbsp;&nbsp;&nbsp;&nbsp;&nbsp;&nbsp;</p><p class="MsoNormal">Application\r\n: Transfer&nbsp;</p>\r\n\r\n<p class="MsoNormal">Liquid :&nbsp;&nbsp;H2SO4 &nbsp; &nbsp; &nbsp; &nbsp; &nbsp; &nbsp; &nbsp; &nbsp; &nbsp; &nbsp; &nbsp; &nbsp; &nbsp; &nbsp; &nbsp; &nbsp; &nbsp; </p><p class="MsoNormal">Head\r\n: 1 m&nbsp;</p>\r\n\r\n<p class="MsoNormal">Capacity : 0-60\r\nlph &nbsp; &nbsp; &nbsp; &nbsp; &nbsp; &nbsp; &nbsp; &nbsp; &nbsp; &nbsp; &nbsp; &nbsp; &nbsp; &nbsp; </p><p class="MsoNormal">Pressure&nbsp;&nbsp;&nbsp;:&nbsp;&nbsp;1.5\r\nkg/cm2&nbsp;</p>\r\n\r\n<p class="MsoNormal">Suction : Flooded &nbsp; &nbsp; &nbsp; &nbsp; &nbsp; &nbsp; &nbsp; &nbsp; &nbsp; &nbsp; &nbsp; &nbsp; &nbsp; &nbsp; &nbsp; &nbsp;</p><p class="MsoNormal"> Suc*Dis\r\n:&nbsp;&nbsp;15*15 NB&nbsp;</p>\r\n\r\n<p class="MsoNormal">Temp : Ambient</p>\r\n\r\n<p class="MsoNormal">Motor : &nbsp;0.5 HP/1500 RPM</p>\r\n\r\n<p class="MsoNormal">MOC :&nbsp;&nbsp;Liquid End,&nbsp;&nbsp;NRV, Diaphragm :\r\nPTFE</p>\r\n\r\n<p class="MsoNormal">Scope of Supply :&nbsp;<span style="background-color: transparent;">Pump with Remi /BBL&nbsp;&nbsp;Motor ,\r\ncoupling, coupling guard, base frame.</span></p><p></p><p></p><p></p>', 1, '76500.00', '76500.00', 0),
(311, 82, 1303, '<p></p><p class="MsoNormal" style="margin-bottom:0in;margin-bottom:.0001pt"></p><p class="MsoNormal"><span style="font-weight: bold; text-decoration-line: underline;">Application : Shampoo Transfer&nbsp;</span></p><p class="MsoNormal">"Positive Metering" Pump Make</p>\r\n\r\n<p class="MsoNormal">Type : Plunger\r\nPump&nbsp;&nbsp;&nbsp;&nbsp;&nbsp;&nbsp;&nbsp;&nbsp;&nbsp;&nbsp;&nbsp;&nbsp;&nbsp;&nbsp;&nbsp;&nbsp;&nbsp;&nbsp;&nbsp;&nbsp;&nbsp;&nbsp;&nbsp;&nbsp;</p><p class="MsoNormal">Pump\r\nModel&nbsp;&nbsp;: PL3530</p>\r\n\r\n<p class="MsoNormal">Application :\r\nTransfer&nbsp;&nbsp;&nbsp;&nbsp;&nbsp;&nbsp;&nbsp;&nbsp;&nbsp;&nbsp;&nbsp;&nbsp;&nbsp;&nbsp;&nbsp;&nbsp;&nbsp;&nbsp;&nbsp;&nbsp;&nbsp;&nbsp;&nbsp;</p><p class="MsoNormal">Liquid\r\n:&nbsp;&nbsp;Shampoo&nbsp;&nbsp;&nbsp;&nbsp;</p>\r\n\r\n<p class="MsoNormal">Head : 1\r\nm&nbsp;&nbsp;&nbsp;&nbsp;&nbsp;&nbsp;&nbsp;&nbsp;&nbsp;&nbsp;&nbsp;&nbsp;&nbsp;&nbsp;&nbsp;&nbsp;&nbsp;&nbsp;&nbsp;&nbsp;&nbsp;&nbsp;&nbsp;&nbsp;&nbsp;&nbsp;&nbsp;&nbsp;&nbsp;&nbsp;&nbsp;&nbsp;&nbsp;&nbsp;&nbsp;&nbsp;&nbsp;&nbsp;&nbsp;&nbsp;&nbsp;&nbsp;</p><p class="MsoNormal">Capacity\r\n: 0-500 LPH&nbsp;</p>\r\n\r\n<p class="MsoNormal">Pressure : 1.5\r\nkg/cm2 &nbsp; &nbsp; &nbsp; &nbsp; &nbsp; &nbsp; &nbsp; &nbsp; &nbsp; &nbsp; &nbsp;</p><p class="MsoNormal">Suction : Flooded</p>\r\n\r\n<p class="MsoNormal">Suc*Dis\r\n: &nbsp; 1*1/2" BSP* 1*1/2" BSP&nbsp; &nbsp; &nbsp; &nbsp; &nbsp; &nbsp; &nbsp; &nbsp; &nbsp; &nbsp; &nbsp; &nbsp; &nbsp; &nbsp; &nbsp; &nbsp; &nbsp; &nbsp; &nbsp; &nbsp; &nbsp;&nbsp;</p><p class="MsoNormal">Temp\r\n: Upto 50&nbsp;<span style="line-height: 1.42857143;">C</span></p>\r\n\r\n<p class="MsoNormal">PH : 5 to 7&nbsp;&nbsp;&nbsp;&nbsp;&nbsp;&nbsp;&nbsp;&nbsp;&nbsp;&nbsp;&nbsp;&nbsp;&nbsp;&nbsp;&nbsp;&nbsp;&nbsp;&nbsp;&nbsp;&nbsp;&nbsp;&nbsp;&nbsp;&nbsp;&nbsp;&nbsp;&nbsp;&nbsp;&nbsp;&nbsp;&nbsp;&nbsp;&nbsp;&nbsp;&nbsp;&nbsp;&nbsp;&nbsp;&nbsp;&nbsp;&nbsp;&nbsp;&nbsp;</p><p class="MsoNormal">Viscosity\r\n: 9000 cps</p>\r\n\r\n<p class="MsoNormal">Motor :&nbsp;&nbsp;1 HP/1440 RPM</p>\r\n\r\n<p class="MsoNormal">MOC :&nbsp;&nbsp;Liquid End,&nbsp;&nbsp;NRV, Diaphragm : SS\r\n316/CF8M</p>\r\n\r\n<p class="MsoNormal">Scope of Supply :&nbsp;<span style="background-color: transparent;">Pump with Remi /BBL&nbsp;&nbsp;Motor ,\r\ncoupling, coupling guard, base frame and PRV</span></p><p></p><p></p>', 1, '118535.00', '118535.00', 0);
INSERT INTO `quotation_rows` (`id`, `quotation_id`, `item_id`, `description`, `quantity`, `rate`, `amount`, `height`) VALUES
(312, 82, 1308, '<p class="MsoNormal"><span style="font-weight: bold; text-decoration-line: underline;">Application : Chemical Dosing Pump</span></p><p class="MsoNormal"><span style="background-color: transparent;">Make &nbsp; &nbsp;: Antico</span></p><p class="MsoNormal">Model : NZK 50 200</p><p class="MsoNormal">Application : Transfer&nbsp;&nbsp;&nbsp;&nbsp;&nbsp;&nbsp;&nbsp;&nbsp;&nbsp;&nbsp;&nbsp;&nbsp;&nbsp;&nbsp;&nbsp;&nbsp;&nbsp;&nbsp;&nbsp;&nbsp;&nbsp;&nbsp;&nbsp;&nbsp;</p><p class="MsoNormal">Liquid : H2SO4<o:p></o:p></p><p class="MsoNormal">Head : 10 m&nbsp;&nbsp;&nbsp;&nbsp;&nbsp;&nbsp;&nbsp;&nbsp;&nbsp;&nbsp; &nbsp;&nbsp;&nbsp;&nbsp;&nbsp;&nbsp;&nbsp;&nbsp;&nbsp;&nbsp;&nbsp;&nbsp;&nbsp;&nbsp;&nbsp;&nbsp;&nbsp;&nbsp;&nbsp;&nbsp;&nbsp;&nbsp;&nbsp;&nbsp;&nbsp;&nbsp;&nbsp;&nbsp;&nbsp;&nbsp;&nbsp;</p><p class="MsoNormal">Flow : 4 m3/hr<o:p></o:p></p><p class="MsoNormal">Temp : 30-60 C&nbsp;&nbsp;&nbsp;&nbsp;&nbsp;&nbsp;&nbsp;&nbsp;&nbsp;&nbsp;&nbsp;&nbsp;&nbsp;&nbsp;&nbsp;&nbsp;&nbsp;&nbsp;&nbsp;&nbsp;&nbsp;&nbsp;&nbsp;&nbsp;&nbsp;&nbsp;&nbsp;&nbsp;&nbsp;&nbsp;&nbsp;&nbsp;&nbsp;</p><p class="MsoNormal">S.G. : 1.84<o:p></o:p></p><p class="MsoNormal">Viscosity : 10-30 cP&nbsp;&nbsp;&nbsp;&nbsp;&nbsp;&nbsp;&nbsp;&nbsp;&nbsp;&nbsp;&nbsp;&nbsp;&nbsp;&nbsp;&nbsp;&nbsp;&nbsp;&nbsp;&nbsp;&nbsp;&nbsp;&nbsp;&nbsp;&nbsp;&nbsp;&nbsp; &nbsp;&nbsp;</p><p class="MsoNormal">PH : 3 to 14<o:p></o:p></p><p class="MsoNormal">Suc*Dis : 65*50 NB&nbsp;&nbsp;&nbsp;&nbsp;&nbsp;&nbsp;&nbsp;&nbsp;&nbsp;&nbsp;&nbsp;&nbsp;&nbsp;&nbsp;&nbsp;&nbsp;&nbsp;&nbsp;&nbsp;&nbsp;&nbsp;&nbsp;&nbsp;&nbsp;&nbsp;&nbsp;&nbsp;&nbsp;</p><p class="MsoNormal">Sealing : Mechanical Seal &nbsp; &nbsp; &nbsp; &nbsp; &nbsp; &nbsp; &nbsp; &nbsp; &nbsp; &nbsp; &nbsp; &nbsp; &nbsp; &nbsp;<o:p></o:p></p><p class="MsoNormal">Motor Power : 10 HP / 1440 RPM&nbsp;&nbsp;&nbsp;&nbsp;&nbsp;<o:p></o:p></p><p class="MsoNormal">MOC: Casing , Casing Cover , Impeller : PVDF<o:p></o:p></p><p class="MsoNormal">Scope of Supply:&nbsp;<span style="background-color: transparent;">Pump with BBL Make Std. &nbsp;Motor, Coupling, Coupling Guard , Base Plate.</span></p>', 1, '85613.00', '85613.00', 0),
(313, 27, 755, '<p><span style="font-weight: bold; text-decoration-line: underline;">Johnson Pump Spares</span></p><p><span style="background-color: transparent;">Mechanical Seal For KGEN 11 3 G1</span><br></p><p><br></p>', 6, '1560.00', '9360.00', 0),
(314, 76, 628, '<p><span lang="EN-IN" style="font-weight: bold; text-decoration-line: underline;">TUSHACO Make</span></p><p><span lang="EN-IN">Type : Shuttle Block Pump</span></p><p><span lang="EN-IN">Model &nbsp;: R 50 SL</span></p><p><span lang="EN-IN">MOC - CI&nbsp;</span><br></p>', 1, '21500.00', '21500.00', 0),
(316, 52, 987, '<p>Make : Johnson&nbsp;&nbsp;&nbsp;&nbsp;&nbsp;&nbsp;&nbsp;&nbsp;&nbsp;&nbsp;&nbsp;&nbsp;&nbsp;&nbsp;&nbsp;&nbsp;&nbsp;&nbsp;&nbsp;&nbsp;&nbsp;&nbsp;&nbsp;&nbsp;&nbsp;&nbsp;&nbsp;&nbsp;&nbsp;&nbsp;&nbsp;&nbsp;&nbsp;&nbsp;&nbsp;&nbsp;</p><p><span style="background-color: transparent;">Type :&nbsp;</span><span style="background-color: transparent;">End Suction Back Pullout Type</span></p><p>Model :&nbsp; CN 32 200 G1 S2 L3&nbsp;&nbsp;&nbsp;&nbsp;&nbsp; &nbsp;</p><p>Application : Transfer</p><p>Head : 35 mtrs&nbsp;&nbsp;&nbsp;&nbsp;&nbsp;&nbsp;&nbsp;&nbsp;&nbsp;&nbsp;&nbsp;&nbsp;&nbsp;&nbsp;&nbsp;&nbsp;&nbsp;&nbsp;&nbsp;&nbsp;&nbsp;&nbsp;&nbsp;&nbsp;&nbsp;&nbsp;&nbsp;&nbsp;&nbsp;&nbsp;&nbsp;&nbsp;&nbsp; &nbsp; &nbsp; &nbsp;</p><p>Flow : 10 m3/hr</p><p>Liquid : Clear Water&nbsp;&nbsp;&nbsp;&nbsp;&nbsp;&nbsp;&nbsp;&nbsp;&nbsp;&nbsp;&nbsp;&nbsp;&nbsp;&nbsp;&nbsp;&nbsp;&nbsp;&nbsp;&nbsp;&nbsp;&nbsp;&nbsp;&nbsp;&nbsp;&nbsp; &nbsp;</p><p>PH/SG/Temp : 7/1/ambient</p><p>Power : 5 HP/2900 RPM&nbsp;&nbsp;&nbsp;&nbsp;&nbsp;&nbsp;&nbsp;&nbsp;&nbsp;&nbsp;&nbsp;&nbsp;&nbsp; &nbsp; &nbsp;</p><p>Suc*Dis : 50*32 mm</p><p>Suction : Flooded&nbsp;&nbsp;&nbsp;&nbsp;&nbsp;&nbsp;&nbsp;&nbsp;&nbsp;&nbsp;&nbsp;&nbsp;&nbsp;&nbsp;&nbsp;&nbsp;&nbsp;&nbsp;&nbsp;&nbsp;&nbsp;&nbsp;&nbsp;&nbsp;&nbsp;&nbsp;&nbsp;&nbsp;&nbsp; &nbsp; &nbsp;</p><p>Impeller : Closed</p><p>Sealing : Gland Packing&nbsp;&nbsp;&nbsp;&nbsp;&nbsp;&nbsp;&nbsp;&nbsp;&nbsp;&nbsp;&nbsp;&nbsp;&nbsp;&nbsp;&nbsp;&nbsp;&nbsp; &nbsp; </p><p>MOC : CI/CI</p><p><span style="text-decoration: underline;">Scope of supply :</span>&nbsp;Pump with BBL make motor with coupling, coupling guard dully assembled on base frame.&nbsp;</p>', 1, '31250.00', '31250.00', 0),
(317, 90, 1318, '<p>Spare &nbsp;for JOHNSON Pump</p><p>Model : CN 50C 160 G1 S2 L3</p><p>Part No 1220 </p><p><span style="background-color: transparent;">Mechanical Seal&nbsp;</span>with SS Gland Plate &amp; SS Sleeve</p>', 2, '12900.00', '25800.00', 0),
(318, 91, 634, '<p class="MsoNormal"><span lang="EN-US" style="font-family:&quot;Palatino Linotype&quot;,&quot;serif&quot;;\r\nmso-fareast-font-family:&quot;Times New Roman&quot;;mso-bidi-font-family:Calibri;\r\ncolor:black;mso-ansi-language:EN-US">Seal Kit of TRF 1700 Pump Model</span><span style="font-family:&quot;Calibri&quot;,&quot;sans-serif&quot;;mso-fareast-font-family:&quot;Times New Roman&quot;;\r\ncolor:black"><o:p></o:p></span></p>', 1, '178650.00', '178650.00', 0),
(336, 92, 931, '<p class="MsoNormal"><b><u><span lang="EN-US" style="font-size: 10pt; line-height: 115%; font-family: &quot;Palatino Linotype&quot;, serif; background-image: initial; background-position: initial; background-size: initial; background-repeat: initial; background-attachment: initial; background-origin: initial; background-clip: initial;">Submersible Pump for Dewatering</span></u></b><span lang="EN-US" style="font-size: 10pt; line-height: 115%; font-family: &quot;Palatino Linotype&quot;, serif; background-image: initial; background-position: initial; background-size: initial; background-repeat: initial; background-attachment: initial; background-origin: initial; background-clip: initial;"><br>\r\n</span>Make : Darling &nbsp; &nbsp;\r\n&nbsp; &nbsp; &nbsp; &nbsp; &nbsp; &nbsp; &nbsp; &nbsp; &nbsp; &nbsp; &nbsp;\r\n&nbsp; &nbsp; &nbsp; &nbsp; &nbsp; &nbsp;<span style="font-size: 10pt; line-height: 115%; font-family: &quot;Palatino Linotype&quot;, serif; background-image: initial; background-position: initial; background-size: initial; background-repeat: initial; background-attachment: initial; background-origin: initial; background-clip: initial;">Model : S 630</span><span style="font-size: 10pt; line-height: 115%; font-family: &quot;Palatino Linotype&quot;, serif;"><br>\r\n<span style="background-image: initial; background-position: initial; background-size: initial; background-repeat: initial; background-attachment: initial; background-origin: initial; background-clip: initial;">Flow Range : 5 -55 M3/ Hr &nbsp; &nbsp; &nbsp; &nbsp; &nbsp;\r\n&nbsp; &nbsp; &nbsp; Power : 7.5 HP</span><br>\r\n</span><span lang="EN-US" style="font-size: 10pt; line-height: 115%; font-family: &quot;Palatino Linotype&quot;, serif; background-image: initial; background-position: initial; background-size: initial; background-repeat: initial; background-attachment: initial; background-origin: initial; background-clip: initial;">Capacity : 40 m3 / hr @ &nbsp;20Mtrs &nbsp; &nbsp; &nbsp; &nbsp; &nbsp;</span><span style="font-size: 10pt; line-height: 115%; font-family: &quot;Palatino Linotype&quot;, serif; background-image: initial; background-position: initial; background-size: initial; background-repeat: initial; background-attachment: initial; background-origin: initial; background-clip: initial;">Head Range : 9 to\r\n30 Mtrs</span><span style="font-size: 10pt; line-height: 115%; font-family: &quot;Palatino Linotype&quot;, serif;"><br>\r\n</span><span lang="EN-US" style="font-size: 10pt; line-height: 115%; font-family: &quot;Palatino Linotype&quot;, serif; background-image: initial; background-position: initial; background-size: initial; background-repeat: initial; background-attachment: initial; background-origin: initial; background-clip: initial;">Delivery Outlet : 65 mm &nbsp; &nbsp; &nbsp; &nbsp; &nbsp;</span><span style="font-size: 10pt; line-height: 115%; font-family: &quot;Palatino Linotype&quot;, serif; background-image: initial; background-position: initial; background-size: initial; background-repeat: initial; background-attachment: initial; background-origin: initial; background-clip: initial;">Cable Size 1*3*1.5</span><span style="font-size: 10pt; line-height: 115%; font-family: &quot;Palatino Linotype&quot;, serif;"><br>\r\n<span style="background-image: initial; background-position: initial; background-size: initial; background-repeat: initial; background-attachment: initial; background-origin: initial; background-clip: initial;">Seal : Mechanical Seal &nbsp; &nbsp; &nbsp; &nbsp; &nbsp;\r\n&nbsp; &nbsp;Impeller/ Casing : CI</span><br>\r\n</span><span lang="EN-US" style="font-size: 10pt; line-height: 115%; font-family: &quot;Palatino Linotype&quot;, serif; background-image: initial; background-position: initial; background-size: initial; background-repeat: initial; background-attachment: initial; background-origin: initial; background-clip: initial;">Pump with 5 mtr Cable&nbsp;</span><span style="font-family:&quot;Palatino Linotype&quot;,&quot;serif&quot;"><o:p></o:p></span></p>', 2, '18500.00', '37000.00', 20),
(337, 92, 1333, '<h6 style="margin-bottom:0cm;margin-bottom:.0001pt;line-height:\r\nnormal"><p class="MsoNormal"><b><u><span lang="EN-US" style="font-size: 10pt; line-height: 115%; font-family: &quot;Palatino Linotype&quot;, serif; background-image: initial; background-position: initial; background-size: initial; background-repeat: initial; background-attachment: initial; background-origin: initial; background-clip: initial;">Type : Combi Bloc</span></u></b><span lang="EN-US" style="font-size: 10pt; line-height: 115%; font-family: &quot;Palatino Linotype&quot;, serif; background-image: initial; background-position: initial; background-size: initial; background-repeat: initial; background-attachment: initial; background-origin: initial; background-clip: initial;"><br>\r\n</span>Make : Johnson Pump &nbsp;\r\n&nbsp; &nbsp; &nbsp; &nbsp; &nbsp; &nbsp; &nbsp;<span style="font-size: 10pt; line-height: 115%; font-family: &quot;Palatino Linotype&quot;, serif; background-image: initial; background-position: initial; background-size: initial; background-repeat: initial; background-attachment: initial; background-origin: initial; background-clip: initial;">Model : CB 50C-160</span><span style="font-size: 10pt; line-height: 115%; font-family: &quot;Palatino Linotype&quot;, serif;"><br>\r\n</span><span lang="EN-US" style="font-size: 10pt; line-height: 115%; font-family: &quot;Palatino Linotype&quot;, serif; background-image: initial; background-position: initial; background-size: initial; background-repeat: initial; background-attachment: initial; background-origin: initial; background-clip: initial;">Capacity : 57 m3/hr &nbsp; &nbsp; &nbsp; &nbsp; &nbsp; &nbsp; &nbsp;\r\n&nbsp; &nbsp; &nbsp;&nbsp;</span><span style="font-size: 10pt; line-height: 115%; font-family: &quot;Palatino Linotype&quot;, serif; background-image: initial; background-position: initial; background-size: initial; background-repeat: initial; background-attachment: initial; background-origin: initial; background-clip: initial;">Head : 22 Mtrs</span><span style="font-size: 10pt; line-height: 115%; font-family: &quot;Palatino Linotype&quot;, serif;"><br>\r\n</span><span lang="EN-US" style="font-size: 10pt; line-height: 115%; font-family: &quot;Palatino Linotype&quot;, serif; background-image: initial; background-position: initial; background-size: initial; background-repeat: initial; background-attachment: initial; background-origin: initial; background-clip: initial;">Suc * Discharge : 80X50mm<br>\r\n&nbsp;Motor Power : 7.5\r\nHP/2900 RPM</span><span style="font-family:&quot;Palatino Linotype&quot;,&quot;serif&quot;"><o:p></o:p></span></p></h6>', 2, '25700.00', '51400.00', 20),
(338, 92, 1334, '<p class="MsoNormal" style="margin: 8.35pt 0cm 0.0001pt; line-height: normal; background-image: initial; background-position: initial; background-size: initial; background-repeat: initial; background-attachment: initial; background-origin: initial; background-clip: initial;"><span lang="EN-US" style="font-size: 10pt; font-family: &quot;Palatino Linotype&quot;, serif;">&nbsp;Item no\r\n5<br>\r\nMake : Johnson Pump&nbsp;<br>\r\nModel : CCR 40C 200<br>\r\nSuc * Discharge : 65X40mm<br>\r\nCapacity : 15 m3/hr &nbsp; &nbsp; &nbsp;&nbsp;</span><span style="font-size: 10pt; font-family: &quot;Palatino Linotype&quot;, serif;">Head : 10\r\nMtrs<br>\r\nSealing : Gland Packing<br>\r\n</span><span lang="EN-US" style="font-size: 10pt; font-family: &quot;Palatino Linotype&quot;, serif;">Impeller :\r\nClosed &nbsp; &nbsp; &nbsp; &nbsp; &nbsp; &nbsp;</span><span style="font-size: 10pt; font-family: &quot;Palatino Linotype&quot;, serif;">Liquid :\r\nHot Water<br>\r\nMotor Power : 1.5 HP/ 1450 RPM<br>\r\nNegative Suction : 1 Mtrs with foot Valve<br>\r\n</span><span lang="EN-US" style="font-size: 10pt; font-family: &quot;Palatino Linotype&quot;, serif;">MOC<br>\r\nImpeller /Casing/Shaft/Shaft Sleeve :SS316<br>\r\nBearing Housing : CI<br>\r\n<b><u>Scope of Supply</u></b>:Price for\r\npump with Remi /BBL Standard Foot Mounted Motor ,<br>\r\nCoupling , Coupling Guard, MS base Frame ,fasteners ,duly assembled</span><span style="font-size: 10pt; font-family: &quot;Palatino Linotype&quot;, serif;"><o:p></o:p></span></p>', 3, '52800.00', '158400.00', 20),
(341, 93, 735, '<p class="MsoNormal" style="margin: 0in 0in 0.0001pt 1pt; line-height: 115%; background-image: initial; background-position: initial; background-size: initial; background-repeat: initial; background-attachment: initial; background-origin: initial; background-clip: initial;"><b><span style="font-size: 10pt; line-height: 115%; font-family: Arial, sans-serif; text-decoration-line: underline;">Johnson CombiChem Pump\r\nSet</span></b></p><p class="MsoNormal" style="margin: 0in 0in 0.0001pt 1pt; line-height: 115%; background-image: initial; background-position: initial; background-size: initial; background-repeat: initial; background-attachment: initial; background-origin: initial; background-clip: initial;"><span style="font-size: 10pt; line-height: 115%; font-family: Arial, sans-serif;"><o:p></o:p></span></p><p class="MsoNormal" style="margin: 0in 0in 0.0001pt 1pt; line-height: 115%; background-image: initial; background-position: initial; background-size: initial; background-repeat: initial; background-attachment: initial; background-origin: initial; background-clip: initial;"><span style="font-size: 10pt; line-height: 115%; font-family: Arial, sans-serif;">Pump\r\nModel&nbsp;&nbsp;&nbsp; :CCR 32-160&nbsp;&nbsp;&nbsp;&nbsp;<o:p></o:p></span></p><p class="MsoNormal" style="margin: 0in 0in 0.0001pt 1pt; line-height: 115%; background-image: initial; background-position: initial; background-size: initial; background-repeat: initial; background-attachment: initial; background-origin: initial; background-clip: initial;"><span style="font-size: 10pt; line-height: 115%; font-family: Arial, sans-serif;">Type &nbsp; &nbsp; &nbsp; &nbsp; &nbsp; &nbsp; &nbsp; : Centrifugal Pump </span></p><p class="MsoNormal" style="margin: 0in 0in 0.0001pt 1pt; line-height: 115%; background-image: initial; background-position: initial; background-size: initial; background-repeat: initial; background-attachment: initial; background-origin: initial; background-clip: initial;"><span style="font-size: 10pt; line-height: 115%; font-family: Arial, sans-serif;">Liquid &nbsp; &nbsp; &nbsp; &nbsp; &nbsp; &nbsp; &nbsp;: Clear </span></p><p class="MsoNormal" style="margin: 0in 0in 0.0001pt 1pt; line-height: 115%; background-image: initial; background-position: initial; background-size: initial; background-repeat: initial; background-attachment: initial; background-origin: initial; background-clip: initial;"><span style="font-size: 10pt; line-height: 115%; font-family: Arial, sans-serif;">SG / PH &nbsp; &nbsp; &nbsp; &nbsp; &nbsp;: 1/7</span></p><p class="MsoNormal" style="margin: 0in 0in 0.0001pt 1pt; line-height: 115%; background-image: initial; background-position: initial; background-size: initial; background-repeat: initial; background-attachment: initial; background-origin: initial; background-clip: initial;"><span style="font-size: 10pt; line-height: 115%; font-family: Arial, sans-serif;">Temp&nbsp;&nbsp;&nbsp;&nbsp;&nbsp;&nbsp;&nbsp;&nbsp;&nbsp;&nbsp;&nbsp;&nbsp;&nbsp;&nbsp;&nbsp;: Ambient &nbsp; &nbsp; &nbsp; &nbsp; &nbsp;</span><span style="font-family: Arial, sans-serif; font-size: 10pt; background-color: transparent;">&nbsp; &nbsp; &nbsp; &nbsp; &nbsp; &nbsp; &nbsp; &nbsp; &nbsp; &nbsp; &nbsp; &nbsp; &nbsp; &nbsp; &nbsp; &nbsp; &nbsp; &nbsp; &nbsp; &nbsp; &nbsp; &nbsp; &nbsp; &nbsp; &nbsp; &nbsp; &nbsp; &nbsp; &nbsp; &nbsp; &nbsp; &nbsp; &nbsp; &nbsp; &nbsp;&nbsp;</span></p><p class="MsoNormal" style="margin: 0in 0in 0.0001pt 1pt; line-height: 115%; background-image: initial; background-position: initial; background-size: initial; background-repeat: initial; background-attachment: initial; background-origin: initial; background-clip: initial;"><span style="font-size: 10pt; line-height: 115%; font-family: Arial, sans-serif;">Capacity &nbsp; &nbsp; &nbsp; &nbsp; : &nbsp;18 m3/h &nbsp; &nbsp; &nbsp; &nbsp; &nbsp; &nbsp; &nbsp; &nbsp; &nbsp;\r\n&nbsp; &nbsp; &nbsp; &nbsp; &nbsp; &nbsp; &nbsp; &nbsp; &nbsp; &nbsp; &nbsp;\r\n&nbsp; &nbsp; &nbsp; &nbsp; &nbsp; &nbsp;<o:p></o:p></span></p><p class="MsoNormal" style="margin: 0in 0in 0.0001pt 1pt; line-height: 115%; background-image: initial; background-position: initial; background-size: initial; background-repeat: initial; background-attachment: initial; background-origin: initial; background-clip: initial;"><span style="font-size: 10pt; line-height: 115%; font-family: Arial, sans-serif;">Head &nbsp; &nbsp; &nbsp; &nbsp; &nbsp; &nbsp; &nbsp;: &nbsp;20 mtr &nbsp; &nbsp; &nbsp; &nbsp; &nbsp; &nbsp; &nbsp; &nbsp; &nbsp;\r\n&nbsp; &nbsp; &nbsp; &nbsp; &nbsp; &nbsp; &nbsp; &nbsp; &nbsp;<o:p></o:p></span></p><p class="MsoNormal" style="margin: 0in 0in 0.0001pt 1pt; line-height: 115%; background-image: initial; background-position: initial; background-size: initial; background-repeat: initial; background-attachment: initial; background-origin: initial; background-clip: initial;"><span style="background-color: transparent; font-family: Arial, sans-serif; font-size: 10pt;">MOC &nbsp; &nbsp; &nbsp; &nbsp; &nbsp; &nbsp; &nbsp;: &nbsp;SS 316&nbsp;</span><br></p><p class="MsoNormal" style="margin: 0in 0in 0.0001pt 1pt; line-height: 115%; background-image: initial; background-position: initial; background-size: initial; background-repeat: initial; background-attachment: initial; background-origin: initial; background-clip: initial;"><span style="font-size: 10pt; line-height: 115%; font-family: Arial, sans-serif;">Sealing&nbsp;&nbsp;&nbsp;&nbsp;&nbsp;&nbsp;&nbsp;&nbsp;&nbsp;&nbsp;\r\n:&nbsp; Gland Packing<o:p></o:p></span></p><p class="MsoNormal" style="margin: 0in 0in 0.0001pt 1pt; line-height: 115%; background-image: initial; background-position: initial; background-size: initial; background-repeat: initial; background-attachment: initial; background-origin: initial; background-clip: initial;"><span style="font-size: 10pt; line-height: 115%; font-family: Arial, sans-serif;">Suc*\r\nDis&nbsp;&nbsp;&nbsp;&nbsp;&nbsp;&nbsp;&nbsp;&nbsp; : 50 *32 MM &nbsp; &nbsp;\r\n&nbsp;<o:p></o:p></span></p><p class="MsoNormal" style="margin: 0in 0in 0.0001pt 1pt; line-height: 115%; background-image: initial; background-position: initial; background-size: initial; background-repeat: initial; background-attachment: initial; background-origin: initial; background-clip: initial;"><span style="font-size: 10pt; line-height: 115%; font-family: Arial, sans-serif;">Recom Motor : 3\r\nHP/2900 RPM<o:p></o:p></span></p><p class="MsoNormal" style="margin: 0in 0in 0.0001pt 1pt; line-height: 115%; background-image: initial; background-position: initial; background-size: initial; background-repeat: initial; background-attachment: initial; background-origin: initial; background-clip: initial;"><span style="font-size: 10pt; line-height: 115%; font-family: Arial, sans-serif;">&nbsp;&nbsp;&nbsp;&nbsp;&nbsp;&nbsp;&nbsp;&nbsp;&nbsp;&nbsp;&nbsp;&nbsp;&nbsp;&nbsp;&nbsp;&nbsp;&nbsp;&nbsp;&nbsp;&nbsp;&nbsp;&nbsp;&nbsp;&nbsp;&nbsp;&nbsp;&nbsp;&nbsp;&nbsp;&nbsp;&nbsp;&nbsp;&nbsp;&nbsp;&nbsp;&nbsp;&nbsp;&nbsp;&nbsp;&nbsp;&nbsp;&nbsp;&nbsp;&nbsp;&nbsp;&nbsp;&nbsp;&nbsp;&nbsp;&nbsp;&nbsp;&nbsp;&nbsp;&nbsp;&nbsp;&nbsp;&nbsp;<o:p></o:p></span></p><p class="MsoNormal" style="margin: 0in 0in 0.0001pt 1pt; line-height: 115%; background-image: initial; background-position: initial; background-size: initial; background-repeat: initial; background-attachment: initial; background-origin: initial; background-clip: initial;"><span style="font-size: 10pt; line-height: 115%; font-family: Arial, sans-serif;">Scope&nbsp; of supply\r\nwith Motor, Coupling, Coupling guard duly assembled on MS Base\r\nframe.</span><span style="background-color: transparent;">&nbsp;</span></p>', 1, '49800.00', '49800.00', 0),
(343, 95, 927, '<p class="MsoNormal"><span lang="EN-US">Application&nbsp;&nbsp;&nbsp; : &nbsp;Condensate\r\nWater Transfer</span></p><p class="MsoNormal"><span lang="EN-US">Pump Type &nbsp;&nbsp;&nbsp;&nbsp;: &nbsp;Centrifugal\r\nPump</span></p><p class="MsoNormal"><span lang="EN-US">Pump Model &nbsp;: CCR 32 160 A20 M2 L3 <o:p></o:p></span></p><p class="MsoNormal"><span lang="EN-US">Service&nbsp;&nbsp;&nbsp;&nbsp;&nbsp;&nbsp;&nbsp;&nbsp;&nbsp;&nbsp; : Transfer<o:p></o:p></span></p><p class="MsoNormal"><span lang="EN-US">Make &nbsp; &nbsp;&nbsp;&nbsp;&nbsp;&nbsp;&nbsp;&nbsp;&nbsp;&nbsp;&nbsp;&nbsp;: Johnson<o:p></o:p></span></p><p class="MsoNormal"><span lang="EN-US">Fluid Handled: Hot Water<o:p></o:p></span></p><p class="MsoNormal"><span lang="EN-US">Operating Temperature (oC) : 80<o:p></o:p></span></p><p class="MsoNormal"><span lang="EN-US">Specific Gravity: 1.2-1.4<o:p></o:p></span></p><p class="MsoNormal"><span lang="EN-US">PH&nbsp;&nbsp;&nbsp;&nbsp;&nbsp;&nbsp; &nbsp;&nbsp;&nbsp;&nbsp;&nbsp;&nbsp;&nbsp;&nbsp;&nbsp;&nbsp;&nbsp; :&nbsp;&nbsp;\r\n3-7<o:p></o:p></span></p><p class="MsoNormal"><span lang="EN-US">Capacity (m3/hr)&nbsp; : 10<o:p></o:p></span></p><p class="MsoNormal"><span lang="EN-US">Head (m)&nbsp;\r\n&nbsp;&nbsp;&nbsp;&nbsp;&nbsp;&nbsp;: 25<o:p></o:p></span></p><p class="MsoNormal"><span lang="EN-US">Speed (rpm)&nbsp;&nbsp; : 2900<o:p></o:p></span></p><p class="MsoNormal"><span lang="EN-US">Power consumed by pump (BkW)&nbsp;&nbsp;&nbsp;&nbsp;&nbsp; : 1.85<o:p></o:p></span></p><p class="MsoNormal"><span lang="EN-US">Recom Motor Rating ( H.P)&nbsp;&nbsp; : 5 H.P <o:p></o:p></span></p><p class="MsoNormal"><span lang="EN-US">Pump Suction/Delivery Size (mm)&nbsp;&nbsp;&nbsp;&nbsp;&nbsp; : 50*32 mm<o:p></o:p></span></p><p class="MsoNormal"><span lang="EN-US">Shaft Sealing&nbsp;&nbsp; : Mechanical Seal<o:p></o:p></span></p><p class="MsoNormal"><span lang="EN-US">Impeller Type&nbsp; : Closed&nbsp;&nbsp;&nbsp;&nbsp;&nbsp;&nbsp;&nbsp;&nbsp;&nbsp;&nbsp; <o:p></o:p></span></p><p class="MsoNormal"><span lang="EN-US">Volute Casing&nbsp; : Alloy 20 <o:p></o:p></span></p><p class="MsoNormal"><span lang="EN-US">Shaft &nbsp;&nbsp;&nbsp;&nbsp;&nbsp;&nbsp;&nbsp;&nbsp;&nbsp;&nbsp;&nbsp;&nbsp;&nbsp; :\r\nAlloy 20 &nbsp;<o:p></o:p></span></p><p>\r\n\r\n\r\n\r\n\r\n\r\n\r\n\r\n\r\n\r\n\r\n\r\n\r\n\r\n\r\n\r\n\r\n\r\n\r\n\r\n\r\n\r\n\r\n\r\n\r\n\r\n\r\n\r\n\r\n\r\n\r\n\r\n\r\n\r\n\r\n\r\n\r\n\r\n</p><p class="MsoNormal"><span lang="EN-US">Impeller&nbsp;&nbsp;&nbsp;&nbsp;&nbsp;&nbsp;&nbsp;&nbsp;&nbsp;&nbsp; :\r\nAlloy 20</span></p><p class="MsoNormal"><span lang="EN-US">Bearing Housing : CI</span></p><p class="MsoNormal"><span lang="EN-US"><br></span></p><p class="MsoNormal"><span lang="EN-US">Scope of Supply : Pump with Base frame , coupling and coupling guard</span></p>', 1, '137500.00', '137500.00', 0),
(360, 98, 1338, '<p><span style="font-weight: bold; text-decoration-line: underline;">Darling Make Submersible Waste Water Pump</span></p><p>Pump Model : WW 101</p><p>Flow : 250 LPM &nbsp; &nbsp; &nbsp; &nbsp; &nbsp; &nbsp; &nbsp; &nbsp; &nbsp; &nbsp; &nbsp; &nbsp; &nbsp; &nbsp; &nbsp; &nbsp; &nbsp; &nbsp; &nbsp; &nbsp; &nbsp; &nbsp;</p><p><span style="background-color: transparent;">Head : 9 Mtrs</span></p><p><span style="background-color: transparent;">Motor Power : 1 HP /2900 RPM &nbsp; &nbsp; &nbsp; </span></p><p><span style="background-color: transparent;">Outlet : 50 MM</span></p><p><span style="background-color: transparent;">Solid Handling &nbsp; &nbsp; &nbsp;: 40 MM &nbsp; &nbsp; &nbsp; &nbsp; &nbsp; &nbsp; &nbsp; &nbsp; &nbsp; &nbsp;</span></p><p><span style="background-color: transparent;">PH : 6.5- 8 &nbsp; &nbsp; &nbsp;&nbsp;</span></p><p>Motor : Oil Cooled</p><p><span style="font-weight: bold; text-decoration-line: underline;">Scope of Supply :</span></p><p>Pump with 5 Mtrs Cable</p><p><br></p><p><span style="background-color: transparent;"><br></span></p>', 4, '16200.00', '64800.00', 0),
(361, 96, 1172, '<p class="MsoNormal" style="line-height: 1.2;"><span lang="EN-US">Application&nbsp;&nbsp;&nbsp; : &nbsp;Softener water recovery SS Pump</span></p><p class="MsoNormal" style="line-height: 1.2;"><span lang="EN-US">Pump Type &nbsp;&nbsp;&nbsp;&nbsp;: &nbsp;Centrifugal\r\nPump</span></p><p class="MsoNormal" style="line-height: 1.2;"><span lang="EN-US">Pump Model &nbsp;: CCR &nbsp;50 315 R6 S2 L3 <o:p></o:p></span></p><p class="MsoNormal" style="line-height: 1.2;"><span lang="EN-US">Service&nbsp;&nbsp;&nbsp;&nbsp;&nbsp;&nbsp;&nbsp;&nbsp;&nbsp;&nbsp; : Transfer<o:p></o:p></span></p><p class="MsoNormal" style="line-height: 1.2;"><span lang="EN-US">Make &nbsp; &nbsp;&nbsp;&nbsp;&nbsp;&nbsp;&nbsp;&nbsp;&nbsp;&nbsp;&nbsp;&nbsp;: Johnson<o:p></o:p></span></p><p class="MsoNormal" style="line-height: 1.2;"><span lang="EN-US">Fluid Handled: Clear Water<o:p></o:p></span></p><p class="MsoNormal" style="line-height: 1.2;"><span lang="EN-US">Operating Temperature &nbsp;: Ambient<o:p></o:p></span></p><p class="MsoNormal" style="line-height: 1.2;"><span lang="EN-US">Specific Gravity: 1<o:p></o:p></span></p><p class="MsoNormal" style="line-height: 1.2;"><span lang="EN-US">PH&nbsp;&nbsp;&nbsp;&nbsp;&nbsp;&nbsp; &nbsp;&nbsp;&nbsp;&nbsp;&nbsp;&nbsp;&nbsp;&nbsp;&nbsp;&nbsp;&nbsp; :&nbsp;&nbsp;\r\n7<o:p></o:p></span></p><p class="MsoNormal" style="line-height: 1.2;"><span lang="EN-US">Capacity (m3/hr)&nbsp; : 25<o:p></o:p></span></p><p class="MsoNormal" style="line-height: 1.2;"><span lang="EN-US">Head (m)&nbsp;\r\n&nbsp;&nbsp;&nbsp;&nbsp;&nbsp;&nbsp;: 25<o:p></o:p></span></p><p class="MsoNormal" style="line-height: 1.2;"><span lang="EN-US">Speed (rpm)&nbsp;&nbsp; :1440<o:p></o:p></span></p><p class="MsoNormal" style="line-height: 1.2;"><span lang="EN-US">Power consumed by pump (BkW)&nbsp;&nbsp;&nbsp;&nbsp;&nbsp; : 3.2<o:p></o:p></span></p><p class="MsoNormal" style="line-height: 1.2;"><span lang="EN-US">Recom Motor Rating ( H.P)&nbsp;&nbsp; : 7.5 H.P <o:p></o:p></span></p><p class="MsoNormal" style="line-height: 1.2;"><span lang="EN-US">Pump Suction/Delivery Size (mm)&nbsp;&nbsp;&nbsp;&nbsp;&nbsp; : 80*50 mm<o:p></o:p></span></p><p class="MsoNormal" style="line-height: 1.2;"><span lang="EN-US">Shaft Sealing&nbsp;&nbsp; : Gland Packing<o:p></o:p></span></p><p class="MsoNormal" style="line-height: 1.2;"><span lang="EN-US">Impeller Type&nbsp; : Closed&nbsp;&nbsp;&nbsp;&nbsp;&nbsp;&nbsp;&nbsp;&nbsp;&nbsp;&nbsp; <o:p></o:p></span></p><p class="MsoNormal" style="line-height: 1.2;"><span lang="EN-US">Volute Casing&nbsp; : SS 304<o:p></o:p></span></p><p class="MsoNormal" style="line-height: 1.2;"><span lang="EN-US">Shaft &nbsp; &nbsp; &nbsp; &nbsp; &nbsp; &nbsp; &nbsp; &nbsp; &nbsp;:\r\nSS 304 &nbsp;<o:p></o:p></span></p><p style="line-height: 1.2;">\r\n\r\n\r\n\r\n\r\n\r\n\r\n\r\n\r\n\r\n\r\n\r\n\r\n\r\n\r\n\r\n\r\n\r\n\r\n\r\n\r\n\r\n\r\n\r\n\r\n\r\n\r\n\r\n\r\n\r\n\r\n\r\n\r\n\r\n\r\n\r\n\r\n\r\n</p><p class="MsoNormal" style="line-height: 1.2;"><span lang="EN-US">Impeller&nbsp;&nbsp;&nbsp;&nbsp;&nbsp;&nbsp;&nbsp;&nbsp;&nbsp;&nbsp; :\r\nSS 304</span></p><p class="MsoNormal" style="line-height: 1.2;"><span lang="EN-US">Bearing Housing : CI</span></p><p class="MsoNormal" style="line-height: 1.2;"><span lang="EN-US"><br></span></p><p class="MsoNormal" style="line-height: 1.2;"><span lang="EN-US">Scope of Supply : Pump with Base frame , coupling and coupling guard</span></p>', 1, '112050.00', '112050.00', 0),
(362, 96, 721, '<p class="MsoNormal" style="line-height: 1;"><span lang="EN-US">Application&nbsp;&nbsp;&nbsp; : &nbsp;Recovery Pit Pump</span></p><p class="MsoNormal" style="line-height: 1;"><span lang="EN-US">Pump Type &nbsp;&nbsp;&nbsp;&nbsp;: &nbsp;Centrifugal Pump</span></p><p class="MsoNormal" style="line-height: 1;"><span lang="EN-US">Pump Model &nbsp;: CN 200 200<o:p></o:p></span></p><p class="MsoNormal" style="line-height: 1;"><span lang="EN-US">Service&nbsp;&nbsp;&nbsp;&nbsp;&nbsp;&nbsp;&nbsp;&nbsp;&nbsp;&nbsp; : Transfer<o:p></o:p></span></p><p class="MsoNormal" style="line-height: 1;"><span lang="EN-US">Make &nbsp; &nbsp;&nbsp;&nbsp;&nbsp;&nbsp;&nbsp;&nbsp;&nbsp;&nbsp;&nbsp;&nbsp;: Johnson<o:p></o:p></span></p><p class="MsoNormal" style="line-height: 1;"><span lang="EN-US">Fluid Handled: Clear Water<o:p></o:p></span></p><p class="MsoNormal" style="line-height: 1;"><span lang="EN-US">Operating Temperature &nbsp;: Ambient<o:p></o:p></span></p><p class="MsoNormal" style="line-height: 1;"><span lang="EN-US">Specific Gravity: 1<o:p></o:p></span></p><p class="MsoNormal" style="line-height: 1;"><span lang="EN-US">PH&nbsp;&nbsp;&nbsp;&nbsp;&nbsp;&nbsp; &nbsp;&nbsp;&nbsp;&nbsp;&nbsp;&nbsp;&nbsp;&nbsp;&nbsp;&nbsp;&nbsp; :&nbsp;&nbsp; 7<o:p></o:p></span></p><p class="MsoNormal" style="line-height: 1;"><span lang="EN-US">Capacity (m3/hr)&nbsp; : 10<o:p></o:p></span></p><p class="MsoNormal" style="line-height: 1;"><span lang="EN-US">Head (m)&nbsp; &nbsp;&nbsp;&nbsp;&nbsp;&nbsp;&nbsp;: 250<o:p></o:p></span></p><p class="MsoNormal" style="line-height: 1;"><span lang="EN-US">Speed (rpm)&nbsp;&nbsp; :1440<o:p></o:p></span></p><p class="MsoNormal" style="line-height: 1;"><span lang="EN-US">Power consumed by pump (BkW)&nbsp;&nbsp;&nbsp;&nbsp;&nbsp; : 9.7<o:p></o:p></span></p><p class="MsoNormal" style="line-height: 1;"><span lang="EN-US">Recom Motor Rating ( H.P)&nbsp;&nbsp; : 15 H.P<o:p></o:p></span></p><p class="MsoNormal" style="line-height: 1;"><span lang="EN-US">Pump Suction/Delivery Size (mm)&nbsp;&nbsp;&nbsp;&nbsp;&nbsp; : 200 *200 &nbsp;mm<o:p></o:p></span></p><p class="MsoNormal" style="line-height: 1;"><span lang="EN-US">Shaft Sealing&nbsp;&nbsp; : Gland Packing<o:p></o:p></span></p><p class="MsoNormal" style="line-height: 1;"><span lang="EN-US">Impeller Type&nbsp; : Closed&nbsp;&nbsp;&nbsp;&nbsp;&nbsp;&nbsp;&nbsp;&nbsp;&nbsp;&nbsp;<o:p></o:p></span></p><p class="MsoNormal" style="line-height: 1;"><span lang="EN-US">Volute Casing&nbsp; : CI<o:p></o:p></span></p><p class="MsoNormal" style="line-height: 1;"><span lang="EN-US">Shaft &nbsp; &nbsp; &nbsp; &nbsp; &nbsp; &nbsp; &nbsp; &nbsp; &nbsp;: SS&nbsp;<o:p></o:p></span></p><p style="line-height: 1;"></p><p class="MsoNormal" style="line-height: 1;"><span lang="EN-US">Impeller&nbsp;&nbsp;&nbsp;&nbsp;&nbsp;&nbsp;&nbsp;&nbsp;&nbsp;&nbsp; : CI</span></p><p class="MsoNormal" style="line-height: 1;"><span lang="EN-US">Bearing Housing : CI</span></p><p class="MsoNormal" style="line-height: 1;"><span style="background-color: transparent;">Scope of Supply : Pump with Base frame , coupling and coupling guard</span><br></p>', 2, '54400.00', '108800.00', 0),
(365, 101, 1340, '<p>Application : Mines Dewatering</p><p>Pump Model : CN 150 400 G1 S2 L3</p><p>Head : 50 Mtrs &nbsp; &nbsp; &nbsp; &nbsp; &nbsp; &nbsp; &nbsp; &nbsp; &nbsp; &nbsp; &nbsp; Flow : 250 M3/ Hr</p><p>Liquid : Water</p><p>Power : 75 HP / 1450 RPM</p><p>Suction X Discharge : 200 X 150 MM</p><p>Sealing : Gland Packing</p><p>MOC : Cast Iron</p><p>Impeller Type : Closed</p><p>Scope of Supply :&nbsp;</p><p>Price for Pump with Siemens / ABB make STD IE3 foot mounted Motor,</p><p>Love Joy Coupling , Coupling Guard , Fasteners , dully assemble on MS base Frame</p><p>with CI Foot Valve.</p>', 1, '380000.00', '380000.00', 0),
(370, 99, 1221, '<p class="MsoNormal"><span style="background-color: transparent; font-weight: bold; text-decoration-line: underline;">Mechanical</span><span style="font-weight: bold; text-decoration-line: underline;">&nbsp;seal for CCR &nbsp;50 125&nbsp;</span></p>', 3, '13500.00', '40500.00', 0),
(371, 99, 756, '<p><span style="background-color: transparent; text-decoration-line: underline; font-weight: bold;">Mechanical</span><span style="text-decoration-line: underline; font-weight: bold;">&nbsp;seal for KGEN 12 5</span><br></p>', 2, '1550.00', '3100.00', 0),
(372, 99, 755, '<p><span style="background-color: transparent; text-decoration-line: underline; font-weight: bold;">Mechanical</span><span style="text-decoration-line: underline; font-weight: bold;">&nbsp;seal for KGEN 11 4</span><br></p>', 1, '1190.00', '1190.00', 0),
(375, 94, 1337, '<p><span style="font-weight: bold; text-decoration-line: underline;">Spare For "JOHNSON" &nbsp;Pump</span></p><p>Model : CN 200 250 G1 S2 L2</p><p>CI Impeller&nbsp;</p>', 2, '15400.00', '30800.00', 0),
(380, 102, 765, '<p>KGEN 15 - 6 Non Return Valve</p>', 4, '660.00', '2640.00', 0),
(381, 102, 747, '<p>KGEN 15 - 6 Bearing Housing CI&nbsp;</p>', 1, '2890.00', '2890.00', 0),
(382, 103, 679, '<p style="line-height: 1;">Johnson Self priming Pump</p><p style="line-height: 1;">Model KGEN 11 4 G1</p><p style="line-height: 1;">MOC : CI</p><p style="line-height: 1;">Scope of Supply : Bare Pump</p>', 2, '10100.00', '20200.00', 0),
(383, 32, 950, '<h5 style="MARGIN: 0cm 0cm 0pt"><span style="font-family: Arial;"><font linotype?=""><font style="font-size: 11pt;">Type &nbsp; &nbsp; &nbsp; -&nbsp; Centrifugal End suction \r\nback pull out<br></font></font></span><span style="font-family: Arial;"><font linotype?=""><font style="FONT-SIZE: 11pt">Model &nbsp; &nbsp;- CN 150 400 G1 S2 \r\nL3 &nbsp; &nbsp; &nbsp; &nbsp; &nbsp; &nbsp; &nbsp;</font></font><span style="font-size: 11pt; background-color: transparent;">Q RATED&nbsp; - 200 m3/hr<br></span></span><span style="font-family: Arial;"><font linotype?=""><font style="FONT-SIZE: 11pt">H RATED -35 MTR &nbsp; &nbsp; &nbsp; &nbsp; &nbsp; &nbsp; &nbsp; &nbsp; &nbsp; &nbsp; &nbsp; &nbsp; &nbsp; &nbsp; &nbsp; &nbsp; &nbsp;&nbsp;</font></font><span style="background-color: transparent;">Liquid&nbsp;&nbsp;&nbsp;&nbsp;&nbsp;&nbsp; - Clear Water<br></span></span><span style="font-family: Arial;"><font linotype?=""><font style="FONT-SIZE: 11pt">Recom MOTOR-40 HP&nbsp; /1440 \r\nRPM &nbsp; &nbsp; &nbsp; &nbsp;&nbsp;</font></font><span style="background-color: transparent;">Suc * Dis&nbsp;&nbsp; - 200*150 mm</span><span style="background-color: transparent;">&nbsp;<br></span></span><span style="font-family: Arial;"><span style="background-color: transparent;">Scope of Supply &nbsp;: Bare Pump</span></span></h5>', 1, '71500.00', '71500.00', 0),
(384, 41, 733, '<p>CCR 50 160 R6 S2 L3</p>', 1, '62900.00', '62900.00', 0),
(385, 104, 934, '<p></p><p class="MsoNormal" style="text-align: justify; line-height: 1.2;"><span style="text-decoration: underline;"><span style="font-weight: bold;">"DARLING" MakeSubmersible SS PUMP</span></span></p><table class="table table-bordered"><tbody><tr><td>Application&nbsp;<br></td><td>: Dewatering<br></td></tr><tr><td>Type<br></td><td>: Submersible Pump<br></td></tr><tr><td>Model<br></td><td>: LJ 10 LN<br></td></tr><tr><td>Method of Starting</td><td>: DOL</td></tr><tr><td>Liquid<br></td><td>: Clear Water<br></td></tr><tr><td>SG/PH<br></td><td>: 1 / 4<br></td></tr><tr><td>Temp<br></td><td>: Ambient<br></td></tr><tr><td>Head<br></td><td>: 12 m<br></td></tr><tr><td>Capacity<br></td><td>: 250 LPM<br></td></tr><tr><td>Outlet<br></td><td><p>: 50 mm</p></td></tr><tr><td>Min. Submergence<br></td><td>: 45 mm<br></td></tr><tr><td>Impeller type<br></td><td>: Half open<br></td></tr><tr><td>Casing/Impeller<br></td><td>: SS 316</td></tr><tr><td>Shaft/Shaft Sleeve<br></td><td>: SS 316<br></td></tr><tr><td>Motor Power<br></td><td>: 1 HP / 2900 RPM</td></tr></tbody></table><p class="MsoNormal" style="text-align: justify; line-height: 1.2;"><span style="background-color: transparent;"><br></span></p><p class="MsoNormal" style="text-align: justify; line-height: 1.2;"><o:p></o:p></p><p class="MsoNormal" style="text-align: justify; line-height: 1.2;">Scope of Supply Pump set with 5 meterscable</p><p></p>', 1, '103450.00', '103450.00', 0),
(386, 104, 935, '<p class="MsoNormal" style="text-align: justify; line-height: 1.2;"><span style="text-decoration-line: underline;"><span style="font-weight: bold;">"DARLING" Make Submersible CI PUMP</span></span></p><table class="table table-bordered" style="width: 944px;"><tbody><tr><td style="line-height: 1.42857;">Application&nbsp;<br></td><td style="line-height: 1.42857;">: Dewatering<br></td></tr><tr><td style="line-height: 1.42857;">Type<br></td><td style="line-height: 1.42857;">: Submersible Pump<br></td></tr><tr><td style="line-height: 1.42857;">Model<br></td><td style="line-height: 1.42857;">: LJ 10 LN<br></td></tr><tr><td style="line-height: 1.42857;">Method of Starting</td><td style="line-height: 1.42857;">: DOL</td></tr><tr><td style="line-height: 1.42857;">Liquid<br></td><td style="line-height: 1.42857;">: Clear Water<br></td></tr><tr><td style="line-height: 1.42857;">SG/PH<br></td><td style="line-height: 1.42857;">: 1 / 4<br></td></tr><tr><td style="line-height: 1.42857;">Temp<br></td><td style="line-height: 1.42857;">: Ambient<br></td></tr><tr><td style="line-height: 1.42857;">Head<br></td><td style="line-height: 1.42857;">: 12 m<br></td></tr><tr><td style="line-height: 1.42857;">Capacity<br></td><td style="line-height: 1.42857;">: 250 LPM<br></td></tr><tr><td style="line-height: 1.42857;">Outlet<br></td><td style="line-height: 1.42857;"><p>: 50 mm</p></td></tr><tr><td style="line-height: 1.42857;">Min. Submergence<br></td><td style="line-height: 1.42857;">: 45 mm<br></td></tr><tr><td style="line-height: 1.42857;">Impeller type<br></td><td style="line-height: 1.42857;">: Half open<br></td></tr><tr><td style="line-height: 1.42857;">Casing/Impeller<br></td><td style="line-height: 1.42857;">: ALLM 25/ CI</td></tr><tr><td style="line-height: 1.42857;">Shaft/Shaft Sleeve<br></td><td style="line-height: 1.42857;">: EN -8<br></td></tr><tr><td style="line-height: 1.42857;">Motor Power<br></td><td style="line-height: 1.42857;">: 1 HP / 2900 RPM<br><br></td></tr></tbody></table><p><span style="text-align: justify;">Scope of Supply Pump set with 5 meters cable</span><br></p>', 1, '28800.00', '28800.00', 0),
(388, 106, 934, '<p class="MsoNormal" style="text-indent:36.0pt"><span lang="EN-US" style="font-family:&quot;Palatino Linotype&quot;,&quot;serif&quot;">Application &nbsp;&nbsp;&nbsp;: Transfer<o:p></o:p></span></p><p class="MsoNormal" style="text-indent:36.0pt"><span lang="EN-US" style="font-family:&quot;Palatino Linotype&quot;,&quot;serif&quot;">Type&nbsp;&nbsp;&nbsp;&nbsp;&nbsp;&nbsp;&nbsp;&nbsp;&nbsp;&nbsp;&nbsp;&nbsp;&nbsp;&nbsp;&nbsp; : Dewatering Pump<o:p></o:p></span></p><p class="MsoNormal" style="text-indent:36.0pt"><span lang="EN-US" style="font-family:&quot;Palatino Linotype&quot;,&quot;serif&quot;">Model&nbsp;&nbsp;&nbsp;&nbsp;&nbsp;&nbsp;&nbsp;&nbsp;&nbsp;&nbsp;&nbsp;&nbsp;&nbsp; : LJ 10 LN<o:p></o:p></span></p><p class="MsoNormal" style="text-indent:36.0pt"><span style="font-family: &quot;Palatino Linotype&quot;, serif; text-indent: 36pt; background-color: transparent;">Liquid</span><span style="font-family: &quot;Palatino Linotype&quot;, serif; text-indent: 36pt; background-color: transparent;">&nbsp;&nbsp;&nbsp;&nbsp;&nbsp;&nbsp;&nbsp;&nbsp;&nbsp;&nbsp;&nbsp;&nbsp; </span><span style="font-family: &quot;Palatino Linotype&quot;, serif; text-indent: 36pt; background-color: transparent;">: Water</span></p><p class="MsoNormal" style="text-indent:36.0pt"><span lang="EN-US" style="font-family:&quot;Palatino Linotype&quot;,&quot;serif&quot;">SG/PH&nbsp;&nbsp;&nbsp;&nbsp;&nbsp;&nbsp;&nbsp;&nbsp;&nbsp;&nbsp;&nbsp;&nbsp; : 1 / 4<o:p></o:p></span></p><p class="MsoNormal" style="text-indent:36.0pt"><span lang="EN-US" style="font-family:&quot;Palatino Linotype&quot;,&quot;serif&quot;">Temp&nbsp;&nbsp;&nbsp;&nbsp;&nbsp;&nbsp;&nbsp;&nbsp;&nbsp;&nbsp;&nbsp;&nbsp;&nbsp;&nbsp; : Ambient<o:p></o:p></span></p><p class="MsoNormal" style="text-indent:36.0pt"><span lang="EN-US" style="font-family:&quot;Palatino Linotype&quot;,&quot;serif&quot;">Particle handle : 8 mm<o:p></o:p></span></p><p class="MsoNormal" style="text-indent:36.0pt"><span lang="EN-US" style="font-family:&quot;Palatino Linotype&quot;,&quot;serif&quot;">Head&nbsp;&nbsp;&nbsp;&nbsp;&nbsp;&nbsp;&nbsp;&nbsp;&nbsp;&nbsp;&nbsp;&nbsp;&nbsp;&nbsp;&nbsp; : 12 m<o:p></o:p></span></p><p class="MsoNormal" style="text-indent:36.0pt"><span lang="EN-US" style="font-family:&quot;Palatino Linotype&quot;,&quot;serif&quot;">Capacity&nbsp;&nbsp;&nbsp;&nbsp;&nbsp;&nbsp;&nbsp;&nbsp;&nbsp; : 15 m3/hr<o:p></o:p></span></p><p class="MsoNormal" style="text-indent:36.0pt"><span lang="EN-US" style="font-family:&quot;Palatino Linotype&quot;,&quot;serif&quot;">Outlet&nbsp;&nbsp;&nbsp;&nbsp;&nbsp;&nbsp;&nbsp;&nbsp;&nbsp;&nbsp;&nbsp;&nbsp;&nbsp; : 50 mm<o:p></o:p></span></p><p class="MsoNormal" style="text-indent:36.0pt"><span lang="EN-US" style="font-family:&quot;Palatino Linotype&quot;,&quot;serif&quot;">Min. Submergence : 45 mm<o:p></o:p></span></p><p class="MsoNormal" style="text-indent:36.0pt"><span lang="EN-US" style="font-family:&quot;Palatino Linotype&quot;,&quot;serif&quot;">Impeller type : Half open<o:p></o:p></span></p><p class="MsoNormal" style="text-indent:36.0pt"><span lang="EN-US" style="font-family:&quot;Palatino Linotype&quot;,&quot;serif&quot;">Casing/Impeller&nbsp;&nbsp; : SS 316<o:p></o:p></span></p><p class="MsoNormal" style="text-indent:36.0pt"><span lang="EN-US" style="font-family:&quot;Palatino Linotype&quot;,&quot;serif&quot;">Shaft/Shaft Sleeve : SS 316<o:p></o:p></span></p><p>\r\n\r\n\r\n\r\n\r\n\r\n\r\n\r\n\r\n\r\n\r\n\r\n\r\n\r\n\r\n\r\n\r\n\r\n\r\n\r\n\r\n\r\n\r\n\r\n\r\n\r\n\r\n\r\n\r\n\r\n</p><p class="MsoNormal" style="text-indent:36.0pt"><span lang="EN-US" style="font-family:&quot;Palatino Linotype&quot;,&quot;serif&quot;">Motor Power&nbsp;&nbsp;&nbsp;&nbsp;&nbsp; : 1 HP / 2900 RPM</span></p><p class="MsoNormal" style="text-indent:36.0pt">Scope of Supply &nbsp;: Pump with 5 Mtr Cable</p>', 1, '103450.00', '103450.00', 0),
(390, 107, 982, '<p class="MsoNormalCxSpFirst" style="line-height:normal;tab-stops:357.0pt"><span style="font-size:12.0pt;font-family:&quot;Cambria&quot;,&quot;serif&quot;;mso-bidi-font-family:\r\nArial">Make &nbsp; &nbsp; &nbsp; &nbsp; &nbsp; &nbsp; &nbsp; &nbsp; &nbsp; &nbsp; : Positive&nbsp;</span></p><p class="MsoNormalCxSpFirst" style="line-height:normal;tab-stops:357.0pt"><span style="font-size:12.0pt;font-family:&quot;Cambria&quot;,&quot;serif&quot;;mso-bidi-font-family:\r\nArial">Model&nbsp; &nbsp;&nbsp;&nbsp;&nbsp;&nbsp;&nbsp;&nbsp;&nbsp;&nbsp;&nbsp;&nbsp;&nbsp;&nbsp;&nbsp;&nbsp;&nbsp;&nbsp;: ED 01<o:p></o:p></span></p><p class="MsoNormalCxSpMiddle" style="line-height:normal;tab-stops:357.0pt"><span style="font-size:12.0pt;font-family:&quot;Cambria&quot;,&quot;serif&quot;;mso-bidi-font-family:\r\nArial">Capacity&nbsp;&nbsp;&nbsp;&nbsp;&nbsp;&nbsp;&nbsp;&nbsp;&nbsp;&nbsp;&nbsp;&nbsp;&nbsp;&nbsp; : 6 LPH<o:p></o:p></span></p><p class="MsoNormalCxSpMiddle" style="line-height:normal;tab-stops:357.0pt"><span style="font-size:12.0pt;font-family:&quot;Cambria&quot;,&quot;serif&quot;;mso-bidi-font-family:\r\nArial">Pressure&nbsp;&nbsp;&nbsp;&nbsp;&nbsp;&nbsp;&nbsp;&nbsp;&nbsp;&nbsp;&nbsp;&nbsp;&nbsp; : 3.5 Kg/cm2<o:p></o:p></span></p><p class="MsoNormalCxSpMiddle" style="line-height:normal;tab-stops:357.0pt"><span style="font-size:12.0pt;font-family:&quot;Cambria&quot;,&quot;serif&quot;;mso-bidi-font-family:\r\nArial">Liquid to be used : H2SO4(98%)<o:p></o:p></span></p><p class="MsoNormalCxSpMiddle" style="line-height:normal;tab-stops:357.0pt"><span style="font-size:12.0pt;font-family:&quot;Cambria&quot;,&quot;serif&quot;;mso-bidi-font-family:\r\nArial">Material (wetted parts): PTFE ,&nbsp;\r\nCeramic NRV Ball, PTFE Diaphragm backed by hyplon.</span></p><p class="MsoNormalCxSpMiddle" style="line-height: normal;"><span style="font-size: 12pt; font-family: Cambria, serif;">Supply&nbsp;&nbsp;&nbsp;: 230 VAC +/- 10 %, 50 Hz<o:p></o:p></span></p><p></p><p class="MsoNormalCxSpMiddle" style="line-height: normal;"><span style="font-size: 12pt; font-family: Cambria, serif;">Type Of Pump&nbsp;&nbsp;: Solenoid Operated Electro Mechanical&nbsp;&nbsp;Design with Mechanically linked Diaphragm.</span></p><p class="MsoNormalCxSpMiddle" style="line-height:normal;tab-stops:357.0pt"><span style="font-size:12.0pt;font-family:&quot;Cambria&quot;,&quot;serif&quot;;mso-bidi-font-family:\r\nArial">Accessories &nbsp;: Suction &amp;\r\nDischarge Tubing of PTFE Material, 2.5 mtrs. in length with 15 NB Flange\r\nConnection.&nbsp; Strainer Cum Foot valve,\r\nAntisyphon Valve in&nbsp; PTFE. Built in\r\nElectrical Cable moulded with Plug, Instructions manual</span></p>', 2, '22500.00', '45000.00', 0),
(399, 109, 1348, '<p class="MsoNormal"><span lang="EN-US" style="font-weight: bold; text-decoration-line: underline;">"DARLING" Pump Make&nbsp;</span></p><p class="MsoNormal"><span lang="EN-US">Application &nbsp;&nbsp;&nbsp;: Transfer<o:p></o:p></span></p><p class="MsoNormal"><span lang="EN-US">Type&nbsp;&nbsp;&nbsp;&nbsp;&nbsp;&nbsp;&nbsp;&nbsp;&nbsp;&nbsp;&nbsp;&nbsp;&nbsp;&nbsp;&nbsp; : Open well Submersible Pump<o:p></o:p></span></p><p class="MsoNormal"><span lang="EN-US">Model&nbsp;&nbsp;&nbsp;&nbsp;&nbsp;&nbsp;&nbsp;&nbsp;&nbsp;&nbsp;&nbsp;&nbsp;&nbsp; : S 1042<o:p></o:p></span></p><p class="MsoNormal"><span style="text-indent: 36pt;">Liquid</span><span style="text-indent: 36pt;">&nbsp;&nbsp;&nbsp;&nbsp;&nbsp;&nbsp;&nbsp;&nbsp;&nbsp;&nbsp;&nbsp;&nbsp;&nbsp;</span><span style="text-indent: 36pt;">: Clear Water</span></p><p class="MsoNormal"><span lang="EN-US">SG / PH&nbsp;&nbsp;&nbsp;&nbsp;&nbsp;&nbsp;&nbsp;&nbsp;&nbsp;&nbsp;&nbsp;&nbsp; : 1 / 7&nbsp;<o:p></o:p></span></p><p class="MsoNormal"><span lang="EN-US">Temp&nbsp;&nbsp;&nbsp;&nbsp;&nbsp;&nbsp;&nbsp;&nbsp;&nbsp;&nbsp;&nbsp;&nbsp;&nbsp;&nbsp; : Ambient</span></p><p class="MsoNormal"><span lang="EN-US">Head&nbsp;&nbsp;&nbsp;&nbsp;&nbsp;&nbsp;&nbsp;&nbsp;&nbsp;&nbsp;&nbsp;&nbsp;&nbsp;&nbsp;&nbsp; : 25 m<o:p></o:p></span></p><p class="MsoNormal"><span lang="EN-US">Capacity&nbsp;&nbsp;&nbsp;&nbsp;&nbsp;&nbsp;&nbsp;&nbsp;&nbsp; : 50 m3/hr<o:p></o:p></span></p><p class="MsoNormal"><span lang="EN-US">Outlet&nbsp;&nbsp;&nbsp;&nbsp;&nbsp;&nbsp;&nbsp;&nbsp;&nbsp;&nbsp;&nbsp;&nbsp;&nbsp; : 80 mm</span></p><p class="MsoNormal"><span lang="EN-US">Impeller type : Closed&nbsp;<o:p></o:p></span></p><p class="MsoNormal"><span lang="EN-US">Casing/Impeller&nbsp;&nbsp; : CI&nbsp;<o:p></o:p></span></p><p class="MsoNormal"><span lang="EN-US">Shaft/Shaft Sleeve : EN 8<o:p></o:p></span></p><p></p><p class="MsoNormal"><span lang="EN-US">Motor Power&nbsp;&nbsp;&nbsp;&nbsp;&nbsp; : 10 HP / 2900 RPM</span></p><p class="MsoNormal">Scope of Supply &nbsp;: Pump with 10 Mtr Cable</p>', 1, '36845.00', '36845.00', 0),
(400, 110, 863, '<p>Spares for Pump Model CN 32 125 G1 S2 L3</p><p>Coupling Set with spider for 2 HP Motor</p>', 2, '990.00', '1980.00', 0),
(401, 111, 613, '<p><span style="font-weight: bold; text-decoration-line: underline;">Spares for Tushaco Pump</span></p><p>Model :&nbsp;T3 S1 38</p><p><span style="background-color: transparent;">&nbsp;Mechanical Seal</span></p>', 2, '14000.00', '28000.00', 0),
(402, 111, 1351, '<p><span style="background-color: transparent;">Model : R 100 SL</span></p><p><span style="background-color: transparent;">Mechanical Seal</span><br></p>', 2, '16870.00', '33740.00', 0),
(406, 65, 627, '<p class="MsoNormal">Tushaco Pump Make<o:p></o:p></p><p class="MsoNormal">Type- Shuttle Block Pump<o:p></o:p></p><p class="MsoNormal">Model : R 50 SL<o:p></o:p></p><p style="margin-left: 0.5in;">\r\n\r\n\r\n\r\n\r\n\r\n</p><p class="MsoNormal">MOC- CI</p>', 1, '21500.00', '21500.00', 0);
INSERT INTO `quotation_rows` (`id`, `quotation_id`, `item_id`, `description`, `quantity`, `rate`, `amount`, `height`) VALUES
(408, 35, 971, '<p style="line-height: 1.5;">Make : Darling<br></p><p style="line-height: 1.5;">Application &nbsp; &nbsp; &nbsp; &nbsp; &nbsp; &nbsp; &nbsp;: Dewatering &nbsp; &nbsp; &nbsp; &nbsp; &nbsp; &nbsp;&nbsp;</p><p style="line-height: 1.5;">Model &nbsp; &nbsp; &nbsp; &nbsp; &nbsp; &nbsp; &nbsp; &nbsp; &nbsp; &nbsp; &nbsp; &nbsp; &nbsp;: DT-33&nbsp;</p><p style="line-height: 1.5;">Flow &nbsp; &nbsp; &nbsp; &nbsp; &nbsp; &nbsp; &nbsp; &nbsp; &nbsp; &nbsp; &nbsp; &nbsp; &nbsp; &nbsp; : 800 LPM</p><p style="line-height: 1.5;">Head &nbsp; &nbsp; &nbsp; &nbsp; &nbsp; &nbsp; &nbsp; &nbsp; &nbsp; &nbsp; &nbsp; &nbsp; &nbsp; &nbsp;: 10 mtrs&nbsp;&nbsp;&nbsp;&nbsp;&nbsp;&nbsp;&nbsp;&nbsp;&nbsp;&nbsp;&nbsp;&nbsp;&nbsp;&nbsp;&nbsp;&nbsp;&nbsp;&nbsp;&nbsp;&nbsp;&nbsp;&nbsp;&nbsp;&nbsp;&nbsp; &nbsp; &nbsp;&nbsp;&nbsp;&nbsp;</p><p style="line-height: 1.5;">Liquid &nbsp; &nbsp; &nbsp; &nbsp; &nbsp; &nbsp; &nbsp; &nbsp; &nbsp; &nbsp; &nbsp; &nbsp; &nbsp;: Waste water</p><p style="line-height: 1.5;">Outlet &nbsp; &nbsp; &nbsp; &nbsp; &nbsp; &nbsp; &nbsp; &nbsp; &nbsp; &nbsp; &nbsp; &nbsp; : 80 mm&nbsp;&nbsp;&nbsp;&nbsp;&nbsp;&nbsp;&nbsp;&nbsp;&nbsp;&nbsp;&nbsp;&nbsp;&nbsp;&nbsp;&nbsp;&nbsp;&nbsp;&nbsp;&nbsp;&nbsp;&nbsp;&nbsp;&nbsp;&nbsp;&nbsp; &nbsp; &nbsp;&nbsp;&nbsp;&nbsp;</p><p style="line-height: 1.5;">Solid handling size : 16 mm</p><p style="line-height: 1.5;">Power &nbsp; &nbsp; &nbsp; &nbsp; &nbsp; &nbsp; &nbsp; &nbsp; &nbsp; &nbsp; &nbsp; &nbsp;: 3 HP/2820 RPM&nbsp;&nbsp;&nbsp;&nbsp;&nbsp; &nbsp; &nbsp;&nbsp;&nbsp;</p><p style="line-height: 1.5;">Rated voltage &nbsp; &nbsp; &nbsp; : 415 (+6%, -15%)</p><p style="line-height: 1.5;">Method of starting : DOL&nbsp;&nbsp;&nbsp;&nbsp;&nbsp; &nbsp; &nbsp; </p><p style="line-height: 1.5;">Class of protection : IP 68</p><p style="line-height: 1.5;">Min. Submergence : 120 mm&nbsp; &nbsp;</p><p style="line-height: 1.5;">Weight of Pump &nbsp;: 46 kg</p><p style="line-height: 1.5;"><span style="text-decoration: underline;">Material of Construction</span></p><p style="line-height: 1.5;">Diffuser &nbsp; &nbsp; &nbsp; &nbsp; &nbsp; &nbsp; &nbsp; &nbsp; &nbsp;: 2% NICI&nbsp;&nbsp;&nbsp;&nbsp;&nbsp;&nbsp;&nbsp;&nbsp;&nbsp;&nbsp;&nbsp;&nbsp;&nbsp;&nbsp;&nbsp;&nbsp;&nbsp;&nbsp;&nbsp;&nbsp;&nbsp;&nbsp;&nbsp;&nbsp;&nbsp; &nbsp; </p><p style="line-height: 1.5;">Impeller &nbsp; &nbsp; &nbsp; &nbsp; &nbsp; &nbsp; &nbsp; &nbsp; : ASTM A 217 GR CA 15 (SS-410)</p><p style="line-height: 1.5;">Shaft &nbsp; &nbsp; &nbsp; &nbsp; &nbsp; &nbsp; &nbsp; &nbsp; &nbsp; &nbsp; &nbsp; &nbsp;: AISI 410</p><p style="line-height: 1.5;"><br></p><p style="line-height: 1.5;">Scope Of Supply :- Pump with 20 Mtr cable and control panel&nbsp;</p>', 1, '71000.00', '71000.00', 0),
(409, 86, 925, '<h6><b><u><span style="font-size:12.0pt;font-family:&quot;Palatino Linotype&quot;,&quot;serif&quot;;\r\ncolor:#171000">Item Code : 768915027010<br></span></u></b></h6><h6><span style="font-size:12.0pt;font-family:&quot;Palatino Linotype&quot;,&quot;serif&quot;;\r\ncolor:#171000">Tushaco Make : RT-125 /50 Pump<br></span><span style="font-size:12.0pt;font-family:&quot;Palatino Linotype&quot;,&quot;serif&quot;;\r\ncolor:#171000">Pressure : upto 8 KG&nbsp;&nbsp;&nbsp;&nbsp;&nbsp;&nbsp;&nbsp;&nbsp;&nbsp;&nbsp;&nbsp;&nbsp;&nbsp;&nbsp;&nbsp;&nbsp;&nbsp;&nbsp;&nbsp;&nbsp;&nbsp;&nbsp;&nbsp;&nbsp;&nbsp;&nbsp;&nbsp;&nbsp;&nbsp; Capacity : 177 LPM<br></span><span style="font-size:12.0pt;font-family:&quot;Palatino Linotype&quot;,&quot;serif&quot;;\r\ncolor:black">Suc*Dis Size :\r\n1.5"&nbsp;&nbsp;&nbsp;&nbsp;&nbsp;&nbsp;&nbsp;&nbsp;&nbsp;&nbsp;&nbsp;&nbsp;&nbsp;&nbsp;&nbsp;&nbsp;&nbsp;&nbsp;&nbsp;&nbsp;&nbsp;&nbsp;&nbsp;&nbsp;&nbsp;&nbsp;&nbsp;&nbsp;&nbsp;&nbsp;&nbsp;&nbsp;&nbsp;&nbsp;\r\nSealing : Mechanical Seal<br></span><span style="font-size:12.0pt;font-family:&quot;Palatino Linotype&quot;,&quot;serif&quot;;\r\ncolor:black">Reccd. Power : 7.5 HP / 1500\r\nRPM&nbsp;&nbsp;&nbsp;&nbsp;&nbsp;&nbsp;&nbsp; Liquid : LDO<br></span><span style="font-size:12.0pt;font-family:&quot;Palatino Linotype&quot;,&quot;serif&quot;;\r\ncolor:black;mso-fareast-language:EN-IN">Temperature :\r\nAmbient&nbsp;&nbsp;&nbsp;&nbsp;&nbsp;&nbsp;&nbsp;&nbsp;&nbsp;&nbsp;&nbsp;&nbsp;&nbsp;&nbsp;&nbsp;&nbsp;&nbsp;&nbsp;&nbsp;&nbsp;&nbsp;&nbsp;&nbsp;&nbsp;&nbsp;&nbsp;\r\nMotor Type : Flame Proof Foot Mounted<br></span><span style="font-size:12.0pt;font-family:&quot;Palatino Linotype&quot;,&quot;serif&quot;;\r\ncolor:black;mso-fareast-language:EN-IN">&nbsp;<br></span><strong><span style="font-size:12.0pt;font-family:&quot;Palatino Linotype&quot;,&quot;serif&quot;;\r\nmso-bidi-font-family:Calibri;color:black;mso-fareast-language:EN-IN">Scope of\r\nSupply :<br></span></strong><span style="font-size:12.0pt;font-family:&quot;Palatino Linotype&quot;,&quot;serif&quot;;\r\ncolor:black;mso-fareast-language:EN-IN">Price For Pump with REMI/BBL Make Flame\r\nProof Foot Mounted Motor,<br></span><span style="font-size:12.0pt;font-family:&quot;Palatino Linotype&quot;,&quot;serif&quot;;\r\ncolor:black;mso-fareast-language:EN-IN">\r\nMS Base Frame, Coupling Coupling Guard, fasteners Trolley Mounted Unit<br></span><span style="font-size:12.0pt;font-family:&quot;Palatino Linotype&quot;,&quot;serif&quot;;\r\ncolor:black;mso-fareast-language:EN-IN"><strong>(Trolley Mounted Motorised Unit)</strong></span></h6><p>\r\n\r\n\r\n\r\n\r\n\r\n\r\n\r\n</p>', 1, '63300.00', '63300.00', 0),
(417, 48, 977, '<p><span style="font-weight: bold; text-decoration-line: underline;">Spares for Darling Pump&nbsp;</span></p><p><span style="font-weight: bold;">Model : WV 01 L/40</span></p><p><span style="background-color: transparent; font-weight: bold;">&nbsp;Part No. &nbsp;&nbsp;&nbsp;&nbsp;&nbsp;&nbsp;&nbsp;&nbsp;</span><span style="background-color: transparent;">&nbsp;&nbsp;&nbsp;&nbsp;</span><span style="background-color: transparent;">&nbsp;&nbsp;&nbsp;&nbsp;</span><span style="background-color: transparent;">&nbsp;&nbsp;&nbsp;&nbsp;</span><span style="background-color: transparent;">&nbsp;&nbsp;&nbsp;&nbsp;</span><span style="background-color: transparent;">&nbsp;&nbsp;&nbsp;&nbsp;</span><span style="background-color: transparent;">&nbsp;&nbsp;&nbsp;&nbsp;</span><span style="background-color: transparent;">&nbsp;&nbsp;&nbsp;&nbsp;</span><span style="background-color: transparent;">&nbsp;&nbsp;&nbsp;&nbsp;</span><span style="background-color: transparent;">&nbsp;&nbsp;&nbsp;</span><span style="background-color: transparent; font-weight: bold;">&nbsp;Description</span></p><p><span style="background-color: transparent;">05 &nbsp;&nbsp;&nbsp;&nbsp;&nbsp;&nbsp;&nbsp;&nbsp;</span>&nbsp;&nbsp;&nbsp;&nbsp;&nbsp;&nbsp;&nbsp;&nbsp;&nbsp;&nbsp;&nbsp;&nbsp;&nbsp;&nbsp;&nbsp;&nbsp;&nbsp;&nbsp;&nbsp;&nbsp;&nbsp;&nbsp;&nbsp;&nbsp;&nbsp;&nbsp;&nbsp;&nbsp;&nbsp;&nbsp;&nbsp;&nbsp;&nbsp;&nbsp;&nbsp;&nbsp;&nbsp;&nbsp;&nbsp;&nbsp;&nbsp;&nbsp;&nbsp;&nbsp;&nbsp;&nbsp;&nbsp;&nbsp;<span style="background-color: transparent;">&nbsp;CI &nbsp;Pump Casing</span></p>', 1, '8480.00', '8480.00', 0),
(418, 48, 1364, '<p>08 &nbsp;&nbsp;&nbsp;&nbsp;&nbsp;&nbsp;&nbsp;&nbsp;&nbsp;&nbsp;&nbsp;&nbsp;&nbsp;&nbsp;&nbsp;&nbsp;&nbsp;&nbsp;&nbsp;&nbsp;&nbsp;&nbsp;&nbsp;&nbsp;&nbsp;&nbsp;&nbsp;&nbsp;&nbsp;&nbsp;&nbsp;&nbsp;&nbsp;&nbsp;&nbsp;&nbsp;&nbsp;&nbsp;&nbsp;&nbsp;&nbsp;&nbsp;&nbsp;&nbsp;&nbsp;&nbsp;&nbsp;&nbsp;&nbsp;&nbsp;&nbsp;&nbsp;&nbsp;&nbsp;&nbsp;&nbsp;SS Impeller&nbsp;</p>', 1, '7402.00', '7402.00', 0),
(419, 48, 1366, '<p>07A&nbsp;&nbsp;&nbsp;&nbsp;&nbsp;&nbsp;&nbsp;&nbsp;&nbsp;&nbsp;&nbsp;&nbsp;&nbsp;&nbsp;&nbsp;&nbsp;&nbsp;&nbsp;&nbsp;&nbsp;&nbsp;&nbsp;&nbsp;&nbsp;&nbsp;&nbsp;&nbsp;&nbsp;&nbsp;&nbsp;&nbsp;&nbsp;&nbsp;&nbsp;&nbsp;&nbsp;&nbsp;&nbsp;&nbsp;&nbsp;&nbsp;&nbsp;&nbsp;&nbsp;&nbsp;&nbsp;&nbsp;&nbsp;&nbsp;&nbsp;&nbsp;&nbsp;Basestand</p>', 1, '3882.00', '3882.00', 0),
(420, 48, 1367, '<p><span style="font-weight: bold; text-decoration-line: underline;">Spares for Antico Pump</span></p><p><span style="font-weight: bold;">Model : NZRP 50 200</span></p><p><span style="font-weight: bold;">Part No.&nbsp;&nbsp;&nbsp;&nbsp;&nbsp;&nbsp;&nbsp;&nbsp;&nbsp;</span>&nbsp;&nbsp;&nbsp;&nbsp;&nbsp;&nbsp;&nbsp;&nbsp;&nbsp;&nbsp;&nbsp;&nbsp;&nbsp;&nbsp;&nbsp;&nbsp;&nbsp;&nbsp;&nbsp;&nbsp;&nbsp;&nbsp;&nbsp;&nbsp;&nbsp;&nbsp;&nbsp;&nbsp;&nbsp;&nbsp;&nbsp;&nbsp;<span style="font-weight: bold;"></span><span style="font-weight: bold;">Description</span></p><p>102&nbsp;&nbsp;&nbsp;&nbsp;&nbsp;&nbsp;&nbsp;&nbsp;&nbsp;&nbsp;&nbsp;&nbsp;&nbsp;&nbsp;&nbsp;&nbsp;&nbsp;&nbsp;&nbsp;&nbsp;&nbsp;&nbsp;&nbsp;&nbsp;&nbsp;&nbsp;&nbsp;&nbsp;&nbsp;&nbsp;&nbsp;&nbsp;&nbsp;&nbsp;&nbsp;&nbsp;&nbsp;&nbsp;&nbsp;&nbsp;&nbsp;&nbsp;&nbsp;&nbsp;&nbsp;&nbsp;&nbsp;&nbsp;&nbsp;&nbsp;&nbsp;PP Casing &nbsp;&nbsp;&nbsp;&nbsp;</p><p><span style="font-weight: bold;"></span></p>', 1, '6500.00', '6500.00', 0),
(421, 48, 1369, '<p>230&nbsp;&nbsp;&nbsp;&nbsp;&nbsp;&nbsp;&nbsp;&nbsp;&nbsp;&nbsp;&nbsp;&nbsp;&nbsp;&nbsp;&nbsp;&nbsp;&nbsp;&nbsp;&nbsp;&nbsp;&nbsp;&nbsp;&nbsp;&nbsp;&nbsp;&nbsp;&nbsp;&nbsp;&nbsp;&nbsp;&nbsp;&nbsp;&nbsp;&nbsp;&nbsp;&nbsp;&nbsp;&nbsp;&nbsp;&nbsp;&nbsp;&nbsp;&nbsp;&nbsp;&nbsp;&nbsp;&nbsp;&nbsp;PP Impeller Semi Open</p>', 1, '5200.00', '5200.00', 0),
(422, 48, 1365, '<p>471&nbsp;&nbsp;&nbsp;&nbsp;&nbsp;&nbsp;&nbsp;&nbsp;&nbsp;&nbsp;&nbsp;&nbsp;&nbsp;&nbsp;&nbsp;&nbsp;&nbsp;&nbsp;&nbsp;&nbsp;&nbsp;&nbsp;&nbsp;&nbsp;&nbsp;&nbsp;&nbsp;&nbsp;&nbsp;&nbsp;&nbsp;&nbsp;&nbsp;&nbsp;&nbsp;&nbsp;&nbsp;&nbsp;&nbsp;&nbsp;&nbsp;&nbsp;&nbsp;&nbsp;&nbsp;&nbsp;&nbsp;&nbsp;FKM Seal Cover&nbsp;</p>', 1, '1430.00', '1430.00', 0),
(423, 48, 1370, '<p>157 &nbsp; &nbsp; &nbsp; &nbsp; &nbsp; &nbsp; &nbsp; &nbsp; &nbsp; &nbsp; &nbsp; &nbsp; &nbsp; &nbsp; &nbsp; &nbsp; &nbsp; &nbsp; &nbsp; &nbsp; &nbsp; &nbsp; &nbsp; &nbsp;PP Suction Flange</p>', 2, '1950.00', '3900.00', 0),
(425, 112, 982, '<p class="MsoNoSpacing" style="margin: 0in 0in 0pt; line-height: 1.5;"><b><u>Positive \r\nMake Dosing Pump</u></b></p><p class="MsoNoSpacing" style="margin: 0in 0in 0pt; line-height: 1.5;">Pump Model: ED 01 </p><p class="MsoNoSpacing" style="margin: 0in 0in 0pt; line-height: 1.5;">Type&nbsp;&nbsp;&nbsp;&nbsp;&nbsp;&nbsp;&nbsp;&nbsp;&nbsp;&nbsp;&nbsp;&nbsp;&nbsp;&nbsp; \r\n: Solenoid type</p><p class="MsoNoSpacing" style="margin: 0in 0in 0pt; line-height: 1.5;">Max.Capacity : 0-6 LPH&nbsp;&nbsp;&nbsp;&nbsp;&nbsp;&nbsp;&nbsp;&nbsp; &nbsp;&nbsp;&nbsp;&nbsp;&nbsp;&nbsp;&nbsp;&nbsp;&nbsp;&nbsp;&nbsp; </p><p class="MsoNoSpacing" style="margin: 0in 0in 0pt; line-height: 1.5;">Max.Pressure&nbsp;&nbsp;&nbsp;&nbsp;&nbsp;&nbsp;&nbsp; : 4 kg/cm2</p><p class="MsoNoSpacing" style="margin: 0in 0in 0pt; line-height: 1.5;">Power&nbsp;&nbsp;&nbsp;&nbsp;&nbsp;&nbsp;&nbsp;&nbsp;&nbsp;&nbsp;&nbsp;&nbsp; ; \r\nSingle phase/230V&nbsp; </p><p class="MsoNoSpacing" style="margin: 0in 0in 0pt; line-height: 1.5;">Liquid Head : \r\nPP</p><p class="MsoNoSpacing" style="margin: 0in 0in 0pt; line-height: 1.5;">NRV Ball&nbsp;&nbsp;&nbsp;&nbsp;&nbsp;&nbsp; : \r\nCeramic&nbsp;&nbsp; &nbsp;&nbsp;&nbsp;&nbsp;&nbsp;&nbsp;&nbsp; &nbsp;&nbsp;&nbsp;&nbsp;&nbsp;&nbsp;&nbsp;&nbsp; </p><p class="MsoNoSpacing" style="margin: 0in 0in 0pt; line-height: 1.5;">NRV&nbsp;&nbsp; \r\n: PP</p><p class="MsoNoSpacing" style="margin: 0in 0in 0pt; line-height: 1.5;">Diaphragm&nbsp;&nbsp; : PTFE \r\nBacked By Hypalon</p><p class="MsoNoSpacing" style="margin: 0in 0in 0pt; line-height: 1.5;">Suction *Discharge: &nbsp; </p><p style="line-height: 1.5;">\r\n\r\n\r\n\r\n\r\n\r\n\r\n\r\n</p><p class="MsoNoSpacing" style="margin: 0in 0in 0pt; line-height: 1.5;">Accessories: Foot Valve Cum Strainer, Suction &amp; \r\nDischarge Piping: 1 mtr&nbsp;</p>', 2, '5000.00', '10000.00', 0),
(426, 113, 958, '<p><span style="font-weight: bold;">ITEM CODE: PUMPOTHR0370</span></p><p>Darling Make Submersible Non Clog pump&nbsp;</p><p>Pump Model : WP05/35</p><p>Head: 16 Meters</p><p>Flow : 500 LPM</p><p>Motor : 5 HP/2900 RPM</p><p>Pump Set with 10 meters cables&nbsp;</p><p><span style="font-weight: bold;">Note: Discount @ 20 % on quoted Prices and you may placed repeat order as per last PO No.: 381485 dated 17.08.2016</span></p>', 1, '103532.00', '103532.00', 0),
(427, 113, 645, '<p><span style="font-weight: bold;">ITEM CODE: PUMPWTRT0473</span></p><p>Darling Make Submersible Dewatering Pump&nbsp;</p><p>Pump Model : WW 101</p><p>Head: 14 Meters Max</p><p>Flow : 250 LPM at 9 meters Head</p><p>Motor : 1 HP/2900 RPM 1 Phase</p><p>Pump Set with 5 meters cables &nbsp;and starter</p><p><span style="font-weight: bold;">Note: &nbsp;You may placed repeat order as per last PO No.: 359931 dated 20.04.2016</span></p>', 1, '19680.00', '19680.00', 0),
(429, 105, 917, '<p><span style="font-weight: bold; text-decoration-line: underline;">Your Item Code :&nbsp;2100000143</span></p><p><span style="font-weight: bold;">Mechfill Make Forced Lubrication Unit</span></p><div><span style="background-color: transparent;">Tushaco Make Gear Pump&nbsp;</span><br></div><div>Motor Power: 1 HP/1500 RPM</div><div>Flow: 15-20&nbsp; LPM,&nbsp;&nbsp;&nbsp; Pressure: upto 3-4 \r\nKG/CM2</div><div>Liquid : Oil Grade used ISO VG \r\n320</div><div class="MsoNormal">HRS /Tranter/APV &nbsp;make Plate type Heat Exchanger </div><div class="MsoNormal">Temperature gauge at Suction Side and Outlet of Heat \r\nExchanger to monitor temperature drop.</div><div class="MsoNormal">Other accessories like Filter, Piping, flanges , \r\nfittings etc. </div><div class="MsoNormal"><span style="color: rgb(23, 16, 0); background-color: transparent;"><br></span></div><div class="MsoNormal"><span style="color: rgb(23, 16, 0); background-color: transparent;">All mounted on MS common base \r\nframe and duly assembled</span></div><div class="MsoNormal"><span style="color: rgb(23, 16, 0); background-color: transparent;"><br></span></div><div class="MsoNormal"><div class="MsoNormal"><b><u>Data parameters considered \r\n:-</u></b></div>\r\n<div class="MsoNormal" style="MARGIN: 0cm 0cm 0pt">Oil inlet flow&nbsp;&nbsp;&nbsp;&nbsp;&nbsp; : 15 \r\nLPM with 3-4 kg/cm2 pressure</div>\r\n<div class="MsoNormal" style="MARGIN: 0cm 0cm 0pt">Water inlet flow : 80 LPM \r\nat 2 to 3 kg/cm2 pressure</div>\r\n<div class="MsoNormal" style="MARGIN: 0cm 0cm 0pt">Oil Grade Used :&nbsp; ISO VG \r\n320</div>\r\n<div class="MsoNormal" style="MARGIN: 0cm 0cm 0pt">Oil Inlet temp&nbsp;&nbsp;&nbsp; : 75 C \r\nin summer</div>\r\n<div class="MsoNormal" style="MARGIN: 0cm 0cm 0pt">Water inlet \r\ntemperature&nbsp;&nbsp;&nbsp;&nbsp; : 30 C (Water Required from Cooling Tower)</div>\r\n<div class="MsoNormal" style="MARGIN: 0cm 0cm 0pt">Temperature drop : 15 C to 18 C</div><br></div>', 3, '52000.00', '156000.00', 0),
(430, 100, 917, '<p><span style="font-weight: bold; text-decoration-line: underline;">Your Item Code :&nbsp;2100000143</span></p><p><span style="font-weight: bold;">Mechfill Make Forced Lubrication Unit</span></p><div><span style="background-color: transparent;">Tushaco Make Gear Pump&nbsp;</span><br></div><div>Motor Power: 1 HP/1500 RPM</div><div>Flow: 15-20&nbsp; LPM,&nbsp;&nbsp;&nbsp; Pressure: upto 3-4 KG/CM2</div><div>Liquid : Oil Grade used ISO VG 320</div><div class="MsoNormal">HRS /Tranter/APV &nbsp;make Plate type Heat Exchanger</div><div class="MsoNormal">Temperature gauge at Suction Side and Outlet of Heat Exchanger to monitor temperature drop.</div><div class="MsoNormal">Other accessories like Filter, Piping, flanges , fittings etc.</div><div class="MsoNormal"><span style="color: rgb(23, 16, 0); background-color: transparent;"><br></span></div><div class="MsoNormal"><span style="color: rgb(23, 16, 0); background-color: transparent;">All mounted on MS common base frame and duly assembled</span></div><div class="MsoNormal"><span style="color: rgb(23, 16, 0); background-color: transparent;"><br></span></div><div class="MsoNormal"><div class="MsoNormal"><span style="font-weight: 700;"><u>Data parameters considered :-</u></span></div><div class="MsoNormal" style="margin: 0cm 0cm 0pt;">Oil inlet flow&nbsp;&nbsp;&nbsp;&nbsp;&nbsp; : 15 LPM with 3-4 kg/cm2 pressure</div><div class="MsoNormal" style="margin: 0cm 0cm 0pt;">Water inlet flow : 80 LPM at 2 to 3 kg/cm2 pressure</div><div class="MsoNormal" style="margin: 0cm 0cm 0pt;">Oil Grade Used :&nbsp; ISO VG 320</div><div class="MsoNormal" style="margin: 0cm 0cm 0pt;">Oil Inlet temp&nbsp;&nbsp;&nbsp; : 75 C in summer</div><div class="MsoNormal" style="margin: 0cm 0cm 0pt;">Water inlet temperature&nbsp;&nbsp;&nbsp;&nbsp; : 30 C (Water Required from Cooling Tower)</div><div class="MsoNormal" style="margin: 0cm 0cm 0pt;">Temperature drop : 15 C to 18 C</div></div>', 1, '52000.00', '52000.00', 0),
(434, 114, 1172, '<p><span style="font-weight: bold;">Item Code :&nbsp;768033027010</span></p><p><span style="font-weight: bold;">JOHNSON make Centrifugal Pump</span></p><p>Pump Model: CCR 25 160 A20 M2 L3</p><p>Liquid : H2SO4 99 % / SG : 1.84 / Temp.: Ambient</p><p>Head : 25 Meters</p><p>Flow : 6 M3/hr</p><p>Suc x Dis size : 25 x 25 MM</p><p>Sealing : Mechanical Seal</p><p>Impeller Type : Half Open</p><p>Recd. Motor Power: 5 HP/2900 RPM</p><p>MOC: All Wetted Parts Alloy 20 &amp; Bearing Housing SS 316 MOC</p><p><span style="font-weight: bold;">Price for Bare Pump</span></p>', 1, '90350.00', '90350.00', 0),
(435, 26, 677, '<p><span style="font-weight: bold; text-decoration-line: underline;">JOHNSON Pump &amp; Spares</span></p><p>Model&nbsp;<span style="font-weight: bold;">: </span>KGEN 11 3</p><p>Type : Self Priming Mud Pump</p>', 2, '8880.00', '17760.00', 0),
(436, 26, 755, '<p>Mechanical Seal KGEN &nbsp;11 3</p>', 5, '1350.00', '6750.00', 0),
(437, 26, 750, '<p>Oil Seal KGEN 11 3</p>', 5, '150.00', '750.00', 0),
(438, 115, 927, '<p>Johnson Pump Model : CCR 32 160&nbsp;</p><p>Sealing &nbsp; &nbsp; &nbsp;: Mechanical Seal</p><p>Suc * Dis &nbsp; : &nbsp;50*32 mm</p><p>MOC &nbsp; &nbsp; &nbsp; &nbsp; &nbsp;: &nbsp;SS 316</p><p>Power &nbsp; &nbsp; &nbsp; &nbsp;: 5 HP/2900 RPm</p><p>Scope of Supply &nbsp;: Pump with REMI/ BBL Motor coupling, coupling Guard duly assembled on MS Base frame</p>', 1, '67695.00', '67695.00', 0),
(440, 116, 802, '<p>JOHNSON make Non Clog Self Priming Pump Set</p><p>Pump Model : KGEN 12 - 6 G1</p><p>Head : 15 - 19 Meters</p><p>Flow : &nbsp;30 &nbsp;- 12 M3/Hr</p><p>Liquid : Waste Water&nbsp;</p><p>Sealing : Mechanical Seal</p><p>SucxDis &nbsp;Size : 65 x 65 MM</p><p>Power : 5 HP / 2900 RPM</p><p>Particle Size Handling : 19 MM</p><p>MOC : Cast Iron Body &amp; Impeller&nbsp;</p><p>Impeller : Half Open</p><p><span style="font-weight: bold; background-color: transparent;">Price for Pump with BBL make STD. &nbsp;Foot Mounted Motor,</span><br></p><p><span style="font-weight: bold;">MS Base Frame, Coupling, Coupling Guard Fasteners&nbsp;</span></p><p><span style="font-weight: bold;">(Complete Motorised Unit)&nbsp;</span></p>', 1, '29850.00', '29850.00', 0),
(442, 117, 1353, '<p><span style="font-weight: bold;">Item Code :&nbsp;</span><span style="font-weight: bold; background-color: transparent;">&nbsp;</span><span style="font-weight: bold; background-color: transparent;">308000263959</span></p><p><span style="font-weight: bold; background-color: transparent;">Pump Model : NZK 50*32*125&nbsp;</span></p><p><span style="font-weight: bold; background-color: transparent;">Liquid : 98% H2SO4&nbsp;</span></p><p><span style="font-weight: bold;">Head : 24 Meters</span></p><p><span style="font-weight: bold;">Flow :8.25 M3/hr</span></p><p><span style="font-weight: bold;">Recd. Motor : 7.5 HP/2900 RPM</span></p>', 1, '63450.00', '63450.00', 0),
(443, 118, 1378, '<p>Split Gland CI PN 1140 for Pump CN 65 160 G1 S2 L3</p>', 15, '650.00', '9750.00', 0),
(444, 118, 1379, '<p>Bearing Housing PN 2100 for Pump CN 65 160 G1 S2 L3</p>', 1, '5250.00', '5250.00', 0),
(446, 119, 796, '<p><span style="font-weight: bold; text-decoration-line: underline;">Spare for "JOHNSON" Pump</span></p><p><span style="font-weight: bold;">Model : KGEN 12 6</span></p><p>Part No. : 0100</p><p>Name of Spare : CI Pump Housing</p>', 1, '9100.00', '9100.00', 0),
(449, 120, 1382, '<p>Pump Model : NS 40&nbsp;</p><p>Head : 7 Meters</p><p>Flow : 7 M3/hr</p><p>Size : 40*40 &nbsp;MM</p><p>Motor Power : 1 HP/2900 RPM</p><p>Price for pump with BBL/REMI make STD Foot Mounted Motor, Love Joy Coupling, Coupling Guard, MS Base Frame, Fasteners, Foundation Bolt</p><p><span style="font-weight: bold;">(Complete Motorized Unit)</span></p>', 1, '28800.00', '28800.00', 0),
(450, 120, 1383, '<p>Pump Model : NS 40&nbsp;</p><p>Head : 7 Meters</p><p>Flow : 7 M3/hr</p><p>Size : 40*40 MM</p><p>Recd. Motor Power : 1 HP/2900 RPM</p><p>Price for pump with &nbsp;Love Joy Coupling, Coupling Guard, MS Base Frame, Fasteners, Foundation Bolt</p>', 1, '23900.00', '23900.00', 0),
(451, 121, 1384, '<p><span style="font-weight: bold;">Item Code :&nbsp;40151503K397</span></p><p>JOHNSON make Centrifugal Pump&nbsp;</p><p>Pump Model : CN 100 200</p><p>Liquid : Water</p><p>Head : 50 Meters</p><p>Flow : 220 M3/hr</p><p>Suc*Dis size : 125*100 MM</p><p>Sealing : Gland Packing</p><p>MOC : Cast Iron</p><p>Bearing Lubrication : Grease Lubrication</p><p>Motor Power : 45 KW / 60 HP / 2900 RPM</p><p>Coupling Type : Tyre Coupling</p><p>Price for pump with BBL/REMI make STD Foot Mounted Motor, MS Base Frame, Tyre Coupling, Coupling Guard, Fasteners</p><p><span style="font-weight: bold;">(Complete Motorized Unit)&nbsp;</span></p>', 1, '155800.00', '155800.00', 0),
(452, 122, 1383, '<p>Pump Model : NS 40</p><p>Liquid : Light Acid for Descaling Purpose</p><p>Head : 8 Meters</p><p>Motor Power : 1 HP / 2900 RPM</p><p>MOC : PP</p><p>Suc*Dis Size : 40*40 MM of Pump set we reduce size through reducer 25*25 MM</p><p>Price for Pump with 1 HP BBL/REMI Make STD Foot Mounted Motor, MS Base Frame, Lovejoy Coupling, Coupling Guard</p><p><span style="font-weight: bold;">(Complete Motorized Unit)</span></p>', 1, '28750.00', '28750.00', 0),
(456, 123, 1316, '<p><span style="font-weight: bold; text-decoration-line: underline;">"TUSHACO" Pump Make</span></p><p>Type: Gear Pump</p><p>Model : RTBP 10</p><p>Capacity-10 LPM</p>', 1, '17500.00', '17500.00', 0),
(460, 108, 1385, '<p style="line-height: 1;">CI Impeller of&nbsp;<span style="background-color: transparent;">CN 150 315 G1 S2 L3</span></p>', 1, '18400.00', '18400.00', 0),
(461, 108, 1386, '<p style="line-height: 1;">CI Stuffing Box&nbsp;<span style="background-color: transparent;">of&nbsp;</span><span style="background-color: transparent;">CN 150 315 G1 S2 L3</span></p>', 1, '9500.00', '9500.00', 0),
(462, 108, 1387, '<p style="line-height: 1;">Lock Nut&nbsp;<span style="background-color: transparent;">of CN 150 315 G1 S2 L3</span></p>', 6, '668.00', '4008.00', 0),
(463, 125, 722, '<p class="MsoNormal" style="line-height: 1;"><span lang="EN-US" style="font-weight: bold; text-decoration-line: underline;">"JOHNSON" Pump Make</span></p><p class="MsoNormal">Appliction &nbsp;&nbsp;: Transfer</p><p class="MsoNormal">Pump Type &nbsp;&nbsp;:&nbsp;\r\nCentrifugal Pump<o:p></o:p></p><p class="MsoNormal">Pump Model &nbsp;: CN 125\r\n315 G1 S2 L3<o:p></o:p></p><p class="MsoNormal">Fluid Handled &nbsp;: Clear\r\nWater<o:p></o:p></p><p class="MsoNormal">Operating Temperature&nbsp;\r\n: Ambient</p><p class="MsoNormal"><span style="font-weight: bold; background-color: yellow;">Efficiency &nbsp; &nbsp; &nbsp;: 85.6%</span></p><p class="MsoNormal">Specific Gravity / PH&nbsp; :\r\n1 / 7<o:p></o:p></p><p class="MsoNormal">Capacity &nbsp; &nbsp; &nbsp; : 200 m3/hr<o:p></o:p></p><p class="MsoNormal">Head &nbsp; &nbsp; &nbsp; &nbsp; &nbsp; &nbsp; &nbsp; : 20 m<o:p></o:p></p><p class="MsoNormal">Speed &nbsp; &nbsp; &nbsp; &nbsp; &nbsp; &nbsp; : 1440 rpm<o:p></o:p></p><p class="MsoNormal">Pump Suc*Dis Size &nbsp;:\r\n150 mm*125 mm<o:p></o:p></p><p class="MsoNormal">Power consumed by pump (BkW)&nbsp;\r\n: 12.5<o:p></o:p></p><p class="MsoNormal">Recom Motor Rating&nbsp; :\r\n20 H.P<o:p></o:p></p><p class="MsoNormal">Sealing &nbsp; &nbsp; &nbsp; &nbsp; &nbsp; &nbsp; : Gland\r\nPacking<o:p></o:p></p><p class="MsoNormal">Impeller Type&nbsp;&nbsp; :\r\nClosed&nbsp;&nbsp;&nbsp;&nbsp;&nbsp;&nbsp;&nbsp;&nbsp; &nbsp;<o:p></o:p></p><p class="MsoNormal">Volute Casing&nbsp;&nbsp;&nbsp;&nbsp;&nbsp; :\r\nCI<o:p></o:p></p><p class="MsoNormal">Shaft &nbsp; &nbsp; &nbsp; &nbsp; &nbsp; &nbsp; &nbsp; &nbsp; &nbsp; &nbsp; : SS <o:p></o:p></p><p class="MsoNormal">Impeller &nbsp; &nbsp; &nbsp; &nbsp; &nbsp; &nbsp; &nbsp; : &nbsp;CI<o:p></o:p></p><p class="MsoNormal">Bearing Housing : CI<o:p></o:p></p><p class="MsoNormal" style="line-height: 1;">\r\n\r\n\r\n\r\n\r\n\r\n\r\n\r\n\r\n\r\n\r\n\r\n\r\n\r\n\r\n\r\n\r\n\r\n\r\n\r\n\r\n\r\n\r\n\r\n\r\n\r\n\r\n\r\n\r\n\r\n\r\n\r\n\r\n\r\n\r\n\r\n</p><p class="MsoNormal">Scope of Supply : Bare Pump with coupling, coupling guard , duly assembled on base frame.</p>', 1, '63500.00', '63500.00', 0),
(464, 126, 1388, '<p>Item Code :&nbsp;40151700HJ46</p><p>Line Mounted&nbsp;Relief for TUSHACO Pump Model : T3ST 52/40</p>', 1, '52500.00', '52500.00', 0),
(465, 127, 1389, '<p><span style="font-weight: bold;">Darling make Submersible Waste Water Transfer Pump</span></p><p>Pump Model : WW 102</p><p>Liquid : Sewage / Waste Water</p><p>Head : 14 Meters</p><p>Flow : 5 - 6 M3/hr</p><p>Discharge Size : 50 MM</p><p>Power : 1 HP / 2900 RPM &nbsp;3 Phase</p><p>Particle Size Handling : 20 MM</p><p><span style="font-weight: bold;">Price for Pump set wit 5 Meters cables</span></p><p><span style="font-weight: bold;"><br></span></p><p><br></p>', 2, '21500.00', '43000.00', 0),
(466, 124, 628, '<p style="line-height: 1;">Item Code &nbsp;:&nbsp;<span style="color: black; font-family: &quot;Times New Roman&quot;, serif; background-color: transparent;">IMEPUM0150</span></p><p style="line-height: 1;"><span style="color: black; font-family: &quot;Times New Roman&quot;, serif; background-color: transparent;">Pump Model &nbsp;: R 100 SL</span></p><p style="line-height: 1;"><span style="color: black; font-family: &quot;Times New Roman&quot;, serif; background-color: transparent;">Make &nbsp; &nbsp; &nbsp;: Tushaco&nbsp;</span></p><p style="line-height: 1;"><span style="color: black; font-family: &quot;Times New Roman&quot;, serif; background-color: transparent;">You may please place repeat order your PO No.&nbsp;</span><span style="background-color: transparent; color: rgb(0, 0, 0); font-family: &quot;Times New Roman&quot;, serif;">PORS/&nbsp;</span><span style="color: rgb(0, 0, 0); font-family: &quot;Times New Roman&quot;, serif; background-color: transparent;">197/1718/000128 dt 21.04.2017.</span></p><p class="MsoNormal"><span style="FONT-FAMILY: &quot;Times New Roman&quot;,&quot;serif&quot;; COLOR: black"><o:p></o:p></span></p>', 1, '21500.00', '21500.00', 0),
(467, 124, 1172, '<p>Item Code :&nbsp;<span style="color: black; font-family: &quot;Times New Roman&quot;, serif; background-color: transparent;">IMEPUM0353</span></p><p class="MsoNormal"><span style="FONT-FAMILY: &quot;Times New Roman&quot;,&quot;serif&quot;; COLOR: black"><o:p></o:p></span></p><p class="MsoNormal" style="line-height: 1;"><span lang="EN-US" style="font-weight: bold; text-decoration-line: underline;">"JOHNSON" Pump Make</span></p><p class="MsoNormal">Application &nbsp;&nbsp;: Transfer</p><p class="MsoNormal">Pump Type &nbsp;&nbsp;:&nbsp; Centrifugal Pump<o:p></o:p></p><p class="MsoNormal">Pump Model &nbsp;: CCR 125 315 R1 S2 L3<o:p></o:p></p><p class="MsoNormal">Fluid Handled &nbsp;: Clear Water<o:p></o:p></p><p class="MsoNormal">Operating Temperature&nbsp; : Ambient</p><p class="MsoNormal"><span style="font-weight: bold; background-color: yellow;">Efficiency &nbsp; &nbsp; &nbsp;: 85.6%</span></p><p class="MsoNormal">Specific Gravity / PH&nbsp; : 1 / 7<o:p></o:p></p><p class="MsoNormal">Capacity &nbsp; &nbsp; &nbsp; : 212 m3/hr<o:p></o:p></p><p class="MsoNormal">Head &nbsp; &nbsp; &nbsp; &nbsp; &nbsp; &nbsp; &nbsp; : 24 m<o:p></o:p></p><p class="MsoNormal">Speed &nbsp; &nbsp; &nbsp; &nbsp; &nbsp; &nbsp; : 1440 rpm<o:p></o:p></p><p class="MsoNormal">Pump Suc*Dis Size &nbsp;: 150 mm*125 mm<o:p></o:p></p><p class="MsoNormal">Power consumed by pump (BkW)&nbsp; : 15.85<o:p></o:p></p><p class="MsoNormal">Recom Motor Rating&nbsp; : 25 H.P<o:p></o:p></p><p class="MsoNormal">Sealing &nbsp; &nbsp; &nbsp; &nbsp; &nbsp; &nbsp; : Gland Packing<o:p></o:p></p><p class="MsoNormal">Impeller Type&nbsp;&nbsp; : Closed&nbsp;&nbsp;&nbsp;&nbsp;&nbsp;&nbsp;&nbsp;&nbsp; &nbsp;<o:p></o:p></p><p class="MsoNormal">Volute Casing&nbsp;&nbsp;&nbsp;&nbsp;&nbsp; : Cast Steel<o:p></o:p></p><p class="MsoNormal">Shaft &nbsp; &nbsp; &nbsp; &nbsp; &nbsp; &nbsp; &nbsp; &nbsp; &nbsp; &nbsp; : SS<o:p></o:p></p><p class="MsoNormal">Impeller &nbsp; &nbsp; &nbsp; &nbsp; &nbsp; &nbsp; &nbsp; : &nbsp;CI<o:p></o:p></p><p class="MsoNormal">Bearing Housing : CI<o:p></o:p></p><p class="MsoNormal" style="line-height: 1;"></p><p class="MsoNormal">Scope of Supply : Bare Pump</p>', 1, '64900.00', '64900.00', 0),
(469, 128, 695, '<p><span style="font-weight: bold; text-decoration-line: underline; background-color: transparent;">"JOHNSON" Pump Make</span><br></p><p class="MsoNormal">Application &nbsp; &nbsp; &nbsp;: Transfer</p><p class="MsoNormal">Pump Type &nbsp; &nbsp; &nbsp; :&nbsp; Centrifugal Pump<o:p></o:p></p><p class="MsoNormal">Pump Model &nbsp; : CN 32 160 G1 S2 L3<o:p></o:p></p><p class="MsoNormal">Fluid Handled : Clear Water<o:p></o:p></p><p class="MsoNormal">Operating Temperature&nbsp; : Ambient</p><p class="MsoNormal"><span style="background-color: transparent;">Pump Suc*Dis Size &nbsp;: 50 *32 &nbsp;mm</span><br></p><p class="MsoNormal"><o:p></o:p></p><p class="MsoNormal">Power consumed by pump (BkW)&nbsp; : 3.1<o:p></o:p></p><p class="MsoNormal">Recom Motor Rating&nbsp; : 5 H.P<o:p></o:p></p><p class="MsoNormal">Sealing &nbsp; &nbsp; &nbsp; &nbsp; &nbsp; &nbsp; &nbsp; &nbsp; &nbsp; : &nbsp;Gland Packing<o:p></o:p></p><p class="MsoNormal">Impeller Type &nbsp; &nbsp;: Closed&nbsp;&nbsp;&nbsp;&nbsp;&nbsp;&nbsp;&nbsp;&nbsp; &nbsp;<o:p></o:p></p><p class="MsoNormal">Volute Casing &nbsp; &nbsp;: CI<o:p></o:p></p><p class="MsoNormal">Shaft &nbsp; &nbsp; &nbsp; &nbsp; &nbsp; &nbsp; &nbsp; &nbsp; &nbsp; &nbsp; &nbsp;: SS<o:p></o:p></p><p class="MsoNormal">Impeller &nbsp; &nbsp; &nbsp; &nbsp; &nbsp; &nbsp; &nbsp; : &nbsp;CI<o:p></o:p></p><p class="MsoNormal">Bearing Housing : CI<o:p></o:p></p><p class="MsoNormal" style="line-height: 1;"></p><p class="MsoNormal">Scope of Supply : Bare Pump</p>', 1, '16920.00', '16920.00', 0),
(470, 129, 1391, '<p><span style="font-weight: bold;">"DARLING" make submersible Pump&nbsp;</span></p><p>Application : Dewatering</p><p>Model : D 365</p><p>Flow : 300 LPM</p><p>Head : 20 Mtrs</p><p>Outlet : 65 MM</p><p>Solid Handling : 8 MM</p><p>Motor Power 3 HP / 2900 RPM&nbsp;</p><p>Minimum Submergence : 100 MM</p><p><span style="font-weight: bold; text-decoration-line: underline;">Scope of Supply : </span><span style="font-weight: bold;">&nbsp;Pump with 10 Mtrs Cable &amp; Control Panel Having Overload , </span></p><p><span style="font-weight: bold;">Dry run Protection/ Auto On / Off Option .</span></p><p><br></p><p><br></p>', 4, '47500.00', '190000.00', 0),
(471, 130, 619, '<p><span style="font-family: &quot;Times New Roman&quot;;">PUMP FOR DIESEL FIRING&nbsp;<br></span></p><p><span style="font-family: &quot;Times New Roman&quot;;">Make &nbsp; &nbsp; : &nbsp;Tushaco</span></p><p><span style="font-family: &quot;Times New Roman&quot;;">Model &nbsp; : &nbsp;T3 SFP 40/46</span></p><p><span style="font-family: &quot;Times New Roman&quot;;">Scope of supply &nbsp;: Bare Pump</span></p>', 1, '148500.00', '148500.00', 0),
(473, 131, 634, '<p>Item Code :&nbsp;401515581215</p><p>Seal Kit of TRF 1700 Allweiler Make Pump</p><p><br></p><p><span style="font-weight: bold;">Note: Kindly send us existing pump Sr. No. for interchangeability of seal kit with Existing Pump.</span></p>', 1, '178650.00', '178650.00', 0),
(474, 132, 1391, '<p class="MsoNormal" style="margin-bottom:0cm;margin-bottom:.0001pt;line-height:\r\nnormal;mso-layout-grid-align:none;text-autospace:none"><b><span style="font-size:10.0pt;font-family:&quot;Times New Roman&quot;,&quot;serif&quot;">"DARLING"\r\nmake submersible Pump<o:p></o:p></span></b></p><p class="MsoNormal" style="margin-bottom:0cm;margin-bottom:.0001pt;line-height:\r\nnormal;mso-layout-grid-align:none;text-autospace:none"><span style="font-size:\r\n10.0pt;font-family:&quot;Times New Roman&quot;,&quot;serif&quot;">Application : Dewatering<o:p></o:p></span></p><p class="MsoNormal" style="margin-bottom:0cm;margin-bottom:.0001pt;line-height:\r\nnormal;mso-layout-grid-align:none;text-autospace:none"><span style="font-size:\r\n10.0pt;font-family:&quot;Times New Roman&quot;,&quot;serif&quot;">Model : D 365<o:p></o:p></span></p><p class="MsoNormal" style="margin-bottom:0cm;margin-bottom:.0001pt;line-height:\r\nnormal;mso-layout-grid-align:none;text-autospace:none"><span style="font-size:\r\n10.0pt;font-family:&quot;Times New Roman&quot;,&quot;serif&quot;">Flow : 300 LPM<o:p></o:p></span></p><p class="MsoNormal" style="margin-bottom:0cm;margin-bottom:.0001pt;line-height:\r\nnormal;mso-layout-grid-align:none;text-autospace:none"><span style="font-size:\r\n10.0pt;font-family:&quot;Times New Roman&quot;,&quot;serif&quot;">Head : 20 Mtrs<o:p></o:p></span></p><p class="MsoNormal" style="margin-bottom:0cm;margin-bottom:.0001pt;line-height:\r\nnormal;mso-layout-grid-align:none;text-autospace:none"><span style="font-size:\r\n10.0pt;font-family:&quot;Times New Roman&quot;,&quot;serif&quot;">Outlet : 65 MM<o:p></o:p></span></p><p class="MsoNormal" style="margin-bottom:0cm;margin-bottom:.0001pt;line-height:\r\nnormal;mso-layout-grid-align:none;text-autospace:none"><span style="font-size:\r\n10.0pt;font-family:&quot;Times New Roman&quot;,&quot;serif&quot;">Solid Handling : 8 MM<o:p></o:p></span></p><p class="MsoNormal" style="margin-bottom:0cm;margin-bottom:.0001pt;line-height:\r\nnormal;mso-layout-grid-align:none;text-autospace:none"><span style="font-size:\r\n10.0pt;font-family:&quot;Times New Roman&quot;,&quot;serif&quot;">Motor Power 3 HP / 2900 RPM<o:p></o:p></span></p><p class="MsoNormal" style="margin-bottom:0cm;margin-bottom:.0001pt;line-height:\r\nnormal;mso-layout-grid-align:none;text-autospace:none"><span style="font-size:\r\n10.0pt;font-family:&quot;Times New Roman&quot;,&quot;serif&quot;">Minimum Submergence : 100 MM<o:p></o:p></span></p><p class="MsoNormal" style="margin-bottom:0cm;margin-bottom:.0001pt;line-height:\r\nnormal;mso-layout-grid-align:none;text-autospace:none"><b><span style="font-size:10.0pt;font-family:&quot;Times New Roman&quot;,&quot;serif&quot;">Scope of Supply\r\n: Pump with 10 Mtrs Cable &amp; Control Panel Having Overload ,<o:p></o:p></span></b></p><p>\r\n\r\n\r\n\r\n\r\n\r\n\r\n\r\n\r\n\r\n\r\n\r\n\r\n\r\n\r\n\r\n\r\n\r\n\r\n\r\n</p><p class="MsoNormal"><b><span style="font-size:10.0pt;line-height:115%;\r\nfont-family:&quot;Times New Roman&quot;,&quot;serif&quot;">Dry run Protection/ Auto On / Off Option\r\n.</span></b></p>', 4, '47500.00', '190000.00', 0),
(477, 39, 927, '<p class="MsoNoSpacing" style="MARGIN: 0in 0in 0pt"><span style="font-weight: bold; text-decoration-line: underline;">"JOHNSON" Pump Set&nbsp;</span></p><p class="MsoNoSpacing" style="MARGIN: 0in 0in 0pt">Model : CCR 32 160 R6 S2 L3</p><p class="MsoNoSpacing" style="MARGIN: 0in 0in 0pt">Type : Centrifugal Pump</p><p class="MsoNoSpacing" style="MARGIN: 0in 0in 0pt">Power : 5 HP / 2900 RPM</p>', 7, '58626.00', '410382.00', 0),
(478, 39, 930, '<p class="MsoNoSpacing" style="margin: 0in 0in 0pt;"><span style="font-weight: bold; text-decoration-line: underline;">JOHNSON" Pump Set&nbsp;</span></p><p class="MsoNoSpacing" style="margin: 0in 0in 0pt;">Model : CCR 40 160 R6 S2 L3</p><p class="MsoNoSpacing" style="margin: 0in 0in 0pt;">Type : Centrifugal Pump</p><p class="MsoNoSpacing" style="margin: 0in 0in 0pt;">Power : 7.5 HP / 2900 RPM</p>', 3, '66800.00', '200400.00', 0),
(482, 97, 1390, '<p>MBR Feed Pump</p><p class="MsoNormal"><span lang="EN-US">Pump Type &nbsp;&nbsp;&nbsp;&nbsp;: &nbsp;Centrifugal Pump</span></p><p class="MsoNormal"><span lang="EN-US">Pump Model &nbsp;: CN 100 250 G1 S2 L1<o:p></o:p></span></p><p class="MsoNormal"><span lang="EN-US">Service&nbsp;&nbsp;&nbsp;&nbsp;&nbsp;&nbsp;&nbsp;&nbsp;&nbsp;&nbsp; : Transfer<o:p></o:p></span></p><p class="MsoNormal"><span lang="EN-US">Make &nbsp; &nbsp;&nbsp;&nbsp;&nbsp;&nbsp;&nbsp;&nbsp;&nbsp;&nbsp;&nbsp;&nbsp;: Johnson<o:p></o:p></span></p><p class="MsoNormal"><span lang="EN-US">Fluid Handled: Clear Water<o:p></o:p></span></p><p class="MsoNormal"><span lang="EN-US">Operating Temperature (oC) : Ambient<o:p></o:p></span></p><p class="MsoNormal"><span lang="EN-US">Specific Gravity: 1<o:p></o:p></span></p><p class="MsoNormal"><span lang="EN-US">PH&nbsp;&nbsp;&nbsp;&nbsp;&nbsp;&nbsp; &nbsp;&nbsp;&nbsp;&nbsp;&nbsp;&nbsp;&nbsp;&nbsp;&nbsp;&nbsp;&nbsp; :&nbsp;&nbsp; 7<o:p></o:p></span></p><p class="MsoNormal"><span lang="EN-US">Capacity (m3/hr)&nbsp; : 100<o:p></o:p></span></p><p class="MsoNormal"><span lang="EN-US">Head (m)&nbsp; &nbsp;&nbsp;&nbsp;&nbsp;&nbsp;&nbsp;: 17<o:p></o:p></span></p><p class="MsoNormal"><span lang="EN-US">Speed (rpm)&nbsp;&nbsp; :1440<o:p></o:p></span></p><p class="MsoNormal"><span lang="EN-US">Power consumed by pump (BkW)&nbsp;&nbsp;&nbsp;&nbsp;&nbsp; : 6.5<o:p></o:p></span></p><p class="MsoNormal"><span lang="EN-US">Recom Motor Rating ( H.P)&nbsp;&nbsp; : 10 H.P<o:p></o:p></span></p><p class="MsoNormal"><span lang="EN-US">Pump Suction/Delivery Size (mm)&nbsp;&nbsp;&nbsp;&nbsp;&nbsp; : 125*100 mm<o:p></o:p></span></p><p class="MsoNormal"><span lang="EN-US">Shaft Sealing&nbsp;&nbsp; : Gland Packing<o:p></o:p></span></p><p class="MsoNormal"><span lang="EN-US">Impeller Type&nbsp; : Closed&nbsp;&nbsp;&nbsp;&nbsp;&nbsp;&nbsp;&nbsp;&nbsp;&nbsp;&nbsp;<o:p></o:p></span></p><p class="MsoNormal"><span lang="EN-US">Volute Casing&nbsp; : CI<o:p></o:p></span></p><p class="MsoNormal"><span lang="EN-US">Shaft &nbsp; &nbsp; &nbsp; &nbsp; &nbsp; &nbsp; &nbsp; &nbsp; &nbsp;: SS<o:p></o:p></span></p><p></p><p class="MsoNormal"><span lang="EN-US">Impeller&nbsp;&nbsp;&nbsp;&nbsp;&nbsp;&nbsp;&nbsp;&nbsp;&nbsp;&nbsp; : CI</span></p><p class="MsoNormal"><span lang="EN-US">Bearing Housing : CI</span></p><p class="MsoNormal"><span lang="EN-US"><br></span></p><p class="MsoNormal"><span lang="EN-US">Scope of Supply : Pump with Base frame , coupling and coupling guard</span></p>', 1, '49500.00', '49500.00', 0),
(483, 97, 683, '<p>Raw Sewage Pump</p><p class="MsoNormal"><span lang="EN-US">Pump Type &nbsp;&nbsp;&nbsp;&nbsp;: &nbsp;Selfpriming non clog pump</span></p><p class="MsoNormal"><span lang="EN-US">Pump Model &nbsp;: KGEN 12 b 5<o:p></o:p></span></p><p class="MsoNormal"><span lang="EN-US">Service&nbsp;&nbsp;&nbsp;&nbsp;&nbsp;&nbsp;&nbsp;&nbsp;&nbsp;&nbsp; : Transfer<o:p></o:p></span></p><p class="MsoNormal"><span lang="EN-US">Make &nbsp; &nbsp;&nbsp;&nbsp;&nbsp;&nbsp;&nbsp;&nbsp;&nbsp;&nbsp;&nbsp;&nbsp;: Johnson<o:p></o:p></span></p><p class="MsoNormal"><span lang="EN-US">Fluid Handled: &nbsp;sewage&nbsp;<o:p></o:p></span></p><p class="MsoNormal"><span lang="EN-US">Operating Temperature (oC) : Ambient<o:p></o:p></span></p><p class="MsoNormal"><span lang="EN-US">Specific Gravity: 1<o:p></o:p></span></p><p class="MsoNormal"><span lang="EN-US">PH&nbsp;&nbsp;&nbsp;&nbsp;&nbsp;&nbsp; &nbsp;&nbsp;&nbsp;&nbsp;&nbsp;&nbsp;&nbsp;&nbsp;&nbsp;&nbsp;&nbsp; :&nbsp;&nbsp; 7<o:p></o:p></span></p><p class="MsoNormal"><span lang="EN-US">Capacity (m3/hr)&nbsp; : 15<o:p></o:p></span></p><p class="MsoNormal"><span lang="EN-US">Head (m)&nbsp; &nbsp;&nbsp;&nbsp;&nbsp;&nbsp;&nbsp;: 16<o:p></o:p></span></p><p class="MsoNormal"><span lang="EN-US">Speed (rpm)&nbsp;&nbsp; :2900<o:p></o:p></span></p><p class="MsoNormal"><span lang="EN-US">Power consumed by pump (BkW)&nbsp;&nbsp;&nbsp;&nbsp;&nbsp; : 1.4<o:p></o:p></span></p><p class="MsoNormal"><span lang="EN-US">Recom Motor Rating ( H.P)&nbsp;&nbsp; : 3 H.P<o:p></o:p></span></p><p class="MsoNormal"><span lang="EN-US">Pump Suction/Delivery Size (mm)&nbsp;&nbsp;&nbsp;&nbsp;&nbsp; : 50 * 50 mm<o:p></o:p></span></p><p class="MsoNormal"><span lang="EN-US">Shaft Sealing&nbsp;&nbsp; : Mechanical seal<o:p></o:p></span></p><p class="MsoNormal"><span lang="EN-US">Impeller Type&nbsp; : Half Open &nbsp; &nbsp; &nbsp; &nbsp;<o:p></o:p></span></p><p class="MsoNormal"><span lang="EN-US">Volute Casing&nbsp; : CI<o:p></o:p></span></p><p class="MsoNormal"><span lang="EN-US">Shaft &nbsp; &nbsp; &nbsp; &nbsp; &nbsp; &nbsp; &nbsp; &nbsp; &nbsp;: SS<o:p></o:p></span></p><p></p><p class="MsoNormal"><span lang="EN-US">Impeller&nbsp;&nbsp;&nbsp;&nbsp;&nbsp;&nbsp;&nbsp;&nbsp;&nbsp;&nbsp; : CI</span></p><p class="MsoNormal"><span lang="EN-US">Bearing Housing : CI</span></p><p class="MsoNormal"><span lang="EN-US"><br></span></p><p class="MsoNormal"><span lang="EN-US">Scope of Supply : Pump with Base frame , coupling and coupling guard</span></p>', 1, '16100.00', '16100.00', 0),
(484, 97, 709, '<p>Treated water Transfer Pump</p><p class="MsoNormal"><span lang="EN-US">Pump Type &nbsp;&nbsp;&nbsp;&nbsp;: &nbsp;Centrifugal Pump</span></p><p class="MsoNormal"><span lang="EN-US">Pump Model &nbsp;: CN 32 200 G1 S2 L3<o:p></o:p></span></p><p class="MsoNormal"><span lang="EN-US">Service&nbsp;&nbsp;&nbsp;&nbsp;&nbsp;&nbsp;&nbsp;&nbsp;&nbsp;&nbsp; : Transfer<o:p></o:p></span></p><p class="MsoNormal"><span lang="EN-US">Make &nbsp; &nbsp;&nbsp;&nbsp;&nbsp;&nbsp;&nbsp;&nbsp;&nbsp;&nbsp;&nbsp;&nbsp;: Johnson<o:p></o:p></span></p><p class="MsoNormal"><span lang="EN-US">Fluid Handled: Clear Water<o:p></o:p></span></p><p class="MsoNormal"><span lang="EN-US">Operating Temperature (oC) : Ambient<o:p></o:p></span></p><p class="MsoNormal"><span lang="EN-US">Specific Gravity: 1<o:p></o:p></span></p><p class="MsoNormal"><span lang="EN-US">PH&nbsp;&nbsp;&nbsp;&nbsp;&nbsp;&nbsp; &nbsp;&nbsp;&nbsp;&nbsp;&nbsp;&nbsp;&nbsp;&nbsp;&nbsp;&nbsp;&nbsp; :&nbsp;&nbsp; 7<o:p></o:p></span></p><p class="MsoNormal"><span lang="EN-US">Capacity (m3/hr)&nbsp; : 15<o:p></o:p></span></p><p class="MsoNormal"><span lang="EN-US">Head (m)&nbsp; &nbsp;&nbsp;&nbsp;&nbsp;&nbsp;&nbsp;: 50<o:p></o:p></span></p><p class="MsoNormal"><span lang="EN-US">Speed (rpm)&nbsp;&nbsp; :2900<o:p></o:p></span></p><p class="MsoNormal"><span lang="EN-US">Power consumed by pump (BkW)&nbsp;&nbsp;&nbsp;&nbsp;&nbsp; :4.4<o:p></o:p></span></p><p class="MsoNormal"><span lang="EN-US">Recom Motor Rating ( H.P)&nbsp;&nbsp; :7.5 H.P<o:p></o:p></span></p><p class="MsoNormal"><span lang="EN-US">Pump Suction/Delivery Size (mm)&nbsp;&nbsp;&nbsp;&nbsp;&nbsp; : 50*32 mm<o:p></o:p></span></p><p class="MsoNormal"><span lang="EN-US">Shaft Sealing&nbsp;&nbsp; : Gland Packing<o:p></o:p></span></p><p class="MsoNormal"><span lang="EN-US">Impeller Type&nbsp; : Closed&nbsp;&nbsp;&nbsp;&nbsp;&nbsp;&nbsp;&nbsp;&nbsp;&nbsp;&nbsp;<o:p></o:p></span></p><p class="MsoNormal"><span lang="EN-US">Volute Casing&nbsp; : CI<o:p></o:p></span></p><p class="MsoNormal"><span lang="EN-US">Shaft &nbsp; &nbsp; &nbsp; &nbsp; &nbsp; &nbsp; &nbsp; &nbsp; &nbsp;: SS<o:p></o:p></span></p><p></p><p class="MsoNormal"><span lang="EN-US">Impeller&nbsp;&nbsp;&nbsp;&nbsp;&nbsp;&nbsp;&nbsp;&nbsp;&nbsp;&nbsp; : CI</span></p><p class="MsoNormal"><span lang="EN-US">Bearing Housing : CI</span></p><p class="MsoNormal"><span lang="EN-US"><br></span></p><p class="MsoNormal"><span lang="EN-US">Scope of Supply : Pump with Base frame , coupling and coupling guard</span></p>', 1, '22400.00', '22400.00', 0),
(488, 133, 924, '<p><span style="font-weight: bold; text-decoration-line: underline;">"TUSHACO" Pump With Motor</span><span style="background-color: transparent;">&nbsp;</span></p><p>Model &nbsp; &nbsp; : &nbsp;RT 80</p><p>Suc*Dis Size : 1 1/2" * 1 1/2"</p><p>Pressure : Upto 7 kg/cm2</p><p>Mounting : Foot Mounted</p><p>Power : 2 HP / 1500 RPM</p><p>Scope of Supply : TUSHACO Pump Model RT 80 with base plate, Coupling Lovejoy, Coupling guard, Fasteners &amp; Std. TEFC motor REMI make duly assembled.</p>', 1, '19180.00', '19180.00', 0),
(489, 134, 627, '<p><br></p><table class="table table-bordered"><tbody><tr><td>Make&nbsp;</td><td>:</td><td>Tushaco</td></tr><tr><td>Model</td><td>:</td><td>R 50 SL</td></tr><tr><td>PRV</td><td>:</td><td>Inbuilt</td></tr></tbody></table><p>Scope of Supply - Bare Pump</p>', 1, '16900.00', '16900.00', 0);

-- --------------------------------------------------------

--
-- Table structure for table `receipts`
--

CREATE TABLE IF NOT EXISTS `receipts` (
  `id` int(10) NOT NULL AUTO_INCREMENT,
  `voucher_no` int(10) NOT NULL,
  `bank_cash_id` int(10) NOT NULL,
  `created_by` int(10) NOT NULL,
  `created_on` date NOT NULL,
  `payment_mode` varchar(50) NOT NULL,
  `company_id` int(10) NOT NULL,
  `transaction_date` date NOT NULL,
  `edited_by` int(10) NOT NULL,
  `edited_on` date NOT NULL,
  `cheque_no` varchar(100) NOT NULL,
  `narration` text NOT NULL,
  PRIMARY KEY (`id`)
) ENGINE=InnoDB  DEFAULT CHARSET=latin1 AUTO_INCREMENT=51 ;

--
-- Dumping data for table `receipts`
--

INSERT INTO `receipts` (`id`, `voucher_no`, `bank_cash_id`, `created_by`, `created_on`, `payment_mode`, `company_id`, `transaction_date`, `edited_by`, `edited_on`, `cheque_no`, `narration`) VALUES
(1, 1, 145, 16, '2017-04-18', 'NEFT/RTGS', 25, '2017-04-15', 16, '2017-04-22', '', 'Recd NEFT for due payment'),
(2, 2, 145, 16, '2017-04-21', 'NEFT/RTGS', 25, '2017-04-03', 0, '0000-00-00', '', 'recd from RSWM mandpam'),
(3, 3, 145, 16, '2017-04-24', 'NEFT/RTGS', 25, '2017-04-03', 0, '0000-00-00', '', ''),
(4, 4, 145, 16, '2017-04-24', 'NEFT/RTGS', 25, '2017-04-24', 0, '0000-00-00', '', 'neft recd'),
(5, 5, 145, 16, '2017-04-24', 'NEFT/RTGS', 25, '2017-04-06', 0, '0000-00-00', '', ''),
(6, 6, 145, 16, '2017-04-25', 'NEFT/RTGS', 25, '2017-04-06', 0, '0000-00-00', '', 'neft recd agst due amount'),
(7, 7, 145, 19, '2017-04-25', 'NEFT/RTGS', 25, '2017-04-06', 0, '0000-00-00', '', 'neft received'),
(8, 8, 145, 19, '2017-04-25', 'NEFT/RTGS', 25, '2017-04-21', 16, '2017-04-25', '', 'Neft Received'),
(9, 9, 145, 19, '2017-04-25', 'NEFT/RTGS', 25, '2017-04-18', 16, '2017-05-05', '', 'Neft Received'),
(10, 10, 145, 19, '2017-04-25', 'NEFT/RTGS', 25, '2017-04-05', 16, '2017-05-05', '', 'Neft Received\r\n'),
(11, 11, 145, 16, '2017-04-25', 'NEFT/RTGS', 25, '2017-04-20', 0, '0000-00-00', '', 'amt recd after short pmt'),
(12, 12, 142, 19, '2017-04-26', 'Cheque', 25, '2017-04-06', 0, '0000-00-00', '693239', 'Cheque Received  dt.06.4.207'),
(13, 13, 142, 19, '2017-04-26', 'Cheque', 25, '2017-04-11', 0, '0000-00-00', '166286', 'Cheque Received  dt.11.04.2017'),
(14, 14, 142, 19, '2017-04-26', 'Cheque', 25, '2017-04-20', 0, '0000-00-00', '002325', 'Cheque Received  dt.20.04.2017'),
(15, 15, 145, 19, '2017-04-26', 'NEFT/RTGS', 25, '2017-04-13', 0, '0000-00-00', '', 'Neft Received\r\n'),
(16, 16, 145, 19, '2017-04-26', 'NEFT/RTGS', 25, '2017-04-13', 0, '0000-00-00', '', 'Neft Received\r\n'),
(17, 17, 145, 19, '2017-04-26', 'NEFT/RTGS', 25, '2017-04-13', 19, '2017-04-29', '', 'Neft Received\r\n'),
(18, 18, 145, 19, '2017-04-26', 'NEFT/RTGS', 25, '2017-04-17', 0, '0000-00-00', '', 'Neft Received\r\n'),
(19, 19, 145, 16, '2017-04-26', 'NEFT/RTGS', 25, '2017-04-26', 0, '0000-00-00', '', 'NEFT recd after discount'),
(20, 20, 142, 19, '2017-04-27', 'Cheque', 25, '2017-04-27', 0, '0000-00-00', '559684', 'Ch.559684 received from above party'),
(21, 1, 352, 16, '2017-04-28', 'Cheque', 27, '2017-04-06', 0, '0000-00-00', '1566', 'Advance recd agst PO for 2 Nos T 2003 H pump'),
(22, 2, 352, 19, '2017-04-28', 'Cheque', 27, '2017-04-06', 0, '0000-00-00', '1567', 'Ch.001567 Received fom China Coal No 5 Construction India pvt,ltd,'),
(23, 1, 203, 19, '2017-04-28', 'NEFT/RTGS', 26, '2017-04-17', 0, '0000-00-00', '', 'Transer from STL  A/c.61292647641 SBBj'),
(24, 2, 203, 19, '2017-04-28', 'NEFT/RTGS', 26, '2017-04-17', 0, '0000-00-00', '', 'Transfer STL to SML   A/c.61292647641 sbbj'),
(25, 3, 352, 16, '2017-04-29', 'NEFT/RTGS', 27, '2017-04-07', 0, '0000-00-00', '', 'NEFT recd agst Invoice'),
(26, 21, 142, 19, '2017-04-29', 'Cheque', 25, '2017-04-13', 0, '0000-00-00', '213213', 'Neft Rece.from PM  '),
(27, 22, 142, 19, '2017-04-29', 'NEFT/RTGS', 25, '2017-04-17', 0, '0000-00-00', '', 'Transfer from AM'),
(28, 23, 142, 16, '2017-04-30', 'Cheque', 25, '2017-05-01', 16, '2017-04-30', '867963', 'Recd refund of security deposit of dealership cancellation of KBL  HDFC Chq dated 25.4.17 Deposit 50K and credit balance 24884.20'),
(29, 4, 352, 19, '2017-05-01', 'Cheque', 27, '2017-04-19', 0, '0000-00-00', '165140', ''),
(30, 5, 352, 19, '2017-05-01', 'NEFT/RTGS', 27, '2017-04-06', 0, '0000-00-00', '', 'Neft received '),
(31, 24, 142, 19, '2017-05-02', 'NEFT/RTGS', 25, '2017-04-17', 0, '0000-00-00', '042322', 'Transfer STL -FMSL'),
(32, 25, 145, 19, '2017-05-05', 'NEFT/RTGS', 25, '2017-05-02', 0, '0000-00-00', '', 'Neft Received '),
(33, 26, 145, 16, '2017-05-05', 'NEFT/RTGS', 25, '2017-05-03', 0, '0000-00-00', '', 'NEFT recd'),
(34, 6, 352, 19, '2017-05-10', 'NEFT/RTGS', 27, '2017-04-28', 0, '0000-00-00', '', 'Neft Received '),
(35, 7, 352, 19, '2017-05-10', 'NEFT/RTGS', 27, '2017-04-29', 0, '0000-00-00', '', 'Neft Received '),
(36, 8, 352, 19, '2017-05-11', 'NEFT/RTGS', 27, '2017-04-27', 0, '0000-00-00', '', 'Nefr Receiveed'),
(37, 9, 352, 19, '2017-05-11', 'NEFT/RTGS', 27, '2017-04-05', 0, '0000-00-00', '', 'Neft Reveived'),
(38, 27, 142, 16, '2017-05-12', 'Cheque', 25, '2017-04-11', 0, '0000-00-00', '042322', 'Chq recd for sales commission amount'),
(39, 28, 145, 16, '2017-05-12', 'NEFT/RTGS', 25, '2017-05-12', 0, '0000-00-00', '', ''),
(40, 29, 145, 16, '2017-05-15', 'NEFT/RTGS', 25, '2017-05-15', 0, '0000-00-00', '', ''),
(41, 30, 142, 19, '2017-05-16', 'Cheque', 25, '2017-05-16', 0, '0000-00-00', '698818', 'Ch.698818 dt.11.5.17 received from Dabur India\r\n'),
(42, 31, 145, 16, '2017-05-16', 'NEFT/RTGS', 25, '2017-05-16', 0, '0000-00-00', '', 'NEFT recd agst due amt'),
(43, 32, 145, 16, '2017-05-17', 'NEFT/RTGS', 25, '2017-05-17', 0, '0000-00-00', '', 'NEFT recd'),
(44, 33, 145, 16, '2017-05-17', 'NEFT/RTGS', 25, '2017-05-17', 0, '0000-00-00', '', ''),
(45, 34, 145, 16, '2017-05-17', 'NEFT/RTGS', 25, '2017-05-17', 0, '0000-00-00', '', 'NEFT recd'),
(46, 35, 142, 19, '2017-05-17', 'Cheque', 25, '2017-05-17', 0, '0000-00-00', '002603', ''),
(47, 36, 142, 19, '2017-05-17', 'Cheque', 25, '2017-05-17', 0, '0000-00-00', '222537', 'Ch.222537 dt.15.05.17'),
(48, 37, 142, 19, '2017-05-18', 'Cheque', 25, '2017-05-01', 0, '0000-00-00', '370546', 'Ch.370546 dt.31.3.17 received'),
(49, 38, 145, 16, '2017-05-19', 'NEFT/RTGS', 25, '2017-05-19', 0, '0000-00-00', '', 'NEFT recd'),
(50, 39, 142, 19, '2017-05-20', 'Cheque', 25, '2017-05-20', 19, '2017-05-20', '104695', 'Ch.104695 dt.11.5.17 ICICI Bank');

-- --------------------------------------------------------

--
-- Table structure for table `receipt_rows`
--

CREATE TABLE IF NOT EXISTS `receipt_rows` (
  `id` int(10) NOT NULL AUTO_INCREMENT,
  `receipt_id` int(10) NOT NULL,
  `received_from_id` int(10) NOT NULL,
  `amount` decimal(20,5) NOT NULL,
  `cr_dr` varchar(5) NOT NULL,
  PRIMARY KEY (`id`)
) ENGINE=InnoDB  DEFAULT CHARSET=latin1 AUTO_INCREMENT=88 ;

--
-- Dumping data for table `receipt_rows`
--

INSERT INTO `receipt_rows` (`id`, `receipt_id`, `received_from_id`, `amount`, `cr_dr`) VALUES
(3, 2, 275, '9697.44000', 'Cr'),
(4, 2, 544, '0.44000', 'Dr'),
(5, 1, 63, '293187.50000', 'Cr'),
(6, 1, 544, '0.50000', 'Dr'),
(7, 3, 274, '22511.00000', 'Cr'),
(8, 4, 23, '197870.00000', 'Cr'),
(9, 5, 291, '231873.00000', 'Cr'),
(10, 6, 456, '655365.00000', 'Cr'),
(11, 7, 461, '22560.00000', 'Cr'),
(15, 11, 374, '173291.14000', 'Cr'),
(16, 11, 544, '13.80000', 'Dr'),
(17, 8, 94, '25847.50000', 'Cr'),
(18, 8, 544, '0.50000', 'Dr'),
(19, 12, 369, '111640.64000', 'Cr'),
(20, 12, 544, '0.64000', 'Dr'),
(21, 13, 69, '31492.50000', 'Cr'),
(22, 13, 544, '0.50000', 'Dr'),
(23, 14, 372, '11050.00000', 'Cr'),
(24, 15, 275, '67757.38000', 'Cr'),
(25, 15, 544, '0.38000', 'Dr'),
(26, 16, 368, '91575.32000', 'Cr'),
(27, 16, 544, '0.32000', 'Dr'),
(29, 18, 299, '7763.43000', 'Cr'),
(30, 18, 544, '0.43000', 'Dr'),
(31, 19, 89, '15650.59000', 'Cr'),
(32, 19, 544, '126.59000', 'Dr'),
(33, 20, 148, '150.34000', 'Cr'),
(34, 21, 534, '265000.00000', 'Cr'),
(35, 22, 534, '43255.00000', 'Cr'),
(36, 23, 580, '5000.00000', 'Cr'),
(37, 24, 580, '100000.00000', 'Cr'),
(38, 25, 513, '9231.25000', 'Cr'),
(39, 25, 581, '0.75000', 'Cr'),
(40, 17, 368, '91283.98000', 'Cr'),
(41, 17, 544, '0.02000', 'Cr'),
(42, 26, 486, '750000.00000', 'Cr'),
(43, 27, 75, '365000.00000', 'Cr'),
(45, 28, 446, '74884.20000', 'Cr'),
(46, 29, 552, '33763.00000', 'Cr'),
(47, 30, 513, '22682.50000', 'Cr'),
(48, 30, 581, '0.50000', 'Cr'),
(49, 31, 596, '1000000.00000', 'Cr'),
(51, 9, 458, '50000.00000', 'Cr'),
(52, 32, 79, '30349.71000', 'Cr'),
(53, 32, 544, '0.71000', 'Dr'),
(54, 33, 73, '52441.68000', 'Cr'),
(55, 33, 544, '0.32000', 'Cr'),
(56, 10, 23, '94052.50000', 'Cr'),
(57, 10, 544, '0.50000', 'Cr'),
(58, 34, 611, '30000.00000', 'Cr'),
(59, 35, 611, '15000.00000', 'Cr'),
(60, 36, 552, '12500.00000', 'Cr'),
(61, 37, 545, '50832.31000', 'Cr'),
(62, 38, 482, '5514.00000', 'Cr'),
(63, 39, 63, '33420.70000', 'Cr'),
(64, 39, 544, '0.30000', 'Cr'),
(65, 40, 299, '55450.72000', 'Cr'),
(66, 40, 544, '0.28000', 'Cr'),
(67, 41, 369, '68729.29000', 'Cr'),
(68, 41, 544, '0.29000', 'Dr'),
(69, 42, 381, '89016.68000', 'Cr'),
(70, 42, 544, '0.32000', 'Cr'),
(71, 43, 54, '115452.87000', 'Cr'),
(72, 43, 544, '0.13000', 'Cr'),
(73, 44, 23, '103425.87000', 'Cr'),
(74, 44, 544, '0.13000', 'Cr'),
(75, 45, 275, '100458.41000', 'Cr'),
(76, 45, 544, '0.41000', 'Dr'),
(77, 46, 372, '2848.50000', 'Cr'),
(78, 47, 50, '54872.80000', 'Cr'),
(79, 47, 544, '0.20000', 'Cr'),
(80, 48, 301, '21846.60000', 'Cr'),
(81, 48, 544, '1638.60000', 'Dr'),
(82, 49, 396, '12640.80000', 'Cr'),
(83, 49, 544, '0.20000', 'Cr'),
(86, 50, 521, '13029.25000', 'Cr'),
(87, 50, 544, '0.25000', 'Dr');

-- --------------------------------------------------------

--
-- Table structure for table `receipt_vouchers`
--

CREATE TABLE IF NOT EXISTS `receipt_vouchers` (
  `id` int(11) NOT NULL AUTO_INCREMENT,
  `voucher_no` varchar(10) NOT NULL,
  `received_from_id` int(11) NOT NULL,
  `bank_cash_id` int(11) NOT NULL,
  `narration` text NOT NULL,
  `amount` decimal(15,2) NOT NULL,
  `created_by` int(11) NOT NULL,
  `created_on` date NOT NULL,
  `payment_mode` varchar(10) NOT NULL,
  `company_id` int(11) NOT NULL,
  `transaction_date` date NOT NULL,
  `edited_by` int(10) NOT NULL,
  `edited_on` date NOT NULL,
  `cheque_no` varchar(20) NOT NULL,
  `receipt_type` varchar(25) NOT NULL,
  `advance_amount` decimal(10,2) NOT NULL,
  PRIMARY KEY (`id`)
) ENGINE=InnoDB DEFAULT CHARSET=latin1 AUTO_INCREMENT=1 ;

-- --------------------------------------------------------

--
-- Table structure for table `reference_balances`
--

CREATE TABLE IF NOT EXISTS `reference_balances` (
  `id` int(25) NOT NULL AUTO_INCREMENT,
  `ledger_account_id` int(25) NOT NULL,
  `reference_no` varchar(30) NOT NULL,
  `credit` decimal(15,2) NOT NULL,
  `debit` decimal(15,2) NOT NULL,
  `auto_inc` int(11) NOT NULL,
  PRIMARY KEY (`id`)
) ENGINE=InnoDB  DEFAULT CHARSET=latin1 AUTO_INCREMENT=339 ;

--
-- Dumping data for table `reference_balances`
--

INSERT INTO `reference_balances` (`id`, `ledger_account_id`, `reference_no`, `credit`, `debit`, `auto_inc`) VALUES
(7, 399, 'NIL', '771700.00', '0.00', 0),
(8, 400, 'Op.', '3620029.47', '0.00', 0),
(9, 401, 'Op', '3464263.00', '0.00', 0),
(10, 402, 'Op', '1135420.00', '0.00', 0),
(11, 403, 'Op', '263741.00', '0.00', 0),
(12, 147, 'Op', '250244.40', '0.00', 0),
(13, 149, 'Op', '643170.50', '0.00', 0),
(14, 406, '', '0.00', '0.00', 0),
(15, 404, '', '0.00', '0.00', 0),
(16, 405, 'Op', '0.00', '0.00', 0),
(17, 408, 'Op', '73265.00', '0.00', 0),
(18, 407, 'Op', '24000.00', '0.00', 0),
(19, 409, 'Op', '13450.00', '0.00', 0),
(20, 411, 'Op', '40147.00', '0.00', 0),
(21, 413, 'Op', '71428.00', '0.00', 0),
(22, 412, 'Op', '176240.00', '0.00', 0),
(23, 23, '001', '100.00', '0.00', 0),
(25, 414, 'Op.', '25000.00', '0.00', 0),
(26, 415, 'Op', '8000.00', '0.00', 0),
(27, 416, 'Op.', '26000.00', '0.00', 0),
(28, 418, 'Op.', '48000.00', '0.00', 0),
(29, 417, 'Op.', '14000.00', '0.00', 0),
(30, 419, 'Op.', '12500.00', '0.00', 0),
(31, 420, 'Op.', '50000.00', '0.00', 0),
(32, 421, 'Op.', '41000.00', '0.00', 0),
(33, 422, 'op.', '24000.00', '0.00', 0),
(34, 423, 'Op.', '24000.00', '0.00', 0),
(35, 428, 'AmbujaSharma', '2000.00', '0.00', 0),
(36, 428, 'AshokRana', '6000.00', '0.00', 0),
(37, 428, 'Dashrath', '2500.00', '0.00', 0),
(38, 428, 'DeepakVerma', '5000.00', '0.00', 0),
(39, 428, 'DineshVaishnav', '3000.00', '0.00', 0),
(40, 428, 'GajendraTanwar', '2500.00', '0.00', 0),
(41, 428, 'GurpreetKaur', '4500.00', '0.00', 0),
(42, 428, 'Gyaneshwar', '8000.00', '0.00', 0),
(43, 428, 'Hozefa', '3000.00', '0.00', 0),
(44, 428, 'PradeepSisodiya', '11500.00', '0.00', 0),
(45, 428, 'Saiffuddin', '5000.00', '0.00', 0),
(46, 428, 'SawaiSingh', '12000.00', '0.00', 0),
(47, 428, 'VijayGohil', '48000.00', '0.00', 0),
(48, 428, 'VinayBhatnagar', '3000.00', '0.00', 0),
(49, 428, 'Yogeshnagar', '6000.00', '0.00', 0),
(50, 428, 'Zainab', '3000.00', '0.00', 0),
(51, 430, 'Op.', '0.00', '500.00', 0),
(52, 431, 'Op.', '0.00', '9900.00', 0),
(53, 432, 'Op.', '0.00', '12000.00', 0),
(54, 152, 'Op.', '0.00', '492222.98', 0),
(55, 153, 'Op.', '0.00', '11549961.10', 0),
(56, 155, 'Op.', '0.00', '625700.00', 0),
(57, 434, 'Op.', '0.00', '4264387.69', 0),
(58, 433, 'Op.', '0.00', '161709.00', 0),
(59, 436, 'Op.', '0.00', '68404.00', 0),
(60, 435, 'Op.', '0.00', '100000.00', 0),
(61, 437, 'Op.', '448838.00', '0.00', 0),
(62, 438, 'Op.', '1810970.00', '0.00', 0),
(63, 439, 'Op.', '524516.00', '0.00', 0),
(64, 440, 'Op.', '2470979.00', '0.00', 0),
(65, 442, 'Op.', '0.00', '3000.00', 0),
(66, 444, 'Op.', '0.00', '864850.00', 0),
(67, 446, 'Op.', '0.00', '203656.00', 0),
(68, 443, 'Op.', '0.00', '45001.00', 0),
(69, 443, 'IOCL', '0.00', '7300.00', 0),
(70, 443, 'PHED', '0.00', '51485.00', 0),
(71, 443, 'CTPP', '0.00', '35000.00', 0),
(72, 443, 'HCL', '0.00', '2500.00', 0),
(73, 451, 'Op.', '0.00', '117279.00', 0),
(74, 452, 'Op.', '0.00', '509045.00', 0),
(75, 453, 'Op.', '0.00', '10000.00', 0),
(76, 454, 'Op.', '0.00', '0.00', 0),
(77, 32, 'Op.', '0.00', '12000.00', 0),
(78, 142, 'Op.', '0.00', '495007.38', 0),
(79, 145, 'Op.', '0.00', '252097.20', 0),
(80, 301, 'V500', '21846.60', '21846.60', 0),
(81, 301, 'V526', '0.00', '7912.50', 0),
(82, 274, 'V432', '0.00', '45500.75', 0),
(83, 274, 'V505', '22511.00', '22511.00', 0),
(84, 69, 'R071', '31492.50', '31492.50', 0),
(85, 91, 'V410', '0.00', '209396.66', 0),
(86, 369, 'V475', '0.00', '67802.22', 0),
(87, 369, 'V493', '43838.42', '43838.42', 0),
(88, 368, 'V516', '91283.98', '91283.98', 0),
(89, 368, 'V517', '91575.32', '91575.32', 0),
(90, 23, 'R069', '94052.50', '94052.50', 0),
(91, 23, 'R072', '0.00', '197870.00', 0),
(92, 54, 'V510', '103925.00', '103925.00', 0),
(93, 299, 'V509', '7763.43', '7763.43', 0),
(94, 89, 'V390', '15650.59', '15650.59', 0),
(95, 374, 'V511', '173291.14', '173291.14', 0),
(96, 372, 'V514', '0.00', '6630.00', 0),
(97, 372, 'V530', '0.00', '4420.00', 0),
(98, 275, 'V489', '9697.44', '9697.44', 0),
(99, 275, 'V490', '67757.38', '67757.38', 0),
(100, 97, 'V525', '0.00', '32577.40', 0),
(101, 63, 'R070', '293187.50', '293187.50', 0),
(102, 64, 'R066', '0.00', '75837.00', 0),
(103, 64, 'R065', '0.00', '26718.34', 0),
(104, 64, 'R067', '0.00', '61994.58', 0),
(105, 73, 'V524', '52441.68', '52441.68', 0),
(106, 39, 'Op.', '90603.80', '0.00', 0),
(107, 41, 'V502', '0.00', '56225.17', 0),
(108, 41, 'V501', '0.00', '53906.28', 0),
(109, 41, 'V512', '0.00', '49008.72', 0),
(110, 41, 'V513', '0.00', '52044.21', 0),
(111, 41, 'V521', '0.00', '17618.50', 0),
(112, 41, 'V523', '0.00', '36879.51', 0),
(113, 41, 'V528', '0.00', '19788.84', 0),
(114, 41, 'V529', '0.00', '19261.01', 0),
(115, 28, 'V280', '0.00', '10634.40', 0),
(116, 25, 'V434', '0.00', '59936.95', 0),
(117, 58, 'V396', '0.00', '14700.00', 0),
(118, 273, 'V118', '0.00', '84302.45', 0),
(119, 273, 'V200', '0.00', '43300.00', 0),
(120, 273, 'V295', '0.00', '19035.90', 0),
(121, 93, 'V508', '0.00', '3851.13', 0),
(122, 93, '3', '0.00', '0.00', 0),
(123, 291, 'V310', '120904.14', '121314.72', 0),
(124, 291, 'V309', '110968.86', '110968.86', 0),
(126, 57, 'i002', '0.00', '6857.50', 0),
(128, 40, 'i004', '0.00', '53846.94', 0),
(129, 479, '801', '132680.00', '132680.00', 0),
(130, 479, 'SA298', '3488.00', '3488.00', 0),
(131, 479, '800', '253389.00', '253389.00', 0),
(132, 479, 'SA297', '29491.00', '29491.00', 0),
(133, 479, '835', '180020.00', '180020.00', 0),
(134, 479, 'Op.', '94677.00', '0.00', 0),
(135, 481, 'T157', '9563.00', '9563.00', 0),
(136, 481, '616', '3022.00', '0.00', 0),
(137, 481, '632', '2945.00', '0.00', 0),
(138, 481, '647', '1511.00', '0.00', 0),
(139, 481, 'T169', '6503.00', '0.00', 0),
(140, 481, '646', '6082.00', '0.00', 0),
(141, 481, '671', '9486.00', '0.00', 0),
(142, 475, '938', '15342.00', '15342.00', 0),
(143, 478, 'Op.', '25245.00', '0.00', 0),
(144, 480, '3888V/17', '5005.00', '0.00', 0),
(145, 480, '3887V/17', '6203.00', '0.00', 0),
(146, 480, '3886V/17', '24153.00', '0.00', 0),
(147, 480, '3885V/17', '8190.00', '0.00', 0),
(148, 72, 'i005', '0.00', '94000.50', 0),
(149, 476, '0101602456', '90652.50', '0.00', 0),
(150, 476, '0101602525', '5163.75', '5163.75', 0),
(151, 476, '0101602632', '20196.00', '20196.00', 0),
(152, 396, 'i006', '12640.80', '12640.80', 0),
(153, 63, 'i007', '33420.70', '33420.70', 0),
(154, 299, 'i008', '1411.17', '1411.17', 0),
(155, 299, 'i009', '54039.55', '54039.55', 0),
(156, 77, 'i010', '0.00', '59831.42', 0),
(157, 79, 'i011', '30349.71', '30349.71', 0),
(159, 23, '0013', '103425.87', '103425.87', 0),
(160, 54, 'i012', '0.00', '7337.52', 0),
(161, 23, 'i013', '0.00', '103425.87', 0),
(184, 301, 'i014', '0.00', '7912.50', 0),
(185, 521, 'i015', '13029.25', '13029.25', 0),
(186, 94, 'i016', '25847.50', '25847.50', 0),
(187, 41, 'i017', '0.00', '18439.75', 0),
(188, 39, 'i018', '0.00', '43582.99', 0),
(189, 50, 'i019', '54872.80', '54872.80', 0),
(190, 369, 'i020', '68729.29', '68729.29', 0),
(191, 54, 'i021', '115452.87', '115452.87', 0),
(192, 41, 'i022', '0.00', '52044.21', 0),
(193, 41, 'i023', '0.00', '47925.36', 0),
(194, 275, 'i024', '11465.21', '11465.21', 0),
(195, 462, 'i025', '0.00', '26970.55', 0),
(196, 387, 'i026', '0.00', '11878.67', 0),
(197, 381, 'i027', '89016.68', '89016.68', 0),
(198, 64, 'i028', '0.00', '195469.74', 0),
(200, 372, 'i030', '2848.50', '2848.50', 0),
(201, 461, 'i031', '0.00', '18736.80', 0),
(202, 58, 'i032', '0.00', '30960.80', 0),
(203, 291, 'i001', '0.00', '884368.40', 0),
(204, 65, 'i033', '0.00', '59228.00', 0),
(205, 534, 'i001', '43255.00', '43255.00', 0),
(206, 543, 'i002', '0.00', '95996.56', 0),
(207, 514, 'i003', '0.00', '31333.50', 0),
(208, 545, 'i004', '50832.31', '59618.05', 0),
(209, 513, 'i005', '22682.50', '22682.50', 0),
(210, 513, 'i006', '9231.25', '9231.25', 0),
(211, 62, 'i034', '0.00', '7748.75', 0),
(212, 546, 'i035', '0.00', '5438.75', 0),
(213, 28, 'i036', '0.00', '2580.72', 0),
(214, 394, 'i003', '0.00', '27308.25', 0),
(215, 53, 'i037', '0.00', '122430.61', 0),
(221, 475, '7', '8923.00', '0.00', 0),
(222, 53, 'i039', '0.00', '99504.00', 0),
(223, 47, 'i039', '0.00', '56851.84', 0),
(224, 461, 'V492', '5697.00', '0.00', 0),
(225, 461, 'V491', '16863.12', '0.00', 0),
(226, 462, 'V515', '157176.96', '0.00', 0),
(227, 568, 'Opening', '243750.00', '0.00', 0),
(228, 148, 'V459', '150.34', '150.34', 0),
(229, 476, '123', '0.00', '149175.00', 0),
(230, 534, 'Adv', '265000.00', '0.00', 0),
(231, 39, 'i040', '0.00', '9045.50', 0),
(232, 478, '123', '0.00', '6480.00', 0),
(233, 365, 'i041', '0.00', '34951.13', 0),
(235, 275, 'i042', '88993.20', '88993.20', 0),
(236, 446, 'KBL', '0.00', '24884.20', 0),
(237, 552, '123', '33763.00', '0.00', 0),
(238, 92, 'i043', '0.00', '59499.42', 0),
(239, 396, 'i044', '0.00', '3435.00', 0),
(240, 429, 'i045', '0.00', '25098.40', 0),
(241, 62, 'i046', '0.00', '46000.00', 0),
(242, 64, 'i047', '0.00', '38556.00', 0),
(243, 540, 'i048', '0.00', '50906.70', 0),
(244, 592, 'i049', '0.00', '13301.25', 0),
(245, 477, 'R2223', '30878.00', '30878.00', 0),
(246, 493, '4012', '644.00', '644.00', 0),
(247, 493, '4029', '32134.00', '32134.00', 0),
(248, 598, 'Op.', '4480.00', '0.00', 0),
(249, 474, '123', '0.00', '137910.00', 0),
(250, 599, 'RT386', '9639.00', '9639.00', 0),
(252, 479, 'SA323', '98295.00', '98295.00', 0),
(253, 479, '880', '43176.00', '0.00', 0),
(254, 381, 'i050', '0.00', '65570.70', 0),
(255, 23, 'i051', '0.00', '3706.94', 0),
(256, 474, '100163', '47183.00', '0.00', 0),
(258, 474, '100058', '17854.00', '0.00', 0),
(259, 493, '74', '2901.00', '0.00', 0),
(260, 529, '2612', '22100.00', '0.00', 0),
(261, 458, 'V468', '50000.00', '150504.09', 0),
(262, 53, 'i052', '0.00', '60112.50', 0),
(263, 552, 'i007', '0.00', '35619.96', 0),
(264, 611, 'i008', '0.00', '22159.22', 0),
(265, 607, 'i009', '0.00', '7226.75', 0),
(266, 396, 'i053', '0.00', '1717.50', 0),
(267, 609, 'i010', '0.00', '8473.00', 0),
(268, 475, '115', '1182.00', '0.00', 0),
(269, 46, 'Opening', '0.00', '555.00', 0),
(270, 44, 'Op.', '278.90', '0.00', 0),
(271, 465, 'Opening', '4893.80', '0.00', 0),
(272, 607, 'V109', '0.00', '9648.16', 0),
(273, 543, 'V113', '0.00', '67455.44', 0),
(274, 545, 'Adv', '8785.74', '0.00', 0),
(275, 539, 'Adv', '425000.00', '0.00', 0),
(276, 617, 'V77', '0.00', '2837.50', 0),
(277, 514, 'Adv', '31334.00', '0.00', 0),
(278, 531, '2583', '102100.00', '0.00', 0),
(279, 579, 'OpSal', '66510.00', '0.00', 0),
(280, 579, 'GopalK', '137250.00', '0.00', 0),
(281, 65, 'i054', '0.00', '29614.00', 0),
(282, 479, '43', '39950.00', '0.00', 0),
(283, 479, '42', '91794.00', '0.00', 0),
(285, 477, 'R009', '12875.00', '12875.00', 0),
(286, 569, '115', '7966.00', '0.00', 0),
(287, 481, '38', '11932.00', '0.00', 0),
(288, 476, '0101700114', '10901.25', '0.00', 0),
(289, 476, '0101700023', '160592.63', '0.00', 0),
(290, 474, '100042', '80814.00', '0.00', 0),
(291, 481, '13', '6028.00', '0.00', 0),
(292, 480, '0157V/18', '5006.00', '0.00', 0),
(293, 611, '123', '30000.00', '0.00', 0),
(294, 611, '124', '15000.00', '0.00', 0),
(295, 523, '029', '3190.00', '3190.00', 0),
(296, 480, '0156V/18', '23866.00', '0.00', 0),
(297, 612, '05976', '116.00', '0.00', 0),
(298, 552, '456', '12500.00', '0.00', 0),
(303, 620, '514', '1000.00', '0.00', 0),
(304, 474, '100041', '45269.00', '0.00', 0),
(305, 397, 'i055', '0.00', '64993.86', 0),
(306, 482, 'D20161918', '5804.00', '0.00', 0),
(307, 482, 'DN13', '5514.00', '5514.00', 0),
(308, 474, '100039', '62647.00', '0.00', 0),
(309, 474, '100040', '25459.00', '0.00', 0),
(310, 474, '100561', '22563.00', '0.00', 0),
(311, 474, '100043', '86068.00', '0.00', 0),
(312, 474, '100544', '55751.00', '0.00', 0),
(313, 479, '64', '27688.00', '0.00', 0),
(314, 477, '123', '0.00', '29520.00', 0),
(315, 481, '67', '16524.00', '0.00', 0),
(316, 476, '0101700125', '100245.60', '0.00', 0),
(317, 474, '100303', '51339.00', '0.00', 0),
(318, 477, '075', '0.00', '21229.00', 0),
(320, 478, '7138', '0.00', '65683.00', 0),
(321, 478, '7093', '0.00', '2815.00', 0),
(322, 474, 'DN16', '0.00', '52329.00', 0),
(323, 474, 'DN01', '0.00', '8619.00', 0),
(324, 474, 'DN06', '0.00', '5143.00', 0),
(325, 474, 'DN17', '0.00', '15059.00', 0),
(326, 641, 'Op', '187717.00', '0.00', 0),
(327, 474, '100814', '17534.00', '0.00', 0),
(328, 478, '58', '74000.00', '0.00', 0),
(329, 478, '59', '34081.00', '0.00', 0),
(330, 476, '0101700190', '275400.00', '0.00', 0),
(331, 476, '0101700177', '32703.75', '0.00', 0),
(332, 481, '66', '9473.00', '0.00', 0),
(333, 476, '0101700153', '33186.27', '0.00', 0),
(334, 476, '0101700153A', '2859.00', '0.00', 0),
(335, 475, '62', '15342.00', '0.00', 0),
(336, 572, '5364', '570.00', '0.00', 0),
(337, 572, '5269', '470.00', '0.00', 0),
(338, 572, '5162', '882.00', '0.00', 0);

-- --------------------------------------------------------

--
-- Table structure for table `reference_details`
--

CREATE TABLE IF NOT EXISTS `reference_details` (
  `id` int(25) NOT NULL AUTO_INCREMENT,
  `ledger_account_id` int(25) NOT NULL,
  `receipt_id` int(25) NOT NULL,
  `payment_id` int(10) NOT NULL,
  `invoice_id` int(10) NOT NULL,
  `reference_no` varchar(50) NOT NULL,
  `credit` decimal(10,2) NOT NULL,
  `debit` decimal(10,2) NOT NULL,
  `reference_type` varchar(30) NOT NULL,
  `invoice_booking_id` int(10) NOT NULL,
  `credit_note_id` int(10) NOT NULL,
  `journal_voucher_id` int(10) NOT NULL,
  `auto_inc` int(11) NOT NULL,
  `sale_return_id` int(10) NOT NULL,
  `purchase_return_id` int(10) NOT NULL,
  `petty_cash_voucher_id` int(10) NOT NULL,
  `nppayment_id` int(11) NOT NULL,
  `contra_voucher_id` int(11) NOT NULL,
  PRIMARY KEY (`id`)
) ENGINE=InnoDB  DEFAULT CHARSET=latin1 AUTO_INCREMENT=406 ;

--
-- Dumping data for table `reference_details`
--

INSERT INTO `reference_details` (`id`, `ledger_account_id`, `receipt_id`, `payment_id`, `invoice_id`, `reference_no`, `credit`, `debit`, `reference_type`, `invoice_booking_id`, `credit_note_id`, `journal_voucher_id`, `auto_inc`, `sale_return_id`, `purchase_return_id`, `petty_cash_voucher_id`, `nppayment_id`, `contra_voucher_id`) VALUES
(7, 399, 0, 0, 0, 'NIL', '771700.00', '0.00', 'New Reference', 0, 0, 0, 0, 0, 0, 0, 0, 0),
(8, 400, 0, 0, 0, 'Op.', '3620029.47', '0.00', 'New Reference', 0, 0, 0, 0, 0, 0, 0, 0, 0),
(9, 401, 0, 0, 0, 'Op', '3464263.00', '0.00', 'New Reference', 0, 0, 0, 0, 0, 0, 0, 0, 0),
(10, 402, 0, 0, 0, 'Op', '1135420.00', '0.00', 'New Reference', 0, 0, 0, 0, 0, 0, 0, 0, 0),
(11, 403, 0, 0, 0, 'Op', '263741.00', '0.00', 'New Reference', 0, 0, 0, 0, 0, 0, 0, 0, 0),
(12, 147, 0, 0, 0, 'Op', '250244.40', '0.00', 'New Reference', 0, 0, 0, 0, 0, 0, 0, 0, 0),
(13, 149, 0, 0, 0, 'Op', '643170.50', '0.00', 'New Reference', 0, 0, 0, 0, 0, 0, 0, 0, 0),
(14, 406, 0, 0, 0, '', '0.00', '0.00', 'New Reference', 0, 0, 0, 0, 0, 0, 0, 0, 0),
(15, 404, 0, 0, 0, '', '0.00', '0.00', 'New Reference', 0, 0, 0, 0, 0, 0, 0, 0, 0),
(16, 405, 0, 0, 0, 'Op', '0.00', '0.00', 'New Reference', 0, 0, 0, 0, 0, 0, 0, 0, 0),
(17, 408, 0, 0, 0, 'Op', '73265.00', '0.00', 'New Reference', 0, 0, 0, 0, 0, 0, 0, 0, 0),
(18, 407, 0, 0, 0, 'Op', '24000.00', '0.00', 'New Reference', 0, 0, 0, 0, 0, 0, 0, 0, 0),
(19, 409, 0, 0, 0, 'Op', '13450.00', '0.00', 'New Reference', 0, 0, 0, 0, 0, 0, 0, 0, 0),
(20, 411, 0, 0, 0, 'Op', '40147.00', '0.00', 'New Reference', 0, 0, 0, 0, 0, 0, 0, 0, 0),
(21, 413, 0, 0, 0, 'Op', '71428.00', '0.00', 'New Reference', 0, 0, 0, 0, 0, 0, 0, 0, 0),
(22, 412, 0, 0, 0, 'Op', '176240.00', '0.00', 'New Reference', 0, 0, 0, 0, 0, 0, 0, 0, 0),
(23, 23, 0, 0, 0, '001', '100.00', '0.00', 'New Reference', 0, 0, 0, 0, 0, 0, 0, 0, 0),
(25, 414, 0, 0, 0, 'Op.', '25000.00', '0.00', 'New Reference', 0, 0, 0, 0, 0, 0, 0, 0, 0),
(26, 415, 0, 0, 0, 'Op', '8000.00', '0.00', 'New Reference', 0, 0, 0, 0, 0, 0, 0, 0, 0),
(27, 416, 0, 0, 0, 'Op.', '26000.00', '0.00', 'New Reference', 0, 0, 0, 0, 0, 0, 0, 0, 0),
(28, 418, 0, 0, 0, 'Op.', '48000.00', '0.00', 'New Reference', 0, 0, 0, 0, 0, 0, 0, 0, 0),
(29, 417, 0, 0, 0, 'Op.', '14000.00', '0.00', 'New Reference', 0, 0, 0, 0, 0, 0, 0, 0, 0),
(30, 419, 0, 0, 0, 'Op.', '12500.00', '0.00', 'New Reference', 0, 0, 0, 0, 0, 0, 0, 0, 0),
(31, 420, 0, 0, 0, 'Op.', '50000.00', '0.00', 'New Reference', 0, 0, 0, 0, 0, 0, 0, 0, 0),
(32, 421, 0, 0, 0, 'Op.', '41000.00', '0.00', 'New Reference', 0, 0, 0, 0, 0, 0, 0, 0, 0),
(33, 422, 0, 0, 0, 'op.', '24000.00', '0.00', 'New Reference', 0, 0, 0, 0, 0, 0, 0, 0, 0),
(34, 423, 0, 0, 0, 'Op.', '24000.00', '0.00', 'New Reference', 0, 0, 0, 0, 0, 0, 0, 0, 0),
(35, 428, 0, 0, 0, 'AmbujaSharma', '2000.00', '0.00', 'New Reference', 0, 0, 0, 0, 0, 0, 0, 0, 0),
(36, 428, 0, 0, 0, 'AshokRana', '6000.00', '0.00', 'New Reference', 0, 0, 0, 0, 0, 0, 0, 0, 0),
(37, 428, 0, 0, 0, 'Dashrath', '2500.00', '0.00', 'New Reference', 0, 0, 0, 0, 0, 0, 0, 0, 0),
(38, 428, 0, 0, 0, 'DeepakVerma', '5000.00', '0.00', 'New Reference', 0, 0, 0, 0, 0, 0, 0, 0, 0),
(39, 428, 0, 0, 0, 'DineshVaishnav', '3000.00', '0.00', 'New Reference', 0, 0, 0, 0, 0, 0, 0, 0, 0),
(40, 428, 0, 0, 0, 'GajendraTanwar', '2500.00', '0.00', 'New Reference', 0, 0, 0, 0, 0, 0, 0, 0, 0),
(41, 428, 0, 0, 0, 'GurpreetKaur', '4500.00', '0.00', 'New Reference', 0, 0, 0, 0, 0, 0, 0, 0, 0),
(42, 428, 0, 0, 0, 'Gyaneshwar', '8000.00', '0.00', 'New Reference', 0, 0, 0, 0, 0, 0, 0, 0, 0),
(43, 428, 0, 0, 0, 'Hozefa', '3000.00', '0.00', 'New Reference', 0, 0, 0, 0, 0, 0, 0, 0, 0),
(44, 428, 0, 0, 0, 'PradeepSisodiya', '11500.00', '0.00', 'New Reference', 0, 0, 0, 0, 0, 0, 0, 0, 0),
(45, 428, 0, 0, 0, 'Saiffuddin', '5000.00', '0.00', 'New Reference', 0, 0, 0, 0, 0, 0, 0, 0, 0),
(46, 428, 0, 0, 0, 'SawaiSingh', '12000.00', '0.00', 'New Reference', 0, 0, 0, 0, 0, 0, 0, 0, 0),
(47, 428, 0, 0, 0, 'VijayGohil', '48000.00', '0.00', 'New Reference', 0, 0, 0, 0, 0, 0, 0, 0, 0),
(48, 428, 0, 0, 0, 'VinayBhatnagar', '3000.00', '0.00', 'New Reference', 0, 0, 0, 0, 0, 0, 0, 0, 0),
(49, 428, 0, 0, 0, 'Yogeshnagar', '6000.00', '0.00', 'New Reference', 0, 0, 0, 0, 0, 0, 0, 0, 0),
(50, 428, 0, 0, 0, 'Zainab', '3000.00', '0.00', 'New Reference', 0, 0, 0, 0, 0, 0, 0, 0, 0),
(51, 430, 0, 0, 0, 'Op.', '0.00', '500.00', 'New Reference', 0, 0, 0, 0, 0, 0, 0, 0, 0),
(52, 431, 0, 0, 0, 'Op.', '0.00', '9900.00', 'New Reference', 0, 0, 0, 0, 0, 0, 0, 0, 0),
(53, 432, 0, 0, 0, 'Op.', '0.00', '12000.00', 'New Reference', 0, 0, 0, 0, 0, 0, 0, 0, 0),
(54, 152, 0, 0, 0, 'Op.', '0.00', '492222.98', 'New Reference', 0, 0, 0, 0, 0, 0, 0, 0, 0),
(55, 153, 0, 0, 0, 'Op.', '0.00', '11549961.10', 'New Reference', 0, 0, 0, 0, 0, 0, 0, 0, 0),
(56, 155, 0, 0, 0, 'Op.', '0.00', '625700.00', 'New Reference', 0, 0, 0, 0, 0, 0, 0, 0, 0),
(57, 434, 0, 0, 0, 'Op.', '0.00', '4264387.69', 'New Reference', 0, 0, 0, 0, 0, 0, 0, 0, 0),
(58, 433, 0, 0, 0, 'Op.', '0.00', '161709.00', 'New Reference', 0, 0, 0, 0, 0, 0, 0, 0, 0),
(59, 436, 0, 0, 0, 'Op.', '0.00', '68404.00', 'New Reference', 0, 0, 0, 0, 0, 0, 0, 0, 0),
(60, 435, 0, 0, 0, 'Op.', '0.00', '100000.00', 'New Reference', 0, 0, 0, 0, 0, 0, 0, 0, 0),
(61, 437, 0, 0, 0, 'Op.', '448838.00', '0.00', 'New Reference', 0, 0, 0, 0, 0, 0, 0, 0, 0),
(62, 438, 0, 0, 0, 'Op.', '1810970.00', '0.00', 'New Reference', 0, 0, 0, 0, 0, 0, 0, 0, 0),
(63, 439, 0, 0, 0, 'Op.', '524516.00', '0.00', 'New Reference', 0, 0, 0, 0, 0, 0, 0, 0, 0),
(64, 440, 0, 0, 0, 'Op.', '2470979.00', '0.00', 'New Reference', 0, 0, 0, 0, 0, 0, 0, 0, 0),
(65, 442, 0, 0, 0, 'Op.', '0.00', '3000.00', 'New Reference', 0, 0, 0, 0, 0, 0, 0, 0, 0),
(66, 444, 0, 0, 0, 'Op.', '0.00', '864850.00', 'New Reference', 0, 0, 0, 0, 0, 0, 0, 0, 0),
(67, 446, 0, 0, 0, 'Op.', '0.00', '203656.00', 'New Reference', 0, 0, 0, 0, 0, 0, 0, 0, 0),
(68, 443, 0, 0, 0, 'Op.', '0.00', '45001.00', 'New Reference', 0, 0, 0, 0, 0, 0, 0, 0, 0),
(69, 443, 0, 0, 0, 'IOCL', '0.00', '7300.00', 'New Reference', 0, 0, 0, 0, 0, 0, 0, 0, 0),
(70, 443, 0, 0, 0, 'PHED', '0.00', '51485.00', 'New Reference', 0, 0, 0, 0, 0, 0, 0, 0, 0),
(71, 443, 0, 0, 0, 'CTPP', '0.00', '35000.00', 'New Reference', 0, 0, 0, 0, 0, 0, 0, 0, 0),
(72, 443, 0, 0, 0, 'HCL', '0.00', '2500.00', 'New Reference', 0, 0, 0, 0, 0, 0, 0, 0, 0),
(73, 451, 0, 0, 0, 'Op.', '0.00', '117279.00', 'New Reference', 0, 0, 0, 0, 0, 0, 0, 0, 0),
(74, 452, 0, 0, 0, 'Op.', '0.00', '509045.00', 'New Reference', 0, 0, 0, 0, 0, 0, 0, 0, 0),
(75, 453, 0, 0, 0, 'Op.', '0.00', '10000.00', 'New Reference', 0, 0, 0, 0, 0, 0, 0, 0, 0),
(76, 454, 0, 0, 0, 'Op.', '0.00', '0.00', 'New Reference', 0, 0, 0, 0, 0, 0, 0, 0, 0),
(77, 32, 0, 0, 0, 'Op.', '0.00', '12000.00', 'New Reference', 0, 0, 0, 0, 0, 0, 0, 0, 0),
(78, 142, 0, 0, 0, 'Op.', '0.00', '495007.38', 'New Reference', 0, 0, 0, 0, 0, 0, 0, 0, 0),
(79, 145, 0, 0, 0, 'Op.', '0.00', '252097.20', 'New Reference', 0, 0, 0, 0, 0, 0, 0, 0, 0),
(80, 301, 0, 0, 0, 'V500', '0.00', '21846.60', 'New Reference', 0, 0, 0, 0, 0, 0, 0, 0, 0),
(81, 301, 0, 0, 0, 'V526', '0.00', '7912.50', 'New Reference', 0, 0, 0, 0, 0, 0, 0, 0, 0),
(82, 274, 0, 0, 0, 'V432', '0.00', '45500.75', 'New Reference', 0, 0, 0, 0, 0, 0, 0, 0, 0),
(83, 274, 0, 0, 0, 'V505', '0.00', '22511.00', 'New Reference', 0, 0, 0, 0, 0, 0, 0, 0, 0),
(84, 69, 0, 0, 0, 'R071', '0.00', '31492.50', 'New Reference', 0, 0, 0, 0, 0, 0, 0, 0, 0),
(85, 91, 0, 0, 0, 'V410', '0.00', '209396.66', 'New Reference', 0, 0, 0, 0, 0, 0, 0, 0, 0),
(86, 369, 0, 0, 0, 'V475', '0.00', '67802.22', 'New Reference', 0, 0, 0, 0, 0, 0, 0, 0, 0),
(87, 369, 0, 0, 0, 'V493', '0.00', '43838.42', 'New Reference', 0, 0, 0, 0, 0, 0, 0, 0, 0),
(88, 368, 0, 0, 0, 'V516', '0.00', '91283.98', 'New Reference', 0, 0, 0, 0, 0, 0, 0, 0, 0),
(89, 368, 0, 0, 0, 'V517', '0.00', '91575.32', 'New Reference', 0, 0, 0, 0, 0, 0, 0, 0, 0),
(90, 23, 0, 0, 0, 'R069', '0.00', '94052.50', 'New Reference', 0, 0, 0, 0, 0, 0, 0, 0, 0),
(91, 23, 0, 0, 0, 'R072', '0.00', '197870.00', 'New Reference', 0, 0, 0, 0, 0, 0, 0, 0, 0),
(92, 54, 0, 0, 0, 'V510', '0.00', '103925.00', 'New Reference', 0, 0, 0, 0, 0, 0, 0, 0, 0),
(93, 299, 0, 0, 0, 'V509', '0.00', '7763.43', 'New Reference', 0, 0, 0, 0, 0, 0, 0, 0, 0),
(94, 89, 0, 0, 0, 'V390', '0.00', '15650.59', 'New Reference', 0, 0, 0, 0, 0, 0, 0, 0, 0),
(95, 374, 0, 0, 0, 'V511', '0.00', '173291.14', 'New Reference', 0, 0, 0, 0, 0, 0, 0, 0, 0),
(96, 372, 0, 0, 0, 'V514', '0.00', '6630.00', 'New Reference', 0, 0, 0, 0, 0, 0, 0, 0, 0),
(97, 372, 0, 0, 0, 'V530', '0.00', '4420.00', 'New Reference', 0, 0, 0, 0, 0, 0, 0, 0, 0),
(98, 275, 0, 0, 0, 'V489', '0.00', '9697.44', 'New Reference', 0, 0, 0, 0, 0, 0, 0, 0, 0),
(99, 275, 0, 0, 0, 'V490', '0.00', '67757.38', 'New Reference', 0, 0, 0, 0, 0, 0, 0, 0, 0),
(100, 97, 0, 0, 0, 'V525', '0.00', '32577.40', 'New Reference', 0, 0, 0, 0, 0, 0, 0, 0, 0),
(101, 63, 0, 0, 0, 'R070', '0.00', '293187.50', 'New Reference', 0, 0, 0, 0, 0, 0, 0, 0, 0),
(102, 64, 0, 0, 0, 'R066', '0.00', '75837.00', 'New Reference', 0, 0, 0, 0, 0, 0, 0, 0, 0),
(103, 64, 0, 0, 0, 'R065', '0.00', '26718.34', 'New Reference', 0, 0, 0, 0, 0, 0, 0, 0, 0),
(104, 64, 0, 0, 0, 'R067', '0.00', '61994.58', 'New Reference', 0, 0, 0, 0, 0, 0, 0, 0, 0),
(105, 73, 0, 0, 0, 'V524', '0.00', '52441.68', 'New Reference', 0, 0, 0, 0, 0, 0, 0, 0, 0),
(106, 39, 0, 0, 0, 'Op.', '90603.80', '0.00', 'New Reference', 0, 0, 0, 0, 0, 0, 0, 0, 0),
(107, 41, 0, 0, 0, 'V502', '0.00', '56225.17', 'New Reference', 0, 0, 0, 0, 0, 0, 0, 0, 0),
(108, 41, 0, 0, 0, 'V501', '0.00', '53906.28', 'New Reference', 0, 0, 0, 0, 0, 0, 0, 0, 0),
(109, 41, 0, 0, 0, 'V512', '0.00', '49008.72', 'New Reference', 0, 0, 0, 0, 0, 0, 0, 0, 0),
(110, 41, 0, 0, 0, 'V513', '0.00', '52044.21', 'New Reference', 0, 0, 0, 0, 0, 0, 0, 0, 0),
(111, 41, 0, 0, 0, 'V521', '0.00', '17618.50', 'New Reference', 0, 0, 0, 0, 0, 0, 0, 0, 0),
(112, 41, 0, 0, 0, 'V523', '0.00', '36879.51', 'New Reference', 0, 0, 0, 0, 0, 0, 0, 0, 0),
(113, 41, 0, 0, 0, 'V528', '0.00', '19788.84', 'New Reference', 0, 0, 0, 0, 0, 0, 0, 0, 0),
(114, 41, 0, 0, 0, 'V529', '0.00', '19261.01', 'New Reference', 0, 0, 0, 0, 0, 0, 0, 0, 0),
(115, 28, 0, 0, 0, 'V280', '0.00', '10634.40', 'New Reference', 0, 0, 0, 0, 0, 0, 0, 0, 0),
(116, 25, 0, 0, 0, 'V434', '0.00', '59936.95', 'New Reference', 0, 0, 0, 0, 0, 0, 0, 0, 0),
(117, 58, 0, 0, 0, 'V396', '0.00', '14700.00', 'New Reference', 0, 0, 0, 0, 0, 0, 0, 0, 0),
(118, 273, 0, 0, 0, 'V118', '0.00', '84302.45', 'New Reference', 0, 0, 0, 0, 0, 0, 0, 0, 0),
(119, 273, 0, 0, 0, 'V200', '0.00', '43300.00', 'New Reference', 0, 0, 0, 0, 0, 0, 0, 0, 0),
(120, 273, 0, 0, 0, 'V295', '0.00', '19035.90', 'New Reference', 0, 0, 0, 0, 0, 0, 0, 0, 0),
(121, 93, 0, 0, 0, 'V508', '0.00', '3851.13', 'New Reference', 0, 0, 0, 0, 0, 0, 0, 0, 0),
(122, 93, 0, 0, 0, '3', '0.00', '0.00', 'New Reference', 0, 0, 0, 0, 0, 0, 0, 0, 0),
(123, 291, 0, 0, 0, 'V310', '0.00', '121314.72', 'New Reference', 0, 0, 0, 0, 0, 0, 0, 0, 0),
(124, 291, 0, 0, 0, 'V309', '0.00', '110968.86', 'New Reference', 0, 0, 0, 0, 0, 0, 0, 0, 0),
(126, 57, 0, 0, 2, 'i002', '0.00', '6857.50', 'New Reference', 0, 0, 0, 0, 0, 0, 0, 0, 0),
(128, 40, 0, 0, 4, 'i004', '0.00', '53846.94', 'New Reference', 0, 0, 0, 0, 0, 0, 0, 0, 0),
(129, 479, 0, 0, 0, '801', '132680.00', '0.00', 'New Reference', 0, 0, 0, 0, 0, 0, 0, 0, 0),
(130, 479, 0, 0, 0, 'SA298', '3488.00', '0.00', 'New Reference', 0, 0, 0, 0, 0, 0, 0, 0, 0),
(131, 479, 0, 0, 0, '800', '253389.00', '0.00', 'New Reference', 0, 0, 0, 0, 0, 0, 0, 0, 0),
(132, 479, 0, 0, 0, 'SA297', '29491.00', '0.00', 'New Reference', 0, 0, 0, 0, 0, 0, 0, 0, 0),
(133, 479, 0, 0, 0, '835', '180020.00', '0.00', 'New Reference', 0, 0, 0, 0, 0, 0, 0, 0, 0),
(134, 479, 0, 0, 0, 'Op.', '94677.00', '0.00', 'New Reference', 0, 0, 0, 0, 0, 0, 0, 0, 0),
(135, 481, 0, 0, 0, 'T157', '9563.00', '0.00', 'New Reference', 0, 0, 0, 0, 0, 0, 0, 0, 0),
(136, 481, 0, 0, 0, '616', '3022.00', '0.00', 'New Reference', 0, 0, 0, 0, 0, 0, 0, 0, 0),
(137, 481, 0, 0, 0, '632', '2945.00', '0.00', 'New Reference', 0, 0, 0, 0, 0, 0, 0, 0, 0),
(138, 481, 0, 0, 0, '647', '1511.00', '0.00', 'New Reference', 0, 0, 0, 0, 0, 0, 0, 0, 0),
(139, 481, 0, 0, 0, 'T169', '6503.00', '0.00', 'New Reference', 0, 0, 0, 0, 0, 0, 0, 0, 0),
(140, 481, 0, 0, 0, '646', '6082.00', '0.00', 'New Reference', 0, 0, 0, 0, 0, 0, 0, 0, 0),
(141, 481, 0, 0, 0, '671', '9486.00', '0.00', 'New Reference', 0, 0, 0, 0, 0, 0, 0, 0, 0),
(142, 475, 0, 0, 0, '938', '15342.00', '0.00', 'New Reference', 0, 0, 0, 0, 0, 0, 0, 0, 0),
(143, 478, 0, 0, 0, 'Op.', '25245.00', '0.00', 'New Reference', 0, 0, 0, 0, 0, 0, 0, 0, 0),
(144, 480, 0, 0, 0, '3888V/17', '5005.00', '0.00', 'New Reference', 0, 0, 0, 0, 0, 0, 0, 0, 0),
(145, 480, 0, 0, 0, '3887V/17', '6203.00', '0.00', 'New Reference', 0, 0, 0, 0, 0, 0, 0, 0, 0),
(146, 480, 0, 0, 0, '3886V/17', '24153.00', '0.00', 'New Reference', 0, 0, 0, 0, 0, 0, 0, 0, 0),
(147, 480, 0, 0, 0, '3885V/17', '8190.00', '0.00', 'New Reference', 0, 0, 0, 0, 0, 0, 0, 0, 0),
(148, 72, 0, 0, 5, 'i005', '0.00', '94000.50', 'New Reference', 0, 0, 0, 0, 0, 0, 0, 0, 0),
(149, 476, 0, 0, 0, '0101602456', '90652.50', '0.00', 'New Reference', 0, 0, 0, 0, 0, 0, 0, 0, 0),
(150, 476, 0, 0, 0, '0101602525', '5163.75', '0.00', 'New Reference', 0, 0, 0, 0, 0, 0, 0, 0, 0),
(151, 476, 0, 0, 0, '0101602632', '20196.00', '0.00', 'New Reference', 0, 0, 0, 0, 0, 0, 0, 0, 0),
(152, 396, 0, 0, 6, 'i006', '0.00', '12640.80', 'New Reference', 0, 0, 0, 0, 0, 0, 0, 0, 0),
(156, 77, 0, 0, 10, 'i010', '0.00', '59831.42', 'New Reference', 0, 0, 0, 0, 0, 0, 0, 0, 0),
(160, 23, 0, 0, 13, '0013', '0.00', '103425.87', 'New Reference', 0, 0, 0, 0, 0, 0, 0, 0, 0),
(161, 54, 0, 0, 12, 'i012', '0.00', '7337.52', 'New Reference', 0, 0, 0, 0, 0, 0, 0, 0, 0),
(165, 54, 5, 0, 0, 'V510', '103925.00', '0.00', 'Against Reference', 0, 0, 0, 0, 0, 0, 0, 0, 0),
(180, 63, 0, 0, 7, 'i007', '0.00', '33420.70', 'New Reference', 0, 0, 0, 0, 0, 0, 0, 0, 0),
(181, 299, 0, 0, 8, 'i008', '0.00', '1411.17', 'New Reference', 0, 0, 0, 0, 0, 0, 0, 0, 0),
(182, 299, 0, 0, 9, 'i009', '0.00', '54039.55', 'New Reference', 0, 0, 0, 0, 0, 0, 0, 0, 0),
(184, 79, 0, 0, 11, 'i011', '0.00', '30349.71', 'New Reference', 0, 0, 0, 0, 0, 0, 0, 0, 0),
(186, 23, 0, 0, 13, 'i013', '0.00', '103425.87', 'New Reference', 0, 0, 0, 0, 0, 0, 0, 0, 0),
(187, 301, 0, 0, 14, 'i014', '0.00', '7912.50', 'New Reference', 0, 0, 0, 0, 0, 0, 0, 0, 0),
(188, 521, 0, 0, 15, 'i015', '0.00', '13029.25', 'New Reference', 0, 0, 0, 0, 0, 0, 0, 0, 0),
(189, 94, 0, 0, 16, 'i016', '0.00', '25847.50', 'New Reference', 0, 0, 0, 0, 0, 0, 0, 0, 0),
(190, 41, 0, 0, 17, 'i017', '0.00', '18439.75', 'New Reference', 0, 0, 0, 0, 0, 0, 0, 0, 0),
(191, 39, 0, 0, 18, 'i018', '0.00', '43582.99', 'New Reference', 0, 0, 0, 0, 0, 0, 0, 0, 0),
(192, 50, 0, 0, 19, 'i019', '0.00', '54872.80', 'New Reference', 0, 0, 0, 0, 0, 0, 0, 0, 0),
(193, 369, 0, 0, 20, 'i020', '0.00', '68729.29', 'New Reference', 0, 0, 0, 0, 0, 0, 0, 0, 0),
(194, 54, 0, 0, 21, 'i021', '0.00', '115452.87', 'New Reference', 0, 0, 0, 0, 0, 0, 0, 0, 0),
(195, 41, 0, 0, 22, 'i022', '0.00', '52044.21', 'New Reference', 0, 0, 0, 0, 0, 0, 0, 0, 0),
(196, 41, 0, 0, 23, 'i023', '0.00', '47925.36', 'New Reference', 0, 0, 0, 0, 0, 0, 0, 0, 0),
(197, 275, 0, 0, 24, 'i024', '0.00', '11465.21', 'New Reference', 0, 0, 0, 0, 0, 0, 0, 0, 0),
(198, 462, 0, 0, 25, 'i025', '0.00', '26970.55', 'New Reference', 0, 0, 0, 0, 0, 0, 0, 0, 0),
(199, 387, 0, 0, 26, 'i026', '0.00', '11878.67', 'New Reference', 0, 0, 0, 0, 0, 0, 0, 0, 0),
(200, 381, 0, 0, 27, 'i027', '0.00', '89016.68', 'New Reference', 0, 0, 0, 0, 0, 0, 0, 0, 0),
(201, 64, 0, 0, 28, 'i028', '0.00', '195469.74', 'New Reference', 0, 0, 0, 0, 0, 0, 0, 0, 0),
(203, 372, 0, 0, 30, 'i030', '0.00', '2848.50', 'New Reference', 0, 0, 0, 0, 0, 0, 0, 0, 0),
(204, 461, 0, 0, 31, 'i031', '0.00', '18736.80', 'New Reference', 0, 0, 0, 0, 0, 0, 0, 0, 0),
(205, 58, 0, 0, 32, 'i032', '0.00', '30960.80', 'New Reference', 0, 0, 0, 0, 0, 0, 0, 0, 0),
(206, 291, 0, 0, 1, 'i001', '0.00', '884368.40', 'New Reference', 0, 0, 0, 0, 0, 0, 0, 0, 0),
(208, 65, 0, 0, 33, 'i033', '0.00', '59228.00', 'New Reference', 0, 0, 0, 0, 0, 0, 0, 0, 0),
(209, 534, 0, 0, 34, 'i001', '0.00', '43255.00', 'New Reference', 0, 0, 0, 0, 0, 0, 0, 0, 0),
(210, 543, 0, 0, 35, 'i002', '0.00', '95996.56', 'New Reference', 0, 0, 0, 0, 0, 0, 0, 0, 0),
(211, 514, 0, 0, 36, 'i003', '0.00', '31333.50', 'New Reference', 0, 0, 0, 0, 0, 0, 0, 0, 0),
(212, 545, 0, 0, 37, 'i004', '0.00', '59618.05', 'New Reference', 0, 0, 0, 0, 0, 0, 0, 0, 0),
(213, 513, 0, 0, 38, 'i005', '0.00', '22682.50', 'New Reference', 0, 0, 0, 0, 0, 0, 0, 0, 0),
(214, 513, 0, 0, 39, 'i006', '0.00', '9231.25', 'New Reference', 0, 0, 0, 0, 0, 0, 0, 0, 0),
(215, 63, 1, 0, 0, 'R070', '293187.50', '0.00', 'Against Reference', 0, 0, 0, 0, 0, 0, 0, 0, 0),
(216, 62, 0, 0, 40, 'i034', '0.00', '7748.75', 'New Reference', 0, 0, 0, 0, 0, 0, 0, 0, 0),
(217, 546, 0, 0, 41, 'i035', '0.00', '5438.75', 'New Reference', 0, 0, 0, 0, 0, 0, 0, 0, 0),
(218, 275, 2, 0, 0, 'V489', '9697.44', '0.00', 'Against Reference', 0, 0, 0, 0, 0, 0, 0, 0, 0),
(219, 28, 0, 0, 42, 'i036', '0.00', '2580.72', 'New Reference', 0, 0, 0, 0, 0, 0, 0, 0, 0),
(220, 274, 3, 0, 0, 'V505', '22511.00', '0.00', 'Against Reference', 0, 0, 0, 0, 0, 0, 0, 0, 0),
(222, 291, 5, 0, 0, 'V310', '120904.14', '0.00', 'Against Reference', 0, 0, 0, 0, 0, 0, 0, 0, 0),
(223, 291, 5, 0, 0, 'V309', '110968.86', '0.00', 'Against Reference', 0, 0, 0, 0, 0, 0, 0, 0, 0),
(224, 394, 0, 0, 3, 'i003', '0.00', '27308.25', 'New Reference', 0, 0, 0, 0, 0, 0, 0, 0, 0),
(225, 53, 0, 0, 43, 'i037', '0.00', '122430.61', 'New Reference', 0, 0, 0, 0, 0, 0, 0, 0, 0),
(231, 374, 11, 0, 0, 'V511', '173291.14', '0.00', 'Against Reference', 0, 0, 0, 0, 0, 0, 0, 0, 0),
(232, 94, 8, 0, 0, 'i016', '25847.50', '0.00', 'Against Reference', 0, 0, 0, 0, 0, 0, 0, 0, 0),
(233, 475, 0, 0, 0, '7', '8923.00', '0.00', 'New Reference', 2, 0, 0, 0, 0, 0, 0, 0, 0),
(234, 53, 0, 0, 44, 'i039', '0.00', '99504.00', 'New Reference', 0, 0, 0, 0, 0, 0, 0, 0, 0),
(235, 47, 0, 0, 45, 'i039', '0.00', '56851.84', 'New Reference', 0, 0, 0, 0, 0, 0, 0, 0, 0),
(236, 369, 12, 0, 0, 'V493', '43838.42', '0.00', 'Against Reference', 0, 0, 0, 0, 0, 0, 0, 0, 0),
(237, 69, 13, 0, 0, 'R071', '31492.50', '0.00', 'Against Reference', 0, 0, 0, 0, 0, 0, 0, 0, 0),
(239, 275, 15, 0, 0, 'V490', '67757.38', '0.00', 'Against Reference', 0, 0, 0, 0, 0, 0, 0, 0, 0),
(240, 368, 16, 0, 0, 'V517', '91575.32', '0.00', 'Against Reference', 0, 0, 0, 0, 0, 0, 0, 0, 0),
(241, 368, 17, 0, 0, 'V516', '91283.98', '0.00', 'Against Reference', 0, 0, 0, 0, 0, 0, 0, 0, 0),
(242, 299, 18, 0, 0, 'V509', '7763.43', '0.00', 'Against Reference', 0, 0, 0, 0, 0, 0, 0, 0, 0),
(243, 89, 19, 0, 0, 'V390', '15650.59', '0.00', 'Against Reference', 0, 0, 0, 0, 0, 0, 0, 0, 0),
(244, 461, 0, 0, 0, 'V492', '5697.00', '0.00', 'New Reference', 0, 0, 0, 0, 0, 0, 0, 0, 0),
(245, 461, 0, 0, 0, 'V491', '16863.12', '0.00', 'New Reference', 0, 0, 0, 0, 0, 0, 0, 0, 0),
(246, 462, 0, 0, 0, 'V515', '157176.96', '0.00', 'New Reference', 0, 0, 0, 0, 0, 0, 0, 0, 0),
(247, 568, 0, 0, 0, 'Opening', '243750.00', '0.00', 'New Reference', 0, 0, 0, 0, 0, 0, 0, 0, 0),
(248, 148, 0, 0, 0, 'V459', '0.00', '150.34', 'New Reference', 0, 0, 0, 0, 0, 0, 0, 0, 0),
(249, 148, 20, 0, 0, 'V459', '150.34', '0.00', 'Against Reference', 0, 0, 0, 0, 0, 0, 0, 0, 0),
(250, 476, 0, 11, 0, '0101602525', '0.00', '5163.75', 'Against Reference', 0, 0, 0, 0, 0, 0, 0, 0, 0),
(251, 476, 0, 11, 0, '0101602632', '0.00', '20196.00', 'Against Reference', 0, 0, 0, 0, 0, 0, 0, 0, 0),
(252, 476, 0, 11, 0, '123', '0.00', '149175.00', 'New Reference', 0, 0, 0, 0, 0, 0, 0, 0, 0),
(253, 534, 21, 0, 0, 'Adv', '265000.00', '0.00', 'New Reference', 0, 0, 0, 0, 0, 0, 0, 0, 0),
(254, 534, 22, 0, 0, 'i001', '43255.00', '0.00', 'Against Reference', 0, 0, 0, 0, 0, 0, 0, 0, 0),
(255, 39, 0, 0, 46, 'i040', '0.00', '9045.50', 'New Reference', 0, 0, 0, 0, 0, 0, 0, 0, 0),
(256, 478, 0, 26, 0, '123', '0.00', '6480.00', 'Advance Reference', 0, 0, 0, 0, 0, 0, 0, 0, 0),
(257, 365, 0, 0, 47, 'i041', '0.00', '34951.13', 'New Reference', 0, 0, 0, 0, 0, 0, 0, 0, 0),
(258, 513, 25, 0, 0, 'i006', '9231.25', '0.00', 'Against Reference', 0, 0, 0, 0, 0, 0, 0, 0, 0),
(261, 275, 0, 0, 48, 'i042', '0.00', '88993.20', 'New Reference', 0, 0, 0, 0, 0, 0, 0, 0, 0),
(262, 446, 0, 0, 0, 'KBL', '0.00', '24884.20', 'New Reference', 0, 0, 0, 0, 0, 0, 0, 0, 0),
(263, 552, 29, 0, 0, '123', '33763.00', '0.00', 'New Reference', 0, 0, 0, 0, 0, 0, 0, 0, 0),
(264, 513, 30, 0, 0, 'i005', '22682.50', '0.00', 'Against Reference', 0, 0, 0, 0, 0, 0, 0, 0, 0),
(265, 92, 0, 0, 49, 'i043', '0.00', '59499.42', 'New Reference', 0, 0, 0, 0, 0, 0, 0, 0, 0),
(266, 396, 0, 0, 50, 'i044', '0.00', '3435.00', 'New Reference', 0, 0, 0, 0, 0, 0, 0, 0, 0),
(267, 429, 0, 0, 51, 'i045', '0.00', '25098.40', 'New Reference', 0, 0, 0, 0, 0, 0, 0, 0, 0),
(268, 62, 0, 0, 52, 'i046', '0.00', '46000.00', 'New Reference', 0, 0, 0, 0, 0, 0, 0, 0, 0),
(269, 64, 0, 0, 53, 'i047', '0.00', '38556.00', 'New Reference', 0, 0, 0, 0, 0, 0, 0, 0, 0),
(270, 540, 0, 0, 54, 'i048', '0.00', '50906.70', 'New Reference', 0, 0, 0, 0, 0, 0, 0, 0, 0),
(271, 592, 0, 0, 55, 'i049', '0.00', '13301.25', 'New Reference', 0, 0, 0, 0, 0, 0, 0, 0, 0),
(272, 477, 0, 0, 0, 'R2223', '30878.00', '0.00', 'New Reference', 0, 0, 0, 0, 0, 0, 0, 0, 0),
(273, 493, 0, 0, 0, '4012', '644.00', '0.00', 'New Reference', 0, 0, 0, 0, 0, 0, 0, 0, 0),
(274, 493, 0, 0, 0, '4029', '32134.00', '0.00', 'New Reference', 0, 0, 0, 0, 0, 0, 0, 0, 0),
(275, 598, 0, 0, 0, 'Op.', '4480.00', '0.00', 'New Reference', 0, 0, 0, 0, 0, 0, 0, 0, 0),
(278, 477, 0, 46, 0, 'R2223', '0.00', '30878.00', 'Against Reference', 0, 0, 0, 0, 0, 0, 0, 0, 0),
(279, 474, 0, 47, 0, '123', '0.00', '137910.00', 'New Reference', 0, 0, 0, 0, 0, 0, 0, 0, 0),
(280, 481, 0, 48, 0, 'T157', '0.00', '9563.00', 'Against Reference', 0, 0, 0, 0, 0, 0, 0, 0, 0),
(281, 475, 0, 49, 0, '938', '0.00', '15342.00', 'Against Reference', 0, 0, 0, 0, 0, 0, 0, 0, 0),
(282, 493, 0, 50, 0, '4012', '0.00', '644.00', 'Against Reference', 0, 0, 0, 0, 0, 0, 0, 0, 0),
(283, 493, 0, 50, 0, '4029', '0.00', '32134.00', 'Against Reference', 0, 0, 0, 0, 0, 0, 0, 0, 0),
(284, 599, 0, 0, 0, 'RT386', '9639.00', '0.00', 'New Reference', 0, 0, 0, 0, 0, 0, 0, 0, 0),
(285, 599, 0, 51, 0, 'RT386', '0.00', '9639.00', 'Against Reference', 0, 0, 0, 0, 0, 0, 0, 0, 0),
(287, 479, 0, 0, 0, 'SA323', '98295.00', '0.00', 'New Reference', 0, 0, 0, 0, 0, 0, 0, 0, 0),
(288, 479, 0, 0, 0, '880', '43176.00', '0.00', 'New Reference', 0, 0, 0, 0, 0, 0, 0, 0, 0),
(289, 381, 0, 0, 56, 'i050', '0.00', '65570.70', 'New Reference', 0, 0, 0, 0, 0, 0, 0, 0, 0),
(290, 23, 0, 0, 57, 'i051', '0.00', '3706.94', 'New Reference', 0, 0, 0, 0, 0, 0, 0, 0, 0),
(291, 474, 0, 0, 0, '100163', '47183.00', '0.00', 'New Reference', 4, 0, 0, 0, 0, 0, 0, 0, 0),
(293, 474, 0, 0, 0, '100058', '17854.00', '0.00', 'New Reference', 6, 0, 0, 0, 0, 0, 0, 0, 0),
(294, 493, 0, 0, 0, '74', '2901.00', '0.00', 'New Reference', 7, 0, 0, 0, 0, 0, 0, 0, 0),
(295, 529, 0, 0, 0, '2612', '22100.00', '0.00', 'New Reference', 8, 0, 0, 0, 0, 0, 0, 0, 0),
(296, 479, 0, 45, 0, '801', '0.00', '132680.00', 'Against Reference', 0, 0, 0, 0, 0, 0, 0, 0, 0),
(297, 479, 0, 45, 0, 'SA298', '0.00', '3488.00', 'Against Reference', 0, 0, 0, 0, 0, 0, 0, 0, 0),
(298, 458, 0, 0, 0, 'V468', '0.00', '150504.09', 'New Reference', 0, 0, 0, 0, 0, 0, 0, 0, 0),
(299, 458, 9, 0, 0, 'V468', '50000.00', '0.00', 'Against Reference', 0, 0, 0, 0, 0, 0, 0, 0, 0),
(300, 79, 32, 0, 0, 'i011', '30349.71', '0.00', 'Against Reference', 0, 0, 0, 0, 0, 0, 0, 0, 0),
(301, 73, 33, 0, 0, 'V524', '52441.68', '0.00', 'Against Reference', 0, 0, 0, 0, 0, 0, 0, 0, 0),
(302, 23, 10, 0, 0, 'R069', '94052.50', '0.00', 'Against Reference', 0, 0, 0, 0, 0, 0, 0, 0, 0),
(303, 53, 0, 0, 58, 'i052', '0.00', '60112.50', 'New Reference', 0, 0, 0, 0, 0, 0, 0, 0, 0),
(304, 552, 0, 0, 59, 'i007', '0.00', '35619.96', 'New Reference', 0, 0, 0, 0, 0, 0, 0, 0, 0),
(305, 611, 0, 0, 60, 'i008', '0.00', '22159.22', 'New Reference', 0, 0, 0, 0, 0, 0, 0, 0, 0),
(306, 607, 0, 0, 61, 'i009', '0.00', '7226.75', 'New Reference', 0, 0, 0, 0, 0, 0, 0, 0, 0),
(307, 396, 0, 0, 62, 'i053', '0.00', '1717.50', 'New Reference', 0, 0, 0, 0, 0, 0, 0, 0, 0),
(308, 609, 0, 0, 63, 'i010', '0.00', '8473.00', 'New Reference', 0, 0, 0, 0, 0, 0, 0, 0, 0),
(309, 475, 0, 0, 0, '115', '1182.00', '0.00', 'New Reference', 9, 0, 0, 0, 0, 0, 0, 0, 0),
(310, 46, 0, 0, 0, 'Opening', '0.00', '555.00', 'New Reference', 0, 0, 0, 0, 0, 0, 0, 0, 0),
(311, 44, 0, 0, 0, 'Op.', '278.90', '0.00', 'New Reference', 0, 0, 0, 0, 0, 0, 0, 0, 0),
(312, 465, 0, 0, 0, 'Opening', '4893.80', '0.00', 'New Reference', 0, 0, 0, 0, 0, 0, 0, 0, 0),
(313, 607, 0, 0, 0, 'V109', '0.00', '9648.16', 'New Reference', 0, 0, 0, 0, 0, 0, 0, 0, 0),
(314, 543, 0, 0, 0, 'V113', '0.00', '67455.44', 'New Reference', 0, 0, 0, 0, 0, 0, 0, 0, 0),
(315, 545, 0, 0, 0, 'Adv', '8785.74', '0.00', 'New Reference', 0, 0, 0, 0, 0, 0, 0, 0, 0),
(316, 539, 0, 0, 0, 'Adv', '425000.00', '0.00', 'New Reference', 0, 0, 0, 0, 0, 0, 0, 0, 0),
(317, 617, 0, 0, 0, 'V77', '0.00', '2837.50', 'New Reference', 0, 0, 0, 0, 0, 0, 0, 0, 0),
(318, 514, 0, 0, 0, 'Adv', '31334.00', '0.00', 'New Reference', 0, 0, 0, 0, 0, 0, 0, 0, 0),
(319, 531, 0, 0, 0, '2583', '102100.00', '0.00', 'New Reference', 0, 0, 0, 0, 0, 0, 0, 0, 0),
(320, 579, 0, 0, 0, 'OpSal', '66510.00', '0.00', 'New Reference', 0, 0, 0, 0, 0, 0, 0, 0, 0),
(321, 579, 0, 0, 0, 'GopalK', '137250.00', '0.00', 'New Reference', 0, 0, 0, 0, 0, 0, 0, 0, 0),
(322, 65, 0, 0, 64, 'i054', '0.00', '29614.00', 'New Reference', 0, 0, 0, 0, 0, 0, 0, 0, 0),
(323, 479, 0, 0, 0, '43', '39950.00', '0.00', 'New Reference', 10, 0, 0, 0, 0, 0, 0, 0, 0),
(324, 479, 0, 0, 0, '42', '91794.00', '0.00', 'New Reference', 11, 0, 0, 0, 0, 0, 0, 0, 0),
(326, 477, 0, 0, 0, 'R009', '12875.00', '0.00', 'New Reference', 12, 0, 0, 0, 0, 0, 0, 0, 0),
(327, 477, 0, 57, 0, 'R009', '0.00', '12875.00', 'Against Reference', 0, 0, 0, 0, 0, 0, 0, 0, 0),
(328, 569, 0, 0, 0, '115', '7966.00', '0.00', 'New Reference', 13, 0, 0, 0, 0, 0, 0, 0, 0),
(329, 481, 0, 0, 0, '38', '11932.00', '0.00', 'New Reference', 15, 0, 0, 0, 0, 0, 0, 0, 0),
(330, 476, 0, 0, 0, '0101700114', '10901.25', '0.00', 'New Reference', 17, 0, 0, 0, 0, 0, 0, 0, 0),
(331, 476, 0, 0, 0, '0101700023', '160592.63', '0.00', 'New Reference', 20, 0, 0, 0, 0, 0, 0, 0, 0),
(332, 474, 0, 0, 0, '100042', '80814.00', '0.00', 'New Reference', 22, 0, 0, 0, 0, 0, 0, 0, 0),
(333, 481, 0, 0, 0, '13', '6028.00', '0.00', 'New Reference', 23, 0, 0, 0, 0, 0, 0, 0, 0),
(334, 480, 0, 0, 0, '0157V/18', '5006.00', '0.00', 'New Reference', 24, 0, 0, 0, 0, 0, 0, 0, 0),
(335, 611, 34, 0, 0, '123', '30000.00', '0.00', 'New Reference', 0, 0, 0, 0, 0, 0, 0, 0, 0),
(336, 611, 35, 0, 0, '124', '15000.00', '0.00', 'New Reference', 0, 0, 0, 0, 0, 0, 0, 0, 0),
(337, 523, 0, 0, 0, '029', '3190.00', '0.00', 'New Reference', 3, 0, 0, 0, 0, 0, 0, 0, 0),
(338, 523, 0, 9, 0, '029', '0.00', '3190.00', 'Against Reference', 0, 0, 0, 0, 0, 0, 0, 0, 0),
(339, 480, 0, 0, 0, '0156V/18', '23866.00', '0.00', 'New Reference', 25, 0, 0, 0, 0, 0, 0, 0, 0),
(340, 612, 0, 0, 0, '05976', '116.00', '0.00', 'New Reference', 27, 0, 0, 0, 0, 0, 0, 0, 0),
(341, 552, 36, 0, 0, '456', '12500.00', '0.00', 'New Reference', 0, 0, 0, 0, 0, 0, 0, 0, 0),
(342, 545, 37, 0, 0, 'i004', '50832.31', '0.00', 'Against Reference', 0, 0, 0, 0, 0, 0, 0, 0, 0),
(347, 620, 0, 0, 0, '514', '1000.00', '0.00', 'New Reference', 30, 0, 0, 0, 0, 0, 0, 0, 0),
(348, 474, 0, 0, 0, '100041', '45269.00', '0.00', 'New Reference', 31, 0, 0, 0, 0, 0, 0, 0, 0),
(349, 397, 0, 0, 65, 'i055', '0.00', '64993.86', 'New Reference', 0, 0, 0, 0, 0, 0, 0, 0, 0),
(350, 479, 0, 70, 0, '800', '0.00', '253389.00', 'Against Reference', 0, 0, 0, 0, 0, 0, 0, 0, 0),
(351, 479, 0, 70, 0, 'SA297', '0.00', '29491.00', 'Against Reference', 0, 0, 0, 0, 0, 0, 0, 0, 0),
(354, 482, 0, 0, 0, 'D20161918', '5804.00', '0.00', 'New Reference', 0, 0, 0, 0, 0, 0, 0, 0, 0),
(355, 482, 0, 0, 0, 'DN13', '0.00', '5514.00', 'New Reference', 0, 0, 0, 0, 0, 0, 0, 0, 0),
(356, 482, 38, 0, 0, 'DN13', '5514.00', '0.00', 'Against Reference', 0, 0, 0, 0, 0, 0, 0, 0, 0),
(357, 63, 39, 0, 0, 'i007', '33420.70', '0.00', 'Against Reference', 0, 0, 0, 0, 0, 0, 0, 0, 0),
(358, 474, 0, 0, 0, '100039', '62647.00', '0.00', 'New Reference', 28, 0, 0, 0, 0, 0, 0, 0, 0),
(359, 474, 0, 0, 0, '100040', '25459.00', '0.00', 'New Reference', 32, 0, 0, 0, 0, 0, 0, 0, 0),
(360, 474, 0, 0, 0, '100561', '22563.00', '0.00', 'New Reference', 33, 0, 0, 0, 0, 0, 0, 0, 0),
(361, 474, 0, 0, 0, '100043', '86068.00', '0.00', 'New Reference', 34, 0, 0, 0, 0, 0, 0, 0, 0),
(362, 474, 0, 0, 0, '100544', '55751.00', '0.00', 'New Reference', 35, 0, 0, 0, 0, 0, 0, 0, 0),
(363, 479, 0, 0, 0, '64', '27688.00', '0.00', 'New Reference', 36, 0, 0, 0, 0, 0, 0, 0, 0),
(364, 477, 0, 81, 0, '123', '0.00', '29520.00', 'Advance Reference', 0, 0, 0, 0, 0, 0, 0, 0, 0),
(365, 481, 0, 0, 0, '67', '16524.00', '0.00', 'New Reference', 37, 0, 0, 0, 0, 0, 0, 0, 0),
(366, 476, 0, 0, 0, '0101700125', '100245.60', '0.00', 'New Reference', 39, 0, 0, 0, 0, 0, 0, 0, 0),
(367, 474, 0, 0, 0, '100303', '51339.00', '0.00', 'New Reference', 41, 0, 0, 0, 0, 0, 0, 0, 0),
(368, 299, 40, 0, 0, 'i008', '1411.17', '0.00', 'Against Reference', 0, 0, 0, 0, 0, 0, 0, 0, 0),
(369, 299, 40, 0, 0, 'i009', '54039.55', '0.00', 'Against Reference', 0, 0, 0, 0, 0, 0, 0, 0, 0),
(370, 369, 41, 0, 0, 'i020', '68729.29', '0.00', 'Against Reference', 0, 0, 0, 0, 0, 0, 0, 0, 0),
(371, 477, 0, 89, 0, '075', '0.00', '21229.00', 'Advance Reference', 0, 0, 0, 0, 0, 0, 0, 0, 0),
(373, 478, 0, 90, 0, '7138', '0.00', '65683.00', 'New Reference', 0, 0, 0, 0, 0, 0, 0, 0, 0),
(374, 478, 0, 90, 0, '7093', '0.00', '2815.00', 'New Reference', 0, 0, 0, 0, 0, 0, 0, 0, 0),
(375, 479, 0, 71, 0, 'SA323', '0.00', '54353.00', 'Against Reference', 0, 0, 0, 0, 0, 0, 0, 0, 0),
(376, 479, 0, 70, 0, 'SA323', '0.00', '40324.00', 'Against Reference', 0, 0, 0, 0, 0, 0, 0, 0, 0),
(377, 479, 0, 91, 0, '835', '0.00', '180020.00', 'Against Reference', 0, 0, 0, 0, 0, 0, 0, 0, 0),
(378, 479, 0, 91, 0, 'SA323', '0.00', '3618.00', 'Against Reference', 0, 0, 0, 0, 0, 0, 0, 0, 0),
(379, 381, 42, 0, 0, 'i027', '89016.68', '0.00', 'Against Reference', 0, 0, 0, 0, 0, 0, 0, 0, 0),
(380, 54, 43, 0, 0, 'i021', '115452.87', '0.00', 'Against Reference', 0, 0, 0, 0, 0, 0, 0, 0, 0),
(381, 23, 44, 0, 0, '0013', '103425.87', '0.00', 'Against Reference', 0, 0, 0, 0, 0, 0, 0, 0, 0),
(382, 275, 45, 0, 0, 'i024', '11465.21', '0.00', 'Against Reference', 0, 0, 0, 0, 0, 0, 0, 0, 0),
(383, 275, 45, 0, 0, 'i042', '88993.20', '0.00', 'Against Reference', 0, 0, 0, 0, 0, 0, 0, 0, 0),
(384, 372, 46, 0, 0, 'i030', '2848.50', '0.00', 'Against Reference', 0, 0, 0, 0, 0, 0, 0, 0, 0),
(385, 50, 47, 0, 0, 'i019', '54872.80', '0.00', 'Against Reference', 0, 0, 0, 0, 0, 0, 0, 0, 0),
(386, 301, 48, 0, 0, 'V500', '21846.60', '0.00', 'Against Reference', 0, 0, 0, 0, 0, 0, 0, 0, 0),
(387, 474, 0, 0, 0, 'DN16', '0.00', '52329.00', 'Advance Reference', 0, 0, 6, 0, 0, 0, 0, 0, 0),
(388, 474, 0, 0, 0, 'DN01', '0.00', '8619.00', 'Advance Reference', 0, 0, 7, 0, 0, 0, 0, 0, 0),
(389, 474, 0, 0, 0, 'DN06', '0.00', '5143.00', 'Advance Reference', 0, 0, 8, 0, 0, 0, 0, 0, 0),
(390, 474, 0, 0, 0, 'DN17', '0.00', '15059.00', 'Advance Reference', 0, 0, 9, 0, 0, 0, 0, 0, 0),
(391, 641, 0, 0, 0, 'Op', '187717.00', '0.00', 'New Reference', 0, 0, 0, 0, 0, 0, 0, 0, 0),
(392, 396, 49, 0, 0, 'i006', '12640.80', '0.00', 'Against Reference', 0, 0, 0, 0, 0, 0, 0, 0, 0),
(393, 474, 0, 0, 0, '100814', '17534.00', '0.00', 'New Reference', 42, 0, 0, 0, 0, 0, 0, 0, 0),
(394, 478, 0, 0, 0, '58', '74000.00', '0.00', 'New Reference', 43, 0, 0, 0, 0, 0, 0, 0, 0),
(395, 478, 0, 0, 0, '59', '34081.00', '0.00', 'New Reference', 44, 0, 0, 0, 0, 0, 0, 0, 0),
(396, 476, 0, 0, 0, '0101700190', '275400.00', '0.00', 'New Reference', 45, 0, 0, 0, 0, 0, 0, 0, 0),
(397, 476, 0, 0, 0, '0101700177', '32703.75', '0.00', 'New Reference', 46, 0, 0, 0, 0, 0, 0, 0, 0),
(398, 481, 0, 0, 0, '66', '9473.00', '0.00', 'New Reference', 47, 0, 0, 0, 0, 0, 0, 0, 0),
(399, 476, 0, 0, 0, '0101700153', '33186.27', '0.00', 'New Reference', 49, 0, 0, 0, 0, 0, 0, 0, 0),
(400, 476, 0, 0, 0, '0101700153A', '2859.00', '0.00', 'New Reference', 50, 0, 0, 0, 0, 0, 0, 0, 0),
(401, 475, 0, 0, 0, '62', '15342.00', '0.00', 'New Reference', 52, 0, 0, 0, 0, 0, 0, 0, 0),
(402, 572, 0, 0, 0, '5364', '570.00', '0.00', 'New Reference', 53, 0, 0, 0, 0, 0, 0, 0, 0),
(403, 572, 0, 0, 0, '5269', '470.00', '0.00', 'New Reference', 54, 0, 0, 0, 0, 0, 0, 0, 0),
(404, 572, 0, 0, 0, '5162', '882.00', '0.00', 'New Reference', 55, 0, 0, 0, 0, 0, 0, 0, 0),
(405, 521, 50, 0, 0, 'i015', '13029.25', '0.00', 'Against Reference', 0, 0, 0, 0, 0, 0, 0, 0, 0);

-- --------------------------------------------------------

--
-- Table structure for table `sales_orders`
--

CREATE TABLE IF NOT EXISTS `sales_orders` (
  `id` int(10) NOT NULL AUTO_INCREMENT,
  `customer_id` int(10) NOT NULL,
  `employee_id` int(10) NOT NULL,
  `customer_address` text NOT NULL,
  `discount_type` tinyint(1) NOT NULL,
  `discount_per` decimal(4,2) NOT NULL,
  `discount` decimal(15,2) NOT NULL,
  `ed_description` text NOT NULL,
  `exceise_duty` decimal(10,2) NOT NULL,
  `total` decimal(15,2) NOT NULL,
  `pnf_type` tinyint(1) NOT NULL,
  `pnf_per` decimal(4,2) NOT NULL,
  `pnf` decimal(10,2) NOT NULL,
  `total_after_pnf` decimal(15,2) NOT NULL,
  `additional_note` text NOT NULL,
  `company_id` int(10) NOT NULL,
  `process_status` varchar(30) NOT NULL,
  `quotation_id` int(10) DEFAULT NULL,
  `transporter_id` int(10) NOT NULL,
  `expected_delivery_date` date NOT NULL,
  `delivery_description` text NOT NULL,
  `documents_courier_id` int(10) NOT NULL,
  `customer_po_no` varchar(100) NOT NULL,
  `po_date` date NOT NULL,
  `dispatch_name` varchar(100) NOT NULL,
  `dispatch_mobile` varchar(10) NOT NULL,
  `dispatch_email` varchar(100) NOT NULL,
  `dispatch_address` text NOT NULL,
  `road_permit_required` varchar(5) NOT NULL,
  `form49` varchar(5) NOT NULL,
  `so1` varchar(10) NOT NULL,
  `so2` int(10) NOT NULL,
  `so3` varchar(10) NOT NULL,
  `so4` varchar(10) NOT NULL,
  `created_by` int(10) NOT NULL,
  `edited_by` int(10) NOT NULL,
  `created_on` date NOT NULL,
  `edited_on` date NOT NULL,
  `edited_on_time` varchar(100) NOT NULL,
  `created_on_time` varchar(100) NOT NULL,
  `job_card_status` varchar(10) NOT NULL DEFAULT 'Pending',
  PRIMARY KEY (`id`)
) ENGINE=InnoDB  DEFAULT CHARSET=latin1 AUTO_INCREMENT=137 ;

--
-- Dumping data for table `sales_orders`
--

INSERT INTO `sales_orders` (`id`, `customer_id`, `employee_id`, `customer_address`, `discount_type`, `discount_per`, `discount`, `ed_description`, `exceise_duty`, `total`, `pnf_type`, `pnf_per`, `pnf`, `total_after_pnf`, `additional_note`, `company_id`, `process_status`, `quotation_id`, `transporter_id`, `expected_delivery_date`, `delivery_description`, `documents_courier_id`, `customer_po_no`, `po_date`, `dispatch_name`, `dispatch_mobile`, `dispatch_email`, `dispatch_address`, `road_permit_required`, `form49`, `so1`, `so2`, `so3`, `so4`, `created_by`, `edited_by`, `created_on`, `edited_on`, `edited_on_time`, `created_on_time`, `job_card_status`) VALUES
(1, 40, 4, 'Pali-Marwar-306401\r\nRajastahn', 1, '7.50', '8775.00', '', '0.00', '108225.00', 1, '0.00', '0.00', '108225.00', 'Pali-Marwar-306401\r\nRajastahn', 25, 'Pulled From Quotation', 4, 2, '2017-04-06', 'Freight "PAID" Basis', 6, '4600015892', '2017-03-21', 'Tapasvi Vaidya', '9001099411', 'tapasvi.vaidya@lnbgroup.com', 'Pali-Marwar-306401\r\nRajastahn', 'No', 'No', 'STL', 1, 'BE-3370', '16-17', 4, 8, '2017-03-27', '2017-04-04', '2017-04-04 07:02:48PM', '2017-03-27 11:42:14AM', 'Pending'),
(2, 93, 11, 'C-17,Panchwati Colony\r\nNear Bhaskar Circle,\r\nRatanada , Jodhpur -342001', 1, '5.00', '1777.00', '', '0.00', '33763.00', 0, '0.00', '0.00', '33763.00', 'Direct for payment received by cheque No. 165140 dated 27.03.2017 for Rs. 33,763/-', 27, 'Pulled From Quotation', 8, 2, '2017-04-10', 'Freight "TO-PAY" basis', 2, 'FS/RS/16-17/1058', '2017-03-17', 'Mangesh Kawade', '7742505505', 'Mangesh.KAWADE@sodexo.com', 'C-17,Panchwati Colony\r\nNear Bhaskar Circle,\r\nRatanada , Jodhpur -342001', 'No', 'No', 'FMSL', 1, 'BE-3247', '16-17', 4, 8, '2017-03-27', '2017-04-24', '2017-04-24 06:03:12PM', '2017-03-27 01:17:56PM', 'Pending'),
(3, 8, 7, 'Unit Of - DCM Shriram Industries Limited\r\nShriram Nagar, Kota-324004', 1, '7.50', '3086.25', '', '0.00', '38063.75', 0, '0.00', '0.00', '38063.75', 'Unit Of - DCM Shriram Industries Limited\r\nShriram Nagar, Kota-324004', 25, 'New', 0, 15, '2017-04-05', 'Freight "TO-PAY" basis', 6, 'OSC/4800001336', '2017-02-28', 'Ram Kshetri', '9929590865', 'ramkshetri@dcmsr.com', 'Unit Of - DCM Shriram Industries Limited\r\nShriram Nagar, Kota-324004', 'No', 'No', 'STL', 2, 'BE-2932', '16-17', 8, 0, '2017-03-28', '1970-01-01', '', '2017-03-28 11:40:11AM', 'Pending'),
(4, 31, 11, '( A Unit of Shree Cement Ltd )\r\nJind Road\r\nKhukhrana,Assan Kalan\r\nPanipat Haryana-132103', 1, '20.00', '13790.00', '', '0.00', '55160.00', 0, '0.00', '0.00', '55160.00', 'Document Delivery Address:\r\nShree Cement Ltd.,\r\nBangur Nagar, P.O. No.: 33\r\nBeawer - 305901\r\n\r\nPayment Terms : 30 days of Receipt of PO', 25, 'New', 0, 1, '2017-04-20', 'Paid Basis Panipat Transporter Godown Dispatch From Indore Darling Pumps', 6, '422190', '2017-03-22', 'Mr Vivek Saxena', '9214337462', 'saxenav@shreecementltd.com', '( A Unit of Shree Cement Ltd )\r\nJind Road\r\nKhukhrana,Assan Kalan\r\nPanipat Haryana-132103', 'No', 'No', 'STL', 3, 'BE-3240', '16-17', 11, 8, '2017-03-28', '2017-04-17', '2017-04-17 10:47:02AM', '2017-03-28 12:35:55PM', 'Pending'),
(5, 9, 15, 'P.O. Adityanagar - 326 520\r\nMORAK, Distt. Kota (Rajasthan)', 0, '0.00', '2200.00', '', '0.00', '42500.00', 1, '2.00', '850.00', '43350.00', 'Direct for payment within 30 days. ', 25, 'New', 0, 15, '2017-04-06', 'Freight "TO-PAY" basis upto kota', 6, 'VPG/1100003705', '2017-02-20', 'Vipesh Gupta', '9351468146', 'vipesh.gupta@mangalamcement.com', '93,Dashera Schema, Dadabari\r\nKOTA-324009 (Raj.)', 'No', 'No', 'STL', 4, 'BE-3360', '16-17', 8, 8, '2017-03-28', '2017-04-04', '2017-04-04 02:31:13PM', '2017-03-28 12:55:30PM', 'Pending'),
(6, 22, 11, 'Unit-Birla White\r\nRajashree Nagar, Kharia Khangar\r\nVillage :-Kharia Khangar\r\nDist. Jodhpur 342606', 1, '10.00', '2600.00', '', '0.00', '23400.00', 0, '0.00', '0.00', '23400.00', 'Document delivery Address\r\nUltratech Cement Ltd.,\r\n(Unit - Birla White )\r\nD-7, Shastri Nagar,\r\nJodhpur - 342003\r\n\r\nPayment Terms: 30 days of Receipt of Material', 25, 'New', 0, 2, '2017-05-16', 'To Pay Basis', 6, 'BW/BWJ/6202007086', '2017-03-04', 'Mr. Neeraj Gautam', '2920264040', 'neeraj.gautam@adityabirla.com', 'Unit-Birla White\r\nRajashree Nagar, Kharia Khangar\r\nVillage :-Kharia Khangar\r\nDist. Jodhpur 342606\r\n', 'No', 'No', 'STL', 5, 'BE-2827', '16-17', 11, 8, '2017-03-28', '2017-05-06', '2017-05-06 01:16:00PM', '2017-03-28 01:19:30PM', 'Pending'),
(7, 29, 11, 'Bangur City\r\nPO RAS-306107\r\nTehsil :Jaitaran\r\nDist. Pali\r\n', 0, '0.00', '0.00', '', '0.00', '340000.00', 0, '0.00', '0.00', '340000.00', 'Document Delivery Address\r\nShree Cement Ltd.,\r\nBangur Nagar, P.O. No.: 33,\r\nBeawer - 305901\r\n\r\nPayment Terms : 30 days from receipt Material', 25, 'New', 0, 7, '2017-05-26', 'Paid Basis : Beawer Transporter Goodown', 6, '420061', '2017-03-10', 'Mr. Vivek Saxena', '9214337462', 'saxenav@shreecementltd.com', 'Bangur City\r\nPO RAS-306107\r\nTehsil :Jaitaran\r\nDist. Pali\r\n', 'No', 'No', 'STL', 6, 'BE-3368', '16-17', 11, 8, '2017-03-28', '2017-05-15', '2017-05-15 11:49:20AM', '2017-03-28 01:56:56PM', 'Pending'),
(8, 29, 11, 'Bangur City\r\nPO RAS-306107\r\nTehsil :Jaitaran\r\nDist. Pali\r\n', 0, '0.00', '0.00', '', '0.00', '350774.00', 0, '0.00', '0.00', '350774.00', 'Document Delivery Address\r\nShree Cement Ltd.,\r\nBangur Nagar, P.O. No.: 33,\r\nBeawer - 305901\r\n\r\nPayment Terms : 30 days from receipt Material', 25, 'New', 0, 7, '2017-05-18', 'Freight "PAID" basis', 6, '419575', '2017-03-08', 'Mr Vivek Saxena', '9214337462', 'saxenav@shreecementltd.com', 'Bangur City\r\nPO RAS-306107\r\nTehsil :Jaitaran\r\nDist. Pali\r\n', 'No', 'No', 'STL', 7, 'BE-3368', '16-17', 11, 8, '2017-03-28', '2017-05-15', '2017-05-15 11:50:58AM', '2017-03-28 02:09:21PM', 'Pending'),
(9, 30, 11, 'Village -Khapradig ,Teh :-Simga\r\nBhatapara ,Baloda Bazar Raipur -493332\r\nChattisgarh', 0, '0.00', '0.00', '', '0.00', '175387.00', 0, '0.00', '0.00', '175387.00', 'Document Delivery Address\r\nShree Raipur Cement Plant (SRCP),\r\n(A Unit of Shree Cement Ltd),\r\nC-1, Krishnayan Colony, Near City Fuels Petrol Pump, Bhatapara Road, Baloda Bazaar,\r\n Chattisgarh - 493332 (C.G.)\r\n\r\nPayment Terms: 30 Days of Receipt of Material\r\n', 25, 'New', 0, 27, '2017-04-05', 'Paid Basis Transporter Godown Baloda Bazar', 30, '418360', '2017-03-04', 'Mr. Shadaab Rizvi', '8349301232', 'rizvis@shreecementltd.com', 'Village -Khapradig ,Teh :-Simga\r\nBhatapara ,Baloda Bazar Raipur -493332\r\nChattisgarh', 'No', 'Yes', 'STL', 8, 'BE-3241', '16-17', 11, 11, '2017-03-28', '2017-03-28', '2017-03-28 02:42:38PM', '2017-03-28 02:36:30PM', 'Pending'),
(10, 30, 11, 'Village -Khapradig ,Teh :-Simga\r\nBhatapara ,Baloda Bazar Raipur -493332\r\nChattisgarh', 0, '0.00', '0.00', '', '0.00', '340000.00', 0, '0.00', '0.00', '340000.00', 'Shree Raipur Cement Plant (SRCP)\r\n(A unit of Shee Cement Ltd),\r\nC-1, Krishnayan Colony, Near City Fuels Petrol Pump,\r\nBhatapara Road, Baloda Bazaar,\r\nChhattishgarh - 493332 (CG)', 25, 'New', 0, 27, '2017-04-29', 'Paid Basis Transporter Godown Baloda Bazar', 30, '420688', '2017-03-15', 'Mr Shadaab Rizvi', '8349301232', 'rizvis@shreecementltd.com', 'Village -Khapradig ,Teh :-Simga\r\nBhatapara ,Baloda Bazar Raipur -493332\r\nChattisgarh', 'No', 'Yes', 'STL', 9, 'BE-3241', '16-17', 11, 0, '2017-03-28', '1970-01-01', '', '2017-03-28 02:56:08PM', 'Pending'),
(11, 94, 7, '206, MTN, Neemach Kheda Main Road, Neenach Mata Scheme, Dewali, UDAIPUR-313001 (Raj.)', 0, '0.00', '0.00', '', '0.00', '0.00', 0, '0.00', '0.00', '29700.00', 'Direct for payment within 07 days', 27, 'New', 0, 29, '2017-04-01', 'Hand delivery', 29, 'email confirmation by Mr. Ali Hussain', '2017-03-22', 'Mr. Ali Hussain', '9828186876', 'ahcorp.udr@gmail.com', '206, MTN, Neemach Kheda Main Road, Neenach Mata Scheme, Dewali, UDAIPUR-313001 (Raj.)', 'No', 'No', 'FMSL', 2, 'BE-3065', '16-17', 8, 8, '2017-03-28', '2017-04-17', '2017-04-17 01:41:44PM', '2017-03-28 03:20:15PM', 'Pending'),
(12, 81, 15, 'B-25-26, RIICO Housing Colony\r\nRoad No. 1-D, V.K.I. Area, Jaipur-302013', 1, '6.00', '5808.00', '', '0.00', '90992.00', 0, '0.00', '0.00', '90992.00', 'Direct for payment within 07 days', 27, 'New', 0, 1, '2017-04-01', 'Freight "TO-PAY" basis', 6, 'Email confirmation by Mr. Vinod Sharma', '2017-03-16', 'Vinod Sharma', '9414077213', 'vks12.crystal@gmail.com', 'B-25-26, RIICO Housing Colony\r\nRoad No. 1-D, V.K.I. Area, Jaipur-302013', 'No', 'No', 'FMSL', 3, 'BE-3258', '16-17', 8, 8, '2017-03-28', '2017-04-17', '2017-04-17 12:59:56PM', '2017-03-28 04:17:57PM', 'Pending'),
(13, 1, 11, 'Dariba Smelter Complex\r\nRajpura Dariba Mines\r\nDist.: Rajsamand (Raj.)\r\nPin no- 313211', 0, '0.00', '0.00', '', '0.00', '90250.00', 0, '0.00', '0.00', '90250.00', 'Direct for payment within 30 days after receipt of material.', 25, 'New', 0, 16, '2017-04-03', 'Your Authorised vehicle', 6, '2000037157/4100085926', '2016-12-13', 'Mr. Sujat', '8003195347', 'Aditya.Jalan@vedanta.co.in', 'Dariba Smelter Complex\r\nRajpura Dariba Mines\r\nDist.: Rajsamand (Raj.)\r\nPin no- 313211', 'No', 'No', 'STL', 10, 'BE-3146', '16-17', 8, 8, '2017-03-29', '2017-04-05', '2017-04-05 03:23:54PM', '2017-03-29 11:43:23AM', 'Pending'),
(14, 37, 15, 'RIICO INDUSTRIAL AREA NEEMRANA, DIST. ALWAR (RAJ)-301705', 1, '10.00', '19800.00', '', '0.00', '178200.00', 0, '0.00', '0.00', '178200.00', 'Direct for payment within 15 days from receipt of material', 25, 'New', 0, 1, '2017-04-05', 'Freight "PAID" basis', 6, '2400000230', '2017-02-10', 'D K Jain', '9413586723', 'dk.jain@ginniint.com', 'RIICO INDUSTRIAL AREA NEEMRANA, DIST. ALWAR (RAJ)-301705', 'No', 'No', 'STL', 11, 'BE-3049', '16-17', 8, 8, '2017-03-30', '2017-04-04', '2017-04-04 03:32:46PM', '2017-03-30 12:05:42PM', 'Pending'),
(15, 18, 11, 'Chanderia Smelter Complex (CPP)\r\nPO Putholi\r\nDt. Chittorgarh', 0, '0.00', '0.00', '', '0.00', '104955.00', 0, '0.00', '0.00', '104955.00', 'Direct for payment within 30 days', 25, 'New', 0, 7, '2017-04-04', 'Freight "PAID" basis', 6, '4100086596', '2017-01-20', 'Kavya Khazanchi', '1472254819', 'commercial@vedanta.co.in', 'Chanderia Smelter Complex (CPP)\r\nPO Putholi\r\nDt. Chittorgarh', 'No', 'No', 'STL', 12, 'BE-3079', '16-17', 8, 8, '2017-03-30', '2017-04-05', '2017-04-05 01:54:22PM', '2017-03-30 12:47:05PM', 'Pending'),
(16, 66, 15, 'RSWM Limited,\r\n(Unit- Mandpam)\r\nPB No. 13\r\nBhilwara-311001', 1, '12.50', '1552.50', '', '0.00', '10867.50', 0, '0.00', '0.00', '10867.50', 'Direct for payment within 30 days', 25, 'New', 0, 7, '2017-04-05', 'Freight "TO-PAY'' basis', 6, 'SPA/151601392', '2017-01-21', 'Ashish Tomar', '9782258181', 'stores.mandapam@lnjbhilwara.com', 'RSWM Limited,\r\n(Unit- Mandpam)\r\nPB No. 13\r\nBhilwara-311001', 'No', 'No', 'STL', 13, 'BE-3320', '16-17', 8, 8, '2017-03-30', '2017-04-12', '2017-04-12 02:33:17PM', '2017-03-30 03:41:04PM', 'Pending'),
(17, 70, 15, 'SPL 1, Tapukara Industrial\r\nArea, Khuskhera-301707\r\nDistt-Alwar', 0, '0.00', '0.00', '', '0.00', '50000.00', 0, '0.00', '0.00', '50000.00', 'Direct for payment within 30 days after after receipt of material ', 25, 'New', 0, 3, '2017-04-03', '"FREIGHT PAID DOOR DELIVERY" Basis', 3, '36507,0 ', '2017-03-16', 'Amit Jain', '8890095343', 'amitjain1@hondacarindia.com', 'SPL 1, Tapukara Industrial\r\nArea, Khuskhera-301707\r\nDistt-Alwar', 'No', 'No', 'STL', 14, 'BE-3226', '16-17', 8, 0, '2017-03-30', '1970-01-01', '', '2017-03-30 06:00:12PM', 'Pending'),
(18, 70, 15, 'SPL 1, Tapukara Industrial\r\nArea, Khuskhera-301707\r\nDistt-Alwar', 1, '5.00', '70.40', '', '0.00', '1337.60', 0, '0.00', '0.00', '1337.60', 'Direct for payment within 30 days\r\nwith this suppy your order is fully executed.', 25, 'New', 0, 3, '2017-04-04', '"FREIGHT PAID DOOR DELIVERY" basis', 3, '35664,0', '2017-01-30', 'Amit Jain', '8890095343', 'amitjain1@hondacarindia.com', 'SPL 1, Tapukara Industrial\r\nArea, Khuskhera-301707\r\nDistt-Alwar', 'No', 'No', 'STL', 15, 'BE-3226', '16-17', 8, 8, '2017-03-30', '2017-04-04', '2017-04-04 05:10:21PM', '2017-03-30 06:11:50PM', 'Pending'),
(19, 110, 11, '(Khushkhera Cement Grinding Project)\r\nPlot No. SP3-II, A-1, \r\nRIICO Industrial Area\r\nBhiwadi, Taluka-Tijara,\r\nKhushkhera-301707\r\nDistt: Alwar (Raj.)', 1, '20.00', '2760.00', '', '0.00', '11040.00', 0, '0.00', '0.00', '11040.00', 'Direct for payment within 30 days\r\n\r\nDocument delivery Address:\r\nShree Cement Limited,\r\nBangur Nagar\r\nBeawar-305901\r\n', 25, 'New', 0, 1, '2017-04-03', 'Freight "PAID" basis', 6, '415110', '2017-02-15', 'Navneet', '9251077025', 'navneet13596@shreecementltd.com', '(Khushkhera Cement Grinding Project)\r\nPlot No. SP3-II, A-1, \r\nRIICO Industrial Area\r\nBhiwadi, Taluka-Tijara,\r\nKhushkhera-301707\r\nDistt: Alwar (Raj.)', 'No', 'No', 'STL', 16, 'BE-3031', '16-17', 8, 8, '2017-03-30', '2017-04-04', '2017-04-04 03:58:23PM', '2017-03-30 07:00:57PM', 'Pending'),
(20, 29, 11, 'Bangur City\r\nPO RAS-306107\r\nTehsil :Jaitaran\r\nDist. Pali\r\n', 1, '20.00', '7100.00', '', '0.00', '28400.00', 0, '0.00', '0.00', '28400.00', 'Direct for payment within 30 days\r\nDocument Despatch Address:\r\nBangur Nagar, Beawar-305901', 25, 'New', 0, 7, '2017-04-04', 'Freight "PAID" basis', 6, '419574', '2017-03-08', 'Vivek Saxena', '9214337462', 'saxena@shreecementltd.com', 'Bangur City\r\nPO RAS-306107\r\nTehsil :Jaitaran\r\nDist. Pali\r\n', 'No', 'No', 'STL', 17, 'BE-3064', '16-17', 8, 8, '2017-03-31', '2017-04-04', '2017-04-04 04:32:04PM', '2017-03-31 12:53:45PM', 'Pending'),
(21, 29, 11, 'Bangur City\r\nPO RAS-306107\r\nTehsil :Jaitaran\r\nDist. Pali\r\n', 0, '0.00', '0.00', '', '0.00', '340000.00', 0, '0.00', '0.00', '340000.00', 'Direct for payment within 30 days', 25, 'New', 0, 7, '2017-04-05', 'Freight "PAID" basis', 6, '424354', '2017-03-30', 'Vivek Saxena', '9214337462', 'saxena@shreecementltd.com', 'Bangur City\r\nPO RAS-306107\r\nTehsil :Jaitaran\r\nDist. Pali\r\n', 'No', 'No', 'STL', 18, 'BE-3368', '17-18', 8, 8, '2017-04-01', '2017-05-05', '2017-05-05 03:01:07PM', '2017-04-01 05:13:08PM', 'Pending'),
(22, 114, 11, '(Unit-Shree Mega Power)\r\nBangur Nagar, Beawar-305901 \r\nDistt: Ajmer (Raj.)', 1, '20.00', '5480.00', '', '0.00', '21920.00', 0, '0.00', '0.00', '21920.00', 'Direct for payment within 30 days', 25, '', 0, 7, '2017-04-05', 'Freight "PAID" basis', 6, '421611', '2017-03-20', 'Vivek Saxena', '9214337462', 'saxena@shreecementltd.com', 'Bangur Nagar\r\nBEAWAR-305901\r\nDistt: Ajmer (Raj.)\r\n', 'No', 'No', 'STL', 19, 'BE-3385', '17-18', 8, 8, '2017-04-01', '2017-05-01', '2017-05-01 04:02:56PM', '2017-04-01 05:17:46PM', 'Pending'),
(23, 108, 15, 'A-280/281/283 RIICO Industrial Area\r\nChopanki, Bhiwadi\r\nDistt: Alwar (Raj.)', 0, '0.00', '0.00', '', '0.00', '26500.00', 0, '0.00', '0.00', '26500.00', 'Direct for payment against Performa Invoice', 25, '', 0, 1, '2017-04-05', 'Freight "TO-PAY" basis', 6, 'CHP008470', '2016-12-17', 'DK Mishra', '9672992331', 'dilip.mishra@ke-ind.com', 'KEI Industries Ltd.\r\nA, 280-284 RIICO Industrial Area,\r\nChopanki (Raj.)', 'No', 'No', 'STL', 20, 'BE-3348', '17-18', 8, 8, '2017-04-01', '2017-04-04', '2017-04-04 12:57:28PM', '2017-04-01 05:21:26PM', 'Pending'),
(24, 68, 18, 'The Executive Engineer (O & M)\r\nSuratgarh Super thermal Power,\r\nRajasthan Rajya Vidyut Utpadan Nigam Limited, Near Village-Raiawali,\r\nSuratgarh-335804\r\nSri Ganganagar (Raj.)', 0, '0.00', '0.00', '', '0.00', '874401.00', 0, '0.00', '0.00', '874401.00', 'Direct for payment within 30 days', 25, 'New', 0, 1, '2017-04-07', '"FREIGHT PAID DOOR DELIVERY" basis', 31, 'PO201600064/D-262', '2017-01-25', 'SBI Bank', '1509245689', 'proc.stps.suratgarh@gmail.com', 'State Bank of India\r\nMain Branch, Suratgarh', 'No', 'No', 'STL', 21, 'BE-2982', '17-18', 8, 8, '2017-04-03', '2017-04-04', '2017-04-04 12:17:41PM', '2017-04-03 03:42:58PM', 'Pending'),
(25, 29, 11, 'Bangur City\r\nPO RAS-306107\r\nTehsil :Jaitaran\r\nDist. Pali\r\n', 0, '0.00', '0.00', '', '0.00', '4480.00', 0, '0.00', '0.00', '4480.00', 'Document Delivery Address:\r\nShree Cement Ltd\r\nBangur Nagar\r\nPB No 33\r\nBeawar : 305901\r\n', 25, 'New', 0, 7, '2017-05-20', 'Material Will be book on Paid Basis.', 6, '423887', '2017-03-29', 'Mr Sumit Kumar Srivastava', '9214037282', 'srivastavas@shreecementltd.com', 'Bangur City\r\nPO RAS-306107\r\nTehsil :Jaitaran\r\nDist. Pali\r\n', 'No', 'No', 'STL', 22, 'BE-2979', '17-18', 4, 0, '2017-04-03', '1970-01-01', '', '2017-04-03 04:29:55PM', 'Pending'),
(26, 15, 15, '(Unit of J.K. Cement Ltd.)\r\nKailash nagar \r\nNimbahera - 312617', 1, '10.00', '5680.00', '', '0.00', '51120.00', 0, '0.00', '0.00', '51120.00', 'Direct for payment within 30 days.', 25, 'New', 0, 13, '2017-04-06', 'Freight "TO-PAY" basis', 14, '4100095291', '2017-03-14', 'Piyush Tiwari', '1477220205', 'piyush.Tiwari@jkcement.com', '(Unit of J.K. Cement Ltd.)\r\nKailash nagar \r\nNimbahera - 312617', 'No', 'No', 'STL', 23, 'BE-3363', '17-18', 8, 8, '2017-04-03', '2017-04-12', '2017-04-12 12:52:00PM', '2017-04-03 05:49:21PM', 'Pending'),
(27, 15, 15, '(Unit of J.K. Cement Ltd.)\r\nKailash nagar \r\nNimbahera - 312617', 1, '10.00', '5680.00', '', '0.00', '51120.00', 0, '0.00', '0.00', '51120.00', 'Direct for payment within 30 days.', 25, '', 0, 13, '2017-04-06', 'Freight "TO-PAY" basis', 14, '4100094605', '2017-02-27', 'Piyush Tiwari', '1477220205', 'piyush.Tiwari@jkcement.com', '(Unit of J.K. Cement Ltd.)\r\nKailash nagar \r\nNimbahera - 312617', 'No', 'No', 'STL', 24, 'BE-3363', '17-18', 8, 0, '2017-04-03', '1970-01-01', '', '2017-04-03 05:52:55PM', 'Pending'),
(28, 19, 11, 'Unit-Pyro Plant\r\nChanderiya Lead Zinc Smelter\r\nChittorgarh', 0, '0.00', '0.00', '', '0.00', '35832.50', 0, '0.00', '0.00', '35832.50', 'Direct for payment within 30 days', 25, 'New', 0, 1, '2017-05-31', 'Material Will be booked on Paid Basis.\r\nTransporter Godown Chittor.', 6, '2000039507 / 4100087610', '2017-03-24', 'Mr. Suresh Sharma ', '9829245214', 'suresh.sharma@vedanta.co.in', 'Unit-Pyro Plant\r\nChanderiya Lead Zinc Smelter\r\nChittorgarh', 'No', 'No', 'STL', 25, 'BE-3369', '17-18', 4, 8, '2017-04-03', '2017-05-17', '2017-05-17 10:05:43AM', '2017-04-03 05:58:51PM', 'Pending'),
(29, 12, 11, 'Sindesar Khurd Mine\r\nP.O. Dariba\r\nRajsamand', 0, '0.00', '0.00', '', '0.00', '1135355.00', 0, '0.00', '0.00', '1135355.00', 'Direct for payment within 30 days', 25, 'New', 0, 16, '2017-04-12', 'Love Kush Enterprises', 16, '2000038628/4100086965', '2017-02-11', 'Kaluram Jat`', '8003093638', 'Aditya.jalan@vedanta.co.in', 'Sindesar Khurd Mine\r\nP.O. Dariba\r\nRajsamand', 'No', 'No', 'STL', 26, 'BE-3359', '17-18', 8, 8, '2017-04-03', '2017-04-22', '2017-04-22 03:15:27PM', '2017-04-03 06:17:33PM', 'Pending'),
(30, 21, 11, 'CPP (Thermal) Zawar Mines\r\nZawar Mines\r\nDist. Udaipur', 0, '0.00', '0.00', '', '0.00', '6500.00', 0, '0.00', '0.00', '6500.00', 'Direct for payment within 30 days', 25, 'New', 0, 16, '2017-04-05', 'Material to be hand delivery to Love Kush Enterprises', 16, '2000038091/4100086596', '2017-01-20', 'Pc Pareek', '9928013967', 'Pc.Pareek@vedanta.co.in', 'CPP Zawar Mines\r\nZawar Mines\r\nDist. Udaipur', 'No', 'No', 'STL', 27, 'BE-3142', '17-18', 8, 8, '2017-04-04', '2017-04-04', '2017-04-04 12:34:34PM', '2017-04-04 11:11:29AM', 'Pending'),
(31, 112, 15, 'A-135-135-136, Road no. 12, \r\nVishwakarma Indusrial Area,\r\nJaipur-302013 (Raj.)', 0, '0.00', '0.00', '', '0.00', '2442.00', 0, '0.00', '0.00', '2442.00', 'Direct for payment within 30 days.', 25, 'New', 0, 1, '2017-04-29', '"FREIGHT TO PAY" Basis', 6, '16005258 / M1', '2017-03-31', 'Mr. Pankaj Kalani', '9785022279', 'pkalani@sigmaelectric.com', 'A-135-135-136, Road no. 12,\r\nVishwakarma indusrial Area,\r\nJaipur-302013', 'No', 'No', 'STL', 28, 'BE-3194', '17-18', 12, 12, '2017-04-04', '2017-04-04', '2017-04-04 12:21:50PM', '2017-04-04 12:04:51PM', 'Pending'),
(32, 42, 4, 'Rajasthan State Highway 9, \r\nSripati Nagar, Dabok, Udaipur-313201\r\nRajasthan \r\n', 1, '7.50', '2332.50', '', '0.00', '28767.50', 0, '0.00', '0.00', '28767.50', 'Direct for payment within 30 days', 25, 'New', 0, 29, '2017-04-07', 'Freight "TO-PAY" basis', 29, '7420001469/MES ', '2017-03-29', 'Rahul Jain', '7728886069', 'rahuljain@ucwl.jkmail.com', 'Rajasthan State Highway 9, \r\nSripati Nagar, Dabok, Udaipur-313201\r\nRajasthan \r\n', 'No', 'No', 'STL', 29, 'BE-3102', '17-18', 8, 0, '2017-04-05', '1970-01-01', '', '2017-04-05 11:07:35AM', 'Pending'),
(33, 134, 11, 'Mayur Nagar,\r\nLodha-327001\r\nBanswara (Raj.)', 0, '0.00', '0.00', '', '0.00', '4750.00', 0, '0.00', '0.00', '4750.00', 'Direct for payment within 30 days', 25, 'New', 0, 12, '2017-04-22', 'Freight "TO-PAY" basis', 6, 'SPA/31700011', '2017-04-03', 'Mr. Ravindra Suthar', '2962254321', 'ravindrasuthar@lnjbhilwara.com', 'Mayur Nagar, \r\nLodha - 327001\r\nBanswara (Raj.)', 'No', 'No', 'STL', 30, 'BE-2598', '17-18', 8, 8, '2017-04-07', '2017-04-21', '2017-04-21 04:01:42PM', '2017-04-07 12:39:49PM', 'Pending'),
(34, 101, 15, 'NH-12, Ramganj Balaji, \r\nBundi-323001 (Raj)', 0, '0.00', '0.00', '', '0.00', '11259.40', 0, '0.00', '0.00', '11259.40', 'Direct for payment within 30 days', 25, 'New', 0, 15, '2017-04-14', 'Freight "TO-PAY" basis', 6, 'P/1718/44', '2017-04-06', 'Mr. Yusuf Ansari', '7073458817', 'yusuf.ansari@advantageoils.com', 'NH-12, Ramganj Balaji, \r\nBundi-323001 (Raj)', 'No', 'No', 'STL', 31, 'BE-2603', '17-18', 8, 0, '2017-04-07', '1970-01-01', '', '2017-04-07 01:04:09PM', 'Pending'),
(35, 30, 11, 'Village -Khapradig ,Teh :-Simga\r\nBhatapara ,Baloda Bazar Raipur -493332\r\nChattisgarh', 1, '20.00', '9450.00', '', '0.00', '37800.00', 0, '0.00', '0.00', '37800.00', 'Direct for payment within 30 days', 25, 'New', 0, 31, '2017-04-15', '"FREIGHT PAID DOOR DELIVERY" basis', 31, '426576', '2017-04-07', 'Mr. Vijay Kumar Vishwakarma', '9109973634', 'vishwakarmavk@shreecementltd.com', 'Village -Khapradig ,Teh :-Simga\r\nBhatapara ,Baloda Bazar Raipur -493332\r\nChattisgarh', 'No', 'Yes', 'STL', 32, 'BE-3241', '17-18', 8, 8, '2017-04-07', '2017-04-07', '2017-04-07 01:54:38PM', '2017-04-07 01:50:54PM', 'Pending'),
(36, 129, 15, 'SP3-10 to 11, RIICO Industrial Area, Teh.: Kotputli, Keshwana Rajpoot, Distt: Jaipur (Raj.)', 1, '5.00', '650.00', '', '0.00', '12350.00', 0, '0.00', '0.00', '12350.00', 'Direct for Payment against documents recevie', 25, 'New', 0, 1, '2017-04-14', 'Freight "TO-PAY" basis', 6, '471/16-17 ', '2016-07-23', 'Pritpal Singh Rai', '1244597979', 'purchase@otsukaindia.com', 'SP3-10 to 11, RIICO Industrial Area, Teh.: Kotputli, Keshwana Rajpoot, Distt: Jaipur (Raj.)', 'No', 'No', 'STL', 33, 'BE-2945', '17-18', 8, 0, '2017-04-11', '1970-01-01', '', '2017-04-11 02:15:08PM', 'Pending'),
(37, 72, 15, 'SP-4/3, RIICO Industrial Area,\r\nVill.: Keshwana, Teh.: KOTPUTLI-303108,\r\nDistt: Jaipur (Raj.) ', 0, '0.00', '0.00', '', '0.00', '7500.00', 0, '0.00', '0.00', '7500.00', 'Direct for payment within 07 days', 25, 'New', 0, 1, '2017-04-12', 'Freight "TO-PAY" basis', 6, 'Verbal confirmation by Mr. Naveen Kumar ', '2017-03-15', 'Mr. Naveen Ji', '9983340275', 'naveen.jpr@bhavik.biz', 'F-394 (G), Road No. 9F2, V.K.I. Area, JAIPUR-302013', 'No', 'No', 'STL', 34, 'BE-3299', '17-18', 8, 0, '2017-04-11', '1970-01-01', '', '2017-04-11 03:04:39PM', 'Pending'),
(38, 53, 15, 'Udaisagar Road,\r\nUdaipur-313003', 0, '0.00', '0.00', '', '0.00', '24500.00', 0, '0.00', '0.00', '24500.00', 'Direct for payment 100% against delivery.', 25, 'New', 0, 29, '2017-04-12', 'Delivery at your works', 29, '4501500290', '2017-04-04', 'Ramesh Kumar Singh', '9660642260', 'ramesh.singh@unitedspirits.in', 'Udaisagar Road,\r\nUdaipur-313003', 'No', 'No', 'STL', 35, 'BE-3342', '17-18', 8, 0, '2017-04-11', '1970-01-01', '', '2017-04-11 03:27:21PM', 'Pending'),
(39, 130, 11, 'SK Mines\r\nRajpura Dariba ', 0, '0.00', '0.00', '', '0.00', '500000.00', 0, '0.00', '0.00', '500000.00', 'Payment 50 % advance & balance at the time of delivery.', 25, 'New', 0, 29, '2017-05-15', 'Customer will be take delivery form work-Shop.\r\n(Hand Delivery)', 29, 'BY Mail', '2017-03-30', 'Mr. Narendra Kumara', '9782895862', 'narendra.kumar.jnu@gmail.com', 'SK Mines\r\nRajpura Dariba ', 'No', 'No', 'STL', 36, 'BE-3341', '17-18', 4, 0, '2017-04-11', '1970-01-01', '', '2017-04-11 04:41:44PM', 'Pending'),
(40, 10, 15, 'Sutlej Textiles and Industries Limited\r\nUnit-Rajasthan Textile Mills, \r\nPachpahar Road Bhawanimandi-326502 Distt: Jhalawar', 0, '0.00', '0.00', '', '0.00', '16700.00', 0, '0.00', '0.00', '16700.00', 'Direct for payment against delivery', 25, 'New', 0, 15, '2017-04-13', 'Freight "TO-PAY" basis', 6, '4515002929', '2016-12-16', 'Bhanwar Tripathi', '9116009797', 'btripathi@sutlej-rtm.co.in', 'Sutlej Textiles and Industries Limited\r\nUnit-Rajasthan Textile Mills, \r\nPachpahar Road Bhawanimandi-326502 Distt: Jhalawar', 'No', 'No', 'STL', 37, 'BE-3346', '17-18', 8, 8, '2017-04-12', '2017-04-12', '2017-04-12 11:15:41AM', '2017-04-12 11:08:43AM', 'Pending'),
(41, 66, 15, '(Unit- Mandpam)\r\nPB No. 13\r\nBhilwara-311001', 1, '10.00', '8900.00', '', '0.00', '80100.00', 1, '2.00', '1602.00', '81702.00', 'Direct for payment within 15 days', 25, 'New', 0, 7, '2017-04-17', 'Freight "TO-PAY" basis', 7, '151700094', '2017-04-10', 'Aashish Tomar', '9782258181', 'stores.mandapam@lnjbhilwara.com', '(Unit- Mandpam)\r\nPB No. 13\r\nBhilwara-311001', 'No', 'No', 'STL', 38, 'BE-3320', '17-18', 15, 8, '2017-04-12', '2017-04-17', '2017-04-17 12:25:35PM', '2017-04-12 11:40:25AM', 'Pending'),
(42, 8, 15, 'Unit Of - DCM Shriram Industries Limited\r\nShriram Nagar, Kota-324004', 1, '7.50', '3086.25', '', '0.00', '38063.75', 0, '0.00', '0.00', '38063.75', '100% payment against delivery (COD)', 25, 'New', 0, 15, '2017-04-15', 'Freight "TO-PAY" basis', 6, 'OSC/4800001336', '2017-02-28', 'Mr. Ram Keshtri', '7442480001', 'ramkshetri@dcmsr.com', 'Unit Of - DCM Shriram Industries Limited\r\nShriram Nagar, Kota-324004', 'No', 'No', 'STL', 39, 'BE-2932', '17-18', 8, 0, '2017-04-12', '1970-01-01', '', '2017-04-12 11:50:05AM', 'Pending'),
(43, 15, 15, '(Unit of J.K. Cement Ltd.)\r\nKailash nagar \r\nNimbahera - 312617', 1, '10.00', '5680.00', '', '0.00', '51120.00', 0, '0.00', '0.00', '51120.00', 'Direct for payment within 30  days', 25, 'New', 0, 7, '2017-04-12', 'Freight "TO-PAY" bais', 14, '4100095291/6420', '2017-03-14', 'Piyush Tiwari', '9799060335', 'piyush.tiwari@jkcement.com', '(Unit of J.K. Cement Ltd.)\r\nKailash nagar \r\nNimbahera - 312617', 'No', 'No', 'STL', 40, 'BE-3363', '17-18', 8, 0, '2017-04-12', '1970-01-01', '', '2017-04-12 12:07:04PM', 'Pending'),
(44, 84, 15, 'SPC-162, MIA,\r\n Alwar -301030\r\n', 1, '5.00', '3428.75', '', '0.00', '65146.25', 0, '0.00', '0.00', '65146.25', 'Direct for payment 100% after delivery', 25, 'New', 0, 3, '2017-04-14', '"FREIGHT PAID DOOR DELIVERY" basis', 3, '4501475075', '2017-01-16', 'Mr. D. K. Sharma', '9414431447', 'dineshsharma@mail.dabur', 'SPC-162, MIA,\r\n Alwar -301030\r\n', 'No', 'No', 'STL', 41, 'BE-3355', '17-18', 8, 0, '2017-04-12', '1970-01-01', '', '2017-04-12 12:23:10PM', 'Pending'),
(45, 10, 15, 'Sutlej Textiles and Industries Limited\r\nUnit-Rajasthan Textile Mills, \r\nPachpahar Road Bhawanimandi-326502 Distt: Jhalawar', 0, '0.00', '0.00', '', '0.00', '88800.00', 0, '0.00', '0.00', '88800.00', 'Direct for payment against delivery', 25, 'New', 0, 15, '2017-04-13', 'Freight "TO-PAY" basis', 6, '4515002954', '2017-01-05', 'Mr. Bhanwar Tripati', '9116009797', 'btripathi@sutlej-rtm.co.in', 'Sutlej Textiles and Industries Limited\r\nUnit-Rajasthan Textile Mills, \r\nPachpahar Road Bhawanimandi-326502 Distt: Jhalawar', 'No', 'No', 'STL', 42, 'BE-3346', '17-18', 8, 0, '2017-04-12', '1970-01-01', '', '2017-04-12 02:16:49PM', 'Pending'),
(46, 122, 11, 'Dakan Kotra,\r\n12 Km Miles Stone,\r\nUdaipur-Banswara Road,\r\nDistt- Udaipur,\r\n313001 (Raj.)', 1, '5.00', '1345.50', '', '0.00', '25564.50', 0, '0.00', '0.00', '25564.50', 'Direct for payment against delivery.', 25, 'New', 0, 29, '2017-04-13', 'Your Authorised vehicle', 29, 'E-mail confirmation by Mr. Mahendra Taya ', '2016-12-09', 'Mr. Mahendra Ji Taya', '9414585446', 'mtaya@rediffmail.com', 'Dakan Kotra,\r\n12 Km Miles Stone,\r\nUdaipur-Banswara Road,\r\nDistt- Udaipur,\r\n313001 (Raj.)', 'No', 'No', 'STL', 43, 'BE-3350', '17-18', 8, 0, '2017-04-12', '1970-01-01', '', '2017-04-12 02:54:21PM', 'Pending'),
(47, 123, 4, 'Udai Sagar Road,\r\nDistt- Udaipur, \r\n313001 (Raj.)', 1, '10.00', '4820.00', '', '0.00', '43380.00', 1, '0.00', '0.00', '43380.00', '', 25, 'New', 0, 29, '2017-04-28', 'Local Freight charges  will be in buyer account.', 29, '4500294926', '2017-04-05', 'Mr. Vimal Nagar', '9214351889', 'v.nagar@piind.com', 'Udai Sagar Road,\r\nDistt- Udaipur, \r\n313001 (Raj.)', 'No', 'No', 'STL', 44, 'BE-3375', '17-18', 4, 4, '2017-04-12', '2017-04-12', '2017-04-12 05:35:01PM', '2017-04-12 04:40:36PM', 'Converted'),
(48, 30, 11, 'Village -Khapradig ,Teh :-Simga\r\nBhatapara ,Baloda Bazar Raipur -493332\r\nChattisgarh', 0, '0.00', '0.00', '', '0.00', '82000.00', 0, '0.00', '0.00', '82000.00', 'Document Delivery Address :\r\nShadaab Rizvi\r\nShree  Raipur Cement Plant ( SRCP)\r\nC-1 Krishnayan Colony Near City Fuels Petrol Pump ,Bhatapara Road\r\nBaloda Bazar Chhattisgarh-493332\r\nMob : 8349301232\r\nPayment Terms : 30 Days', 25, 'Pulled From Quotation', 21, 27, '2017-05-25', 'Material book Paid Basis up to Raipur Transporter Godown.', 30, '427142', '2017-04-12', 'Mr. Shadaab Alam Rizvi', '8349301232', 'rizvis@shreecementltd.com', 'Village -Khapradig ,Teh :-Simga\r\nBhatapara ,Baloda Bazar Raipur -493332\r\nChattisgarh', 'No', 'Yes', 'STL', 45, 'BE-3376', '17-18', 4, 4, '2017-04-12', '2017-04-12', '2017-04-12 05:23:10PM', '2017-04-12 05:05:32PM', 'Pending'),
(49, 95, 11, 'Hydro -I ,Unit II\r\nChanderai Lead Zinc Smelter,\r\nChittorgarh-312021', 0, '0.00', '0.00', '', '0.00', '75000.00', 0, '0.00', '0.00', '75000.00', 'Direct for payment within 30 days', 25, 'New', 0, 7, '2017-04-13', 'Freight "PAID" basis', 6, '2000038191/4100086683', '2017-01-25', 'Mr. Suresh Sharma', '1472254285', 'suresh.sharma@vedanta.co.in', 'Hydro -I ,Unit II\r\nChanderai Lead Zinc Smelter,\r\nChittorgarh-312021', 'No', 'No', 'STL', 46, 'BE-2900', '17-18', 8, 0, '2017-04-13', '1970-01-01', '', '2017-04-13 11:24:37AM', 'Pending'),
(50, 26, 15, 'Unit-Kotputli Cement Works\r\nVillage - Mohanpura\r\nTeh - Kotputli\r\nDist. jaipur-303108', 0, '0.00', '0.00', '', '0.00', '43000.00', 0, '0.00', '0.00', '43000.00', 'Kindly issue C form.\r\nC & E1 transaction.', 25, 'New', 0, 27, '2017-04-25', 'Freight "TO-PAY" Basis ', 6, 'GK/GKC/7100538001', '2017-04-11', 'Mr. Pradeep Ranka', '9887480241', 'pradeep.ranka@adityabirla.com', 'Unit-Kotputli Cement Works\r\nVillage - Mohanpura\r\nTeh - Kotputli\r\nDist. jaipur-303108', 'No', 'No', 'STL', 47, 'BE-3377', '17-18', 12, 8, '2017-04-13', '2017-05-02', '2017-05-02 11:02:40AM', '2017-04-13 03:16:48PM', 'Pending'),
(51, 17, 11, 'Rajpura Dariba Mines\r\nDariba Smelter Complex \r\nP.O. Dariba Mines\r\nRajsamand', 0, '0.00', '0.00', '', '0.00', '106926.30', 0, '0.00', '0.00', '106926.30', 'Direct for payment within 30 days', 25, 'New', 0, 29, '2017-04-15', '-', 16, '2000039196/4100087355', '2017-03-09', 'Mr. Kaluram Jat', '2942417560', 'Aditya.jalan@vedanta.co.in', 'Rajpura Dariba Mines\r\nDariba Smelter Complex \r\nP.O. Dariba Mines\r\nRajsamand', 'No', 'No', 'STL', 48, 'BE-3253', '17-18', 8, 8, '2017-04-13', '2017-04-14', '2017-04-14 11:38:33AM', '2017-04-13 06:21:55PM', 'Converted'),
(52, 86, 15, '<pre class="cake-error"><a href="javascript:void(0);" onclick="document.getElementById(''cakeErr58f069130cb4f-trace'').style.display = (document.getElementById(''cakeErr58f069130cb4f-trace'').style.display == ''none'' ? '''' : ''none'');"><b>Notice</b> (8)</a>: Trying to get property of non-object [<b>APP/Controller/CustomersController.php</b>, line <b>222</b>]<div id="cakeErr58f069130cb4f-trace" class="cake-stack-trace" style="display: none;"><a href="javascript:void(0);" onclick="document.getElementById(''cakeErr58f069130cb4f-code'').style.display = (document.getElementById(''cakeErr58f069130cb4f-code'').style.display == ''none'' ? '''' : ''none'')">Code</a> <a href="javascript:void(0);" onclick="document.getElementById(''cakeErr58f069130cb4f-context'').style.display = (document.getElementById(''cakeErr58f069130cb4f-context'').style.display == ''none'' ? '''' : ''none'')">Context</a><pre id="cakeErr58f069130cb4f-code" class="cake-code-dump" style="display: none;"><code><span style="color: #000000"><span style="color: #0000BB">&nbsp;&nbsp;&nbsp;&nbsp;&nbsp;&nbsp;&nbsp;&nbsp;</span><span style="color: #007700">}</span></span></code>\r\n<span class="code-highlight"><code><span style="color: #000000"><span style="color: #0000BB">&nbsp;&nbsp;&nbsp;&nbsp;&nbsp;&nbsp;&nbsp;&nbsp;$defaultAddress&nbsp;</span><span style="color: #007700">=&nbsp;</span><span style="color: #0000BB">$this</span><span style="color: #007700">-&gt;</span><span style="color: #0000BB">Customers</span><span style="color: #007700">-&gt;</span><span style="color: #0000BB">CustomerAddress</span><span style="color: #007700">-&gt;</span><span style="color: #0000BB">find</span><span style="color: #007700">(</span><span style="color: #DD0000">''all''</span><span style="color: #007700">)-&gt;</span><span style="color: #0000BB">where</span><span style="color: #007700">([</span><span style="color: #DD0000">''customer_id''&nbsp;</span><span style="color: #007700">=&gt;&nbsp;</span><span style="color: #0000BB">$id</span><span style="color: #007700">,</span><span style="color: #DD0000">''default_address''&nbsp;</span><span style="color: #007700">=&gt;&nbsp;</span><span style="color: #0000BB">1</span><span style="color: #007700">])-&gt;</span><span style="color: #0000BB">first</span><span style="color: #007700">();</span></span></code></span>\r\n<code><span style="color: #000000"><span style="color: #0000BB">&nbsp;&nbsp;&nbsp;&nbsp;&nbsp;&nbsp;&nbsp;&nbsp;</span><span style="color: #007700">echo&nbsp;</span><span style="color: #0000BB">$defaultAddress</span><span style="color: #007700">-&gt;</span><span style="color: #0000BB">address</span><span style="color: #007700">;</span></span></code></pre><pre id="cakeErr58f069130cb4f-context" class="cake-context" style="display: none;">$id = &#039;86&#039;\r\n$defaultAddress = null</pre><pre class="stack-trace">App\\Controller\\CustomersController::defaultAddress() - APP/Controller/CustomersController.php, line 222\r\nCake\\Controller\\Controller::invokeAction() - CORE/src/Controller/Controller.php, line 435\r\nCake\\Routing\\Dispatcher::_invoke() - CORE/src/Routing/Dispatcher.php, line 115\r\nCake\\Routing\\Dispatcher::dispatch() - CORE/src/Routing/Dispatcher.php, line 88\r\n[main] - ROOT/webroot/index.php, line 37</pre></div></pre>', 0, '0.00', '0.00', '', '0.00', '2700.00', 0, '0.00', '0.00', '2700.00', 'Direct for payment 100% within 07 days', 25, 'New', 0, 6, '2017-04-17', '"FREIGHT PAID DOOR DELIVERY" basis', 6, '16PODO0686', '2017-03-31', 'Mr. Sachin Sharma', '1494671305', 'sachin@machi-india.com', 'SP-86, NIC (M), RIICO Industrial Area, Phase-II, NEEMRANA-301705, Distt: Alwar (Raj.)', 'No', 'No', 'STL', 49, 'BE-3331', '17-18', 8, 0, '2017-04-14', '1970-01-01', '', '2017-04-14 11:51:07AM', 'Pending'),
(53, 121, 15, 'Plot No. SPL-2B, \r\nTapukara Industrial Area,\r\nBhiwadi Alwar Road, Tapukara, Distt-Alwar\r\n301707 (Raj.)', 0, '0.00', '0.00', '', '0.00', '17760.00', 0, '0.00', '0.00', '17760.00', 'Direct for payment within 30 days', 25, 'New', 0, 3, '2017-04-15', 'Freight TO-PAY DOOR DELIVERY basis', 3, 'LOC/16-01467', '2017-03-01', 'Mr. S.K. Sinha', '1493524332', 'subratasinha@bestex.co.in', 'Plot No. SPL-2B, \r\nTapukara Industrial Area,\r\nBhiwadi Alwar Road, Tapukara, Distt-Alwar\r\n301707 (Raj.)', 'No', 'No', 'STL', 50, 'BE-2875', '17-18', 8, 8, '2017-04-14', '2017-04-14', '2017-04-14 12:41:39PM', '2017-04-14 12:39:37PM', 'Pending'),
(54, 15, 15, '(Unit of J.K. Cement Ltd.)\r\nKailash nagar \r\nNimbahera - 312617', 1, '5.00', '1971.00', '', '0.00', '37449.00', 0, '0.00', '0.00', '37449.00', 'Direct for Payment Within 30 Days.', 25, 'New', 0, 7, '2017-04-20', 'Frieght To Pay Basis', 7, '4100096473', '2017-04-05', 'Mr. Piyush Tiwari', '9799060355', 'piyush.tiwari@jkcement.com', '(Unit of J.K. Cement Ltd.)\r\nKailash nagar \r\nNimbahera - 312617', 'No', 'No', 'STL', 51, 'BE-3311', '17-18', 12, 15, '2017-04-14', '2017-04-29', '2017-04-29 11:14:10AM', '2017-04-14 01:04:10PM', 'Pending'),
(55, 22, 11, 'Unit-Birla White\r\nRajashree Nagar, Kharia Khangar\r\nVillage :-Kharia Khangar\r\nDist. Jodhpur 342606', 1, '10.00', '34650.00', '', '0.00', '311850.00', 0, '0.00', '0.00', '311850.00', 'Direct for payment within 30 days after receipt of material', 25, 'New', 0, 6, '2017-04-14', 'Freight "TO-PAY" basis', 6, 'BW/BWJ/6202006775', '2017-02-14', 'Mr. Neeraj Guatam', '2920264040', 'neeraj.gautam@adityabirla.com', 'Unit-Birla White\r\nRajashree Nagar, Kharia Khangar\r\nVillage :-Kharia Khangar\r\nDist. Jodhpur 342606', 'No', 'No', 'STL', 52, 'BE-2510', '17-18', 8, 8, '2017-04-14', '2017-04-14', '2017-04-14 01:56:20PM', '2017-04-14 01:54:26PM', 'Pending'),
(56, 26, 15, 'Unit-Kotputli Cement Works\r\nVillage - Mohanpura\r\nTeh - Kotputli\r\nDist. jaipur-303108', 0, '0.00', '0.00', '', '0.00', '7250.00', 0, '0.00', '0.00', '7250.00', 'Direct for payment within 30 days after receipt of material', 25, 'New', 0, 6, '2017-05-31', '"FREIGHT PAID DOOR DELIVERY" basis', 6, 'GK/GKG/7100537993', '2017-04-08', 'Jyoti Sharma', '1421325703', 'jyoti.sharma@adityabirla.com', 'Unit-Kotputli Cement Works\r\nVillage - Mohanpura\r\nTeh - Kotputli\r\nDist. jaipur-303108', 'No', 'No', 'STL', 53, 'BE-2814', '17-18', 8, 8, '2017-04-14', '2017-04-21', '2017-04-21 02:54:13PM', '2017-04-14 06:50:10PM', 'Pending'),
(57, 132, 15, 'Unit - Ringas\r\nCIN:           L17115RJ1960PLC008216\r\nSP-1,Industrial Area,Ringas-332404(Raj.)\r\n', 1, '10.00', '2698.00', '', '0.00', '24282.00', 1, '1.00', '242.82', '24524.82', 'Direct for payment within 30 days of reciept of material.', 25, 'New', 0, 3, '2017-04-17', 'Freight "TO PAY" Basis.', 7, '211700164', '2017-04-15', 'Mr. Rajesh Kumar Dixit', '9413357092', 'storepur.ringas@lnjbhilwara.com', 'Unit - Ringas\r\nCIN:           L17115RJ1960PLC008216\r\nSP-1,Industrial Area,Ringas-332404(Raj.)\r\n', 'No', 'No', 'STL', 54, 'BE-2523', '17-18', 12, 0, '2017-04-15', '1970-01-01', '', '2017-04-15 12:38:59PM', 'Pending'),
(58, 95, 11, 'Hydro -I ,Unit II\r\nChanderai Lead Zinc Smelter,\r\nChittorgarh-312021', 0, '0.00', '0.00', '', '0.00', '63500.00', 0, '0.00', '0.00', '63500.00', 'Payment ; 30 Days form date of Invoice.', 25, 'New', 0, 7, '2017-06-16', 'Transporter Godown -Chittorgarh', 6, '2000039023 / 4100087574', '2017-03-22', 'Mr. Suresh Sharma', '9829245214', 'suresh.sharma@vedanta.co.in', 'Hydro -I ,Unit II\r\nChanderai Lead Zinc Smelter,\r\nChittorgarh-312021', 'No', 'No', 'STL', 55, 'BE-2900', '17-18', 4, 11, '2017-04-17', '2017-04-17', '2017-04-17 12:05:03PM', '2017-04-17 10:44:59AM', 'Pending'),
(59, 30, 11, 'Village -Khapradig ,Teh :-Simga\r\nBhatapara ,Baloda Bazar Raipur -493332\r\nChattisgarh', 0, '0.00', '0.00', '', '0.00', '170000.00', 0, '0.00', '0.00', '170000.00', 'Document Dispatch : Through Speed Post\r\nShree Raipur Cement Plant ( SRCP) \r\n[A Unit of Shree Cement Limited]\r\nC-1, Krishnayan Colony, Near City Fuel Petrol Pump ,Bhatapara Road, Baloda Bazara 493332 (C.G)\r\n\r\n\r\n\r\n', 25, 'New', 0, 27, '2017-05-31', 'Transporter Godown Baloda Bazar', 7, '427406', '2017-04-14', 'Shadaab Rizvi', '8349301232', 'rizvis@shreecementltd.com', 'Village -Khapradig ,Teh :-Simga\r\nBhatapara ,Baloda Bazar Raipur -493332\r\nChattisgarh', 'No', 'Yes', 'STL', 56, 'BE-3241', '17-18', 11, 11, '2017-04-17', '2017-04-17', '2017-04-17 04:29:12PM', '2017-04-17 01:22:57PM', 'Pending'),
(60, 130, 11, '<pre class="pr">App\\Model\\Entity\\CustomerAddres Object\r\n(\r\n    [id] => 362\r\n    [customer_id] => 130\r\n    [address] => SK Mines\r\nRajpura Dariba \r\n    [district_id] => 4\r\n    [telephone] => \r\n    [mobile] => \r\n    [transporter_id] => 0\r\n    [default_address] => 1\r\n    [[new]] => \r\n    [[accessible]] => Array\r\n        (\r\n            [*] => 1\r\n        )\r\n\r\n    [[dirty]] => Array\r\n        (\r\n        )\r\n\r\n    [[original]] => Array\r\n        (\r\n        )\r\n\r\n    [[virtual]] => Array\r\n        (\r\n        )\r\n\r\n    [[errors]] => Array\r\n        (\r\n        )\r\n\r\n    [[invalid]] => Array\r\n        (\r\n        )\r\n\r\n    [[repository]] => CustomerAddress\r\n)</pre>', 0, '0.00', '0.00', '', '0.00', '41000.00', 0, '0.00', '0.00', '41000.00', 'Direct for payment advance', 27, 'New', 0, 29, '2017-04-17', 'Hand Delivery', 29, 'E-mail confirmation by Mr. Narendra Kumar on', '2017-03-30', 'Mr. Narendra Kumar', '9782895862', 'narendra.kumar.jnu@gmail.com', 'SK Mines\r\nRajpura Dariba ', 'No', 'No', 'FMSL', 4, 'BE-3341', '17-18', 8, 0, '2017-04-17', '1970-01-01', '', '2017-04-17 04:17:57PM', 'Pending'),
(61, 95, 11, 'Hydro -I ,Unit II\r\nChanderai Lead Zinc Smelter,\r\nChittorgarh-312021', 0, '0.00', '0.00', '', '0.00', '175660.00', 0, '0.00', '0.00', '175660.00', '', 25, 'New', 0, 21, '2017-06-15', 'Paid Basis Chittorgarh Transporter Godown', 6, '2000040173/4100088040', '2017-04-17', 'Suresh Sharma', '9829245214', 'suresh.sharma@vedanta.co.in', 'Hydro -I ,Unit II\r\nChanderai Lead Zinc Smelter,\r\nChittorgarh-312021', 'No', 'No', 'STL', 57, 'BE-3378', '17-18', 11, 11, '2017-04-17', '2017-04-17', '2017-04-17 04:22:53PM', '2017-04-17 04:18:34PM', 'Pending'),
(62, 127, 15, 'E-1 RIICO Industrial Area,\r\nLalsot\r\nDausa -303511', 0, '0.00', '0.00', '', '0.00', '21500.00', 0, '0.00', '0.00', '21500.00', 'Full payment received by NEFT on 07.04.2017 for Rs. 9232/-', 27, 'New', 0, 32, '2017-04-17', 'Freight "TO-PAY" basis', 32, 'Verbal order by Mr. Deppak', '2016-11-06', 'Mr. Deepak', '9660450657', 'hsems20@yahoo.com', 'E-1 RIICO Industrial Area,\r\nLalsot\r\nDausa -303511', 'No', 'No', 'FMSL', 5, 'BE-32471', '17-18', 8, 8, '2017-04-17', '2017-04-17', '2017-04-17 05:30:45PM', '2017-04-17 04:52:16PM', 'Pending'),
(63, 67, 11, '1003,Magnum Tower, 2nd Cross Lane, Swami Samarth Nagar,\r\n Andheri (W)-400053,\r\nMumbai(Maharashtra)', 0, '0.00', '0.00', '', '0.00', '56510.00', 0, '0.00', '0.00', '56510.00', 'Full payment received', 27, 'New', 0, 10, '2017-04-17', 'Freight "TO-PAY" basis', 6, 'HSEM/M/PMP/MR/722/16-17', '2016-11-07', 'Mr. Vinay', '9820203612', 'hsems20@yahoo.com', '1003,Magnum Tower, 2nd Cross Lane, Swami Samarth Nagar,\r\n Andheri (W)-400053,\r\nMumbai(Maharashtra)', 'No', 'Yes', 'FMSL', 6, 'BE-3351', '17-18', 8, 0, '2017-04-17', '1970-01-01', '', '2017-04-17 05:06:27PM', 'Pending'),
(64, 127, 15, 'E-1 RIICO Industrial Area,\r\nLalsot\r\nDausa -303511', 0, '0.00', '0.00', '', '0.00', '8750.00', 0, '0.00', '0.00', '8750.00', 'Full payment received by NEFT ', 27, 'New', 0, 29, '2017-04-17', 'Hand Delivery', 29, 'Verbal order by Mr. Deepak on', '2017-04-06', 'Mr. Deepak', '9660450657', 'hems@gmail.com', 'E-1 RIICO Industrial Area,\r\nLalsot\r\nDausa -303511', 'No', 'No', 'FMSL', 7, 'BE-32471', '17-18', 8, 0, '2017-04-17', '1970-01-01', '', '2017-04-17 06:35:34PM', 'Pending'),
(65, 5, 11, '(Formerly Indo Zinc Ltd)\r\n(A Subsidiary of The India Cements Ltd)\r\nPost Wajwana\r\nBanswara -327025', 1, '10.00', '256.00', '', '0.00', '2304.00', 1, '0.00', '0.00', '2304.00', 'Payment Terms : 30 Days form Date of Invoice.', 25, 'New', 0, 6, '2017-04-21', '"FREIGHT PAID DOOR DELIVERY" basis', 6, 'PO /BSW / 66', '2017-04-18', 'Mr. Jitendra Sharma', '2962301426', 'jitendra.s@indiacements.co.in', '(Formerly Indo Zinc Ltd)\r\n(A Subsidiary of The India Cements Ltd)\r\nPost Wajwana\r\nBanswara -327025', 'No', 'No', 'STL', 58, 'BE-2977', '17-18', 4, 8, '2017-04-18', '2017-04-22', '2017-04-22 10:22:29AM', '2017-04-18 12:34:02PM', 'Converted'),
(66, 95, 11, 'Hydro -I ,Unit II\r\nChanderai Lead Zinc Smelter,\r\nChittorgarh-312021', 0, '0.00', '0.00', '', '0.00', '60930.00', 0, '0.00', '0.00', '60930.00', 'Payment Terms : 30 Days form Date of Invoice.', 25, 'New', 0, 7, '2017-05-22', 'Material Booked Paid Upto Chittorgarh Transporter Godown.', 6, '2000039835 / 4100087935', '2017-04-11', 'Mr. Suresh Sharma', '9829245214', 'suresh.sharma@vedanta.co.in', 'Hydro -I ,Unit II\r\nChanderai Lead Zinc Smelter,\r\nChittorgarh-312021', 'No', 'No', 'STL', 59, 'BE-3183', '17-18', 4, 0, '2017-04-21', '1970-01-01', '', '2017-04-21 04:50:42PM', 'Converted'),
(67, 17, 11, 'Rajpura Dariba Mines\r\nDariba Smelter Complex \r\nP.O. Dariba Mines\r\nRajsamand', 0, '0.00', '0.00', '', '0.00', '106926.30', 0, '0.00', '0.00', '106926.30', 'Direct for payment within 30 days', 25, 'New', 0, 29, '2017-04-23', 'Authorised Vehicle', 29, '2000039196/4100087355', '2017-03-09', 'Mr. Kaluram Jat', '2942494577', 'Adiya.Jalan@vedanta.co.in', 'Rajpura Dariba Mines\r\nDariba Smelter Complex \r\nP.O. Dariba Mines\r\nRajsamand', 'No', 'No', 'STL', 60, 'BE-3253', '17-18', 8, 8, '2017-04-21', '2017-04-25', '2017-04-25 11:10:35AM', '2017-04-21 07:06:17PM', 'Pending'),
(68, 5, 11, '(Formerly Indo Zinc Ltd)\r\n(A Subsidiary of The India Cements Ltd)\r\nPost Wajwana\r\nBanswara -327025', 0, '0.00', '0.00', '', '0.00', '52500.00', 0, '0.00', '0.00', '52500.00', '(Formerly Indo Zinc Ltd)\r\n(A Subsidiary of The India Cements Ltd)\r\nPost Wajwana\r\nBanswara -327025', 25, 'Pulled From Quotation', 2, 12, '2017-05-20', 'Freight "TO-PAY" basis', 6, 'PO/BSW/72', '2017-04-18', 'Mr. Jitendra Sharma', '2962301426', 'jitendra.s@indiacement.co.in', '(Formerly Indo Zinc Ltd)\r\n(A Subsidiary of The India Cements Ltd)\r\nPost Wajwana\r\nBanswara -327025', 'No', 'No', 'STL', 61, 'BE-2977', '17-18', 8, 8, '2017-04-22', '2017-04-22', '2017-04-22 01:48:52PM', '2017-04-22 12:11:26PM', 'Pending'),
(69, 17, 11, 'Rajpura Dariba Mines\r\nDariba Smelter Complex \r\nP.O. Dariba Mines\r\nRajsamand', 0, '0.00', '0.00', '', '0.00', '92610.00', 0, '0.00', '0.00', '92610.00', 'Direct for payment within 30 days', 25, 'New', 0, 29, '2017-04-25', 'Hand delivery', 29, '2000039942/4100087899', '2017-04-08', 'Mr. Syed Sujat', '2942494577', 'kavya.khazanchi@vedanta.co.in', 'Rajpura Dariba Mines\r\nDariba Smelter Complex \r\nP.O. Dariba Mines\r\nRajsamand', 'No', 'No', 'STL', 62, 'BE-3374', '17-18', 8, 8, '2017-04-22', '2017-04-22', '2017-04-22 01:51:04PM', '2017-04-22 01:42:54PM', 'Pending'),
(70, 12, 11, 'Sindesar Khurd Mine\r\nP.O. Dariba\r\nRajsamand', 0, '0.00', '0.00', '', '0.00', '614425.00', 0, '0.00', '0.00', '614425.00', 'Direct for payment within 30 days', 25, 'New', 0, 16, '2017-04-30', '-', 16, '2000039196/4100087355 ', '2017-03-09', 'Mr. Kaluram Jat', '2942494577', 'Aditya.jalan@vedanta.co.in', 'Sindesar Khurd Mine\r\nP.O. Dariba\r\nRajsamand', 'No', 'No', 'STL', 63, 'BE-3359', '17-18', 8, 0, '2017-04-22', '1970-01-01', '', '2017-04-22 02:13:11PM', 'Pending'),
(71, 29, 11, 'Bangur City\r\nPO RAS-306107\r\nTehsil :Jaitaran\r\nDist. Pali\r\n', 0, '0.00', '0.00', '', '0.00', '65000.00', 0, '0.00', '0.00', '65000.00', 'Document Delivery Address:\r\nShree Cement Ltd\r\nP B No 33\r\nBangur Nagar \r\nBeawar-305901', 25, 'New', 0, 7, '2017-05-31', 'Material Direct dispatch form Tranter India Pune to Beawar Paid Basis.\r\n\r\nE1-Sale', 6, '428394', '2017-04-20', 'Mr. Navneet', '9251077025', 'navneet13596@shreecementltd.com', 'Bangur City\r\nPO RAS-306107\r\nTehsil :Jaitaran\r\nDist. Pali\r\n', 'No', 'No', 'STL', 64, 'BE-3381', '17-18', 4, 4, '2017-04-24', '2017-04-24', '2017-04-24 02:15:16PM', '2017-04-24 02:08:48PM', 'Pending'),
(72, 48, 15, 'Corporate Procurement (NRM) |Jindal Saw Limited\r\n28 | ShivaJi Marg |Opp. CTC Mall |New Delhi - 110015 ', 1, '10.00', '88883.00', '', '0.00', '799947.00', 1, '0.00', '0.00', '799947.00', 'C & E1 Sale ', 25, 'Pulled From Quotation', 69, 33, '2017-06-23', 'Freight "Paid" Basis Transporter Godown', 6, '4730015250', '2017-04-14', 'Store Dept', '9958777464', 'satpal.marwah@jindalsaw.com', 'Jindal Saw Ltd.\r\nNear Krishi Vigyan Kendra\r\nMahaveer Colony-gandhi nagar\r\nBhilwara-311001', 'No', 'No', 'STL', 65, 'BE-3173', '17-18', 12, 15, '2017-04-24', '2017-04-24', '2017-04-24 05:27:56PM', '2017-04-24 04:57:54PM', 'Pending'),
(73, 95, 11, 'Hydro -I ,Unit II\r\nChanderai Lead Zinc Smelter,\r\nChittorgarh-312021', 0, '0.00', '0.00', '', '0.00', '24500.00', 0, '0.00', '0.00', '24500.00', '', 25, 'New', 0, 7, '2017-05-25', 'Paid Basis : Chittorgarh Transporter Godown', 6, '2000039716 / 4100087915', '2017-04-10', 'Mr. Suresh Sharma', '9829245214', 'suresh.sharma@vedanta.co.in', 'Hydro -I ,Unit II\r\nChanderai Lead Zinc Smelter,\r\nChittorgarh-312021', 'No', 'No', 'STL', 66, 'BE-3379', '17-18', 11, 0, '2017-04-24', '1970-01-01', '', '2017-04-24 05:05:04PM', 'Pending'),
(74, 95, 11, 'Hydro -I ,Unit II\r\nChanderai Lead Zinc Smelter,\r\nChittorgarh-312021', 0, '0.00', '0.00', '', '0.00', '75400.00', 0, '0.00', '0.00', '75400.00', '', 25, 'New', 0, 7, '2017-05-30', 'Paid Basis to Transporter Godown Chittor from  Darling Pumps Indore', 6, '2000039835/4100087935', '2017-04-11', 'Mr. Suresh Sharma', '9829245214', 'suresh.sharma@vedanta.co.in', 'Hydro -I ,Unit II\r\nChanderai Lead Zinc Smelter,\r\nChittorgarh-312021', 'No', 'No', 'STL', 67, 'BE-3380', '17-18', 11, 0, '2017-04-24', '1970-01-01', '', '2017-04-24 05:25:12PM', 'Pending'),
(75, 135, 15, 'A-461/462 & SP-215, \r\nM.I.A., Alwar-301030\r\n(Raj.)', 0, '0.00', '0.00', '', '0.00', '65455.00', 0, '0.00', '0.00', '65455.00', 'Payment against 100%  Performa Invoice', 25, 'New', 0, 1, '2017-06-10', 'Frieght PAID  Basis  Upto  Transporter Godown.', 6, 'Email Conformation by Prashant Choudhary', '2017-04-24', 'Mr. Prashant Choudhary', '9610086456', 'prashant.choudhary@havells.com', 'A-461/462 & SP-215, \r\nM.I.A., Alwar-301030\r\n(Raj.)', 'No', 'No', 'STL', 68, 'BE-3382', '17-18', 12, 0, '2017-04-24', '1970-01-01', '', '2017-04-24 05:59:31PM', 'Pending');
INSERT INTO `sales_orders` (`id`, `customer_id`, `employee_id`, `customer_address`, `discount_type`, `discount_per`, `discount`, `ed_description`, `exceise_duty`, `total`, `pnf_type`, `pnf_per`, `pnf`, `total_after_pnf`, `additional_note`, `company_id`, `process_status`, `quotation_id`, `transporter_id`, `expected_delivery_date`, `delivery_description`, `documents_courier_id`, `customer_po_no`, `po_date`, `dispatch_name`, `dispatch_mobile`, `dispatch_email`, `dispatch_address`, `road_permit_required`, `form49`, `so1`, `so2`, `so3`, `so4`, `created_by`, `edited_by`, `created_on`, `edited_on`, `edited_on_time`, `created_on_time`, `job_card_status`) VALUES
(76, 115, 4, 'Village-Bhadresh\r\nBarmer -344001', 0, '0.00', '0.00', '', '0.00', '113760.00', 0, '0.00', '0.00', '113760.00', 'Document Delivery Adderss:\r\nRaj West power Ltd\r\n(JSW Energy Group)\r\nC/O Hostel New Kalinga Palace\r\nShivkar Road Near St. Paul school\r\nBarmer-344001\r\n\r\n\r\n\r\nPayment Terms : 30 Days form Date of Invoice.', 25, 'New', 0, 2, '2007-06-01', 'Paid Upto Transporter Godown Barmer.', 6, 'RWPL-ENGY/17-18/1610003848            PUMP SR. No 10105648', '2007-04-20', 'Mr. Mahesh Verma', '0298222910', 'indents.gbsenergy@jsw.in', 'Village-Bhadresh\r\nBarmer -344001', 'No', 'No', 'STL', 69, 'BE-2890', '17-18', 4, 4, '2017-04-25', '2017-04-25', '2017-04-25 12:24:13PM', '2017-04-25 11:34:44AM', 'Pending'),
(77, 8, 15, 'Unit Of - DCM Shriram Industries Limited\r\nShriram Nagar, Kota-324004', 1, '5.00', '3141.25', '', '0.00', '59683.75', 0, '0.00', '0.00', '59683.75', '100% Payment against Cash on Delivery.', 25, 'New', 0, 3, '2017-05-15', 'Frieght "TO PAY" Basis ', 1, 'OSC/4100009624', '2017-04-16', 'Mr. Ram Kshteri', '9929590865', 'ramkshetri@dcmsr.com', 'Unit Of - DCM Shriram Industries Limited\r\nShriram Nagar, Kota-324004', 'No', 'No', 'STL', 70, 'BE-2932', '17-18', 12, 0, '2017-04-25', '1970-01-01', '', '2017-04-25 03:39:19PM', 'Pending'),
(78, 8, 15, 'Unit Of - DCM Shriram Industries Limited\r\nShriram Nagar, Kota-324004', 0, '0.00', '0.00', '', '0.00', '7900.00', 0, '0.00', '0.00', '7900.00', '100% Payment against Cash On Delivery (COD).', 25, 'New', 0, 15, '2017-05-10', 'Frieght "TO PAY" Basis', 6, 'OSC/4100009747', '2017-04-17', 'Mr. Ram Kshetri', '9929590865', 'ramkshetri@dcmsr.com', 'Unit Of - DCM Shriram Industries Limited\r\nShriram Nagar, Kota-324004', 'No', 'No', 'STL', 71, 'BE-2932', '17-18', 12, 8, '2017-04-25', '2017-04-28', '2017-04-28 02:49:40PM', '2017-04-25 04:48:27PM', 'Pending'),
(79, 111, 15, '(A unit of Rajasthan Cooperative Dairy Federation Limited)\r\nNadbai, \r\nBhratpur 321602 (Raj.)\r\n', 0, '0.00', '0.00', '', '0.00', '54580.00', 1, '4.00', '2183.20', '56763.20', 'Direct for payment within 07 days after receipt of material.', 25, 'New', 0, 1, '2017-05-05', 'Freight "TO-PAY" basis', 31, 'RCDF/CFP/NAD/F.( )/2016/3724', '2017-01-06', 'Mr. Satish Sharma', '5643276530', 'cfpndb-rcdf-rj@nic.in', '(A unit of Rajasthan Cooperative Dairy Federation Limited)\r\nNadbai, \r\nBhratpur 321602 (Raj.)\r\n', 'No', 'No', 'STL', 72, 'BE-3291', '17-18', 8, 8, '2017-04-25', '2017-05-12', '2017-05-12 12:36:36PM', '2017-04-25 05:40:26PM', 'Converted'),
(80, 51, 15, 'Sp 2-4, RIICO Industrial Area,\r\nDelhi-Jaipur Highway,\r\nNeemrana, Teh. Behror,\r\nDistt- Alwar-301705', 0, '0.00', '5430.00', '', '0.00', '48870.00', 0, '0.00', '0.00', '48870.00', 'Direct for payment within 30 days.', 25, 'New', 0, 3, '2017-05-05', 'Frieght "Paid" Basis and charge in Invoice maximum \r\n Rs.1500/-', 3, '4700010834', '2017-01-17', 'Mr. Subhash Prajapati', '9785301234', 'subhash.prajapati@parle.biz', 'Sp 2-4, RIICO Industrial Area, Delhi-Jaipur Highway,\r\nNeemrana, Teh. Behror, Distt- Alwar-301705', 'No', 'No', 'STL', 73, 'BE-3353', '17-18', 12, 12, '2017-04-25', '2017-05-01', '2017-05-01 01:53:45PM', '2017-04-25 05:59:24PM', 'Pending'),
(81, 65, 15, 'Plot# SP1 to & B5 to 8 \r\nAgro Park, M.I.A. (Extention )\r\nAlwar-301030 (Raj.)', 1, '5.00', '1601.00', '', '0.00', '30419.00', 0, '0.00', '0.00', '30419.00', 'Direct for payment within 07 days', 25, 'New', 0, 3, '2017-05-10', '"FREIGHT PAID DOOR DELIVERY" basis', 3, 'PO/AL/16-17/1244 ', '2017-02-10', 'Mr. Anshul Kumar', '8266921599', 'Anshul.Kumar@carlsberg.asia', 'Plot# SP1 to & B5 to 8 \r\nAgro Park, M.I.A. (Extention )\r\nAlwar-301030 (Raj.)', 'No', 'No', 'STL', 74, 'BE-2740', '17-18', 8, 8, '2017-04-25', '2017-04-25', '2017-04-25 06:16:11PM', '2017-04-25 06:13:21PM', 'Pending'),
(82, 26, 15, 'Unit-Kotputli Cement Works\r\nVillage - Mohanpura\r\nTeh - Kotputli\r\nDist. jaipur-303108', 0, '0.00', '0.00', '', '0.00', '357300.00', 0, '0.00', '0.00', '357300.00', 'C & E1 Transaction and kindly Issue ''C'' Material directly despatched from Nani Daman\r\n\r\nDirect for payment within 30 days after receipt of material', 25, 'New', 0, 27, '2017-04-30', 'Freight "PAID" basis ', 6, 'GK/GKG/7100537117', '2017-01-14', 'Jyoti Sharma', '1421325703', 'jyoti.sharma@adityabirla.com', 'Unit-Kotputli Cement Works\r\nVillage - Mohanpura\r\nTeh - Kotputli\r\nDist. jaipur-303108', 'No', 'No', 'STL', 75, 'BE-2720', '17-18', 8, 8, '2017-04-27', '2017-04-27', '2017-04-27 10:57:09AM', '2017-04-27 10:53:55AM', 'Pending'),
(83, 11, 11, 'Unit- Rabriyawas\r\nTehsil-jaitaran \r\nPali (Raj)\r\n\r\n', 0, '0.00', '0.00', '', '0.00', '86040.00', 0, '0.00', '0.00', '86040.00', 'Payment Terms : 30 Days form Date of Invoice.\r\n\r\n', 25, 'Pulled From Quotation', 84, 2, '2017-05-08', 'Paid Up to Transporter Godown -Beawar', 6, '2800635009 NE24 / Radhey Shyam', '2017-02-20', 'Radhey Shyam Mundra', '9001013332', 'radheyshyam.mundra@ambujacement.com', 'Unit- Rabriyawas\r\nTehsil-jaitaran \r\nPali (Raj)\r\n\r\n', 'No', 'No', 'STL', 76, 'BE-3364', '17-18', 4, 4, '2017-04-27', '2017-04-27', '2017-04-27 01:42:56PM', '2017-04-27 12:46:50PM', 'Converted'),
(84, 51, 15, 'Sp 2-4, RIICO Industrial Area, Delhi-Jaipur Highway,\r\nNeemrana, Teh. Behror, Distt- Alwar-301705', 1, '10.00', '22710.00', '', '0.00', '204390.00', 0, '0.00', '0.00', '204390.00', 'Direct for payment within 30 days.', 25, 'New', 0, 3, '2017-05-04', 'Frieght "Paid" Basis and charge in Invoice.', 3, '4700012870', '2017-02-28', 'Mr. Subhash Prajapati', '9785301234', 'subhash.prajapati@parle.biz', 'Sp 2-4, RIICO Industrial Area, Delhi-Jaipur Highway,\r\nNeemrana, Teh. Behror, Distt- Alwar-301705', 'No', 'No', 'STL', 77, 'BE-3361', '17-18', 12, 8, '2017-04-27', '2017-05-12', '2017-05-12 11:07:06AM', '2017-04-27 01:00:02PM', 'Pending'),
(85, 110, 11, '(Khushkhera Cement Grinding Project)\r\nPlot No. SP3-II, A-1, \r\nRIICO Industrial Area\r\nBhiwadi, Taluka-Tijara,\r\nKhushkhera-301707\r\nDistt: Alwar (Raj.)', 1, '20.00', '750.00', '', '0.00', '3000.00', 0, '0.00', '0.00', '3000.00', 'Direct for payment within 30 days after receipt of material', 25, 'New', 0, 1, '2017-05-05', 'Freight "PAID" basis', 6, '428132', '2017-04-19', 'Mr. Vivek Saxena', '9214337462', 'saxenav@shreecemenltd.com', 'Bangur nagar\r\nBEAWAR-305901\r\nDistt: Ajmer (Raj.)', 'No', 'No', 'STL', 78, 'BE-3031', '17-18', 8, 8, '2017-04-28', '2017-04-28', '2017-04-28 11:23:15AM', '2017-04-28 11:20:39AM', 'Pending'),
(86, 4, 11, 'Bangur Nagar \r\nPost Box no 33\r\nBeawar; 305901\r\nDistt: Ajmer (Raj.)', 1, '20.00', '4950.00', '', '0.00', '19800.00', 0, '0.00', '0.00', '19800.00', 'Direct for payment within 30 days after receipt of material', 25, 'New', 0, 7, '2017-05-05', 'Freight "PAID" basis', 6, '417663', '2017-03-02', 'Mr. Vivek Saxena', '9214337462', 'saxenav@shreecementltd.com', 'Bangur Nagar \r\nPost Box no 33\r\nBeawar; 305901\r\nDistt: Ajmer (Raj.)', 'No', 'No', 'STL', 79, 'BE-3371', '17-18', 8, 8, '2017-04-28', '2017-05-17', '2017-05-17 05:50:13PM', '2017-04-28 12:02:13PM', 'Pending'),
(87, 80, 15, '7-8 KM Stone, Bhiwadi-\r\nAlwar Road, Khijuriwas (PO), \r\nAlwar (Dist), Bhiwadi, \r\nRajasthan 301018', 0, '0.00', '0.00', '', '0.00', '30525.00', 0, '0.00', '0.00', '30525.00', '7-8 KM Stone, Bhiwadi-\r\nAlwar Road, Khijuriwas (PO), \r\nAlwar (Dist), Bhiwadi, \r\nRajasthan 301018', 25, 'Pulled From Quotation', 44, 1, '2017-04-30', 'Freight "TO-PAY'' basis', 6, '4500716258', '2017-03-22', 'Mr. Ankush Saxena', '1493298371', 'ANKUSH.SAXENA@siegwerk.com', '7-8 KM Stone, Bhiwadi-\r\nAlwar Road, Khijuriwas (PO), \r\nAlwar (Dist), Bhiwadi, \r\nRajasthan 301018', 'No', 'No', 'STL', 80, 'BE-3383', '17-18', 8, 0, '2017-04-28', '1970-01-01', '', '2017-04-28 03:22:57PM', 'Pending'),
(88, 151, 15, 'Plot No. 10, Matsya Industrial Area,Alwar\r\nRajasthan ', 0, '0.00', '0.00', '', '0.00', '8400.00', 0, '0.00', '0.00', '8400.00', 'Dispatch thru First flight courier\r\n\r\n', 27, 'Pulled From Quotation', 27, 3, '2017-05-02', 'Freight paid and charge in Invoice ', 6, 'PORS/101/1617/002137', '2017-03-29', 'Ashutosh Dixit', '7054300927', 'ashutosh.dixit@rspl.net.in', 'RSPL Limited, ( Alwar Unit Store) Plot No. 10, Matsya Industrial Area, Alwar\r\nRajasthan', 'No', 'No', 'FMSL', 8, 'BE-3394', '17-18', 15, 15, '2017-04-28', '2017-05-18', '2017-05-18 12:13:17PM', '2017-04-28 06:52:00PM', 'Pending'),
(89, 59, 15, '7J 4,RC Vyas Colony,\r\nBhilwara', 0, '0.00', '0.00', '', '0.00', '21004.00', 0, '0.00', '0.00', '21004.00', 'Direct for payment within 07 days\r\n\r\n', 27, 'Pulled From Quotation', 27, 7, '2017-05-07', 'Freight "TO-PAY" basis', 7, 'Your verbal order by Mr. sanjeev ji ', '2017-04-22', 'Mr. Sanjeev Ji', '7054300927', 'Sanjeev@gmail.com', '7J 4,RC Vyas Colony,\r\nBhilwara', 'No', 'No', 'FMSL', 9, 'BE-3148', '17-18', 15, 8, '2017-04-28', '2017-05-06', '2017-05-06 11:51:08AM', '2017-04-28 06:52:01PM', 'Pending'),
(90, 142, 15, 'NEAR BABA KHETANATH DHARMKANTA\r\nOPP. HERO MOTOCORPS ,NEEMRANA, ALWAR\r\nRAJASTHAN - 301705\r\n', 0, '0.00', '0.00', '', '0.00', '7400.00', 0, '0.00', '0.00', '7400.00', 'Direct for payment 100% against Performa Invoice \r\n\r\n', 27, 'Pulled From Quotation', 72, 6, '2017-05-06', '"FREIGHT PAID DOOR DELIVERY" Basis.', 6, 'Your Email confirmation by Mr. Ankit ji', '2017-05-05', 'Mr. Ankit Ji', '9521276252', 'shrishyamenterprisesneemrana@gmail.com', 'NEAR BABA KHETANATH DHARMKANTA\r\nOPP. HERO MOTOCORPS ,NEEMRANA, ALWAR\r\nRAJASTHAN - 301705\r\n', 'No', 'No', 'FMSL', 10, 'BE-3387', '17-18', 12, 8, '2017-04-28', '2017-05-06', '2017-05-06 02:19:09PM', '2017-04-28 07:16:05PM', 'Pending'),
(91, 93, 11, 'C-17,Panchwati Colony\r\nNear Bhaskar Circle,\r\nRatanada , Jodhpur -342001', 0, '0.00', '0.00', '', '0.00', '12500.00', 1, '2.00', '250.00', '12750.00', 'Direct for payment 100% advance', 27, 'New', 0, 6, '2017-05-11', '"FREIGHT PAID DOOR DELIVERY" basis', 6, 'FS/RS/16-17/1117', '2017-04-24', 'Mr. Mayank Agarwal', '9759279242', 'mayank.agarwal@sodexo.com', 'Sashtri Nagar, Near Sadar Thana,Opposite Thar Hospital,Barmer, Rajasthan - 344001\r\n', 'No', 'No', 'FMSL', 11, 'BE-3384', '17-18', 11, 8, '2017-04-28', '2017-05-18', '2017-05-18 12:13:09PM', '2017-04-28 07:55:50PM', 'Pending'),
(92, 107, 15, 'Shriram Nagar, Kota-324004', 0, '0.00', '0.00', '', '0.00', '11900.00', 0, '0.00', '0.00', '11900.00', 'C & E1 Transactio and Kinldy Issue ''C'' Form, Material directly dispatched from Daman to Kota.\r\n\r\n\r\nDirect for payment within 30 days after receipt of material', 25, 'New', 0, 27, '2017-05-05', 'Freight "PAID" basis', 6, 'SCW/CEE/4110008530 ', '2017-03-22', 'Mr. Nitin Paliwal', '7442480991', 'nitinpaliwal@dcmshriram.com', 'Shriram Nagar, Kota-324004', 'No', 'No', 'STL', 81, 'BE-2405', '17-18', 8, 8, '2017-04-29', '2017-05-01', '2017-05-01 11:21:57AM', '2017-04-29 01:23:34PM', 'Pending'),
(93, 96, 15, 'RSPL Limited\r\nSagar Unit -II -Store\r\nPlot No. 42 to 47, 49 to 54, \r\nMPIIDC Growth Center Sector\r\nSAGAR - (MP)', 0, '0.00', '0.00', '', '0.00', '21500.00', 0, '0.00', '0.00', '21500.00', 'Dispatch to Sagar and C & E1 Sale', 27, 'Pulled From Quotation', 76, 3, '2017-05-31', 'Freight paid and charge in invoice', 3, 'PORS/197/1718/000128', '2017-04-21', 'Ashutosh Dixit', '7054300927', 'ashutosh.dixit@rspl.net.in', 'RSPL Limited\r\nSagar Unit -II -Store\r\nPlot No. 42 to 47, 49 to 54, \r\nMPIIDC Growth Center Sector -Sagar ( Madhay Pradesh)\r\n\r\n', 'Yes', 'Yes', 'FMSL', 12, 'BE-3389', '17-18', 15, 15, '2017-04-29', '2017-05-11', '2017-05-11 11:12:33AM', '2017-04-29 02:01:47PM', 'Pending'),
(94, 132, 15, 'Unit - Ringas\r\nCIN:  L17115RJ1960PLC008216\r\nSP-1,Industrial Area,Ringas-332404(Raj.)\r\n', 1, '5.00', '2340.00', '', '0.00', '44460.00', 0, '0.00', '0.00', '44460.00', 'Direct for Payment Within 30 Days.', 25, 'Pulled From Quotation', 78, 1, '2017-05-13', 'Freight "TO PAY" Basis ', 6, '211700303', '2017-04-27', 'Mr. Rajesh Kumar Dixit', '9413357092', 'storepur.ringas@lnjbhilwara.com', 'Unit - Ringas\r\nCIN:  L17115RJ1960PLC008216\r\nSP-1,Industrial Area,Ringas-332404(Raj.)\r\n', 'No', 'No', 'STL', 82, 'BE-2523', '17-18', 12, 12, '2017-05-02', '2017-05-02', '2017-05-02 01:08:02PM', '2017-05-02 12:47:15PM', 'Pending'),
(95, 67, 11, '1003,Magnum Tower, 2nd Cross Lane, Swami Samarth Nagar,\r\n Andheri (W)-400053,\r\nMumbai(Maharashtra)', 0, '0.00', '0.00', '', '0.00', '7250.00', 0, '0.00', '0.00', '7250.00', 'Payment Terms : 100% against performa Invoice before dispatch.', 27, 'Pulled From Quotation', 89, 6, '2017-06-30', 'Material will be dispatch through courier topay pasis at Pune / Mumbai.\r\nAlso confirm delivery address to customer at the time of dispatch \r\nContact No : 9820203612', 6, 'HSEM/M/PMP/ZAC/801/17-18', '2017-04-26', 'Mr. Vijay Deshpandey', '9820203612', 'hsems20@yahoo.com', '1003,Magnum Tower, 2nd Cross Lane, Swami Samarth Nagar,\r\n Andheri (W)-400053,\r\nMumbai(Maharashtra)', 'No', 'Yes', 'FMSL', 13, 'BE-3351', '17-18', 4, 0, '2017-05-02', '1970-01-01', '', '2017-05-02 12:52:29PM', 'Pending'),
(96, 139, 15, '(A Division of DCM Shriram Ltd.)\r\nShriram Nagaer, KOTA-324004 (Raj.)\r\n', 0, '0.00', '0.00', '', '0.00', '11900.00', 0, '0.00', '0.00', '11900.00', 'C & E1 Transaction and Kinldy Issue ''C'' Form, Material directly dispatched from Daman to Kota.\r\n\r\n\r\nDirect for payment within 30 days after receipt of material', 25, '', 0, 27, '2017-05-03', 'Freight "TO-PAY" basis', 6, 'PLPG/PLE/4110008957', '2017-04-06', 'Mr. Nitin Paliwal', '7442480991', 'nitinpaliwal@dcmshriram.com', 'Shriram Nagaer, Kota-324004\r\n', 'No', 'No', 'STL', 83, 'BE-2822', '17-18', 8, 8, '2017-05-02', '2017-05-02', '2017-05-02 03:16:07PM', '2017-05-02 03:11:35PM', 'Pending'),
(97, 5, 11, '(Formerly Indo Zinc Ltd)\r\n(A Subsidiary of The India Cements Ltd)\r\nPost Wajwana\r\nBanswara -327025', 0, '0.00', '0.00', '', '0.00', '380000.00', 0, '0.00', '0.00', '380000.00', 'Payment 30 Days form Date of Invoice.', 25, 'Pulled From Quotation', 101, 29, '2017-07-01', 'Door Delivery Freight Paid upto Banswara.', 29, 'H14 / CORP / 15', '2017-05-04', 'Mr. Jitendra Sharma', '2962301516', 'bans_mines@indiacements.co.in', '(Formerly Indo Zinc Ltd)\r\n(A Subsidiary of The India Cements Ltd)\r\nPost Wajwana\r\nBanswara -327025', 'No', 'No', 'STL', 84, 'BE-2960', '17-18', 4, 4, '2017-05-04', '2017-05-04', '2017-05-04 05:52:40PM', '2017-05-04 05:29:48PM', 'Converted'),
(98, 17, 11, 'Captive Power Plant,\r\nRajpura Dariba Mines\r\nDariba Smelter Complex \r\nP.O. Dariba Mines\r\nRajsamand', 0, '0.00', '0.00', '', '0.00', '52500.00', 0, '0.00', '0.00', '52500.00', 'Direct for payment within 30 days', 25, 'New', 0, 29, '2017-05-05', '-', 29, '2000038750/4100087121', '2017-02-21', 'Apoorva Vyas', '8003092188', 'Apoorva.Vyas@vedanta.co.in', 'Rajpura Dariba Mines\r\nDariba Smelter Complex \r\nP.O. Dariba Mines\r\nRajsamand', 'No', 'No', 'STL', 85, 'BE-2546', '17-18', 8, 0, '2017-05-04', '1970-01-01', '', '2017-05-04 05:41:03PM', 'Pending'),
(99, 1, 11, 'ZINC PLANT\r\nDariba Smelter Complex\r\nRajpura Dariba Mines\r\nRajsamand - 313211', 0, '0.00', '0.00', '', '0.00', '3237.50', 0, '0.00', '0.00', '3237.50', 'Direct for payment within 30 days', 25, 'New', 0, 29, '2017-05-05', '-', 29, '2000037157/4100085926', '2016-12-13', 'Mr. Sujat', '8003195347', 'Aditya.Jalan@vedanta.co.in', 'Dariba Smelter Complex\r\nRajpura Dariba Mines\r\nRajsamand - 313211', 'No', 'No', 'STL', 86, 'BE-2879', '17-18', 8, 8, '2017-05-04', '2017-05-04', '2017-05-04 06:40:57PM', '2017-05-04 06:24:22PM', 'Pending'),
(100, 40, 11, 'Pali-Marwar-306401\r\nRajastahn', 1, '5.00', '1290.00', '', '0.00', '24510.00', 0, '0.00', '0.00', '24510.00', 'Payment 30 Days form Date of Invoice.', 25, 'Pulled From Quotation', 90, 6, '2017-06-15', 'Paid Bais.', 6, '4600016431', '2017-05-04', 'Tapasvi Vaidya', '9001099411', 'tapasvi.vaidya@lnbgroup.com', 'Pali-Marwar-306401\r\nRajastahn', 'No', 'No', 'STL', 87, 'BE-3189', '17-18', 4, 4, '2017-05-05', '2017-05-05', '2017-05-05 12:36:12PM', '2017-05-05 12:11:45PM', 'Converted'),
(101, 15, 15, '(Unit of J.K. Cement Ltd.)\r\nKailash nagar \r\nNimbahera - 312617', 1, '5.00', '1971.00', '', '0.00', '37449.00', 0, '0.00', '0.00', '37449.00', 'Direct for payment within 30 days.', 25, '', 0, 13, '2017-05-15', 'Freight "TO-PAY" basis', 14, '4100096473', '2017-04-05', 'Piyush Tiwari', '1477220205', 'piyush.Tiwari@jkcement.com', '(Unit of J.K. Cement Ltd.)\r\nKailash nagar \r\nNimbahera - 312617', 'No', 'No', 'STL', 88, 'BE-3363', '17-18', 8, 12, '2017-05-05', '2017-05-16', '2017-05-16 07:14:48PM', '2017-05-05 12:51:02PM', 'Pending'),
(102, 30, 11, 'Village -Khapradig ,Teh :-Simga\r\nBhatapara ,Baloda Bazar Raipur -493332\r\nChattisgarh', 0, '0.00', '0.00', '', '0.00', '39750.00', 0, '0.00', '0.00', '39750.00', 'Document Delivery Address:\r\nChnadra Kant Verma\r\nShree Raipur Cement Plant ( SRCP)\r\nC-1 Krishnayan Colony ,near City Fuel Petrol pump,Bhatapara Road\r\nBaloda Bazar-493332\r\n\r\nPayment : 30 Days form Date of Invoice.\r\n', 25, 'New', 0, 27, '2017-06-09', 'Paid upto Transporter Godown Raipur.', 30, '430092', '2017-05-03', 'Mr. Chandra Kant', '7225015068', 'kantc@shreecementltd.com', 'Village -Khapradig ,Teh :-Simga\r\nBhatapara ,Baloda Bazar Raipur -493332\r\nChattisgarh', 'No', 'Yes', 'STL', 89, 'BE-3386', '17-18', 4, 4, '2017-05-05', '2017-05-05', '2017-05-05 01:29:47PM', '2017-05-05 01:19:54PM', 'Converted'),
(103, 1, 11, 'Dariba Smelter Complex\r\nRajpura Dariba Mines\r\nRajsamand - 313211', 0, '0.00', '0.00', '', '0.00', '118500.00', 0, '0.00', '0.00', '118500.00', 'Direct for payment within 30 days', 25, 'New', 0, 29, '2017-05-15', '-', 29, '2000039196/4100087355 ', '2017-03-09', 'Mr. Aditya Jalan', '8003093638', 'Aditya.Jalan@vedanta.co.in', 'Dariba Smelter Complex\r\nRajpura Dariba Mines\r\nRajsamand - 313211', 'No', 'No', 'STL', 90, 'BE-2886', '17-18', 8, 0, '2017-05-05', '1970-01-01', '', '2017-05-05 01:45:35PM', 'Pending'),
(104, 1, 11, 'Dariba Smelter Complex\r\nRajpura Dariba Mines\r\nRajsamand - 313211', 0, '0.00', '0.00', '', '0.00', '39645.00', 0, '0.00', '0.00', '39645.00', 'Direct for payment within 30 days', 25, 'New', 0, 29, '2017-05-15', '-', 29, '2000039196/4100087355', '2017-03-09', 'Mr. Aditya Jalan', '8003093638', 'Aditya.Jalan@vedanta.co.in', 'Dariba Smelter Complex\r\nRajpura Dariba Mines\r\nRajsamand - 313211', 'No', 'No', 'STL', 91, 'BE-3293', '17-18', 8, 0, '2017-05-05', '1970-01-01', '', '2017-05-05 02:12:39PM', 'Pending'),
(105, 4, 11, 'Bangur Nagar \r\nPost Box no 33\r\nBeawar; 305901', 1, '20.00', '13875.00', '', '0.00', '55500.00', 0, '0.00', '0.00', '55500.00', 'Direct for payment within 30 days', 25, 'New', 0, 7, '2017-05-16', 'Freight "PAID" basis', 6, '420266', '2017-03-11', 'Mr. Vivek Saxena', '9214337462', 'saxenav@shreecementltd.com', 'Bangur Nagar \r\nPost Box no 33\r\nBeawar; 305901', 'No', 'No', 'STL', 92, 'BE-2626', '17-18', 8, 8, '2017-05-05', '2017-05-15', '2017-05-15 12:40:53PM', '2017-05-05 02:35:23PM', 'Pending'),
(106, 56, 15, 'Unit-Rochees Breweries,\r\nSP 2-3, RICCO Industrial Area, NH-8, Vill-Neemrana,\r\nTehsil- Behror,PIN-301705\r\n', 1, '9.00', '11022.75', '', '0.00', '111452.25', 1, '2.00', '2229.05', '113681.29', 'Direct for payment within 45 days', 25, 'New', 0, 3, '2017-05-20', 'Freight Extra Actual ', 3, '037926', '2017-03-03', 'Mr. Anirban Mitra', '1494394999', 'Anirban.Mitra@in.sabmiller.com', 'Unit-Rochees Breweries,\r\nSP 2-3, RICCO Industrial Area, NH-8, Vill-Neemrana,\r\nTehsil- Behror,PIN-301705\r\n', 'No', 'No', 'STL', 93, 'BE-3367', '17-18', 8, 8, '2017-05-05', '2017-05-05', '2017-05-05 05:11:24PM', '2017-05-05 05:02:38PM', 'Pending'),
(107, 112, 15, 'A-135-135-136, Road no. 12, Vishwakarma indusrial Area, Jaipur-302013', 0, '0.00', '0.00', '', '0.00', '42318.00', 0, '0.00', '0.00', '42318.00', 'Direct for payment within 30 days', 25, 'New', 0, 1, '2017-05-20', 'Freight "TO-PAY" basis', 6, '16002928/M3', '2017-03-15', 'Mr. Pankaj Kalani', '9785022279', 'pkalani@sigmaelectric.com', 'A-135-135-136, Road no. 12, Vishwakarma indusrial Area, Jaipur-302013', 'No', 'No', 'STL', 94, 'BE-3194', '17-18', 8, 0, '2017-05-05', '1970-01-01', '', '2017-05-05 05:28:56PM', 'Pending'),
(108, 91, 15, '117, M.I.A , Alwar (Raj.)', 0, '0.00', '1240.00', '', '0.00', '23560.00', 0, '0.00', '0.00', '23560.00', '50% Advance payment against Invoice ', 25, 'New', 0, 1, '2017-05-15', 'Freight "PAID" basis', 6, '98', '2017-03-03', 'Mr. Ram Arjun', '1442881247', 'ramarjun.vdl@gmail.com', '117, M.I.A , Alwar (Raj.)', 'No', 'No', 'STL', 95, 'BE-3365', '17-18', 8, 0, '2017-05-05', '1970-01-01', '', '2017-05-05 05:40:30PM', 'Pending'),
(109, 45, 15, 'Spinning Unit-03\r\nNaga Ka Khera, N.H.-79 Post Soniyana,\r\nDistt: Chittorgarh (Raj.)', 1, '3.00', '10544.40', '', '0.00', '340935.60', 0, '0.00', '0.00', '340935.60', 'Direct for payment within 30 days', 25, 'New', 0, 7, '2017-05-15', 'Freight "PAID" basis', 6, 'SANGAM/16-17/REGULAR/3100/19', '2017-03-06', 'Mr. Purushottam Baser', '9929097513', 'pursoniyana@sangamgroup.com', 'Sangam House, Atun, Chittorgarh Road, \r\nBhilwara-311001(Rajasthan)', 'No', 'No', 'STL', 96, 'BE-3366', '17-18', 8, 0, '2017-05-05', '1970-01-01', '', '2017-05-05 06:17:51PM', 'Pending'),
(110, 4, 11, 'Bangur Nagar \r\nPost Box no 33\r\nBeawar; 305901', 1, '20.00', '18780.00', '', '0.00', '75120.00', 0, '0.00', '0.00', '75120.00', 'Direct for payment within 30 days', 25, 'New', 0, 7, '2017-05-15', 'Freight "PAID" basis\r\n', 6, '419955', '2017-03-09', 'Mr. Navneet', '9251077025', 'navneet13596@shreecementltd.com', 'Bangur Nagar \r\nPost Box no 33\r\nBeawar; 305901', 'No', 'No', 'STL', 97, 'BE-2830', '17-18', 8, 0, '2017-05-05', '1970-01-01', '', '2017-05-05 06:31:54PM', 'Pending'),
(111, 62, 11, 'B 5/7 Marudhar Industrial Area, Jodhpur-342005 ', 0, '0.00', '0.00', '', '0.00', '6850.00', 0, '0.00', '0.00', '6850.00', 'Direct for payment within 07 days ', 27, 'Pulled From Quotation', 102, 23, '2017-05-10', 'Freight "TO-PAY" basis', 6, 'JDH /17-18 / 0066', '2017-05-05', 'Mr. D. K. Soni', '9314760036', 'dksoni@lucidgroup.com', 'B 5/7 Marudhar Industrial Area, Jodhpur-342005 ', 'No', 'No', 'FMSL', 14, 'BE-2668', '17-18', 4, 8, '2017-05-05', '2017-05-06', '2017-05-06 12:13:05PM', '2017-05-05 07:09:35PM', 'Pending'),
(112, 110, 11, '(Khushkhera Cement Grinding Project)\r\nPlot No. SP3-II, A-1, \r\nRIICO Industrial Area\r\nBhiwadi, Taluka-Tijara,\r\nKhushkhera-301707\r\nDistt: Alwar (Raj.)', 0, '0.00', '0.00', '', '0.00', '1500.00', 0, '0.00', '0.00', '1500.00', 'Direct for payment within 30 days', 25, 'New', 0, 6, '2017-05-06', 'Freight "PAID" basis', 6, '430784', '2017-05-04', 'Mr. Vishal Soni', '9214779238', 'sonivishal@shreecementltd.com', 'Bangur Nagar \r\nBEAWAR-305901\r\nDistt: AJmer (Raj.)', 'No', 'No', 'STL', 98, 'BE-3031', '17-18', 8, 8, '2017-05-06', '2017-05-06', '2017-05-06 02:04:10PM', '2017-05-06 01:58:46PM', 'Pending'),
(113, 96, 15, '(Bhoganipur Unit Store)\r\n542, 544, Haidarpur Bhoganipur\r\nUttar Pradesh\r\n', 0, '0.00', '0.00', '', '0.00', '16500.00', 0, '0.00', '0.00', '16500.00', '100% payment against PI.\r\n', 27, 'Pulled From Quotation', 65, 3, '2017-06-20', 'Freight extra as actual charge in Invoice. ', 3, 'PORS/103/1718/000080', '2017-04-26', 'Mr. Ashutosh Dixit', '7054300927', 'ashutosh.dixit@rspl.net.in', '(Bhoganipur Unit Store)\r\n542, 544, Haidarpur Bhoganipur\r\nUttar Pradesh\r\n', 'No', 'Yes', 'FMSL', 15, 'BE-3388', '17-18', 12, 15, '2017-05-08', '2017-05-11', '2017-05-11 06:01:31PM', '2017-05-08 06:09:02PM', 'Pending'),
(114, 31, 11, '( A Unit of Shree Cement Ltd )\r\nJind Road\r\nKhukhrana,Assan Kalan\r\nPanipat Haryana-132103', 1, '20.00', '6895.00', '', '0.00', '27580.00', 0, '0.00', '0.00', '27580.00', 'Direct for payment within 30 days', 25, 'New', 0, 1, '2017-05-11', 'Freight "PAID" basis', 6, '428131', '2017-04-19', 'Mr. Vivek Saxena', '9214337462', 'saxenav@shreecementltd.com', 'Bangur Nagar\r\nBEAWAR-305901,\r\nDistt: Ajmer (Raj.)', 'No', 'No', 'STL', 99, 'BE-3240', '17-18', 8, 8, '2017-05-09', '2017-05-09', '2017-05-09 12:34:16PM', '2017-05-09 12:32:32PM', 'Pending'),
(115, 40, 11, 'Pali-Marwar-306401\r\nRajastahn', 0, '0.00', '0.00', '', '0.00', '144000.00', 0, '0.00', '0.00', '144000.00', 'Pali-Marwar-306401\r\nRajastahn', 25, 'Pulled From Quotation', 92, 22, '2017-05-25', 'Freight "PAID" basis', 6, '4600016490', '2017-05-08', 'Mr. Tapasvi Vaidya', '9001099411', 'tapasvi.vaidya@lnbgroup.com', 'Pali-Marwar-306401\r\nRajastahn', 'No', 'No', 'STL', 100, 'BE-3370', '17-18', 8, 8, '2017-05-09', '2017-05-10', '2017-05-10 04:22:56PM', '2017-05-09 02:39:07PM', 'Converted'),
(116, 17, 11, 'Dariba Smelter Complex\r\nRajpura Dariba Mines\r\nRajsamand - 313211', 0, '0.00', '0.00', '', '0.00', '385875.00', 0, '0.00', '0.00', '385875.00', 'Payment : 30 Days form Date of Invoice.', 25, 'Pulled From Quotation', 85, 29, '2017-06-30', 'Through Authorized Vichele.\r\nTo-Pay Basis.', 29, '2000040298 / 2002121', '2017-05-08', 'Nitesh Shrimali', '7340660255', 'nitesh.shrimali@vedanta.co.in', 'Rajpura Dariba Mines\r\nP.O. Dariba Mines\r\nRajsamand', 'No', 'No', 'STL', 101, 'BE-3374', '17-18', 4, 4, '2017-05-09', '2017-05-09', '2017-05-09 04:12:57PM', '2017-05-09 04:03:17PM', 'Pending'),
(117, 95, 11, 'Hydro -I ,Unit II\r\nChanderai Lead Zinc Smelter,\r\nChittorgarh-312021', 0, '0.00', '0.00', '', '0.00', '60000.00', 0, '0.00', '0.00', '60000.00', 'Payment : 30 Days form Date of Invoice.', 25, 'Pulled From Quotation', 86, 7, '2017-06-30', 'Paid basis Chittorgarh Transporter Godown.', 6, '2000040414 / 4100088317', '2017-05-06', 'Suresh Sharma', '9829245214', 'suresh.sharma@vedanta.co.in', 'Hydro -I ,Unit II\r\nChanderai Lead Zinc Smelter,\r\nChittorgarh-312021', 'No', 'No', 'STL', 102, 'BE-2488', '17-18', 4, 4, '2017-05-09', '2017-05-10', '2017-05-10 04:08:43PM', '2017-05-09 04:30:39PM', 'Pending'),
(118, 8, 15, 'Unit Of - DCM Shriram Industries Limited\r\nShriram Nagar, Kota-324004', 1, '10.00', '3679.40', '', '0.00', '33114.60', 0, '0.00', '0.00', '33114.60', '100% advance Payment against PI', 25, 'Pulled From Quotation', 48, 15, '2017-06-10', 'Freight"TO PAY" Basis', 6, 'OSC/4100010027', '2017-05-07', 'Mr. Ram Kshetri', '9929590865', 'ramkshetri@dcmsr.com', 'Unit Of - DCM Shriram Industries Limited\r\nShriram Nagar, Kota-324004', 'No', 'No', 'STL', 103, 'BE-3390', '17-18', 12, 12, '2017-05-10', '2017-05-12', '2017-05-12 01:58:00PM', '2017-05-10 01:06:02PM', 'Pending'),
(119, 77, 15, '19 KM Stone, Bhiwadi-Alwar Road,\r\nVill-Gailpur, Bhiawdi-301707\r\nDistt-Alwar (Raj.)', 1, '10.00', '3080.00', '', '0.00', '27720.00', 0, '0.00', '0.00', '27720.00', 'Direct for Payment within 30 days ', 25, 'Pulled From Quotation', 94, 1, '2017-06-05', 'Freight "TO PAY" Basis', 6, '53/00007260', '2017-05-05', 'Mr. Hari Prakash Jasaiwal', '9680449223', 'glpvtpurchase@kajariaceramics.com', '19 KM Stone, Bhiwadi-Alwar Road,\r\nVill-Gailpur, Bhiawdi-301707\r\nDistt-Alwar (Raj.)', 'No', 'No', 'STL', 104, 'BE-3186', '17-18', 12, 0, '2017-05-10', '1970-01-01', '', '2017-05-10 05:31:39PM', 'Pending'),
(120, 64, 15, 'Block No. SP 971, RIICO Industrial Area,\r\nChopanki-301019', 0, '0.00', '0.00', '', '0.00', '46550.00', 0, '0.00', '0.00', '46550.00', 'Direct for payment within 07 days', 25, 'New', 0, 3, '2017-05-15', '"FREIGHT PAID DOOR DELIVERY" basis\r\n Freight extra at actual and charged in invoice.\r\n', 3, '4300082270', '2017-05-12', 'Mr. Varun Tomar', '9414007872', 'VTOMAR@UBMAIL.COM', 'Block No. SP 971, RIICO Industrial Area,\r\nChopanki-301019', 'No', 'No', 'STL', 105, 'BE-3229', '17-18', 12, 8, '2017-05-12', '2017-05-17', '2017-05-17 02:22:11PM', '2017-05-12 11:58:25AM', 'Pending'),
(121, 121, 15, 'Plot No. SPL-2B, \r\nTapukara Industrial Area,\r\nBhiwadi Alwar Road, Tapukara,\r\nDistt: Alwar-301707 (Raj.)', 0, '0.00', '0.00', '', '0.00', '25260.00', 0, '0.00', '0.00', '25260.00', 'Direct for Payment Within 30 Days.\r\nFreight Charged in Invoice.', 25, 'Pulled From Quotation', 26, 6, '2017-05-27', 'Freight PAID DOOR DELIVERY Basis ', 6, 'LOC/17-0215', '2017-05-08', 'Mr. S.K. Sinha', '9785401212', 'subratasinha@bestex.com', 'Plot No. SPL-2B, \r\nTapukara Industrial Area,\r\nBhiwadi Alwar Road, Tapukara,\r\nDistt: Alwar-301707 (Raj.)', 'No', 'No', 'STL', 106, 'BE-2875', '17-18', 12, 12, '2017-05-12', '2017-05-19', '2017-05-19 01:59:58PM', '2017-05-12 12:19:20PM', 'Pending'),
(122, 95, 11, 'Hydro -I ,Unit II\r\nChanderai Lead Zinc Smelter,\r\nChittorgarh-312021', 0, '0.00', '0.00', '', '0.00', '71089.00', 0, '0.00', '0.00', '71089.00', 'Direct for payment within 30 days', 25, 'New', 0, 1, '2017-05-16', 'Freight "PAID" basis upto Chittorgarh Tr. Go.', 6, '2000038897/4100087154', '2017-02-23', 'Mr. Suresh Sharma', '2942494577', 'Pc.Pareek@vedanta.co.in', 'Hydro -I ,Unit II\r\nChanderai Lead Zinc Smelter,\r\nChittorgarh-312021', 'No', 'No', 'STL', 107, 'BE-3373', '17-18', 8, 0, '2017-05-13', '1970-01-01', '', '2017-05-13 12:01:34PM', 'Pending'),
(123, 40, 11, 'Pali-Marwar-306401\r\nRajasthan', 1, '7.50', '1125.00', '', '0.00', '13875.00', 0, '0.00', '0.00', '13875.00', 'Direct for Payment within 30 Days from Date of Invoice', 25, 'Pulled From Quotation', 118, 22, '2017-06-25', 'Paid Basis', 6, '4600016608', '2017-05-16', 'Mr. Tapasvi Vaidya ', '9001099411', 'tapasvi.vaidya@lnbgroup.com', 'Pali-Marwar-306401\r\nRajasthan', 'No', 'No', 'STL', 108, 'BE-3189', '17-18', 12, 12, '2017-05-16', '2017-05-16', '2017-05-16 12:29:54PM', '2017-05-16 12:18:34PM', 'Pending'),
(124, 10, 15, 'Unit-Rajasthan Textile Mills, \r\nPachpahar Road Bhawanimandi-326502\r\nDistt: Jhalawar', 1, '10.00', '11786.50', '', '0.00', '106078.50', 0, '0.00', '0.00', '106078.50', 'Direct for Payment within 15 Days.', 25, 'Pulled From Quotation', 115, 15, '2017-05-26', 'Freight  " TO PAY "  Basis', 6, '4510086377', '2017-05-16', 'Mr. Bahnwar Tripathi ', '7433222052', 'btripathi@sutlej-rtm.co.in', 'Unit-Rajasthan Textile Mills, \r\nPachpahar Road Bhawanimandi-326502 Distt: Jhalawar', 'No', 'No', 'STL', 109, 'BE-3393', '17-18', 12, 12, '2017-05-17', '2017-05-17', '2017-05-17 06:36:44PM', '2017-05-17 02:58:00PM', 'Pending'),
(125, 66, 15, '(Unit- Mandpam)\r\nPB No. 13\r\nBhilwara-311001', 1, '12.50', '3988.50', '', '0.00', '27919.50', 0, '0.00', '0.00', '27919.50', 'Direct for Payment within 30 Days.', 25, 'Pulled From Quotation', 108, 7, '2017-06-17', 'Freight "TO - PAY"  Basis.', 6, '151700515', '2017-05-14', 'Mr. Aashish Tomar', '9782258181', 'stores.mandapam@lnjbhilwara.com', '(Unit- Mandpam)\r\nPB No. 13\r\nBhilwara-311001', 'No', 'No', 'STL', 110, 'BE-3320', '17-18', 12, 12, '2017-05-17', '2017-05-17', '2017-05-17 04:24:26PM', '2017-05-17 04:09:42PM', 'Pending'),
(126, 22, 11, 'Unit-Birla White\r\nRajashree Nagar, Kharia Khangar\r\nVillage :-Kharia Khangar\r\nDist. Jodhpur 342606', 1, '10.00', '31890.00', '', '0.00', '287010.00', 0, '0.00', '0.00', '287010.00', 'Document delivery Address\r\nUltratech Cement Ltd.,\r\n(Unit - Birla White )\r\nD-7, Shastri Nagar,\r\nJodhpur - 342003\r\n\r\nPayment Terms: 30 days of Receipt of Material', 25, '', 0, 2, '2017-05-19', 'Freight "TO-PAY" basis', 6, 'BW/BWJ/6202006775', '2017-03-04', 'Mr. Neeraj Gautam', '2920264040', 'neeraj.gautam@adityabirla.com', 'Unit-Birla White\r\nRajashree Nagar, Kharia Khangar\r\nVillage :-Kharia Khangar\r\nDist. Jodhpur 342606\r\n', 'No', 'No', 'STL', 111, 'BE-2827', '17-18', 8, 8, '2017-05-17', '2017-05-17', '2017-05-17 06:18:30PM', '2017-05-17 06:16:48PM', 'Pending'),
(127, 44, 15, 'R. K. Nagar, Nimbahera\r\nChittorgarh-312601', 0, '0.00', '0.00', '', '0.00', '3977.50', 0, '0.00', '0.00', '3977.50', 'Direct for payment within 15 days from receipt of material.', 25, 'New', 0, 29, '2017-05-19', 'Hand Delivery at Udaipur Office', 29, '103PO1800045', '2017-05-01', 'Mr. Punit Singh Gurjar', '8003095846', 'punit.gurjar@wondercement.com', 'R. K. Nagar, Nimbahera\r\nChittorgarh-312601', 'No', 'No', 'STL', 112, 'BE-3119', '17-18', 15, 12, '2017-05-18', '2017-05-18', '2017-05-18 03:53:21PM', '2017-05-18 11:20:56AM', 'Pending'),
(128, 65, 15, 'Plot# SP1 to & B5 to 8 \r\nAgro Park, M.I.A. (Extention )\r\nAlwar-301030 (Raj.)', 1, '5.00', '1365.00', '', '0.00', '25935.00', 0, '0.00', '0.00', '25935.00', 'Direct for payment within 15 days from receipt of material.', 25, 'Pulled From Quotation', 119, 3, '2017-05-19', '"FREIGHT PAID DOOR DELIVERY" Basis.\r\nTwo will be dispatch on immediate basis and remaining will be dispatch within 4 to 6 weeks.', 3, 'PO/AL/17-18/0235', '2017-05-17', 'Mr. Anshul Kumar', '8266921511', 'anshul.kumar@carlsberg.asia', 'Plot# SP1 to & B5 to 8 \r\nAgro Park, M.I.A. (Extention )\r\nAlwar-301030 (Raj.)', 'No', 'No', 'STL', 113, 'BE-2772', '17-18', 15, 12, '2017-05-18', '2017-05-18', '2017-05-18 03:33:46PM', '2017-05-18 11:35:49AM', 'Pending'),
(129, 44, 15, 'R. K. Nagar, Nimbahera-312601', 0, '0.00', '0.00', '', '0.00', '15000.00', 0, '0.00', '0.00', '15000.00', 'Direct for payment within 15 Days.\r\nVAT@5.5% Against Capital Goods Certificate.', 25, 'Pulled From Quotation', 45, 7, '2017-06-12', 'Freight "TO-PAY" Basis.  ', 6, '103PO1800068', '2017-05-18', 'Mr. Punit Singh Gurjar', '8003095846', 'punit.gurjar@wondercement.com', 'R. K. Nagar, Nimbahera-312601', 'No', 'No', 'STL', 114, 'DC-10', '17-18', 15, 15, '2017-05-18', '2017-05-18', '2017-05-18 02:30:30PM', '2017-05-18 02:23:09PM', 'Pending'),
(130, 69, 15, '68th Milestone, N.H.8, \r\nVillage-Joniawas, Dharuhera-122100,\r\nDistt-Rewari, (Haryana)', 0, '0.00', '646.00', '', '0.00', '12274.00', 0, '0.00', '0.00', '12274.00', 'Direct for payment within 15 Days.', 25, 'Pulled From Quotation', 60, 6, '2017-05-22', 'Freight "Paid" Basis. ', 6, '4300082667', '2017-05-18', 'Mr.Ajay Prakash Singh', '9991735166', 'ajayprakash@ubmail.com', '68th Milestone, N.H.8, \r\nVillage-Joniawas, Dharuhera-122100,\r\nDistt-Rewari, (Haryana)', 'No', 'Yes', 'STL', 115, 'BE-2942', '17-18', 15, 15, '2017-05-18', '2017-05-18', '2017-05-18 06:57:07PM', '2017-05-18 06:54:51PM', 'Pending'),
(131, 66, 15, '(Unit- Mandpam)\r\nPB No. 13\r\nBhilwara-311001', 1, '16.00', '97725.12', '', '0.00', '513056.88', 0, '0.00', '0.00', '513056.88', 'Direct for Payment within 30 days of receipt of material.', 25, 'Pulled From Quotation', 39, 9, '2017-07-11', 'Paid Basis To Bhilwara Transport Godown', 6, 'MEL/MATLS/2017-18/1921', '2017-05-09', 'Mr. J.K.Katiyar', '9414034874', 'jk.katiyar@lnjbhilwara.com', '(Unit- Mandpam)\r\nPB No. 13\r\nBhilwara-311001', 'No', 'No', 'STL', 116, 'BE-3391', '17-18', 12, 15, '2017-05-18', '2017-05-19', '2017-05-19 10:38:12AM', '2017-05-18 06:57:33PM', 'Pending'),
(132, 81, 15, 'B-25-26, RIICO Housing Colony\r\nRoad No. 1-D, V.K.I. Area, \r\nJaipur-302013', 1, '10.00', '8800.00', '', '0.00', '79200.00', 0, '0.00', '0.00', '79200.00', 'Direct for Payment within 7 days.', 27, 'Pulled From Quotation', 97, 1, '2017-05-26', 'Freight "TO PAY" Basis and book to  VKI Jaipur', 6, 'Email confirmation by Mr. Vinod Sharma', '2017-05-16', 'Mr. Vinod Sharma', '9414077213', 'vks12.crystal@gmail.com', 'B-25-26, RIICO Housing Colony\r\nRoad No. 1-D, V.K.I. Area, \r\nJaipur-302013', 'No', 'No', 'FMSL', 16, 'BE-3392', '17-18', 12, 15, '2017-05-19', '2017-05-20', '2017-05-20 03:49:02PM', '2017-05-19 12:30:46PM', 'Pending'),
(133, 43, 11, '25, Rajasthan Project\r\nA.O. Building Barsingsar-334402\r\nBikaner (Raj.)', 0, '0.00', '0.00', '', '0.00', '118047.00', 1, '2.00', '2360.94', '120407.94', '1) Direct for payment within 30 days\r\n2) Transit Insurance charges 1 % Extra', 25, 'New', 0, 7, '2017-07-19', '"FREIGHT PAID DOOR DELIVERY" basis', 31, 'PI/17-18/000720/FO/ENQ/17-18/000014/BP26(05)/86/25', '2017-05-11', 'Deputy General Manager', '1512847574', 'dgmbp.contracts@nlcindia.com', '25, Rajasthan Project\r\nA.O. Building Barsingsar-334402\r\nBikaner (Raj.)', 'No', 'No', 'STL', 117, 'BE-3395', '17-18', 8, 8, '2017-05-20', '2017-05-20', '2017-05-20 12:20:54PM', '2017-05-20 11:29:50AM', 'Pending'),
(134, 8, 15, 'Unit Of - DCM Shriram Industries Limited\r\nShriram Nagar, Kota-324004', 1, '7.50', '882.00', '', '0.00', '10878.00', 0, '0.00', '0.00', '10878.00', 'Impeller Dia : 293 MM', 25, 'New', 0, 15, '2017-05-20', 'Dispatch To pay basis and CC Attached\r\n', 6, 'OSC/4100010315', '2017-05-20', 'Mr Ram Khestri Ji ', '9929590865', 'ramkshetri@dcmsr.com', 'Unit Of - DCM Shriram Industries Limited\r\nShriram Nagar, Kota-324004', 'No', 'No', 'STL', 118, 'BE-2932', '17-18', 15, 0, '2017-05-20', '1970-01-01', '', '2017-05-20 11:59:56AM', 'Pending'),
(135, 43, 11, '25, Rajasthan Project\r\nA.O. Building Barsingsar-334402\r\nBikaner (Raj.)', 0, '0.00', '0.00', '', '0.00', '160560.00', 1, '2.00', '3211.20', '163771.20', '1) Direct for payment within 30 days\r\n2) Transit Insurance charges 1 % Extra\r\n', 25, '', 0, 7, '2017-07-19', '"FREIGHT PAID DOOR DELIVERY" basis', 31, 'PI/17-18/000720/FO/ENQ/17-18/000014/BP26(05)/86/25', '2017-05-11', 'Deputy General Manager', '1512847574', 'dgmbp.contracts@nlcindia.com', '25, Rajasthan Project\r\nA.O. Building Barsingsar-334402\r\nBikaner (Raj.)', 'No', 'No', 'STL', 119, 'BE-3112', '17-18', 8, 8, '2017-05-20', '2017-05-20', '2017-05-20 01:54:26PM', '2017-05-20 12:47:17PM', 'Pending'),
(136, 52, 15, 'United Spirits Limited, \r\nUnit- Alwar\r\n201-202,M.I.A,-301030\r\nAlwar(Raj.)', 0, '0.00', '0.00', '', '0.00', '3800.00', 0, '0.00', '0.00', '3800.00', 'United Spirits Limited, \r\nUnit- Alwar\r\n201-202,M.I.A,-301030\r\nAlwar(Raj.)', 25, 'Pulled From Quotation', 81, 6, '2017-05-22', 'Freight extra charge in Invoice', 6, 'Email Confirmation', '2017-04-26', 'Harsharan Singh', '8239477381', 'harsharan.singh@unitedspirits.in', 'United Spirits Limited, \r\nUnit- Alwar\r\n201-202,M.I.A,-301030\r\nAlwar(Raj.)', 'No', 'No', 'STL', 120, 'BE-3332', '17-18', 15, 0, '2017-05-20', '1970-01-01', '', '2017-05-20 03:34:41PM', 'Pending');

-- --------------------------------------------------------

--
-- Table structure for table `sales_order_rows`
--

CREATE TABLE IF NOT EXISTS `sales_order_rows` (
  `id` int(10) NOT NULL AUTO_INCREMENT,
  `sales_order_id` int(10) NOT NULL,
  `item_id` int(10) NOT NULL,
  `description` text NOT NULL,
  `quantity` int(5) NOT NULL,
  `rate` decimal(10,2) NOT NULL,
  `amount` decimal(15,2) NOT NULL,
  `excise_duty` varchar(5) NOT NULL,
  `sale_tax_id` int(10) NOT NULL,
  `height` int(10) NOT NULL,
  `processed_quantity` int(5) NOT NULL DEFAULT '0',
  `source_type` varchar(30) NOT NULL,
  PRIMARY KEY (`id`)
) ENGINE=InnoDB  DEFAULT CHARSET=latin1 AUTO_INCREMENT=696 ;

--
-- Dumping data for table `sales_order_rows`
--

INSERT INTO `sales_order_rows` (`id`, `sales_order_id`, `item_id`, `description`, `quantity`, `rate`, `amount`, `excise_duty`, `sale_tax_id`, `height`, `processed_quantity`, `source_type`) VALUES
(5, 3, 933, '<p>Your item code : 4000000541</p><p><span style="font-weight: bold; text-decoration: underline;">"POSITIVE" Dosing Pump</span></p><p>Model&nbsp; &nbsp; &nbsp;&nbsp;&nbsp;&nbsp;:&nbsp; &nbsp; ED-03</p><p>Capacity&nbsp; &nbsp; :&nbsp; &nbsp; 20 LPH</p><p>Pressure&nbsp; &nbsp; :&nbsp; &nbsp; 2 kg/cm2</p><p>Sr. No.&nbsp;&nbsp;&nbsp;&nbsp;&nbsp;&nbsp; &nbsp; :&nbsp; &nbsp; 16746/3/2017</p>', 1, '41150.00', '41150.00', 'No', 1, 200, 0, ''),
(20, 9, 606, '<p><span style="font-weight: bold;">Your Item Code : PUMPOILS0016</span></p><p><span style="font-weight: bold; text-decoration: underline;">TUSHACO Three Screw Pump</span></p><p>Pump Model: T3ST 45/42</p><p>Capacity : 120 LPM</p><p>Pressure : 40 Kg/cm2</p>', 1, '175387.00', '175387.00', 'Yes', 4, 0, 1, ''),
(23, 10, 606, '<p><span style="font-weight: bold;">Your Item Code: PUMPOILS0016</span></p><p><span style="font-weight: bold; text-decoration: underline;">Tushaco Three Screw Pump</span></p><p>Pump Model : T3ST 45/42</p><p>Capacity : 120 LPM</p><p>Pressure : 40 Kg/cm2</p>', 2, '170000.00', '340000.00', 'Yes', 4, 0, 0, ''),
(36, 17, 803, '<p>Your item code&nbsp;&nbsp;&nbsp;&nbsp;&nbsp; &nbsp; :&nbsp;&nbsp;&nbsp;&nbsp;&nbsp; &nbsp; RMPII00040946</p><p><span style="font-weight: bold; text-decoration: underline;">"JOHNSON" Centrifugal Pump Sets</span></p><p>Model&nbsp;&nbsp;&nbsp;&nbsp;&nbsp;&nbsp;&nbsp;&nbsp;&nbsp; &nbsp; :&nbsp;&nbsp;&nbsp;&nbsp;&nbsp;&nbsp;&nbsp;&nbsp;&nbsp;&nbsp;&nbsp;&nbsp;&nbsp; &nbsp; KGEN 12-5 G1</p><p>Capacity&nbsp;&nbsp;&nbsp;&nbsp;&nbsp; &nbsp; :&nbsp;&nbsp;&nbsp;&nbsp;&nbsp;&nbsp;&nbsp;&nbsp;&nbsp;&nbsp;&nbsp;&nbsp;&nbsp; &nbsp; 8 M3/hr</p><p>Head&nbsp;&nbsp;&nbsp;&nbsp;&nbsp;&nbsp;&nbsp;&nbsp;&nbsp;&nbsp;&nbsp;&nbsp;&nbsp; &nbsp; :&nbsp;&nbsp;&nbsp;&nbsp;&nbsp;&nbsp;&nbsp;&nbsp;&nbsp;&nbsp;&nbsp;&nbsp;&nbsp; &nbsp; 20 Mtrs.</p><p>with "BBL" 3 HP/2900 RPM Motor, Coupling L-95, Coupling Guard, Fasteners dully assembled on MS Baseframe</p><p>Pump Sr. No.&nbsp; &nbsp; :</p><p>Motor Sr. No.&nbsp; &nbsp; :&nbsp;&nbsp;&nbsp;&nbsp;&nbsp;&nbsp;&nbsp;&nbsp;&nbsp; &nbsp; K1631977, N1700893</p>', 2, '25000.00', '50000.00', 'Yes', 2, 0, 2, 'Manufactured'),
(98, 25, 1092, '<p>Your Item Code : FUFXFANS0001</p><p>Cabin Fan 150-4-DC-12 Volt</p>', 7, '640.00', '4480.00', 'No', 1, 0, 0, ''),
(101, 27, 1112, '<p>Your item code&nbsp;&nbsp;&nbsp;&nbsp;&nbsp; &nbsp; :&nbsp;&nbsp;&nbsp;&nbsp;&nbsp;&nbsp;&nbsp;&nbsp;&nbsp; &nbsp; 530888/1000108626</p><p><span style="font-weight: bold; text-decoration: underline;">"JOHNSON" Centrifugal Pump Set</span></p><p>Model&nbsp;&nbsp;&nbsp;&nbsp;&nbsp;&nbsp;&nbsp;&nbsp;&nbsp;&nbsp;&nbsp;&nbsp;&nbsp; &nbsp; :&nbsp;&nbsp;&nbsp;&nbsp;&nbsp;&nbsp;&nbsp;&nbsp;&nbsp;&nbsp;&nbsp;&nbsp;&nbsp;&nbsp;&nbsp;&nbsp;&nbsp; &nbsp; CCR 25 160 R6 M2 L3</p><p>Capacity&nbsp;&nbsp;&nbsp;&nbsp;&nbsp;&nbsp;&nbsp;&nbsp;&nbsp; &nbsp; :&nbsp;&nbsp;&nbsp;&nbsp;&nbsp;&nbsp;&nbsp;&nbsp;&nbsp;&nbsp;&nbsp;&nbsp;&nbsp;&nbsp;&nbsp;&nbsp;&nbsp; &nbsp; 3.7 m3/hr</p><p>Head&nbsp;&nbsp;&nbsp;&nbsp;&nbsp;&nbsp;&nbsp;&nbsp;&nbsp;&nbsp;&nbsp;&nbsp;&nbsp;&nbsp;&nbsp;&nbsp;&nbsp; &nbsp; :&nbsp;&nbsp;&nbsp;&nbsp;&nbsp;&nbsp;&nbsp;&nbsp;&nbsp;&nbsp;&nbsp;&nbsp;&nbsp;&nbsp;&nbsp;&nbsp;&nbsp; &nbsp;44 mtrs.</p><p>Suc*dis.&nbsp;&nbsp;&nbsp;&nbsp;&nbsp;&nbsp;&nbsp;&nbsp;&nbsp;&nbsp;&nbsp;&nbsp;&nbsp; &nbsp; :&nbsp;&nbsp;&nbsp;&nbsp;&nbsp;&nbsp;&nbsp;&nbsp;&nbsp;&nbsp;&nbsp;&nbsp;&nbsp;&nbsp;&nbsp;&nbsp;&nbsp; &nbsp;25*25 mm</p><p>Sealing &nbsp;&nbsp;&nbsp;&nbsp;&nbsp;&nbsp;&nbsp;&nbsp;&nbsp;&nbsp;&nbsp;&nbsp;&nbsp; &nbsp; :&nbsp;&nbsp;&nbsp;&nbsp;&nbsp;&nbsp;&nbsp;&nbsp;&nbsp;&nbsp;&nbsp;&nbsp;&nbsp;&nbsp;&nbsp;&nbsp;&nbsp; &nbsp; Mechanical Seal</p><p>with "BBL" 5 HP/2900 RPM Motor, Coupling L-95, Coupling Guard, Fasteners dully assembled on MS Baseframe</p><p>Pump Sr. No.&nbsp;&nbsp;&nbsp;&nbsp;&nbsp; &nbsp;:</p><p>Motor Sr. No.&nbsp;&nbsp;&nbsp;&nbsp;&nbsp; &nbsp;:&nbsp;</p>', 1, '56800.00', '56800.00', 'Yes', 2, 0, 0, ''),
(115, 24, 1051, '<p><span style="font-weight: bold; text-decoration: underline;">Spares for "DARLING" DREDER Pumps</span></p><p>Model&nbsp;&nbsp;&nbsp;&nbsp;&nbsp;&nbsp;&nbsp;&nbsp;&nbsp;&nbsp;&nbsp;&nbsp;&nbsp; &nbsp; :&nbsp;&nbsp;&nbsp;&nbsp;&nbsp;&nbsp;&nbsp;&nbsp;&nbsp;&nbsp;&nbsp;&nbsp;&nbsp; &nbsp; 4 DRR 40J/32</p><p><span style="font-weight: bold;">Item code&nbsp;&nbsp;&nbsp;&nbsp;&nbsp;&nbsp; &nbsp; &nbsp;&nbsp;&nbsp;&nbsp;Part No.&nbsp;&nbsp;&nbsp;&nbsp;&nbsp;&nbsp;&nbsp;&nbsp;&nbsp;&nbsp;&nbsp;&nbsp;&nbsp; &nbsp; Description</span></p><p>1511080002&nbsp;&nbsp;&nbsp;&nbsp;&nbsp; &nbsp; &nbsp;&nbsp;&nbsp;&nbsp;02&nbsp;&nbsp;&nbsp;&nbsp;&nbsp;&nbsp;&nbsp;&nbsp;&nbsp;&nbsp;&nbsp;&nbsp;&nbsp;&nbsp;&nbsp;&nbsp;&nbsp;&nbsp;&nbsp;&nbsp;&nbsp;&nbsp;&nbsp;&nbsp;&nbsp;&nbsp;&nbsp;&nbsp;&nbsp;&nbsp;&nbsp;&nbsp;&nbsp; &nbsp; Bottom End Shield</p>', 1, '39270.00', '39270.00', 'No', 2, 0, 1, ''),
(116, 24, 1052, '<p>1511080003&nbsp;&nbsp;&nbsp;&nbsp;&nbsp;&nbsp;&nbsp;&nbsp;&nbsp; &nbsp; 03&nbsp;&nbsp;&nbsp;&nbsp;&nbsp;&nbsp;&nbsp;&nbsp;&nbsp;&nbsp;&nbsp;&nbsp;&nbsp;&nbsp;&nbsp;&nbsp;&nbsp;&nbsp;&nbsp;&nbsp;&nbsp;&nbsp;&nbsp;&nbsp;&nbsp;&nbsp;&nbsp;&nbsp;&nbsp;&nbsp;&nbsp;&nbsp;&nbsp; &nbsp; Top End Shield</p>', 1, '31345.00', '31345.00', 'No', 2, 0, 1, ''),
(117, 24, 1053, '<p>1511080004&nbsp;&nbsp;&nbsp;&nbsp;&nbsp;&nbsp;&nbsp;&nbsp;&nbsp; &nbsp; 04&nbsp;&nbsp;&nbsp;&nbsp;&nbsp;&nbsp;&nbsp;&nbsp;&nbsp;&nbsp;&nbsp;&nbsp;&nbsp;&nbsp;&nbsp;&nbsp;&nbsp;&nbsp;&nbsp;&nbsp;&nbsp;&nbsp;&nbsp;&nbsp;&nbsp;&nbsp;&nbsp;&nbsp;&nbsp;&nbsp;&nbsp;&nbsp;&nbsp; &nbsp; Suction Stand</p>', 1, '46217.00', '46217.00', 'No', 2, 0, 1, ''),
(118, 24, 1054, '<p>1511080005&nbsp;&nbsp;&nbsp;&nbsp;&nbsp;&nbsp;&nbsp;&nbsp;&nbsp; &nbsp; 06&nbsp;&nbsp;&nbsp;&nbsp;&nbsp;&nbsp;&nbsp;&nbsp;&nbsp;&nbsp;&nbsp;&nbsp;&nbsp;&nbsp;&nbsp;&nbsp;&nbsp;&nbsp;&nbsp;&nbsp;&nbsp;&nbsp;&nbsp;&nbsp;&nbsp;&nbsp;&nbsp;&nbsp;&nbsp;&nbsp;&nbsp;&nbsp;&nbsp; &nbsp; Casing Cover Plate&nbsp;&nbsp;&nbsp;&nbsp;&nbsp;&nbsp;&nbsp;&nbsp;&nbsp;&nbsp;&nbsp;&nbsp;&nbsp;&nbsp;&nbsp;&nbsp;</p>', 1, '12393.00', '12393.00', 'No', 2, 0, 1, ''),
(119, 24, 1055, '<p>1511080006&nbsp;&nbsp;&nbsp;&nbsp;&nbsp;&nbsp;&nbsp;&nbsp;&nbsp;&nbsp;&nbsp;&nbsp;&nbsp;&nbsp;&nbsp;&nbsp;&nbsp;&nbsp;&nbsp;&nbsp;&nbsp;&nbsp;&nbsp;&nbsp;&nbsp;&nbsp;&nbsp;&nbsp;&nbsp;&nbsp;&nbsp;&nbsp;&nbsp;&nbsp;&nbsp;&nbsp;&nbsp;&nbsp;&nbsp;&nbsp;&nbsp;&nbsp;&nbsp;&nbsp;&nbsp;&nbsp;&nbsp;&nbsp;&nbsp; &nbsp; Spacer SS410</p>', 2, '7842.00', '15684.00', 'No', 2, 0, 2, ''),
(120, 24, 1056, '<p>1511080007&nbsp;&nbsp;&nbsp;&nbsp;&nbsp;&nbsp;&nbsp;&nbsp;&nbsp;&nbsp;&nbsp;&nbsp;&nbsp; &nbsp; 07&nbsp;&nbsp;&nbsp;&nbsp;&nbsp;&nbsp;&nbsp;&nbsp;&nbsp;&nbsp;&nbsp;&nbsp;&nbsp;&nbsp;&nbsp;&nbsp;&nbsp;&nbsp;&nbsp;&nbsp;&nbsp;&nbsp;&nbsp;&nbsp;&nbsp; &nbsp; Adjusting Plate</p>', 1, '10093.00', '10093.00', 'No', 2, 0, 1, ''),
(121, 24, 1057, '<p>1511080008&nbsp;&nbsp;&nbsp;&nbsp;&nbsp;&nbsp;&nbsp;&nbsp;&nbsp; &nbsp; 08&nbsp;&nbsp;&nbsp;&nbsp;&nbsp;&nbsp;&nbsp;&nbsp;&nbsp;&nbsp;&nbsp;&nbsp;&nbsp;&nbsp;&nbsp;&nbsp;&nbsp;&nbsp;&nbsp;&nbsp;&nbsp;&nbsp;&nbsp;&nbsp;&nbsp; &nbsp; Impeller</p>', 1, '198155.00', '198155.00', 'No', 2, 0, 1, ''),
(122, 24, 1058, '<p>1511080009&nbsp;&nbsp;&nbsp;&nbsp;&nbsp;&nbsp;&nbsp;&nbsp;&nbsp; &nbsp; 10&nbsp;&nbsp;&nbsp;&nbsp;&nbsp;&nbsp;&nbsp;&nbsp;&nbsp;&nbsp;&nbsp;&nbsp;&nbsp;&nbsp;&nbsp;&nbsp;&nbsp; &nbsp; Cable Gland</p>', 1, '1438.00', '1438.00', 'No', 2, 0, 1, ''),
(123, 24, 1059, '<p>1511080010&nbsp;&nbsp;&nbsp;&nbsp;&nbsp;&nbsp;&nbsp;&nbsp;&nbsp; &nbsp; 11&nbsp;&nbsp;&nbsp;&nbsp;&nbsp;&nbsp;&nbsp;&nbsp;&nbsp;&nbsp;&nbsp;&nbsp;&nbsp;&nbsp;&nbsp;&nbsp;&nbsp; &nbsp; Neckring for Impeller</p>', 1, '10408.00', '10408.00', 'No', 2, 0, 1, ''),
(124, 24, 1060, '<p>1511080011&nbsp;&nbsp;&nbsp;&nbsp;&nbsp; &nbsp; 11A&nbsp;&nbsp;&nbsp;&nbsp;&nbsp;&nbsp;&nbsp;&nbsp;&nbsp; &nbsp; Bearing Cover</p>', 1, '1873.00', '1873.00', 'No', 2, 0, 1, ''),
(125, 24, 1061, '<p>1511080012&nbsp;&nbsp;&nbsp;&nbsp;&nbsp;&nbsp;&nbsp;&nbsp;&nbsp;&nbsp;&nbsp;&nbsp;&nbsp; &nbsp; 12/22&nbsp;&nbsp;&nbsp;&nbsp;&nbsp;&nbsp;&nbsp;&nbsp;&nbsp; &nbsp; Rotor Fited Shaft</p>', 1, '184485.00', '184485.00', 'No', 2, 0, 1, ''),
(126, 24, 1062, '<p>1511080013&nbsp;&nbsp;&nbsp;&nbsp;&nbsp;&nbsp;&nbsp;&nbsp;&nbsp; &nbsp; 12A&nbsp;&nbsp;&nbsp;&nbsp;&nbsp;&nbsp;&nbsp;&nbsp;&nbsp;&nbsp;&nbsp;&nbsp;&nbsp; &nbsp; Spacer for Agitator</p>', 4, '8492.00', '33968.00', 'No', 2, 0, 4, ''),
(127, 24, 1063, '<p>1511080014&nbsp;&nbsp;&nbsp;&nbsp;&nbsp;&nbsp;&nbsp;&nbsp;&nbsp;&nbsp;&nbsp;&nbsp;&nbsp; &nbsp; 13&nbsp;&nbsp;&nbsp;&nbsp;&nbsp;&nbsp;&nbsp;&nbsp;&nbsp;&nbsp;&nbsp;&nbsp;&nbsp;&nbsp;&nbsp;&nbsp;&nbsp; &nbsp; Key for Imepller &amp; Agitator</p>', 4, '210.00', '840.00', 'No', 2, 0, 4, ''),
(128, 24, 1064, '<p>1511080015&nbsp;&nbsp;&nbsp;&nbsp;&nbsp;&nbsp;&nbsp;&nbsp;&nbsp; &nbsp; 14&nbsp;&nbsp;&nbsp;&nbsp;&nbsp;&nbsp;&nbsp;&nbsp;&nbsp;&nbsp;&nbsp;&nbsp;&nbsp;&nbsp;&nbsp;&nbsp;&nbsp; &nbsp; Mechanical Seal for Pump<br></p>', 1, '40084.00', '40084.00', 'No', 2, 0, 1, ''),
(129, 24, 1065, '<p>1511080016&nbsp;&nbsp;&nbsp;&nbsp;&nbsp;&nbsp;&nbsp;&nbsp;&nbsp; &nbsp; 15&nbsp;&nbsp;&nbsp;&nbsp;&nbsp;&nbsp;&nbsp;&nbsp;&nbsp;&nbsp;&nbsp;&nbsp;&nbsp; &nbsp; Mechanical Seal for Motor<br></p>', 1, '24176.00', '24176.00', 'No', 2, 0, 1, ''),
(130, 24, 1066, '<p>1511080017&nbsp;&nbsp;&nbsp;&nbsp;&nbsp;&nbsp;&nbsp;&nbsp;&nbsp; &nbsp; 18&nbsp;&nbsp;&nbsp;&nbsp;&nbsp;&nbsp;&nbsp;&nbsp;&nbsp;&nbsp;&nbsp;&nbsp;&nbsp;&nbsp;&nbsp;&nbsp;&nbsp; &nbsp;Lock Nut for Agitator&nbsp;<br></p>', 4, '1203.00', '4812.00', 'No', 2, 0, 4, ''),
(131, 24, 1067, '<p>1511080018&nbsp;&nbsp;&nbsp;&nbsp;&nbsp;&nbsp;&nbsp;&nbsp;&nbsp; &nbsp; 23A&nbsp;&nbsp;&nbsp;&nbsp;&nbsp;&nbsp;&nbsp;&nbsp;&nbsp; &nbsp; Thermostat 80 Deg C<br></p>', 2, '1120.00', '2240.00', 'No', 2, 0, 2, ''),
(132, 24, 1068, '<p>1511080019&nbsp;&nbsp;&nbsp;&nbsp;&nbsp;&nbsp;&nbsp;&nbsp;&nbsp;&nbsp;&nbsp;&nbsp;&nbsp; &nbsp; 24 &amp; 24A&nbsp;&nbsp;&nbsp;&nbsp;&nbsp;&nbsp;&nbsp;&nbsp;&nbsp; &nbsp; Rubber Grommet<br></p>', 2, '315.00', '630.00', 'No', 2, 0, 2, ''),
(133, 24, 1069, '<p>1511080020&nbsp;&nbsp;&nbsp;&nbsp;&nbsp;&nbsp;&nbsp;&nbsp;&nbsp; &nbsp; 41 &amp; 26,27&nbsp;&nbsp;&nbsp;&nbsp;&nbsp;&nbsp;&nbsp;&nbsp;&nbsp; &nbsp; Gasket @ O Ring Set<br></p>', 2, '5321.00', '10642.00', 'No', 2, 0, 2, ''),
(134, 24, 1070, '<p>1511080021&nbsp;&nbsp;&nbsp;&nbsp;&nbsp;&nbsp;&nbsp;&nbsp;&nbsp; &nbsp; 27A&nbsp;&nbsp;&nbsp;&nbsp;&nbsp;&nbsp;&nbsp;&nbsp;&nbsp;&nbsp;&nbsp;&nbsp;&nbsp;&nbsp;&nbsp;&nbsp;&nbsp; &nbsp; Probe for Moisture Sensor<br></p>', 2, '525.00', '1050.00', 'No', 2, 0, 2, ''),
(135, 24, 1071, '<p>1511080022&nbsp;&nbsp;&nbsp;&nbsp;&nbsp;&nbsp;&nbsp;&nbsp;&nbsp; &nbsp; 28&nbsp;&nbsp;&nbsp;&nbsp;&nbsp;&nbsp;&nbsp;&nbsp;&nbsp;&nbsp;&nbsp;&nbsp;&nbsp; &nbsp; Oil Plug<br></p>', 4, '325.00', '1300.00', 'No', 2, 0, 4, ''),
(136, 24, 1072, '<p>1511080023&nbsp;&nbsp;&nbsp;&nbsp;&nbsp; &nbsp; 31&nbsp;&nbsp;&nbsp;&nbsp;&nbsp;&nbsp;&nbsp;&nbsp;&nbsp;&nbsp;&nbsp;&nbsp;&nbsp; &nbsp;Eye Bolt<br></p>', 2, '735.00', '1470.00', 'No', 2, 0, 2, ''),
(137, 24, 1073, '<p>1511080025&nbsp;&nbsp;&nbsp;&nbsp;&nbsp;&nbsp;&nbsp;&nbsp;&nbsp;&nbsp;&nbsp;&nbsp;&nbsp; &nbsp; 40&nbsp;&nbsp;&nbsp;&nbsp;&nbsp;&nbsp;&nbsp;&nbsp;&nbsp; &nbsp;Agitator&nbsp;&nbsp;&nbsp;&nbsp;&nbsp;<br></p>', 1, '40928.00', '40928.00', 'No', 2, 0, 1, ''),
(138, 24, 1074, '<p>1511080025&nbsp;&nbsp;&nbsp;&nbsp;&nbsp;&nbsp;&nbsp;&nbsp;&nbsp;&nbsp;&nbsp;&nbsp;&nbsp;&nbsp;&nbsp;&nbsp;&nbsp;&nbsp;&nbsp;&nbsp;&nbsp;&nbsp;&nbsp;&nbsp;&nbsp;&nbsp;&nbsp;&nbsp;&nbsp;&nbsp;&nbsp;&nbsp;&nbsp; &nbsp;Control Panel&nbsp;<br></p>', 2, '80450.00', '160900.00', 'No', 2, 0, 2, ''),
(140, 31, 1142, '<p><span style="font-weight: bold;">Your Item code: MSANTP8144</span><span style="font-weight: bold; line-height: 1.42857143;">&nbsp;</span></p><p><span style="font-weight: bold;"><br></span></p><p><span style="font-weight: bold; text-decoration: underline;">Spares for "ANTICO" Pump</span></p><p>Name of Spare : &nbsp; &nbsp;Shaft </p><p>&nbsp; &nbsp; &nbsp; &nbsp; &nbsp; &nbsp; &nbsp; &nbsp; &nbsp; &nbsp; &nbsp; &nbsp; &nbsp; &nbsp; &nbsp; For Antico Pump HE 100 CT</p><p>Part No. &nbsp; &nbsp; &nbsp; &nbsp; &nbsp; : &nbsp; &nbsp;752410001</p>', 2, '1221.00', '2442.00', 'No', 1, 0, 0, 'Manufactured'),
(141, 30, 953, '<p>Your item code&nbsp;&nbsp; &nbsp; :&nbsp;&nbsp;&nbsp;&nbsp;&nbsp; &nbsp; 766141775030</p><p><span style="font-weight: bold; text-decoration: underline;">Spares for "JOHNSON" Pump</span></p><p><span style="line-height: 1.42857143;">Name of Spares&nbsp;</span><span style="line-height: 1.42857143;">&nbsp;&nbsp;&nbsp;&nbsp;</span><span style="line-height: 1.42857143;">&nbsp;&nbsp;&nbsp;&nbsp;</span><span style="line-height: 1.42857143;">&nbsp; &nbsp; :</span><span style="line-height: 1.42857143;">&nbsp;&nbsp;&nbsp;&nbsp;</span><span style="line-height: 1.42857143;">&nbsp;&nbsp;&nbsp;&nbsp;</span><span style="line-height: 1.42857143;">&nbsp;&nbsp;&nbsp;&nbsp;</span><span style="line-height: 1.42857143;">&nbsp; &nbsp; Shaft Sleeve</span></p><p>&nbsp;&nbsp;&nbsp;&nbsp;&nbsp;&nbsp;&nbsp;&nbsp;&nbsp;&nbsp;&nbsp;&nbsp;&nbsp;&nbsp;&nbsp;&nbsp;&nbsp;&nbsp;&nbsp;&nbsp;&nbsp;&nbsp;&nbsp;&nbsp;&nbsp;&nbsp;&nbsp;&nbsp;&nbsp;&nbsp;&nbsp;&nbsp;&nbsp;&nbsp;&nbsp;&nbsp;&nbsp;&nbsp;&nbsp;&nbsp;&nbsp;&nbsp;&nbsp;&nbsp;&nbsp;&nbsp;&nbsp;&nbsp;&nbsp;&nbsp;&nbsp;&nbsp;&nbsp;&nbsp;&nbsp;&nbsp;&nbsp;&nbsp;&nbsp;&nbsp;&nbsp;For Pump Model CCR 50-200 R6 S2 L6 &nbsp;&nbsp;<span style="line-height: 1.42857143;"><br></span><span style="line-height: 1.42857143;">Part No.&nbsp;&nbsp;&nbsp;&nbsp;&nbsp;&nbsp;&nbsp;&nbsp;&nbsp;&nbsp;&nbsp;&nbsp;&nbsp;&nbsp;&nbsp;&nbsp;&nbsp;&nbsp;&nbsp;&nbsp;&nbsp;&nbsp;&nbsp;&nbsp;&nbsp; &nbsp;: &nbsp; &nbsp; &nbsp; &nbsp; &nbsp; &nbsp; &nbsp; &nbsp; 1100 &nbsp; &nbsp; &nbsp; &nbsp;&nbsp;&nbsp; &nbsp;</span></p><p>&nbsp;&nbsp;&nbsp;&nbsp;&nbsp;&nbsp;&nbsp;&nbsp;&nbsp;&nbsp;&nbsp;&nbsp;&nbsp;&nbsp;&nbsp;&nbsp;&nbsp;&nbsp;&nbsp;&nbsp;&nbsp;&nbsp;&nbsp;&nbsp;&nbsp;&nbsp;&nbsp;&nbsp;&nbsp;&nbsp;&nbsp;&nbsp;&nbsp;&nbsp;&nbsp;&nbsp;&nbsp;&nbsp;&nbsp;&nbsp;&nbsp;&nbsp;&nbsp;&nbsp;&nbsp;&nbsp;&nbsp;&nbsp;&nbsp;&nbsp;&nbsp;&nbsp;&nbsp;&nbsp;&nbsp;&nbsp;&nbsp;&nbsp;&nbsp;&nbsp;<span style="line-height: 1.42857143;"><br></span>&nbsp;&nbsp;&nbsp;&nbsp;&nbsp;&nbsp;&nbsp;&nbsp;&nbsp;&nbsp;&nbsp;&nbsp;&nbsp;&nbsp;&nbsp;&nbsp;&nbsp;&nbsp;</p><p><span style="line-height: 1.42857143;"><br></span></p><p><span style="line-height: 1.42857143;"><br></span></p><p><span style="line-height: 1.42857143;"><br></span></p><p><span style="line-height: 1.42857143;"><br></span></p><p><span style="line-height: 1.42857143;"><br></span></p><p><span style="line-height: 1.42857143;"><br></span></p>', 2, '3250.00', '6500.00', 'No', 2, 0, 2, ''),
(142, 23, 976, '<p>Your item code&nbsp;&nbsp;&nbsp;&nbsp;&nbsp;&nbsp;&nbsp;&nbsp;&nbsp;&nbsp;&nbsp;&nbsp;&nbsp; &nbsp;: &nbsp; &nbsp; &nbsp; &nbsp; &nbsp; &nbsp; &nbsp; &nbsp; &nbsp; &nbsp;CMM009908</p><p><span style="font-weight: bold; text-decoration: underline;">"JOHNSON" Gear Pump</span>&nbsp;</p><p>Model&nbsp;&nbsp;&nbsp;&nbsp;&nbsp;&nbsp;&nbsp;&nbsp;&nbsp;&nbsp;&nbsp;&nbsp;&nbsp;&nbsp;&nbsp;&nbsp;&nbsp;&nbsp;&nbsp;&nbsp;&nbsp; &nbsp;:TGL 047 2 V</p><p>Recom Power &nbsp; &nbsp; &nbsp; &nbsp; : w/1440 RPM</p><p>Sr. No. &nbsp; &nbsp; &nbsp; &nbsp; &nbsp; &nbsp; &nbsp; &nbsp; &nbsp; &nbsp; &nbsp;: C111639001</p><p></p><p></p><p></p>', 1, '26500.00', '26500.00', 'No', 1, 0, 1, ''),
(143, 5, 903, '<p>Your item code&nbsp; &nbsp; :&nbsp; &nbsp; 1000004583</p><p>Part No.&nbsp;&nbsp;&nbsp;&nbsp;&nbsp;&nbsp;&nbsp;&nbsp;&nbsp;&nbsp;&nbsp;&nbsp;&nbsp; &nbsp; :&nbsp; &nbsp; 1036314</p><p><span style="font-weight: bold; text-decoration: underline;">"ANTICO" Chemical Process Pump Set</span></p><p>Model : &nbsp;NZRP 25 160 (Impeller Dia-170 mm)</p><p>Head : 40 Mtrs.</p><p>Flow &nbsp;:1 00 LPM</p><p>Sealing : Mechanical Seal</p><p>Suc*Dis. : &nbsp;40*25 mm</p><p>with "BBL" 5 HP/2900 RPM Motor, Coupling, Coupling Guard, Fasteners dully assembled on MS BasrFrame</p><p>Pump Sr. No. : &nbsp;NZRPTB17033010</p><p>Motor : N1628962</p>', 1, '44700.00', '44700.00', 'Yes', 1, 160, 1, 'Manufactured'),
(144, 14, 927, '<p><span style="font-weight: bold; text-decoration: underline;">"JOHNSON" Pump Sets</span></p><p>Model : CCR 32 160 R6A M2 L6</p><p>Capacity : 12 m3/hr</p><p>Head : 24 Mtrs.</p><p>Sealing : Mechanical Seal</p><p>with "REMI" 5 HP/2900 RPM Motor, Coupling L-95, Coupling Guard, Fasteners dully assembled on MS Baseframe</p><p>Pump Sr. No.:&nbsp;B111272034</p><p>Motor SR. No.: 16/12/1999</p>', 2, '99000.00', '198000.00', 'No', 2, 0, 1, 'Purchessed'),
(145, 19, 881, '<p>Your item code&nbsp;&nbsp;&nbsp;&nbsp;&nbsp;&nbsp;&nbsp;&nbsp;&nbsp; &nbsp; :&nbsp;&nbsp;&nbsp;&nbsp;&nbsp;&nbsp;&nbsp;&nbsp;&nbsp; &nbsp; FILTELEM1177</p><p><span style="font-weight: bold; text-decoration: underline;">"MECHFILL" Basket Type Filter Element</span></p><p>Model&nbsp;&nbsp;&nbsp;&nbsp;&nbsp;&nbsp;&nbsp;&nbsp;&nbsp;&nbsp;&nbsp;&nbsp;&nbsp; &nbsp; :&nbsp;&nbsp;&nbsp;&nbsp;&nbsp;&nbsp;&nbsp;&nbsp;&nbsp;&nbsp;&nbsp;&nbsp;&nbsp; &nbsp; Filter Element</p><p>Micron&nbsp;&nbsp;&nbsp;&nbsp;&nbsp;&nbsp;&nbsp;&nbsp;&nbsp;&nbsp;&nbsp;&nbsp;&nbsp; :&nbsp;&nbsp;&nbsp;&nbsp;&nbsp;&nbsp;&nbsp;&nbsp;&nbsp;&nbsp;&nbsp;&nbsp;&nbsp; &nbsp; 80 Micron</p>', 4, '3450.00', '13800.00', 'No', 1, 100, 4, ''),
(148, 20, 923, '<p>Your item code&nbsp;&nbsp;&nbsp;&nbsp;&nbsp;&nbsp;&nbsp;&nbsp;&nbsp; &nbsp; :&nbsp;&nbsp;&nbsp;&nbsp;&nbsp;&nbsp;&nbsp;&nbsp;&nbsp;&nbsp;&nbsp;&nbsp;&nbsp; &nbsp; PUMPOILS0017</p><p><span style="font-weight: bold; text-decoration: underline;">"TUSHACO" Gear Pump Sets</span></p><p>Model&nbsp;&nbsp;&nbsp;&nbsp;&nbsp;&nbsp;&nbsp;&nbsp;&nbsp; &nbsp; :&nbsp;&nbsp;&nbsp;&nbsp;&nbsp;&nbsp;&nbsp;&nbsp;&nbsp;&nbsp;&nbsp;&nbsp;&nbsp; &nbsp; RT 40</p><p>Capacity&nbsp;&nbsp;&nbsp;&nbsp;&nbsp; &nbsp; :&nbsp;&nbsp;&nbsp;&nbsp;&nbsp;&nbsp;&nbsp;&nbsp;&nbsp;&nbsp;&nbsp;&nbsp;&nbsp; &nbsp; 40 LPM</p><p>Head&nbsp;&nbsp;&nbsp;&nbsp;&nbsp;&nbsp;&nbsp;&nbsp;&nbsp;&nbsp;&nbsp;&nbsp;&nbsp; &nbsp;:&nbsp;&nbsp;&nbsp;&nbsp;&nbsp;&nbsp;&nbsp;&nbsp;&nbsp;&nbsp;&nbsp;&nbsp;&nbsp; &nbsp; 8 Kg/cm2</p><p>with "CGL" 1 HP/1500 RPM Motor, Coupling L-70, Coupling Guard, Fasteners Dully assembled on MS Baseframe</p><p>Pump Sr. No,&nbsp; &nbsp; :&nbsp;&nbsp;&nbsp;&nbsp;&nbsp;&nbsp;&nbsp;&nbsp;&nbsp; &nbsp; 1594996/2771, 2769</p><p>Motor Sr. No.&nbsp; &nbsp; :&nbsp;&nbsp;&nbsp;&nbsp;&nbsp;&nbsp;&nbsp;&nbsp;&nbsp; &nbsp; PGH-43216, 43244</p>', 2, '17750.00', '35500.00', 'Yes', 1, 0, 2, 'Manufactured'),
(149, 18, 767, '<p><span style="font-weight: bold;">Your item code&nbsp;&nbsp;&nbsp;&nbsp;&nbsp;&nbsp;&nbsp;&nbsp;&nbsp; &nbsp; :&nbsp;&nbsp;&nbsp;&nbsp;&nbsp;&nbsp;&nbsp;&nbsp;&nbsp; &nbsp; RMPII00033966</span></p><p><span style="font-weight: bold; text-decoration: underline;">Spares for "JOHNSON" Pump</span></p><p>Name of Spares&nbsp;&nbsp;&nbsp;&nbsp;&nbsp;&nbsp;&nbsp;&nbsp;&nbsp; &nbsp; :&nbsp;&nbsp;&nbsp;&nbsp;&nbsp;&nbsp;&nbsp;&nbsp;&nbsp;&nbsp;&nbsp;&nbsp;&nbsp; &nbsp; Shaft</p><p>&nbsp;&nbsp;&nbsp;&nbsp;&nbsp;&nbsp;&nbsp;&nbsp;&nbsp;&nbsp;&nbsp;&nbsp;&nbsp;&nbsp;&nbsp;&nbsp;&nbsp;&nbsp;&nbsp;&nbsp;&nbsp;&nbsp;&nbsp;&nbsp;&nbsp;&nbsp;&nbsp;&nbsp;&nbsp;&nbsp;&nbsp;&nbsp;&nbsp;&nbsp;&nbsp;&nbsp;&nbsp;&nbsp;&nbsp;&nbsp;&nbsp;&nbsp;&nbsp;&nbsp;&nbsp;&nbsp;&nbsp;&nbsp;&nbsp;&nbsp;&nbsp;&nbsp;&nbsp;&nbsp;&nbsp;&nbsp;&nbsp; &nbsp; For Pump Model KGEN 11-4 G1<br></p>', 2, '704.00', '1408.00', 'No', 2, 0, 2, ''),
(151, 1, 930, '<p><span style="font-weight: bold; text-decoration: underline;">"JOHNSON" Pump Set</span></p><p>Pump Model : CCR 40 160</p><p>Head: 30 Meters</p><p>Flow: 30 M3/Hr</p><p><span style="line-height: 1.42857143;">Sealing: Gland Packing</span><br></p><p><span style="line-height: 1.42857143;">Power: 7.5 HP/2900 RPM</span><br></p><p><span style="line-height: 1.42857143;">Suc*Dis Size: 50 x 32 MM / P H : 7</span><br></p><p><span style="line-height: 1.42857143;">Price for pump with REMI / BBL Make STD. Foot mounted motor, 7.5 HP/2900 rpm</span><br></p><p>&nbsp;Coupling L-95, Coupling Guard MS Base Frame</p><p>Pump Sr. No.: Z111241009</p><p>Motor Sr. No. : 16/07/D/1584</p><p><br></p><p><br></p><p><br></p><p><br></p><p><br></p><p><br></p><p><br></p><p><br></p><p><br></p><p><br></p>', 2, '58500.00', '117000.00', 'Yes', 2, 0, 2, 'Purchessed'),
(152, 32, 645, '<p>Your item code : A0703126776</p><p><span style="font-weight: bold; text-decoration: underline;">"DARLING" Submersible Pump Set</span></p><p>Model&nbsp; &nbsp; :&nbsp; &nbsp; WW 101</p><p>Sr. No.:&nbsp; &nbsp; :&nbsp; &nbsp;WD-160569</p><p>with 5 Mtrs. Cable &amp; Control Penal</p>', 1, '31100.00', '31100.00', 'No', 2, 0, 1, ''),
(153, 15, 951, '<p><span style="font-weight: bold; text-decoration: underline;">Spares for "JOHNSON" Pump</span>&nbsp;</p><p>Model&nbsp;&nbsp;&nbsp;&nbsp;&nbsp; &nbsp; :&nbsp;&nbsp;&nbsp;&nbsp;&nbsp; &nbsp; CCR 50-200 R6A S2 L6</p><p><span style="font-weight: bold;">Item code&nbsp;&nbsp;&nbsp;&nbsp;&nbsp;&nbsp;&nbsp;&nbsp;&nbsp; &nbsp; Part No.&nbsp;&nbsp;&nbsp;&nbsp;&nbsp;&nbsp;&nbsp;&nbsp;&nbsp; &nbsp; Description</span></p><p>766141589020&nbsp;&nbsp;&nbsp;&nbsp;&nbsp;&nbsp;&nbsp;&nbsp;&nbsp; &nbsp; 2650&nbsp;&nbsp;&nbsp;&nbsp;&nbsp;&nbsp;&nbsp;&nbsp;&nbsp; &nbsp; Lock Nut&nbsp; &nbsp;&nbsp;&nbsp;&nbsp;&nbsp;&nbsp;</p>', 2, '227.50', '455.00', 'No', 2, 0, 2, ''),
(154, 15, 953, '<p>766141775030&nbsp;&nbsp;&nbsp;&nbsp;&nbsp;&nbsp;&nbsp;&nbsp;&nbsp; &nbsp; 1100&nbsp;&nbsp;&nbsp;&nbsp;&nbsp;&nbsp;&nbsp;&nbsp;&nbsp; &nbsp; Shaft Sleeve&nbsp;&nbsp;&nbsp;&nbsp;&nbsp;&nbsp;&nbsp;&nbsp;&nbsp;&nbsp;&nbsp;&nbsp;</p>', 2, '3250.00', '6500.00', 'No', 2, 0, 2, ''),
(155, 15, 1159, '', 1, '98000.00', '98000.00', 'Yes', 2, 0, 1, ''),
(157, 13, 941, '<p>Your item code&nbsp; &nbsp; :&nbsp; &nbsp; 766168027010</p><p><span style="font-weight: bold; text-decoration: underline;">"JOHNSON" Centrifugal Pump Set</span></p><p>Model&nbsp;&nbsp;&nbsp;&nbsp;&nbsp; &nbsp; :&nbsp;&nbsp;&nbsp;&nbsp;&nbsp; &nbsp; CCR 125-315 R1A S2 L3 (Impeller Dia-284 mm)</p><p>Head&nbsp;&nbsp;&nbsp;&nbsp;&nbsp;&nbsp;&nbsp;&nbsp;&nbsp; :&nbsp;&nbsp;&nbsp;&nbsp;&nbsp; &nbsp; 20 Mtrs.</p><p>Flow&nbsp;&nbsp;&nbsp;&nbsp;&nbsp;&nbsp;&nbsp;&nbsp;&nbsp; &nbsp; :&nbsp;&nbsp;&nbsp;&nbsp;&nbsp; &nbsp; 225 m3/hr</p><p>Recomd Power&nbsp;&nbsp;&nbsp;&nbsp;&nbsp; &nbsp; :&nbsp;&nbsp;&nbsp;&nbsp;&nbsp; &nbsp; 30 HP/1500 RPM</p><p>with MS Base Frame, Coupling T7C1PB, Fasteners etc.</p><p>Pump Sr. No.&nbsp;&nbsp;&nbsp;&nbsp;&nbsp;&nbsp; &nbsp;&nbsp;&nbsp;&nbsp;&nbsp; : &nbsp; &nbsp;C111627001</p>', 1, '90250.00', '90250.00', 'Yes', 2, 150, 1, ''),
(159, 34, 755, '<p><span style="font-weight: bold; text-decoration: underline;">Spares for "JOHNSON" Pumps Model KGEN 11-3 &amp; 11-4</span></p><p><span style="font-weight: bold;">Part No.&nbsp;&nbsp;&nbsp;&nbsp;&nbsp;&nbsp;&nbsp;&nbsp;&nbsp; &nbsp; Description</span></p><p>PMCSL167&nbsp;&nbsp;&nbsp;&nbsp;&nbsp; &nbsp; &nbsp;&nbsp;&nbsp;&nbsp;Mechancial Seal</p>', 2, '1311.00', '2622.00', 'No', 2, 0, 2, ''),
(160, 34, 757, '<p>PPMPS256&nbsp;&nbsp;&nbsp;&nbsp;&nbsp; &nbsp; Suction Cover</p>', 1, '665.00', '665.00', 'No', 2, 0, 1, ''),
(161, 34, 752, '<p>PPMPS257&nbsp;&nbsp;&nbsp;&nbsp;&nbsp; &nbsp; Intermediate Cover</p>', 2, '845.50', '1691.00', 'No', 2, 0, 2, ''),
(162, 34, 770, '<p>PPMPS317&nbsp;&nbsp;&nbsp;&nbsp;&nbsp; &nbsp; Impeller</p>', 1, '617.50', '617.50', 'No', 2, 0, 1, ''),
(163, 34, 792, '<p>PPMPS352&nbsp;&nbsp;&nbsp;&nbsp;&nbsp; &nbsp; Suction Casing</p>', 1, '4818.40', '4818.40', 'No', 2, 0, 1, ''),
(164, 34, 767, '<p>PPMPS369/ 1050&nbsp;&nbsp;&nbsp;&nbsp;&nbsp; &nbsp; Pump Shaft</p>', 1, '845.50', '845.50', 'No', 2, 0, 1, 'Manufactured'),
(168, 35, 612, '<p><span style="font-weight: bold; text-decoration: underline;">Spares for "TUSHACO" Pumps</span></p><p><span style="font-weight: bold;">Item code&nbsp;&nbsp;&nbsp;&nbsp;&nbsp; &nbsp;&nbsp;&nbsp;&nbsp;&nbsp;&nbsp;&nbsp;&nbsp;&nbsp;&nbsp;&nbsp;&nbsp;&nbsp; &nbsp;Description&nbsp;&nbsp;&nbsp;&nbsp;&nbsp;&nbsp;&nbsp;&nbsp;&nbsp;&nbsp; &nbsp;&nbsp;&nbsp;&nbsp;&nbsp;&nbsp;&nbsp;&nbsp;&nbsp; Pump Model</span></p><p>PUMPSPARA544 &nbsp; &nbsp; &nbsp; &nbsp; &nbsp; &nbsp; &nbsp; &nbsp;Mechanical Seal&nbsp;&nbsp;&nbsp; &nbsp; &nbsp; &nbsp; &nbsp; &nbsp; &nbsp; &nbsp; &nbsp; &nbsp; &nbsp; &nbsp;T3ST 45/42</p>', 2, '8500.00', '17000.00', 'Yes', 4, 0, 3, ''),
(169, 35, 621, '<p>PUMPSPAR4545 &nbsp; &nbsp; &nbsp; &nbsp; &nbsp; &nbsp;Mechanical Seal&nbsp;&nbsp;&nbsp; &nbsp; &nbsp; &nbsp; &nbsp; &nbsp; &nbsp; &nbsp; &nbsp; &nbsp; &nbsp; &nbsp; &nbsp; T3SFP 20/56</p>', 1, '13250.00', '13250.00', 'Yes', 4, 0, 0, ''),
(170, 35, 612, '<p>PUMPSPAR4546&nbsp;&nbsp;&nbsp;&nbsp;&nbsp; &nbsp; Mechanical Seal&nbsp; &nbsp;&nbsp;&nbsp;&nbsp;&nbsp;&nbsp;&nbsp;&nbsp;&nbsp;&nbsp;&nbsp;&nbsp;&nbsp;&nbsp;&nbsp;&nbsp;&nbsp;&nbsp; &nbsp;&nbsp;&nbsp;&nbsp;&nbsp; T3ST 45/42</p>', 2, '8500.00', '17000.00', 'Yes', 4, 0, 2, ''),
(171, 36, 1189, '<p><span style="font-weight: bold; text-decoration: underline;">Spares for "JOHNSON" Pump</span></p><p>Name of Spares : Impeller</p><p>&nbsp;&nbsp;&nbsp;&nbsp;&nbsp;&nbsp;&nbsp;&nbsp;&nbsp;&nbsp;&nbsp;&nbsp;&nbsp;&nbsp;&nbsp;&nbsp;&nbsp;&nbsp;&nbsp;&nbsp;&nbsp;&nbsp;&nbsp;&nbsp;&nbsp;&nbsp;&nbsp;&nbsp;&nbsp;&nbsp;&nbsp;&nbsp;&nbsp; For Pump Model CCR 50-200 R6A S2 L6</p><p> </p><p><br></p><p><br></p><p><br></p><p><br></p><p><br></p><p><br></p><p><br></p><p><br></p><p><br></p><p><br></p><p><br></p><p><br></p><p><br></p><p><br></p><p>&nbsp;<br></p>', 2, '6500.00', '13000.00', 'No', 2, 0, 2, ''),
(172, 37, 645, '<p><span style="font-weight: bold; text-decoration: underline;">"DARLING" Submersible Pump</span></p><p>Model&nbsp; &nbsp; :&nbsp; &nbsp; WW 101</p><p>Recd. Power&nbsp; &nbsp; :&nbsp; &nbsp; 1 HP/2900 RPM</p><p>Sr. No.&nbsp;&nbsp;&nbsp;&nbsp;&nbsp;&nbsp;&nbsp;&nbsp;&nbsp;&nbsp;&nbsp;&nbsp;&nbsp; &nbsp; :&nbsp; &nbsp; WD 160569</p><p><br></p><p><br></p><p><br></p><p><br></p><p><br></p><p><br></p><p><br></p><p><br></p>', 1, '7500.00', '7500.00', 'No', 2, 0, 1, ''),
(173, 38, 988, '<p><span style="font-weight: bold; text-decoration: underline;">"JOHNSON" Centrifugal Pump Set</span></p><p>Model&nbsp; &nbsp; :&nbsp; &nbsp; CBR 25 125 R4</p><p>Capacity&nbsp; &nbsp; :&nbsp; &nbsp; 3 m3/hr</p><p>Head&nbsp; &nbsp; :&nbsp; &nbsp; 15 Mtrs.</p><p>Suc*dis.&nbsp; &nbsp; :&nbsp; &nbsp; 32*25 mm</p><p>Sealing&nbsp; &nbsp; :&nbsp; &nbsp; Mechanical Seal</p><p>Complete Moterised unit</p><p>Sr. No.&nbsp; &nbsp; :&nbsp; &nbsp; C111625002</p>', 1, '24500.00', '24500.00', 'No', 2, 0, 1, ''),
(174, 39, 637, '<p><br></p>', 2, '250000.00', '500000.00', 'No', 2, 0, 0, ''),
(176, 40, 803, '<p><p></p><span style="font-weight: bold; text-decoration: underline;">"JOHNSON" Pump Set</span></p><p>Model&nbsp;&nbsp;&nbsp;&nbsp;&nbsp;&nbsp; &nbsp; :&nbsp;&nbsp;&nbsp;&nbsp;&nbsp;&nbsp; &nbsp; KGEN 12 5 G1</p><p>Head&nbsp;&nbsp;&nbsp;&nbsp;&nbsp; &nbsp; :&nbsp;&nbsp;&nbsp;&nbsp;&nbsp; &nbsp; 19 Mtrs.</p><p>Flow&nbsp;&nbsp;&nbsp;&nbsp;&nbsp; &nbsp; :&nbsp;&nbsp;&nbsp;&nbsp;&nbsp; &nbsp; 30 m3/hr</p><p>Sealing&nbsp;&nbsp;&nbsp;&nbsp;&nbsp; &nbsp; :&nbsp;&nbsp;&nbsp;&nbsp;&nbsp; &nbsp;Mechanical Seal&nbsp;</p><p>with "BBL" IE3 3 HP/2900 Motor, Coupling L-95, Coupling Guard, Fasteners dully assembled on MS Baseframe</p><p>Pump Sr. No. :C111625002</p><p>Motor Sr. No. :&nbsp;N1719022<br><br><br><p></p></p>', 1, '16700.00', '16700.00', 'Yes', 2, 0, 1, ''),
(178, 42, 933, '<p><span style="font-weight: bold;">Your item code : 4000007378</span></p><p><span style="font-weight: bold; text-decoration: underline;">"POSITIVE" Dosing Pump</span></p><p>Model&nbsp; &nbsp; :&nbsp; &nbsp; DD 03</p><p>Flow&nbsp; &nbsp; :&nbsp; &nbsp; 16 LPH</p><p>Pressure&nbsp; &nbsp; :&nbsp; &nbsp; 2 kg/cm2</p><p><br></p><p><br></p><p><br></p><p><br></p><p><br></p><p><br></p>', 1, '41150.00', '41150.00', 'No', 1, 0, 1, ''),
(179, 43, 1112, '<p><span style="font-weight: bold;">Your item code : 530888 1000110592</span></p><p><span style="font-weight: bold; text-decoration: underline;">"JOHNSON" Centrifugal Pump Set</span></p><p>Model&nbsp; &nbsp; :&nbsp; &nbsp; CCR 25-160 R6 S2 L3</p><p>Head&nbsp; &nbsp; :&nbsp; &nbsp; 44 Mtrs.</p><p>Capacity&nbsp; &nbsp; :&nbsp; &nbsp; 3.7 m3/hr</p><p>Suc* Dis.&nbsp; &nbsp; :&nbsp; &nbsp; 25*25 mm</p><p>Sealing&nbsp;&nbsp; &nbsp; :&nbsp; &nbsp; Mechanical Seal</p><p>with "REMI" 5 HP/2900 RPM Motor, Coupling L-95, Coupling Guard, Fasteners dully assembled on MS Baseframe </p><p>Pump Sr. No.: C111659005</p><p>Motor Sr. No. : 17/03/D/1155</p><p><br></p><p><br></p><p><br></p><p>&nbsp;</p><p><br></p>', 1, '56800.00', '56800.00', 'Yes', 2, 0, 1, ''),
(180, 44, 1112, '<p><span style="font-weight: bold;">Your item code : 160000040</span></p><p><span style="font-weight: bold; text-decoration: underline;">"JOHNSON" Centrifugal Pump Set</span></p><p>Model&nbsp; &nbsp; :&nbsp; &nbsp; CCR 25 160 R6 M2 L3</p><p>Head&nbsp; &nbsp; :&nbsp; &nbsp; 40 Mtrs.</p><p>Capacity&nbsp; &nbsp; :&nbsp; &nbsp; 2.4 m3/hr</p><p>Sealing&nbsp; &nbsp; :&nbsp; &nbsp; Mechanical Seal</p><p>Suc* Dis.&nbsp; &nbsp; :&nbsp; &nbsp; 25*25 mm</p><p>with "BBL" 5 HP/2900 RPM Flame Proof Motor, Coupling L-95, Coupling Guard, Fasteners dully assembled on MS Baseframe&nbsp;</p><p>Pump Sr. No.: C111659006</p><p>Motor Sr. No: M1701163</p>', 1, '68575.00', '68575.00', 'No', 2, 0, 1, ''),
(181, 26, 1112, '<p>Your item code&nbsp;&nbsp;&nbsp;&nbsp;&nbsp; &nbsp; :&nbsp;&nbsp;&nbsp;&nbsp;&nbsp;&nbsp;&nbsp;&nbsp;&nbsp; &nbsp; 530888/1000110592</p><p><span style="font-weight: bold; text-decoration: underline;">"JOHNSON" Centrifugal Pump Sets</span></p><p>Model&nbsp;&nbsp;&nbsp;&nbsp;&nbsp;&nbsp;&nbsp;&nbsp;&nbsp;&nbsp;&nbsp;&nbsp;&nbsp; &nbsp; :&nbsp;&nbsp;&nbsp;&nbsp;&nbsp;&nbsp;&nbsp;&nbsp;&nbsp;&nbsp;&nbsp;&nbsp;&nbsp;&nbsp;&nbsp;&nbsp;&nbsp; &nbsp; CCR 25 160 R6 M2 L3</p><p>Capacity&nbsp;&nbsp;&nbsp;&nbsp;&nbsp;&nbsp;&nbsp;&nbsp;&nbsp; &nbsp; :&nbsp;&nbsp;&nbsp;&nbsp;&nbsp;&nbsp;&nbsp;&nbsp;&nbsp;&nbsp;&nbsp;&nbsp;&nbsp;&nbsp;&nbsp;&nbsp;&nbsp; &nbsp; 3.7 m3/hr</p><p>Head&nbsp;&nbsp;&nbsp;&nbsp;&nbsp;&nbsp;&nbsp;&nbsp;&nbsp;&nbsp;&nbsp;&nbsp;&nbsp;&nbsp;&nbsp;&nbsp;&nbsp; &nbsp; :&nbsp;&nbsp;&nbsp;&nbsp;&nbsp;&nbsp;&nbsp;&nbsp;&nbsp;&nbsp;&nbsp;&nbsp;&nbsp;&nbsp;&nbsp;&nbsp;&nbsp; &nbsp;44 mtrs.</p><p>Suc*dis.&nbsp;&nbsp;&nbsp;&nbsp;&nbsp;&nbsp;&nbsp;&nbsp;&nbsp;&nbsp;&nbsp;&nbsp;&nbsp; &nbsp; :&nbsp;&nbsp;&nbsp;&nbsp;&nbsp;&nbsp;&nbsp;&nbsp;&nbsp;&nbsp;&nbsp;&nbsp;&nbsp;&nbsp;&nbsp;&nbsp;&nbsp; &nbsp;25*25 mm</p><p>Sealing &nbsp;&nbsp;&nbsp;&nbsp;&nbsp;&nbsp;&nbsp;&nbsp;&nbsp;&nbsp;&nbsp;&nbsp;&nbsp; &nbsp; :&nbsp;&nbsp;&nbsp;&nbsp;&nbsp;&nbsp;&nbsp;&nbsp;&nbsp;&nbsp;&nbsp;&nbsp;&nbsp;&nbsp;&nbsp;&nbsp;&nbsp; &nbsp; Mechanical Seal</p><p>with "BBL" 5 HP/2900 RPM Motor, Coupling L-95, Coupling Guard, Fasteners dully assembled on MS Baseframe</p><p>Pump Sr. No.&nbsp;&nbsp;&nbsp;&nbsp;&nbsp; &nbsp;:</p><p>Motor Sr. No.&nbsp;&nbsp;&nbsp;&nbsp;&nbsp; &nbsp;:&nbsp;</p>', 1, '56800.00', '56800.00', 'Yes', 2, 0, 0, ''),
(182, 45, 1197, '<p><span style="font-weight: bold;">Your item code :&nbsp;MACHINERY</span></p><p><span style="font-weight: bold; text-decoration: underline;">"JOHNSON" Pump Sets</span></p><p>&nbsp;Model : CCR 32 125</p><p>Head : 25 Mtrs.</p><p>Flow : 20 m3/hr</p><p>Sealing : Gland Packing&nbsp;</p><p>with "BBL" IE3 5 HP/2900 RPM Motor, Coupling L-95,&nbsp;Coupling Guard, Fasteners, Control Penal, dully assembled&nbsp;&nbsp;on MS Baseframe</p><p>Pump Sr. No. :D111008001,&nbsp;D111008002</p><p>Motor Sr. No. :N1627290</p>', 2, '44400.00', '88800.00', 'Yes', 2, 0, 2, ''),
(183, 16, 963, '<p><span style="font-weight: bold; text-decoration: underline;">Spares for "JOHNSON" Pump</span>&nbsp;</p><p>Model&nbsp;&nbsp;&nbsp;&nbsp;&nbsp;&nbsp;&nbsp;&nbsp;&nbsp; &nbsp; :&nbsp;&nbsp;&nbsp;&nbsp;&nbsp;&nbsp;&nbsp;&nbsp;&nbsp; &nbsp; CN 25 160 G1 S2 L3</p><p><span style="font-weight: bold;">Item code&nbsp;&nbsp;&nbsp;&nbsp;&nbsp;&nbsp;&nbsp;&nbsp;&nbsp; &nbsp; Part No.&nbsp;&nbsp;&nbsp;&nbsp;&nbsp;&nbsp;&nbsp;&nbsp;&nbsp;&nbsp;&nbsp;&nbsp;&nbsp; &nbsp; Description</span></p><p>ENELOTHE0136&nbsp; &nbsp; 120&nbsp;&nbsp;&nbsp;&nbsp;&nbsp;&nbsp;&nbsp;&nbsp;&nbsp;&nbsp;&nbsp;&nbsp;&nbsp;&nbsp;&nbsp;&nbsp;&nbsp;&nbsp;&nbsp;&nbsp;&nbsp;&nbsp;&nbsp;&nbsp;&nbsp;&nbsp;&nbsp;&nbsp;&nbsp; &nbsp; Impeller</p>', 2, '6210.00', '12420.00', 'No', 2, 0, 2, ''),
(184, 46, 1204, '<p><span style="font-weight: bold; text-decoration: underline;">"JOHNSON" Pump Set</span></p><p>Model : CB 32 160 G1 S2 L3 (Impeller Dia-149 mm)</p><p>Head : 27 Mtrs.</p><p>Capacity : 200 LPM</p><p>Sealing : Mechanical Seal</p><p>with "BB" 3 HP/2900 RPM Flange Mounted Motor,</p><p>Pump Sr. No. : B111399018</p><p>Motor Sr. No. : U1701072</p>', 1, '26910.00', '26910.00', 'No', 2, 0, 1, ''),
(187, 48, 940, '<p>Item Code : PUMPOTHR0415</p><p>Pump Model : T 3 SFP 20 / 56&nbsp;</p><p>Capacity : 50 LPM</p><p>Bare Pump</p>', 1, '82000.00', '82000.00', 'Yes', 4, 0, 0, ''),
(188, 47, 1208, '<p><span style="font-weight: bold;">Your Item Code : 94009751</span></p><p><span style="font-weight: bold; text-decoration-line: underline;">"TUSHACO" Gear Pump Set</span></p><p>Pump Model : R 20 DG</p><p>Flow : 3 m3/hr</p><p>Head : 20 - 25 Mtrs</p><p>Sealing : Mechanical Seal</p><p>with "<span style="background-color: transparent;">BBL"&nbsp;</span><span style="background-color: transparent;">3 HP / 960 RPM Flame Proof &nbsp;Foot Mounted &nbsp;</span></p><p><span style="background-color: transparent;">Coupling ,</span><span style="background-color: transparent;">Coupling Guard , fasteners dully assembled on MS Baseframe.</span></p><p><span style="background-color: transparent;">Pump Sr. No.:</span></p><p><span style="background-color: transparent;">Motor Sr. No:&nbsp;</span></p>', 1, '48200.00', '48200.00', 'Yes', 1, 0, 0, 'Manufactured'),
(189, 49, 1169, '<p><span style="font-weight: bold;">Your item code : 760520027300</span>&nbsp;</p><p><span style="font-weight: bold; text-decoration: underline;">"JOHNSON" Centrifugal Pump</span></p><p>Model : CCR 40-200 R6L M2 L3</p><p>Head : 55 Mtrs.</p><p>Flow : 25 m3/hr</p><p>Sr. No. : C111657001</p><p><br></p><p><br></p><p><br></p><p><br></p><p><br></p><p><br></p><p><br></p>', 1, '75000.00', '75000.00', 'Yes', 2, 0, 1, ''),
(211, 51, 978, '<p><span style="font-weight: bold; text-decoration: underline;">Spares for "ANTICO" Pump</span></p><p><span style="font-weight: bold;">Model&nbsp; &nbsp; :&nbsp; &nbsp; EXP 160 CT</span></p><p><span style="font-weight: bold;">Item code&nbsp;&nbsp;&nbsp;&nbsp;&nbsp;&nbsp;&nbsp;&nbsp;&nbsp;&nbsp;&nbsp;&nbsp;&nbsp;&nbsp; &nbsp; Part No.&nbsp;&nbsp;&nbsp;&nbsp;&nbsp; &nbsp; Description</span></p><p>760842711010&nbsp;&nbsp;&nbsp;&nbsp;&nbsp;&nbsp;&nbsp;&nbsp;&nbsp; &nbsp; 73900040&nbsp;&nbsp;&nbsp;&nbsp;&nbsp; &nbsp; Stationary Ring</p>', 3, '5624.00', '16872.00', 'No', 1, 0, 0, ''),
(212, 51, 979, '<p>760842863010&nbsp;&nbsp;&nbsp;&nbsp;&nbsp;&nbsp;&nbsp;&nbsp;&nbsp; &nbsp; 73500041&nbsp;&nbsp;&nbsp;&nbsp;&nbsp;&nbsp;&nbsp;&nbsp;&nbsp; &nbsp; Rotary Part</p>', 2, '5989.40', '11978.80', 'No', 1, 0, 0, ''),
(213, 51, 830, '<p>760842210010&nbsp;&nbsp;&nbsp;&nbsp;&nbsp;&nbsp;&nbsp;&nbsp;&nbsp; &nbsp; 70800001&nbsp;&nbsp;&nbsp;&nbsp;&nbsp;&nbsp;&nbsp;&nbsp;&nbsp; &nbsp; Deflector</p>', 2, '136.90', '273.80', 'No', 1, 0, 0, ''),
(214, 51, 835, '<p>760842300010&nbsp;&nbsp;&nbsp;&nbsp;&nbsp;&nbsp;&nbsp;&nbsp;&nbsp; &nbsp; 70410010&nbsp;&nbsp;&nbsp;&nbsp;&nbsp;&nbsp;&nbsp;&nbsp;&nbsp; &nbsp; Adapter Flange</p>', 2, '342.25', '684.50', 'No', 1, 0, 0, ''),
(215, 51, 1174, '<p>760842300020&nbsp;&nbsp;&nbsp;&nbsp;&nbsp;&nbsp;&nbsp;&nbsp;&nbsp; &nbsp; 70422921&nbsp;&nbsp;&nbsp;&nbsp;&nbsp;&nbsp;&nbsp;&nbsp;&nbsp; Locating Flange &nbsp;</p>', 4, '1625.70', '6502.80', 'No', 1, 0, 0, ''),
(216, 51, 1160, '<p>760842640010&nbsp;&nbsp;&nbsp;&nbsp;&nbsp;&nbsp;&nbsp;&nbsp;&nbsp; &nbsp; 70211602&nbsp;&nbsp;&nbsp;&nbsp;&nbsp;&nbsp;&nbsp;&nbsp;&nbsp; &nbsp; Back Plate</p>', 4, '2909.10', '11636.40', 'No', 1, 0, 0, ''),
(217, 51, 1211, '<p>760842752010&nbsp;&nbsp;&nbsp;&nbsp;&nbsp;&nbsp;&nbsp;&nbsp;&nbsp; &nbsp; 75210506&nbsp;&nbsp;&nbsp;&nbsp;&nbsp;&nbsp;&nbsp;&nbsp;&nbsp; &nbsp; Shaft</p>', 2, '6845.00', '13690.00', 'No', 1, 0, 0, ''),
(218, 51, 674, '<p><br></p>', 4, '7215.00', '28860.00', 'No', 1, 0, 0, ''),
(219, 51, 1213, '<p><br></p>', 2, '2909.10', '5818.20', 'No', 1, 0, 0, ''),
(220, 51, 1215, '<p><br></p>', 2, '5304.90', '10609.80', 'No', 1, 0, 0, ''),
(221, 52, 762, '<p>Your item code : 0310</p><p><span style="font-weight: bold; text-decoration-line: underline;">Spares for "JOHNSON" Pump</span></p><p>Name of Spares : Valve Assembly&nbsp;</p><p>&nbsp;&nbsp;&nbsp;&nbsp;&nbsp;&nbsp;&nbsp;&nbsp;&nbsp;&nbsp;&nbsp;&nbsp;&nbsp;&nbsp;&nbsp;&nbsp;&nbsp;&nbsp;&nbsp;&nbsp;&nbsp;&nbsp;&nbsp;&nbsp;&nbsp;&nbsp;&nbsp;&nbsp;&nbsp;&nbsp;&nbsp;&nbsp;&nbsp;&nbsp;&nbsp;&nbsp;&nbsp; &nbsp; For Pump Model KGEN 11-3 G1<br>&nbsp;</p>', 5, '540.00', '2700.00', 'No', 2, 0, 5, ''),
(223, 53, 677, '<p>Your item code : REP-P&amp;M-3457</p><p><span style="font-weight: bold; text-decoration: underline;">"JOHNSON" Pumps</span></p><p>Model : KGEN 11-3 G1</p><p>Sr. No. : C111152006, C111152009</p>', 2, '8880.00', '17760.00', 'No', 2, 0, 2, ''),
(229, 55, 608, '<p><span style="font-weight: bold;">Your item code : 40151500HJ45</span></p><p><span style="font-weight: bold; text-decoration: underline;">"TUSHACO" Three Screw Pump</span></p><p>Model&nbsp;&nbsp;&nbsp;&nbsp;&nbsp; &nbsp; :&nbsp;&nbsp;&nbsp;&nbsp;&nbsp; &nbsp; T3ST 52/40</p><p>Capacity&nbsp; &nbsp; :&nbsp; &nbsp; 155 LPM</p><p>Pressure&nbsp; &nbsp; :&nbsp; &nbsp; 50 kg/cm2</p><p>Sr. No.&nbsp; &nbsp; :&nbsp;&nbsp;&nbsp;&nbsp;</p>', 1, '318900.00', '318900.00', 'Yes', 1, 0, 0, ''),
(230, 55, 1219, '<p><span style="font-weight: bold;">Your item code : 23151600Z680</span></p><p><span style="font-weight: bold; text-decoration: underline;">Spare for "ALLWEILER" Pump</span></p><p>Name of Spare &nbsp;: &nbsp;Mechanical Seal</p><p>&nbsp;&nbsp;&nbsp;&nbsp;&nbsp;&nbsp;&nbsp;&nbsp;&nbsp;&nbsp;&nbsp;&nbsp;&nbsp;&nbsp;&nbsp;&nbsp;&nbsp;&nbsp;&nbsp;&nbsp;&nbsp;&nbsp;&nbsp;&nbsp;&nbsp;&nbsp;&nbsp;&nbsp;&nbsp; &nbsp; For Pump Model T3ST 70/46<br></p>', 1, '27600.00', '27600.00', 'Yes', 1, 0, 1, ''),
(235, 57, 1222, '<p><span style="font-weight: bold; text-decoration: underline;">Spares for JOHNSON Pump</span></p><p>&nbsp;Mechanical Seal for CCR 32 160 R6 S2 L3</p><p><br></p>', 1, '13490.00', '13490.00', 'No', 2, 0, 1, ''),
(236, 57, 1221, '<p>Mechanical Seal for CCR 40 160 R6 S2 L3&nbsp;</p><p><br></p>', 1, '13490.00', '13490.00', 'No', 2, 0, 1, ''),
(238, 4, 935, '<p><span style="font-weight: bold;">Your Item Code: PUMPOTHR0371</span></p><p><span style="font-weight: bold; text-decoration: underline;">"DARLING" Submersible Pumps</span></p><p>Pump Model : LJ 15 LN</p><p>Head : 10 Meters</p><p>Flow : 375 LPM</p><p>Power: 1.5 HP / 2980 RPM 3 Phase</p><p>Outlet : 50 MM</p><p>Pump with 10 Meters Cables</p><p>Sr. No.: JC-173498, JC-173499</p>', 2, '34475.00', '68950.00', 'Yes', 3, 0, 2, ''),
(239, 58, 1223, '<p>Your material Code : 766160027020</p><p>Rotating Assembly for Pump Model &nbsp;CCR 40 200 R6 M2 L3</p>', 1, '63500.00', '63500.00', 'Yes', 2, 0, 0, ''),
(241, 41, 806, '<p><span style="font-weight: bold;">Your item code : ENELPTHE0583</span></p><p><span style="font-weight: bold; text-decoration: underline;">"JOHNSON" Self Priming Pump Sets</span></p><p>Model : KGEN 16-6 G1 (with SS Impeller)</p><p>Flow : 30 m3/hr</p><p>Head : 35 Mtrs.</p><p>Sealing : Mechanical Seal</p><p>with "REMI" 7.5 HP/2900 RPM Motor, Coupling L-100, Coupling Guard,Fasteners dully assembled on MS Baseframe.</p><p>Pump Sr. No.: C111152013, C1111152022</p><p>Motor Sr. No. : 16/07/D-1584, 16/07/D-1585</p><p><br></p>', 2, '44500.00', '89000.00', 'Yes', 2, 0, 2, 'Manufactured'),
(242, 12, 938, '<p><span style="font-weight: bold; text-decoration: underline;">"JOHNSON" Pump Sets</span></p><p>Model&nbsp;&nbsp;&nbsp;&nbsp;&nbsp; &nbsp; :&nbsp;&nbsp;&nbsp;&nbsp;&nbsp; &nbsp; CN 40 160 G1 S2 L3</p><p>Head&nbsp;&nbsp;&nbsp;&nbsp;&nbsp;&nbsp;&nbsp;&nbsp;&nbsp; :&nbsp;&nbsp;&nbsp;&nbsp;&nbsp; &nbsp; 25 Mtrs.</p><p>Flow&nbsp;&nbsp;&nbsp;&nbsp;&nbsp;&nbsp;&nbsp;&nbsp;&nbsp; &nbsp; :&nbsp;&nbsp;&nbsp;&nbsp;&nbsp; &nbsp; 30 m3/hr</p><p>Recco. Power&nbsp;&nbsp;&nbsp;&nbsp;&nbsp; &nbsp; :&nbsp;&nbsp;&nbsp;&nbsp;&nbsp; &nbsp; 5 HP/2900 RPM</p><p>with, Coupling L-95, Coupling Guard, Fasteners dully assembled on MS Baseframe</p><p>Pump Sr. No.&nbsp;&nbsp;&nbsp;&nbsp;&nbsp; &nbsp; :&nbsp;&nbsp;&nbsp;&nbsp;&nbsp; &nbsp; C111072003, 005</p>', 2, '19500.00', '39000.00', 'No', 2, 0, 2, ''),
(243, 12, 812, '<p>Model&nbsp;&nbsp;&nbsp;&nbsp;&nbsp;&nbsp;&nbsp;&nbsp;&nbsp;&nbsp;&nbsp;&nbsp;&nbsp;&nbsp;&nbsp;&nbsp;&nbsp;&nbsp;&nbsp;&nbsp;&nbsp; &nbsp; :&nbsp;&nbsp;&nbsp;&nbsp;&nbsp;&nbsp;&nbsp;&nbsp;&nbsp;&nbsp;&nbsp;&nbsp;&nbsp;&nbsp;&nbsp;&nbsp;&nbsp;&nbsp;&nbsp;&nbsp;&nbsp; &nbsp; CN 50 160 G1 M2 L3</p><p>Head&nbsp;&nbsp;&nbsp;&nbsp;&nbsp;&nbsp;&nbsp;&nbsp;&nbsp;&nbsp;&nbsp;&nbsp;&nbsp;&nbsp;&nbsp;&nbsp;&nbsp;&nbsp;&nbsp;&nbsp;&nbsp;&nbsp;&nbsp;&nbsp;&nbsp;:&nbsp;&nbsp;&nbsp;&nbsp;&nbsp;&nbsp;&nbsp;&nbsp;&nbsp;&nbsp;&nbsp;&nbsp;&nbsp;&nbsp;&nbsp;&nbsp;&nbsp;&nbsp;&nbsp;&nbsp;&nbsp; &nbsp; 2 Mtrs.</p><p>Flow&nbsp;&nbsp;&nbsp;&nbsp;&nbsp;&nbsp;&nbsp;&nbsp;&nbsp;&nbsp;&nbsp;&nbsp;&nbsp;&nbsp;&nbsp;&nbsp;&nbsp;&nbsp;&nbsp;&nbsp;&nbsp;&nbsp;&nbsp;&nbsp;&nbsp; :&nbsp;&nbsp;&nbsp;&nbsp;&nbsp;&nbsp;&nbsp;&nbsp;&nbsp;&nbsp;&nbsp;&nbsp;&nbsp;&nbsp;&nbsp;&nbsp;&nbsp;&nbsp;&nbsp;&nbsp;&nbsp; &nbsp; 16 M3/hr</p><p></p><p>Suc* Dis.&nbsp;&nbsp;&nbsp;&nbsp;&nbsp;&nbsp;&nbsp;&nbsp;&nbsp;&nbsp;&nbsp;&nbsp;&nbsp;&nbsp;&nbsp;&nbsp;&nbsp; :&nbsp;&nbsp;&nbsp;&nbsp;&nbsp;&nbsp;&nbsp;&nbsp;&nbsp;&nbsp;&nbsp;&nbsp;&nbsp;&nbsp;&nbsp;&nbsp;&nbsp;&nbsp;&nbsp;&nbsp;&nbsp; &nbsp; 65*60 mm</p><p>with Coupling L-95, Coupling Guard, Fasteners dully assembled on Ms Baseframe</p><p>Pump Sr. No.&nbsp;&nbsp;&nbsp;&nbsp;&nbsp;&nbsp;&nbsp;&nbsp;&nbsp; :&nbsp;&nbsp;&nbsp;&nbsp;&nbsp;&nbsp;&nbsp;&nbsp;&nbsp;&nbsp;&nbsp;&nbsp;&nbsp;&nbsp;&nbsp;&nbsp;&nbsp;&nbsp;&nbsp;&nbsp;&nbsp; &nbsp; C111625007, 008</p><p></p><p></p><p></p>', 2, '28900.00', '57800.00', 'No', 2, 0, 2, ''),
(245, 11, 683, '', 3, '9900.00', '29700.00', 'No', 2, 0, 3, ''),
(246, 60, 1226, '<p><span style="font-weight: bold; text-decoration: underline;">Spares for "DARLING" Pump</span></p><p>Model&nbsp; &nbsp; :&nbsp; &nbsp; T 2003 H</p>', 1, '41000.00', '41000.00', 'No', 2, 0, 1, ''),
(249, 61, 1227, '<p>Item Code: 876649654010</p><p>DARLING make Submersible Pump</p><p>Application : Tyre Washing Plant</p><p>Liquid : Acidic Water with Light Slurry</p><p>Head : 12 Meters</p><p>Flow : 1000 LPM</p><p>Outlet Size : 100 MM</p><p>Motor Power: 7.5 HP/2900 RPM</p><p>Solid Handling : 40 MM</p><p>MOC : SS 316 Complete Pump</p><p>Scope of Supply Pump set with 10 Meters Cables</p><p><br></p><p><br></p><p><br></p><p><br></p>', 1, '175660.00', '175660.00', 'Yes', 5, 0, 0, ''),
(250, 59, 606, '<p>ITEM CODE : &nbsp;PUMPOILS0016</p><p>Pump Model: T3ST 45/42 (Bare Pump)</p><p>Flow : 120 LPM</p><p>Pressure : 40 Kg/cm2</p>', 1, '170000.00', '170000.00', 'Yes', 4, 0, 0, ''),
(254, 63, 943, '<p><span style="font-weight: bold; text-decoration-line: underline;">Spares for "JOHNSON" Pump</span></p><p>Model : CN 80-200</p><p>Bearing Housing</p>', 2, '4590.00', '9180.00', 'No', 2, 0, 2, ''),
(255, 63, 944, '<p>Impeller (Bronze)</p>', 4, '10070.00', '40280.00', 'No', 2, 0, 4, ''),
(256, 63, 942, '<p>Pump Shaft</p>', 1, '7050.00', '7050.00', 'No', 2, 0, 1, ''),
(257, 62, 687, '<p><span style="font-weight: bold; text-decoration-line: underline;">"JOHNSON" Pump</span></p><p>Model : KGEN 15 6 G1</p><p>Sr. No. : C111659016</p>', 1, '21500.00', '21500.00', 'No', 2, 0, 1, ''),
(258, 64, 1226, '<p><span style="font-weight: bold; text-decoration: underline;">Spares for "JOHNSON" Pump</span></p><p>Model&nbsp; &nbsp; :&nbsp; &nbsp; KGEN 15 6 G1</p><p>Consisting Spares</p><p>Oil Seal</p><p>Shaft</p><p>Bearing Set</p><p>Mechanical Seal</p>', 1, '8750.00', '8750.00', 'No', 2, 0, 1, ''),
(262, 56, 756, '<p>Your item code : 40151503K267</p><p><span style="font-weight: bold; text-decoration: underline;">Spares for "JOHNSON" Pump</span></p><p>Name of Spares : Mechanical Seal</p><p>&nbsp;&nbsp;&nbsp;&nbsp;&nbsp;&nbsp;&nbsp;&nbsp;&nbsp;&nbsp;&nbsp;&nbsp;&nbsp;&nbsp;&nbsp;&nbsp;&nbsp;&nbsp;&nbsp;&nbsp;&nbsp;&nbsp;&nbsp;&nbsp;&nbsp;&nbsp;&nbsp;&nbsp;&nbsp;&nbsp;&nbsp;&nbsp;&nbsp; &nbsp;For Pump Model KGEN 12-6 G1</p><p>Part No. : 0380&nbsp;<br></p><p><span style="font-weight: bold; text-decoration: underline;"><br></span></p>', 5, '1450.00', '7250.00', 'No', 2, 0, 5, ''),
(264, 33, 872, '<p><span style="font-weight: bold;">Your item code : GBOLOILG0032</span></p><p><span style="font-weight: bold;">SILICON OIL (100 ml Bottle)</span></p><p><br></p>', 50, '95.00', '4750.00', 'No', 1, 180, 50, ''),
(265, 66, 803, '<p>Your Item Code : 766172027010</p><p><span style="font-weight: bold; text-decoration-line: underline;">JOHNSON Self Priming Non Clog Pump Sets</span></p><p>Pump Model: KGEN 12 5 G6</p><p>Head : 16 Mtrs &nbsp; &nbsp; &nbsp; &nbsp; &nbsp; &nbsp; &nbsp; &nbsp; &nbsp; &nbsp; &nbsp; &nbsp;Flow: 18 m3/hr</p><p>Suc* Dis : 50 * 50 mm</p><p>Impeller &amp; Shaft : SS 316 &nbsp; &nbsp;Sealing : Mechanical Seal</p><p>With "BBL" 3 HP / 2900 RPM Motor,Coupling L-95 , Coupling Gaurd,</p><p>Fasteners ,Trolley Mounted MS Base Frame.</p><p>Pump Sr. No :</p><p>Motor Sr. No :</p>', 2, '30465.00', '60930.00', 'Yes', 2, 0, 2, 'Manufactured'),
(276, 65, 1225, '<p><span style="font-weight: bold; text-decoration: underline;">Spares for "JOHNSON" Pump</span></p><p>Name of Spares &nbsp; : &nbsp; Split Gland</p><p>&nbsp;&nbsp;&nbsp;&nbsp;&nbsp;&nbsp;&nbsp;&nbsp;&nbsp;&nbsp;&nbsp;&nbsp;&nbsp;&nbsp;&nbsp;&nbsp;&nbsp;&nbsp;&nbsp;&nbsp;&nbsp;&nbsp;&nbsp;&nbsp;&nbsp;&nbsp;&nbsp;&nbsp;&nbsp;&nbsp;&nbsp;&nbsp;&nbsp; &nbsp; &nbsp;&nbsp;For Johnson Pump Model CN 100 400 G1 S2 L3</p><p>Part No. &nbsp; &nbsp;&nbsp;&nbsp;&nbsp;&nbsp;&nbsp;&nbsp;&nbsp;&nbsp;&nbsp;&nbsp;&nbsp;&nbsp;&nbsp;: &nbsp; &nbsp;1140&nbsp;</p>', 2, '1280.00', '2560.00', 'No', 2, 0, 2, 'Purchessed'),
(279, 68, 929, '<p><span style="font-weight: bold;">Your item code : 2739200010</span></p><p><span style="font-weight: bold; text-decoration: underline;">"JOHNSON" Pump</span>&nbsp;</p><p>Model : CN 100 400</p><p>Head : 50 Mtrs.</p><p>Flow : 120 m3/hr</p><p>Sealing : Gland Packing</p><p>Suc*dis. Size: 125*100 mm</p>', 1, '52500.00', '52500.00', 'Yes', 2, 0, 0, ''),
(280, 69, 931, '<p><span style="font-weight: bold;">Your item code : 766842027100</span></p><p><span style="font-weight: bold; text-decoration: underline;">"DARLING" Submersible Pumps</span></p><p>Model&nbsp;&nbsp;&nbsp;&nbsp;&nbsp;&nbsp; &nbsp; :&nbsp;&nbsp;&nbsp;&nbsp;&nbsp; &nbsp; S 630</p><p>Head&nbsp;&nbsp;&nbsp;&nbsp;&nbsp;&nbsp;&nbsp;&nbsp;&nbsp;&nbsp; :&nbsp;&nbsp;&nbsp;&nbsp;&nbsp; &nbsp;0 to 32 Mtrs.</p><p>Sr. No.&nbsp;&nbsp;&nbsp;&nbsp;&nbsp; &nbsp; :&nbsp;&nbsp;&nbsp;&nbsp;&nbsp; &nbsp; SD 170893 to SD 170898</p><p>with 5 Mtrs. Cable</p>', 6, '15435.00', '92610.00', 'Yes', 3, 0, 6, ''),
(281, 70, 962, '<p><span style="font-weight: bold; text-decoration: underline;">"JOHNSON" Pumps and Spares</span>&nbsp;</p><p><span style="font-weight: bold;">Item code&nbsp;&nbsp;&nbsp;&nbsp;&nbsp;&nbsp;&nbsp;&nbsp;&nbsp;&nbsp;&nbsp;&nbsp;&nbsp;&nbsp; &nbsp; Part No.&nbsp;&nbsp;&nbsp;&nbsp;&nbsp;&nbsp;&nbsp;&nbsp;&nbsp;&nbsp;&nbsp;&nbsp;&nbsp; &nbsp; Description</span></p><p>766170027030&nbsp;&nbsp;&nbsp;&nbsp;&nbsp;&nbsp;&nbsp;&nbsp;&nbsp;&nbsp;&nbsp;&nbsp;&nbsp;&nbsp;&nbsp;&nbsp;&nbsp;&nbsp;&nbsp;&nbsp;&nbsp;&nbsp;&nbsp;&nbsp;&nbsp;&nbsp;&nbsp;&nbsp;&nbsp;&nbsp;&nbsp;&nbsp;&nbsp;&nbsp;&nbsp;&nbsp;&nbsp;&nbsp;&nbsp;&nbsp;&nbsp;&nbsp;&nbsp;&nbsp;&nbsp;&nbsp;&nbsp;&nbsp;&nbsp; &nbsp; CCR 65C-160 R6 M2 L3&nbsp;<span style="line-height: 1.42857143;">(Impeller Dia-159 mm)</span></p>', 1, '111880.00', '111880.00', 'Yes', 2, 0, 0, ''),
(282, 70, 955, '<p>766151000000&nbsp;&nbsp;&nbsp;&nbsp;&nbsp;&nbsp;&nbsp;&nbsp;&nbsp;&nbsp;&nbsp;&nbsp;&nbsp;&nbsp;&nbsp;&nbsp;&nbsp;&nbsp;&nbsp;&nbsp;&nbsp;&nbsp;&nbsp;&nbsp;&nbsp;&nbsp;&nbsp;&nbsp;&nbsp;&nbsp;&nbsp;&nbsp;&nbsp;&nbsp;&nbsp;&nbsp;&nbsp;&nbsp;&nbsp;&nbsp;&nbsp;&nbsp;&nbsp;&nbsp;&nbsp;&nbsp;&nbsp;&nbsp;&nbsp; &nbsp; CCR 32-125 R6 M2 L3&nbsp;<span style="line-height: 1.42857143;">(Impeller Dia-119 mm)</span></p>', 1, '52725.00', '52725.00', 'Yes', 2, 0, 0, ''),
(283, 70, 954, '<p>766157000000&nbsp;&nbsp;&nbsp;&nbsp;&nbsp;&nbsp;&nbsp;&nbsp;&nbsp;&nbsp;&nbsp;&nbsp;&nbsp;&nbsp;&nbsp;&nbsp;&nbsp;&nbsp;&nbsp;&nbsp;&nbsp;&nbsp;&nbsp;&nbsp;&nbsp;&nbsp;&nbsp;&nbsp;&nbsp;&nbsp;&nbsp;&nbsp;&nbsp;&nbsp;&nbsp;&nbsp;&nbsp;&nbsp;&nbsp;&nbsp;&nbsp;&nbsp;&nbsp;&nbsp;&nbsp; &nbsp; CCR 25-160 R6 M2 L3&nbsp;<span style="line-height: 1.42857143;">(Impeller Dia-162 mm)</span></p>', 1, '38000.00', '38000.00', 'Yes', 2, 0, 0, ''),
(284, 70, 968, '<p>766149027010&nbsp;&nbsp;&nbsp;&nbsp;&nbsp;&nbsp;&nbsp;&nbsp;&nbsp;&nbsp;&nbsp;&nbsp;&nbsp;&nbsp;&nbsp;&nbsp;&nbsp;&nbsp;&nbsp;&nbsp;&nbsp;&nbsp;&nbsp;&nbsp;&nbsp;&nbsp;&nbsp;&nbsp;&nbsp;&nbsp;&nbsp;&nbsp;&nbsp;&nbsp;&nbsp;&nbsp;&nbsp; &nbsp;&nbsp;&nbsp;&nbsp;&nbsp; CCR 50C-125 R6 M2 L3 (Impeller Dia-129 mm)</p>', 1, '52725.00', '52725.00', 'Yes', 2, 0, 0, ''),
(285, 70, 970, '<p>766185027010&nbsp;&nbsp;&nbsp;&nbsp;&nbsp;&nbsp;&nbsp;&nbsp;&nbsp;&nbsp;&nbsp;&nbsp;&nbsp;&nbsp;&nbsp;&nbsp;&nbsp;&nbsp;&nbsp;&nbsp;&nbsp;&nbsp;&nbsp;&nbsp;&nbsp;&nbsp;&nbsp;&nbsp;&nbsp;&nbsp;&nbsp;&nbsp;&nbsp; &nbsp; CCR 32-200 R6 M2 L3 (Impeller Dia-188 mm)</p>', 1, '62460.00', '62460.00', 'Yes', 2, 0, 0, ''),
(286, 70, 968, '<p>766148027010&nbsp;&nbsp;&nbsp;&nbsp;&nbsp;&nbsp;&nbsp;&nbsp;&nbsp;&nbsp;&nbsp;&nbsp;&nbsp;&nbsp;&nbsp;&nbsp;&nbsp;&nbsp;&nbsp;&nbsp;&nbsp;&nbsp;&nbsp;&nbsp;&nbsp; &nbsp; CCR 32C-125 R7 M2 L3 (Impeller Dia-119 mm)</p>', 1, '52725.00', '52725.00', 'Yes', 2, 0, 0, '');
INSERT INTO `sales_order_rows` (`id`, `sales_order_id`, `item_id`, `description`, `quantity`, `rate`, `amount`, `excise_duty`, `sale_tax_id`, `height`, `processed_quantity`, `source_type`) VALUES
(287, 70, 968, '<p>766188027010&nbsp;&nbsp;&nbsp;&nbsp;&nbsp;&nbsp;&nbsp;&nbsp;&nbsp;&nbsp;&nbsp;&nbsp;&nbsp;&nbsp;&nbsp;&nbsp;&nbsp;&nbsp;&nbsp;&nbsp;&nbsp; &nbsp; CCR 50C-125 R7 M2 L3&nbsp;<span style="line-height: 1.42857143;">(Impeller Dia-129 mm)</span></p>', 1, '52725.00', '52725.00', 'Yes', 2, 0, 0, ''),
(288, 70, 970, '<p>766178027010&nbsp;&nbsp;&nbsp;&nbsp;&nbsp;&nbsp;&nbsp;&nbsp;&nbsp;&nbsp;&nbsp;&nbsp;&nbsp;&nbsp;&nbsp;&nbsp;&nbsp; &nbsp; CCR 32-200 R7 M2 L3&nbsp;<span style="line-height: 1.42857143;">(Impeller Dia-188 mm)</span></p>', 1, '62460.00', '62460.00', 'Yes', 2, 0, 0, ''),
(289, 70, 968, '<p>766179027010&nbsp;&nbsp;&nbsp;&nbsp;&nbsp;&nbsp;&nbsp;&nbsp;&nbsp;&nbsp;&nbsp;&nbsp;&nbsp; &nbsp; CCR 40C-125 R7 M2 L3&nbsp;<span style="line-height: 1.42857143;">(Impeller Dia-129 mm)</span></p>', 1, '52725.00', '52725.00', 'Yes', 2, 0, 0, ''),
(290, 70, 954, '<p>766150027010&nbsp;&nbsp;&nbsp;&nbsp;&nbsp;&nbsp;&nbsp;&nbsp;&nbsp;&nbsp;&nbsp;&nbsp;&nbsp; &nbsp; CCR 25-160 R7 M2 L3&nbsp;<span style="line-height: 1.42857143;">(Impeller Dia-162 mm)</span></p>', 2, '38000.00', '76000.00', 'Yes', 2, 0, 0, ''),
(291, 29, 955, '<p><span style="font-weight: bold; text-decoration: underline;">"JOHNSON" Pumps and its Spares</span>&nbsp;</p><p><span style="font-weight: bold;">item code&nbsp;&nbsp;&nbsp;&nbsp;&nbsp;&nbsp;&nbsp;&nbsp;&nbsp; &nbsp; &nbsp;&nbsp;&nbsp;&nbsp;Part No.&nbsp;&nbsp;&nbsp;&nbsp;&nbsp;&nbsp;&nbsp;&nbsp;&nbsp;&nbsp;&nbsp;&nbsp;&nbsp; &nbsp; Description</span></p><p>766151000000&nbsp;&nbsp;&nbsp;&nbsp;&nbsp;&nbsp;&nbsp;&nbsp;&nbsp;&nbsp;&nbsp;&nbsp;&nbsp;&nbsp;&nbsp;&nbsp;&nbsp;&nbsp;&nbsp;&nbsp;&nbsp;&nbsp;&nbsp;&nbsp;&nbsp;&nbsp;&nbsp;&nbsp;&nbsp;&nbsp;&nbsp;&nbsp;&nbsp;&nbsp;&nbsp;&nbsp;&nbsp;&nbsp;&nbsp;&nbsp;&nbsp;&nbsp;&nbsp;&nbsp;&nbsp;&nbsp;&nbsp;&nbsp;&nbsp; &nbsp; CCR 32-125 R6 M2 L3</p>', 10, '52725.00', '527250.00', 'Yes', 2, 0, 0, ''),
(292, 29, 954, '<p>766156000000&nbsp;&nbsp;&nbsp;&nbsp;&nbsp;&nbsp;&nbsp;&nbsp;&nbsp;&nbsp;&nbsp;&nbsp;&nbsp;&nbsp;&nbsp;&nbsp;&nbsp;&nbsp;&nbsp;&nbsp;&nbsp;&nbsp;&nbsp;&nbsp;&nbsp;&nbsp;&nbsp;&nbsp;&nbsp;&nbsp;&nbsp;&nbsp;&nbsp;&nbsp;&nbsp;&nbsp;&nbsp;&nbsp;&nbsp;&nbsp;&nbsp;&nbsp;&nbsp;&nbsp;&nbsp; &nbsp; CCR 25-125 R6 M2 L3</p>', 12, '35720.00', '428640.00', 'Yes', 2, 0, 0, ''),
(293, 29, 960, '<p>766170027010&nbsp;&nbsp;&nbsp;&nbsp;&nbsp;&nbsp;&nbsp;&nbsp;&nbsp;&nbsp;&nbsp;&nbsp;&nbsp;&nbsp;&nbsp;&nbsp;&nbsp;&nbsp;&nbsp;&nbsp;&nbsp;&nbsp;&nbsp;&nbsp;&nbsp;&nbsp;&nbsp;&nbsp;&nbsp;&nbsp;&nbsp;&nbsp;&nbsp;&nbsp;&nbsp;&nbsp;&nbsp; &nbsp; CCR 65-160 R6 M2 L3</p>', 1, '91575.00', '91575.00', 'Yes', 2, 0, 0, ''),
(294, 29, 956, '<p>766156775100 &nbsp; &nbsp; &nbsp; &nbsp; &nbsp; &nbsp; &nbsp; &nbsp; &nbsp; &nbsp; &nbsp; &nbsp; &nbsp; &nbsp; &nbsp; &nbsp; &nbsp; 1200&nbsp;&nbsp;&nbsp;&nbsp;&nbsp;&nbsp;&nbsp;&nbsp;&nbsp;&nbsp;&nbsp;&nbsp;&nbsp;&nbsp;&nbsp;&nbsp;&nbsp;&nbsp;&nbsp;&nbsp;&nbsp;&nbsp;&nbsp;&nbsp; Shaft Sleeve</p>', 2, '1751.00', '3502.00', 'No', 2, 0, 0, ''),
(295, 29, 1193, '<p>766151747010&nbsp;&nbsp;&nbsp;&nbsp;&nbsp;&nbsp;&nbsp;&nbsp;&nbsp;&nbsp;&nbsp;&nbsp;&nbsp;&nbsp;&nbsp;&nbsp;&nbsp;&nbsp;&nbsp;&nbsp;&nbsp;&nbsp;&nbsp;&nbsp;&nbsp;&nbsp;&nbsp;&nbsp;&nbsp;&nbsp;&nbsp;&nbsp;&nbsp;&nbsp;&nbsp;&nbsp;&nbsp;&nbsp;&nbsp;&nbsp;&nbsp;&nbsp;&nbsp;&nbsp;&nbsp;&nbsp;&nbsp;&nbsp;&nbsp;&nbsp;&nbsp;&nbsp;&nbsp; &nbsp; Mechanical Seal</p>', 1, '30500.00', '30500.00', 'No', 2, 0, 0, ''),
(296, 29, 1128, '<p>766156747100&nbsp;&nbsp;&nbsp;&nbsp;&nbsp;&nbsp;&nbsp;&nbsp;&nbsp;&nbsp;&nbsp;&nbsp;&nbsp;&nbsp;&nbsp;&nbsp;&nbsp;&nbsp;&nbsp;&nbsp;&nbsp;&nbsp;&nbsp;&nbsp;&nbsp;&nbsp;&nbsp;&nbsp;&nbsp;&nbsp;&nbsp;&nbsp;&nbsp;&nbsp;&nbsp;&nbsp;&nbsp;&nbsp;&nbsp;&nbsp;&nbsp;&nbsp;&nbsp;&nbsp;&nbsp; &nbsp; Mechanical Seal</p>', 2, '26944.00', '53888.00', 'No', 2, 0, 2, ''),
(298, 71, 916, '<p><span style="font-weight: bold;">Your Item Code : GYPSBMIL0003</span></p><p><span style="font-weight: bold; text-decoration-line: underline;">Tranter Plate Type Heat Exchanger</span> </p><p>Model NO : GCD-016-58</p>', 1, '65000.00', '65000.00', 'Yes', 3, 0, 0, ''),
(305, 73, 649, '<p>Item Code: 768755027010</p><p>Pump Model : NSRP 50 (Bare Pump)</p><p>Impeller Dia : 158S MM</p><p>Head : 18 Meters &nbsp; &nbsp; &nbsp; &nbsp; &nbsp; &nbsp; &nbsp; &nbsp; &nbsp; &nbsp; &nbsp; &nbsp; &nbsp; &nbsp; &nbsp; &nbsp; &nbsp; &nbsp; &nbsp; &nbsp; &nbsp; &nbsp;<span style="background-color: transparent;">Flow : 18 M3/hr</span></p><p>Liquid : Light Acid &nbsp; &nbsp; &nbsp; &nbsp; &nbsp; &nbsp; &nbsp; &nbsp; &nbsp; &nbsp; &nbsp; &nbsp; &nbsp; &nbsp; &nbsp; &nbsp; &nbsp; &nbsp; &nbsp; &nbsp; &nbsp; Sealing : Mechanical Seal</p><p>Reecd. Motor : 5 HP / 2900 RPM &nbsp; &nbsp; &nbsp; &nbsp; &nbsp; Suc*Dis Size: 50 *40 MM</p><p>Impeller Type : Semi Open &nbsp; &nbsp; &nbsp; &nbsp; &nbsp; &nbsp; &nbsp; &nbsp; &nbsp; &nbsp; &nbsp; &nbsp; MOC : Wetted &nbsp;Parts PP</p>', 1, '24500.00', '24500.00', 'Yes', 1, 0, 0, ''),
(306, 74, 1230, '<p>Item Code : 760641027010</p><p>Darling Pump Model : 4 SR 05F/16</p><p>Head : 12 - 25 Meters &nbsp; &nbsp; &nbsp; &nbsp; &nbsp; &nbsp; &nbsp; &nbsp; &nbsp; &nbsp; &nbsp; &nbsp; Flow : 30 M3/hr @20 Meters Head</p><p>MOC : CI Body &nbsp;&nbsp;&nbsp;&nbsp;&nbsp;&nbsp;&nbsp;&nbsp;&nbsp;&nbsp;&nbsp;&nbsp;&nbsp;&nbsp;&nbsp;&nbsp;&nbsp;&nbsp;&nbsp;&nbsp;&nbsp;&nbsp;&nbsp;&nbsp;&nbsp;&nbsp;&nbsp;&nbsp;&nbsp;&nbsp;&nbsp;&nbsp;&nbsp;&nbsp;&nbsp;&nbsp;&nbsp;&nbsp; &nbsp;Discharge Size : 65 MM</p><p>Particle Size Handling : 16 MM &nbsp; &nbsp; &nbsp;Power: 5 HP/1450 RPM</p><p>Liquid : Raw Sewage</p>', 1, '75400.00', '75400.00', 'Yes', 4, 0, 0, ''),
(307, 72, 1205, '<p><span style="font-style: italic;">Impeller &nbsp;for CL 120 MM/1 20 HP Pump</span></p>', 3, '98523.00', '295569.00', 'Yes', 4, 0, 0, ''),
(308, 72, 1199, '<p><span style="font-style: italic;">Impeller &nbsp;for CL 25J /25 HP Pump</span><br></p>', 2, '46613.00', '93226.00', 'Yes', 4, 0, 0, ''),
(309, 72, 1198, '<p>Suction Plate for CL 120MM/16 120 HP pump</p>', 1, '65295.00', '65295.00', 'Yes', 4, 0, 0, ''),
(310, 72, 1202, '<p>Casing for CL 120MM/16 120 HP pump</p>', 1, '199840.00', '199840.00', 'Yes', 1, 0, 0, ''),
(311, 72, 1200, '<p>Casing For CL 25J/16 25 HP pump</p>', 1, '113100.00', '113100.00', 'Yes', 4, 0, 0, ''),
(312, 72, 1201, '<p>Casing For CL 30J/16 30 HP pump<br></p>', 1, '121800.00', '121800.00', 'Yes', 4, 0, 0, ''),
(315, 75, 1233, '<p><span style="font-weight: bold; text-decoration-line: underline;">Water Ring Vacuum Pump With Accessories as follow</span>:</p><p>1. Vacuum Guage&nbsp;</p><p>2. Set of Drain Cock</p><p>3. Seal Water Control Cock&nbsp;</p><p>4. Exhaust Silencer Cum Water Separator - MS Fab</p><p>5. Common Base Frame for Pump and Motor - MS Fab</p><p>6. Suction Header - MS Fab </p><p>7. Discharge Header - MS Fab</p><p>8. Set of Coupling </p><p>9. Coupling Guard&nbsp;</p>', 1, '65455.00', '65455.00', 'Yes', 1, 0, 0, ''),
(316, 2, 677, '<p><span style="font-weight: bold; text-decoration: underline;">"JOHNSON" Pumps</span></p><p>Model&nbsp;&nbsp;&nbsp;&nbsp;&nbsp; &nbsp; :&nbsp;&nbsp;&nbsp;&nbsp;&nbsp; &nbsp; KGEN 11 3 G1</p><p>Sr. No.&nbsp;&nbsp;&nbsp;&nbsp;&nbsp; &nbsp; : &nbsp; &nbsp; &nbsp; &nbsp;B111152004, Z111332002</p><p></p>', 2, '8350.00', '16700.00', 'No', 2, 0, 2, ''),
(317, 2, 679, '<p>Model&nbsp;&nbsp;&nbsp;&nbsp;&nbsp; &nbsp; :&nbsp;&nbsp;&nbsp;&nbsp;&nbsp; &nbsp; KGEN 11 4 G1</p><p>Sr. No.&nbsp;&nbsp;&nbsp;&nbsp;&nbsp; &nbsp; : &nbsp; &nbsp; &nbsp; B111388017, B111398017</p><p></p>', 2, '9420.00', '18840.00', 'No', 2, 0, 2, ''),
(318, 67, 978, '<p><span style="font-weight: bold; text-decoration: underline;">Spares for "ANTICO" Pump</span></p><p><span style="font-weight: bold;">Model&nbsp;&nbsp;&nbsp;&nbsp;&nbsp; &nbsp; :&nbsp;&nbsp;&nbsp;&nbsp;&nbsp; &nbsp; EXP 160 CT</span></p><p><span style="font-weight: bold;">Item code&nbsp;&nbsp;&nbsp;&nbsp;&nbsp;&nbsp;&nbsp;&nbsp;&nbsp;&nbsp;&nbsp;&nbsp;&nbsp;&nbsp; &nbsp; Part No.&nbsp;&nbsp;&nbsp;&nbsp;&nbsp;&nbsp;&nbsp;&nbsp;&nbsp; &nbsp; Description</span></p><p>760842711010&nbsp;&nbsp;&nbsp;&nbsp;&nbsp;&nbsp;&nbsp;&nbsp;&nbsp; &nbsp; 73900040&nbsp;&nbsp;&nbsp;&nbsp;&nbsp;&nbsp;&nbsp;&nbsp;&nbsp;&nbsp;&nbsp;&nbsp;&nbsp; &nbsp; Stationary Part</p>', 3, '5624.00', '16872.00', 'No', 1, 0, 3, ''),
(319, 67, 979, '<p>760842863010&nbsp;&nbsp;&nbsp;&nbsp;&nbsp;&nbsp;&nbsp;&nbsp;&nbsp; &nbsp; 73500041&nbsp;&nbsp;&nbsp;&nbsp;&nbsp;&nbsp;&nbsp;&nbsp;&nbsp; &nbsp; Rotary Unit</p>', 2, '5989.40', '11978.80', 'No', 1, 0, 2, ''),
(320, 67, 830, '<p>760842210010&nbsp;&nbsp;&nbsp;&nbsp;&nbsp;&nbsp;&nbsp;&nbsp;&nbsp; &nbsp; 70800001&nbsp;&nbsp;&nbsp;&nbsp;&nbsp;&nbsp;&nbsp;&nbsp;&nbsp; &nbsp; Deflector</p>', 2, '136.90', '273.80', 'No', 1, 0, 2, ''),
(321, 67, 835, '<p>760842300010&nbsp;&nbsp;&nbsp;&nbsp;&nbsp;&nbsp;&nbsp;&nbsp;&nbsp; &nbsp; 70410010&nbsp;&nbsp;&nbsp;&nbsp;&nbsp;&nbsp;&nbsp;&nbsp;&nbsp; &nbsp; Adapter Flange</p>', 2, '342.25', '684.50', 'No', 1, 0, 2, ''),
(322, 67, 1174, '<p>760842300020&nbsp;&nbsp;&nbsp;&nbsp;&nbsp;&nbsp;&nbsp;&nbsp;&nbsp; &nbsp; 70422921&nbsp;&nbsp;&nbsp;&nbsp;&nbsp;&nbsp;&nbsp;&nbsp;&nbsp; &nbsp; Locating Flange</p>', 4, '1625.70', '6502.80', 'No', 1, 0, 4, ''),
(323, 67, 1160, '<p>76084260010&nbsp;&nbsp;&nbsp;&nbsp;&nbsp;&nbsp;&nbsp;&nbsp;&nbsp; &nbsp; 70211602&nbsp;&nbsp;&nbsp;&nbsp;&nbsp;&nbsp;&nbsp;&nbsp;&nbsp; &nbsp; Back Plate</p>', 4, '2909.10', '11636.40', 'No', 1, 0, 4, ''),
(324, 67, 1211, '<p>760842752010&nbsp;&nbsp;&nbsp;&nbsp;&nbsp;&nbsp;&nbsp;&nbsp;&nbsp; &nbsp; 75210506&nbsp;&nbsp;&nbsp;&nbsp;&nbsp;&nbsp;&nbsp;&nbsp;&nbsp; &nbsp; Shaft</p>', 2, '6845.00', '13690.00', 'No', 1, 0, 2, 'Manufactured'),
(325, 67, 674, '<p>760842775010&nbsp;&nbsp;&nbsp;&nbsp;&nbsp;&nbsp;&nbsp;&nbsp;&nbsp; &nbsp; 73312901&nbsp;&nbsp;&nbsp;&nbsp;&nbsp;&nbsp;&nbsp;&nbsp;&nbsp; &nbsp; Shaft Sleeve</p>', 4, '7215.00', '28860.00', 'No', 1, 0, 4, ''),
(326, 67, 1213, '<p>760842007010&nbsp;&nbsp;&nbsp;&nbsp;&nbsp;&nbsp;&nbsp;&nbsp;&nbsp; &nbsp; 70111604&nbsp;&nbsp;&nbsp;&nbsp;&nbsp;&nbsp;&nbsp;&nbsp;&nbsp; &nbsp; Adopter</p>', 2, '2909.10', '5818.20', 'No', 1, 0, 2, ''),
(327, 67, 1215, '<p>760842389010&nbsp;&nbsp;&nbsp;&nbsp;&nbsp;&nbsp;&nbsp;&nbsp;&nbsp; &nbsp; 70110507&nbsp;&nbsp;&nbsp;&nbsp;&nbsp;&nbsp;&nbsp;&nbsp;&nbsp; &nbsp; Bearing Housing</p>', 2, '5304.90', '10609.80', 'No', 1, 0, 2, ''),
(335, 76, 1234, '<p>Your Item Code : 2100508585</p><p>Slider PN 53 for Pump Model HD 2017/ SZ1</p>', 4, '4680.00', '18720.00', 'No', 1, 0, 0, ''),
(336, 76, 1235, '<p>Your Item Code : 2100508586</p><p>Eccentric Strap PN 30 for Pump Model HD 2017/ SZ1</p>', 4, '4320.00', '17280.00', 'No', 1, 0, 0, ''),
(337, 76, 1236, '<p>Your Item Code : 2100508587</p><p>Thrust Plate PN 31 for Pump Model HD 2017/ SZ1</p>', 4, '1710.00', '6840.00', 'No', 1, 0, 0, ''),
(338, 76, 1239, '<p>Your Item Code : 2100508588</p><p>Eccentric PN 52 for Pump Model HD 2017/ SZ1</p>', 4, '4320.00', '17280.00', 'No', 1, 0, 0, ''),
(339, 76, 1241, '<p>Your Item Code : 2100508589</p><p>Guide Pin PN 51 for Pump Model HD 2017/ SZ1</p>', 4, '1530.00', '6120.00', 'No', 1, 0, 0, ''),
(340, 76, 1242, '<p>Your Item Code : 2100510414</p><p>Slider Housing PN 55 for Pump Model HD 2017/ SZ1</p>', 4, '5040.00', '20160.00', 'No', 1, 0, 0, ''),
(341, 76, 1243, '<p>Your Item Code : 2100510415</p><p>Worm Wheel PN 56 for Pump Model HD 2017/ SZ1</p>', 4, '6840.00', '27360.00', 'No', 1, 0, 0, ''),
(342, 77, 1238, '<div><span style="font-weight: bold; text-decoration: underline;">Spares for "JOHNSON" Pump</span></div><div><span style="font-weight: bold;">Model : CCR 80 250 R6 S2 L3</span></div><div><span style="font-weight: bold;">Item Code&nbsp;&nbsp;&nbsp;&nbsp;&nbsp;&nbsp;&nbsp;&nbsp;&nbsp;&nbsp;&nbsp;&nbsp;&nbsp;&nbsp;&nbsp;&nbsp;&nbsp;&nbsp;&nbsp;&nbsp;&nbsp;&nbsp;&nbsp;&nbsp; Part No. &nbsp;&nbsp;&nbsp;&nbsp;&nbsp;&nbsp;&nbsp;&nbsp;&nbsp;&nbsp;&nbsp;&nbsp;&nbsp;&nbsp;&nbsp;&nbsp;&nbsp;&nbsp;&nbsp;&nbsp;Description</span></div><div>4000007754&nbsp;&nbsp;&nbsp;&nbsp;&nbsp;&nbsp;&nbsp;&nbsp;&nbsp;&nbsp;&nbsp;&nbsp;&nbsp;&nbsp;&nbsp;&nbsp;&nbsp;&nbsp;&nbsp;&nbsp;&nbsp;&nbsp;&nbsp;&nbsp;&nbsp;&nbsp; &nbsp; &nbsp;&nbsp;&nbsp;&nbsp;0120&nbsp;&nbsp;&nbsp;&nbsp;&nbsp;&nbsp;&nbsp;&nbsp;&nbsp;&nbsp;&nbsp;&nbsp;&nbsp;&nbsp;&nbsp;&nbsp;&nbsp;&nbsp;&nbsp;&nbsp;&nbsp;&nbsp;&nbsp;&nbsp;&nbsp;&nbsp;&nbsp;&nbsp;&nbsp;&nbsp;&nbsp;&nbsp;&nbsp;SS Impeller</div>', 1, '31585.00', '31585.00', 'No', 2, 0, 0, ''),
(343, 77, 1240, '<p>4000007755&nbsp;&nbsp;&nbsp;&nbsp;&nbsp;&nbsp;&nbsp;&nbsp;&nbsp;&nbsp;&nbsp;&nbsp;&nbsp;&nbsp;&nbsp;&nbsp;&nbsp;&nbsp;&nbsp;&nbsp;&nbsp;&nbsp;&nbsp;&nbsp;&nbsp;&nbsp;&nbsp;&nbsp;&nbsp; &nbsp; 0130&nbsp;&nbsp;&nbsp;&nbsp;&nbsp;&nbsp;&nbsp;&nbsp;&nbsp;&nbsp;&nbsp;&nbsp;&nbsp;&nbsp;&nbsp;&nbsp;&nbsp;&nbsp;&nbsp;&nbsp;&nbsp;&nbsp;&nbsp;&nbsp;&nbsp;&nbsp;&nbsp;&nbsp;&nbsp;&nbsp;&nbsp;&nbsp;&nbsp; &nbsp; Wear Ring</p>', 1, '10035.00', '10035.00', 'No', 2, 0, 0, ''),
(344, 77, 1247, '<p>4000007757&nbsp;&nbsp;&nbsp;&nbsp;&nbsp;&nbsp;&nbsp;&nbsp;&nbsp;&nbsp;&nbsp;&nbsp;&nbsp;&nbsp;&nbsp;&nbsp;&nbsp;&nbsp;&nbsp;&nbsp;&nbsp;&nbsp;&nbsp;&nbsp;&nbsp;&nbsp;&nbsp;&nbsp;&nbsp; &nbsp; 0315&nbsp;&nbsp;&nbsp;&nbsp;&nbsp;&nbsp;&nbsp;&nbsp;&nbsp;&nbsp;&nbsp;&nbsp;&nbsp;&nbsp;&nbsp;&nbsp;&nbsp;&nbsp;&nbsp;&nbsp;&nbsp;&nbsp;&nbsp;&nbsp;&nbsp;&nbsp;&nbsp;&nbsp;&nbsp;&nbsp;&nbsp;&nbsp;&nbsp; &nbsp; Washer</p>', 1, '70.00', '70.00', 'No', 2, 0, 0, ''),
(345, 77, 1257, '<p>4000007758&nbsp;&nbsp;&nbsp;&nbsp;&nbsp;&nbsp;&nbsp;&nbsp;&nbsp;&nbsp;&nbsp;&nbsp;&nbsp;&nbsp;&nbsp;&nbsp;&nbsp;&nbsp;&nbsp;&nbsp;&nbsp;&nbsp;&nbsp;&nbsp;&nbsp;&nbsp;&nbsp;&nbsp;&nbsp; &nbsp; 2120&nbsp;&nbsp;&nbsp;&nbsp;&nbsp;&nbsp;&nbsp;&nbsp;&nbsp;&nbsp;&nbsp;&nbsp;&nbsp;&nbsp;&nbsp;&nbsp;&nbsp;&nbsp;&nbsp;&nbsp;&nbsp;&nbsp;&nbsp;&nbsp;&nbsp;&nbsp;&nbsp;&nbsp;&nbsp;&nbsp;&nbsp;&nbsp;&nbsp;&nbsp;&nbsp;Oil Baffle</p>', 1, '1130.00', '1130.00', 'No', 2, 0, 0, ''),
(346, 77, 1249, '<p>4000007759&nbsp;&nbsp;&nbsp;&nbsp;&nbsp;&nbsp;&nbsp;&nbsp;&nbsp;&nbsp;&nbsp;&nbsp;&nbsp;&nbsp;&nbsp;&nbsp;&nbsp;&nbsp;&nbsp;&nbsp;&nbsp;&nbsp;&nbsp;&nbsp;&nbsp;&nbsp;&nbsp;&nbsp;&nbsp; &nbsp; 2125&nbsp;&nbsp;&nbsp;&nbsp;&nbsp;&nbsp;&nbsp;&nbsp;&nbsp;&nbsp;&nbsp;&nbsp;&nbsp;&nbsp;&nbsp;&nbsp;&nbsp;&nbsp;&nbsp;&nbsp;&nbsp;&nbsp;&nbsp;&nbsp;&nbsp;&nbsp;&nbsp;&nbsp;&nbsp;&nbsp;&nbsp;&nbsp;&nbsp; &nbsp; Oil Baffle&nbsp; &nbsp;&nbsp;</p>', 1, '765.00', '765.00', 'No', 2, 0, 0, ''),
(347, 77, 1251, '<p>4000007761&nbsp;&nbsp;&nbsp;&nbsp;&nbsp;&nbsp;&nbsp;&nbsp;&nbsp;&nbsp;&nbsp;&nbsp;&nbsp;&nbsp;&nbsp;&nbsp;&nbsp;&nbsp;&nbsp;&nbsp;&nbsp;&nbsp;&nbsp;&nbsp;&nbsp;&nbsp;&nbsp;&nbsp;&nbsp; &nbsp; 2210&nbsp;&nbsp;&nbsp;&nbsp;&nbsp;&nbsp;&nbsp;&nbsp;&nbsp;&nbsp;&nbsp;&nbsp;&nbsp;&nbsp;&nbsp;&nbsp;&nbsp;&nbsp;&nbsp;&nbsp;&nbsp;&nbsp;&nbsp;&nbsp;&nbsp;&nbsp;&nbsp;&nbsp;&nbsp;&nbsp;&nbsp;&nbsp;&nbsp; &nbsp; Shaft Key</p>', 1, '420.00', '420.00', 'No', 2, 0, 0, ''),
(348, 77, 1255, '<p>4000007762&nbsp;&nbsp;&nbsp;&nbsp;&nbsp;&nbsp;&nbsp;&nbsp;&nbsp;&nbsp;&nbsp;&nbsp;&nbsp;&nbsp;&nbsp;&nbsp;&nbsp;&nbsp;&nbsp;&nbsp;&nbsp;&nbsp;&nbsp;&nbsp;&nbsp;&nbsp;&nbsp;&nbsp;&nbsp; &nbsp; 2220&nbsp;&nbsp;&nbsp;&nbsp;&nbsp;&nbsp;&nbsp;&nbsp;&nbsp;&nbsp;&nbsp;&nbsp;&nbsp;&nbsp;&nbsp;&nbsp;&nbsp;&nbsp;&nbsp;&nbsp;&nbsp;&nbsp;&nbsp;&nbsp;&nbsp;&nbsp;&nbsp;&nbsp;&nbsp;&nbsp;&nbsp;&nbsp;&nbsp; &nbsp; Splash Ring</p>', 1, '220.00', '220.00', 'No', 2, 0, 0, ''),
(349, 77, 1252, '<p>4000007763&nbsp;&nbsp;&nbsp;&nbsp;&nbsp;&nbsp;&nbsp;&nbsp;&nbsp;&nbsp;&nbsp;&nbsp;&nbsp;&nbsp;&nbsp;&nbsp;&nbsp;&nbsp;&nbsp;&nbsp;&nbsp;&nbsp;&nbsp;&nbsp;&nbsp;&nbsp;&nbsp;&nbsp;&nbsp; &nbsp; 2300&nbsp;&nbsp;&nbsp;&nbsp;&nbsp;&nbsp;&nbsp;&nbsp;&nbsp;&nbsp;&nbsp;&nbsp;&nbsp;&nbsp;&nbsp;&nbsp;&nbsp;&nbsp;&nbsp;&nbsp;&nbsp;&nbsp;&nbsp;&nbsp;&nbsp;&nbsp;&nbsp;&nbsp;&nbsp;&nbsp;&nbsp;&nbsp;&nbsp;&nbsp;&nbsp;&nbsp;&nbsp;Internal Circlip</p>', 3, '480.00', '1440.00', 'No', 2, 0, 0, ''),
(350, 77, 1253, '<p>4000007764&nbsp;&nbsp;&nbsp;&nbsp;&nbsp;&nbsp;&nbsp;&nbsp;&nbsp;&nbsp;&nbsp;&nbsp;&nbsp;&nbsp;&nbsp;&nbsp;&nbsp;&nbsp;&nbsp;&nbsp;&nbsp;&nbsp;&nbsp;&nbsp;&nbsp;&nbsp;&nbsp;&nbsp;&nbsp; &nbsp; 2340&nbsp;&nbsp;&nbsp;&nbsp;&nbsp;&nbsp;&nbsp;&nbsp;&nbsp;&nbsp;&nbsp;&nbsp;&nbsp;&nbsp;&nbsp;&nbsp;&nbsp;&nbsp;&nbsp;&nbsp;&nbsp;&nbsp;&nbsp;&nbsp;&nbsp; &nbsp;&nbsp;&nbsp;&nbsp;&nbsp;&nbsp; &nbsp; Adjusting Ring</p>', 2, '120.00', '240.00', 'No', 2, 0, 0, ''),
(351, 77, 1254, '<p>4000007768&nbsp;&nbsp;&nbsp;&nbsp;&nbsp;&nbsp;&nbsp;&nbsp;&nbsp;&nbsp;&nbsp;&nbsp;&nbsp;&nbsp;&nbsp;&nbsp;&nbsp;&nbsp;&nbsp;&nbsp;&nbsp;&nbsp;&nbsp;&nbsp;&nbsp;&nbsp;&nbsp;&nbsp;&nbsp; &nbsp; 2560&nbsp;&nbsp;&nbsp;&nbsp;&nbsp;&nbsp;&nbsp;&nbsp;&nbsp;&nbsp;&nbsp;&nbsp;&nbsp;&nbsp;&nbsp;&nbsp;&nbsp;&nbsp;&nbsp;&nbsp;&nbsp;&nbsp;&nbsp;&nbsp;&nbsp;&nbsp;&nbsp;&nbsp;&nbsp;&nbsp;&nbsp;&nbsp;&nbsp; &nbsp; Lock Nut</p>', 2, '690.00', '1380.00', 'No', 2, 0, 0, ''),
(352, 77, 1256, '<p>4000007769&nbsp;&nbsp;&nbsp;&nbsp;&nbsp;&nbsp;&nbsp;&nbsp;&nbsp;&nbsp;&nbsp;&nbsp;&nbsp;&nbsp;&nbsp;&nbsp;&nbsp;&nbsp;&nbsp;&nbsp;&nbsp;&nbsp;&nbsp;&nbsp;&nbsp;&nbsp;&nbsp;&nbsp;&nbsp; &nbsp;&nbsp; &nbsp; 2570&nbsp;&nbsp;&nbsp;&nbsp;&nbsp;&nbsp;&nbsp;&nbsp;&nbsp;&nbsp;&nbsp;&nbsp;&nbsp;&nbsp;&nbsp;&nbsp;&nbsp;&nbsp;&nbsp;&nbsp;&nbsp;&nbsp;&nbsp;&nbsp;&nbsp;&nbsp;&nbsp;&nbsp;&nbsp; &nbsp; Locking Washer</p>', 2, '180.00', '360.00', 'No', 2, 0, 0, ''),
(353, 77, 1250, '<p>4000007765&nbsp;&nbsp;&nbsp;&nbsp;&nbsp;&nbsp;&nbsp;&nbsp;&nbsp;&nbsp;&nbsp;&nbsp;&nbsp;&nbsp;&nbsp;&nbsp;&nbsp;&nbsp;&nbsp;&nbsp;&nbsp;&nbsp;&nbsp;&nbsp;&nbsp;&nbsp;&nbsp;&nbsp;&nbsp;&nbsp;&nbsp;&nbsp;&nbsp; &nbsp; 2350&nbsp;&nbsp;&nbsp;&nbsp;&nbsp;&nbsp;&nbsp;&nbsp;&nbsp;&nbsp;&nbsp;&nbsp;&nbsp;&nbsp;&nbsp;&nbsp;&nbsp;&nbsp;&nbsp;&nbsp;&nbsp;&nbsp;&nbsp;&nbsp;&nbsp;&nbsp;&nbsp;&nbsp;&nbsp; &nbsp; Distance Sleeve&nbsp;&nbsp;&nbsp;&nbsp;&nbsp;&nbsp;&nbsp;&nbsp;&nbsp;&nbsp;&nbsp;&nbsp;&nbsp;&nbsp;&nbsp;&nbsp;&nbsp;&nbsp;&nbsp;&nbsp;&nbsp;&nbsp;&nbsp;&nbsp;&nbsp;&nbsp;&nbsp;&nbsp;&nbsp;&nbsp;&nbsp;&nbsp;</p>', 2, '290.00', '580.00', 'No', 2, 0, 0, ''),
(354, 77, 1245, '<p>4000007760&nbsp;&nbsp;&nbsp;&nbsp;&nbsp;&nbsp;&nbsp;&nbsp;&nbsp;&nbsp;&nbsp;&nbsp;&nbsp;&nbsp;&nbsp;&nbsp;&nbsp;&nbsp;&nbsp;&nbsp;&nbsp;&nbsp;&nbsp;&nbsp;&nbsp;&nbsp;&nbsp;&nbsp;&nbsp;&nbsp;&nbsp;&nbsp;&nbsp; &nbsp; 2200&nbsp;&nbsp;&nbsp;&nbsp;&nbsp;&nbsp;&nbsp;&nbsp;&nbsp;&nbsp;&nbsp;&nbsp;&nbsp;&nbsp;&nbsp;&nbsp;&nbsp;&nbsp;&nbsp;&nbsp;&nbsp;&nbsp;&nbsp;&nbsp;&nbsp;&nbsp;&nbsp;&nbsp;&nbsp; &nbsp; Pump Shaft</p>', 1, '14600.00', '14600.00', 'No', 2, 0, 0, ''),
(361, 81, 1258, '<p><span style="font-weight: bold; text-decoration: underline;">Spares for "JOHNSON" Pump</span></p><p><span style="font-weight: bold;">Item code&nbsp;&nbsp;&nbsp;&nbsp;&nbsp; &nbsp; Part No.&nbsp;&nbsp;&nbsp;&nbsp;&nbsp;&nbsp;&nbsp;&nbsp;&nbsp; &nbsp; Description&nbsp;&nbsp;&nbsp;&nbsp;&nbsp;&nbsp; &nbsp; Pump Model&nbsp;</span></p><p>6405755&nbsp;&nbsp;&nbsp;&nbsp;&nbsp;&nbsp;&nbsp;&nbsp;&nbsp;&nbsp;&nbsp;&nbsp;&nbsp;&nbsp;&nbsp;&nbsp;&nbsp;&nbsp;&nbsp;&nbsp;&nbsp;&nbsp;&nbsp;&nbsp;&nbsp;&nbsp;&nbsp;&nbsp;&nbsp;&nbsp;&nbsp;&nbsp;&nbsp;&nbsp;&nbsp;&nbsp;&nbsp;&nbsp;&nbsp;&nbsp;&nbsp;&nbsp;&nbsp;&nbsp;&nbsp; &nbsp; Impeller&nbsp;&nbsp;&nbsp;&nbsp;&nbsp;&nbsp;&nbsp;&nbsp;&nbsp; &nbsp;&nbsp;&nbsp;&nbsp;&nbsp;&nbsp;&nbsp;&nbsp;&nbsp;&nbsp;&nbsp;&nbsp;&nbsp; CB 200 200</p>', 1, '7750.00', '7750.00', 'No', 2, 0, 0, ''),
(362, 81, 1259, '<p>6405484&nbsp;&nbsp;&nbsp;&nbsp;&nbsp;&nbsp;&nbsp;&nbsp;&nbsp;&nbsp;&nbsp;&nbsp;&nbsp;&nbsp;&nbsp;&nbsp;&nbsp;&nbsp;&nbsp;&nbsp;&nbsp;&nbsp;&nbsp;&nbsp;&nbsp;&nbsp;&nbsp;&nbsp;&nbsp;&nbsp;&nbsp;&nbsp;&nbsp;&nbsp;&nbsp;&nbsp;&nbsp;&nbsp;&nbsp;&nbsp;&nbsp; &nbsp; Stub Shaft&nbsp;&nbsp;&nbsp;&nbsp;&nbsp; &nbsp;&nbsp;&nbsp;&nbsp;&nbsp;&nbsp;&nbsp;&nbsp;&nbsp;&nbsp;&nbsp;&nbsp;&nbsp;&nbsp;&nbsp; &nbsp;CB 200 200&nbsp;</p>', 1, '16400.00', '16400.00', 'No', 2, 0, 0, ''),
(363, 81, 1260, '<p>6466006&nbsp;&nbsp;&nbsp;&nbsp;&nbsp;&nbsp;&nbsp;&nbsp;&nbsp;&nbsp;&nbsp;&nbsp;&nbsp; 110&nbsp;&nbsp;&nbsp;&nbsp;&nbsp;&nbsp;&nbsp;&nbsp;&nbsp;&nbsp;&nbsp;&nbsp;&nbsp; &nbsp; Stuffing Box&nbsp;&nbsp;&nbsp;&nbsp;&nbsp;&nbsp;&nbsp;&nbsp;&nbsp;&nbsp;&nbsp;&nbsp;&nbsp;&nbsp;&nbsp;&nbsp;&nbsp; &nbsp;CB 32 250 G1&nbsp; &nbsp;</p>', 1, '7870.00', '7870.00', 'No', 2, 0, 0, ''),
(367, 82, 634, '<p><span style="font-weight: bold;">Your Item code : 401515581215</span></p><p><span style="font-weight: bold; text-decoration: underline;">Spares for "ALLWEILER" Pump</span></p><p>Name of Spares&nbsp;&nbsp; &nbsp; :&nbsp; &nbsp; Seal Kit</p><p>&nbsp;&nbsp;&nbsp;&nbsp;&nbsp;&nbsp;&nbsp;&nbsp;&nbsp;&nbsp;&nbsp;&nbsp;&nbsp;&nbsp;&nbsp;&nbsp;&nbsp;&nbsp;&nbsp;&nbsp;&nbsp;&nbsp;&nbsp;&nbsp;&nbsp;&nbsp;&nbsp;&nbsp;&nbsp;&nbsp;&nbsp;&nbsp;&nbsp;&nbsp;&nbsp;&nbsp;&nbsp; &nbsp; For Pump Model TRF 1700</p><p>Part No.&nbsp;&nbsp;&nbsp;&nbsp;&nbsp;&nbsp;&nbsp;&nbsp;&nbsp;&nbsp;&nbsp;&nbsp;&nbsp;&nbsp;&nbsp;&nbsp;&nbsp; &nbsp; :&nbsp; &nbsp; G053A</p><p><br></p><p><br></p><p><br></p><p><br></p><p><br></p><p><br></p><p><br></p><p><br></p><p><br></p><p><br></p><p><br></p><p><br></p><p><br></p><p><br></p><p><br></p><p><br></p><p><br></p><p><br></p><p><br></p><p><br></p><p><br></p><p><br></p><p><br></p>', 2, '178650.00', '357300.00', 'Yes', 3, 0, 2, ''),
(371, 83, 927, '<p><span style="font-weight: bold;">Your Item Code : 308000314861</span></p><p>&nbsp;<span style="font-weight: bold; text-decoration-line: underline;">"JOHNSON" Pump Sets</span></p><p>Pump Model : CCR 32 160 R6 S2 L3&nbsp;</p><p>Flow : 7 M3 /Hr</p><p>Head : 35 Mtrs</p><p>Suc * Discharge : 50 X 32 MM</p><p>With SIEMENS IE 3 3HP /2900 RPM foot mounted motor ,Coupling L-95,&nbsp;</p><p>Coupling Gaurd ,Fastners dully assembled on MS Base Frame.</p><p>Pump Sr. No &nbsp; &nbsp; :</p><p>Motor Sr. No. &nbsp; :</p>', 2, '43020.00', '86040.00', 'Yes', 2, 0, 0, ''),
(373, 85, 1148, '<p><span style="font-weight: bold;">Your item code : PUMPGEAR0096</span></p><p><span style="font-weight: bold; text-decoration: underline;">"TUSHACO" Gear Pump</span></p><p>Model&nbsp; &nbsp; :&nbsp; &nbsp; RT 10</p><p>Flow&nbsp; &nbsp; :&nbsp; &nbsp; 10 LPM</p><p>Pressure&nbsp; &nbsp; :&nbsp; &nbsp; 6 Kg/cm2</p><p>Sr. No. :&nbsp;</p><p><br></p><p><br></p><p><br></p><p><br></p><p><br></p><p><br></p><p><br></p><p><br></p>', 1, '3750.00', '3750.00', 'No', 1, 0, 1, ''),
(375, 78, 982, '<p><span style="font-weight: bold;">Your Item Code : 4000000541</span></p><p><span style="font-weight: bold; text-decoration: underline;">"POSITIVE" Dosing Pump</span></p><p>Model&nbsp;&nbsp;&nbsp;&nbsp;&nbsp;&nbsp;&nbsp;&nbsp;&nbsp;:&nbsp;&nbsp;&nbsp;&nbsp;ED 01&nbsp;</p><p>Capacity&nbsp;&nbsp;&nbsp;&nbsp;:&nbsp;&nbsp;&nbsp;&nbsp;0 to 6 LPH&nbsp;</p><p>Pressure&nbsp;&nbsp;&nbsp;&nbsp;:&nbsp;&nbsp;&nbsp;&nbsp;4 Kg/cm<span style="vertical-align: super;">2</span></p><p><span style="vertical-align: super;">Suc*Dis&nbsp;&nbsp;&nbsp;&nbsp;&nbsp;&nbsp;:&nbsp;&nbsp;&nbsp;&nbsp;1/4" * 1/4"</span></p><p><span style="vertical-align: super;">Drive&nbsp;&nbsp;&nbsp;&nbsp;&nbsp;&nbsp;&nbsp;&nbsp;&nbsp;&nbsp;:&nbsp;&nbsp;&nbsp;&nbsp;Single Phase 230 V, 50 Hz</span></p><p><span style="vertical-align: super;">Sr. No.&nbsp;&nbsp;&nbsp;&nbsp;&nbsp;&nbsp;&nbsp;&nbsp;:&nbsp;</span></p>', 1, '7900.00', '7900.00', 'No', 1, 0, 1, ''),
(376, 87, 982, '', 2, '15262.50', '30525.00', 'No', 1, 0, 2, ''),
(383, 54, 963, '<p><span style="font-weight: bold; text-decoration: underline;">Spares for "JOHNSON" Pump</span></p><p><span style="font-weight: bold;">Model &nbsp;: &nbsp;CCR 25 160 R6 S2 L3 &nbsp;</span></p><p><span style="font-weight: bold;">Item Code &nbsp; &nbsp; &nbsp; &nbsp; &nbsp; &nbsp; &nbsp; &nbsp; &nbsp; &nbsp; &nbsp; &nbsp; &nbsp; &nbsp; &nbsp; &nbsp; &nbsp; Part No. &nbsp; &nbsp; &nbsp; &nbsp; &nbsp; &nbsp; &nbsp; &nbsp; &nbsp; &nbsp;Description</span></p><p>559172/1000110592 &nbsp; &nbsp; &nbsp; &nbsp; &nbsp; &nbsp; &nbsp; &nbsp; &nbsp; &nbsp; &nbsp; &nbsp; &nbsp; 120 &nbsp; &nbsp; &nbsp; &nbsp; &nbsp; &nbsp; &nbsp; &nbsp; &nbsp; &nbsp; &nbsp; &nbsp; &nbsp; &nbsp; &nbsp; &nbsp; &nbsp; &nbsp; Impeller&nbsp;</p>', 2, '5410.00', '10820.00', 'No', 2, 0, 0, ''),
(384, 54, 1217, '<p>559173/1000110592&nbsp;<span style="line-height: 1.42857143;">&nbsp; &nbsp; &nbsp; &nbsp; &nbsp; &nbsp; &nbsp; &nbsp; &nbsp; &nbsp; &nbsp; &nbsp; &nbsp;</span><span style="line-height: 1.42857143;">&nbsp;2200</span>&nbsp;&nbsp; &nbsp; &nbsp; &nbsp; &nbsp; &nbsp; &nbsp; &nbsp; &nbsp; &nbsp; &nbsp; &nbsp; &nbsp; &nbsp; &nbsp; &nbsp; &nbsp; &nbsp;Shaft<span style="line-height: 1.42857143;">&nbsp;&nbsp;</span></p>', 2, '4450.00', '8900.00', 'No', 2, 0, 0, 'Manufactured'),
(385, 54, 1128, '<p>559174/1000110592<span style="line-height: 1.42857143;">&nbsp;</span><span style="line-height: 1.42857143;">&nbsp; &nbsp; &nbsp; &nbsp; &nbsp; &nbsp; &nbsp; &nbsp; &nbsp; &nbsp; &nbsp; &nbsp; &nbsp;</span><span style="line-height: 1.42857143;">&nbsp;1200,1220</span><span style="line-height: 1.42857143;">&nbsp; &nbsp; &nbsp; &nbsp; &nbsp; &nbsp; &nbsp; &nbsp; &nbsp; &nbsp; &nbsp; &nbsp; &nbsp; &nbsp;Shaft Sleeve, Mech Seal&nbsp;</span></p>', 2, '9850.00', '19700.00', 'No', 2, 0, 0, ''),
(389, 92, 627, '<p><span style="font-weight: bold;">Your item code : R 50 SL (without Relief Valve)</span></p><p><span style="text-decoration: underline; font-weight: bold;">"TUSHACO" Rotary Gear Pump</span></p><p>Model&nbsp;&nbsp;&nbsp;&nbsp;&nbsp; &nbsp; :&nbsp;&nbsp;&nbsp;&nbsp;&nbsp; &nbsp; R 50 SL</p><p>Flow&nbsp;&nbsp;&nbsp;&nbsp;&nbsp; &nbsp; :&nbsp;&nbsp;&nbsp;&nbsp;&nbsp; &nbsp; 255 LPM</p><p>Pressure&nbsp; &nbsp; :&nbsp; &nbsp; 3 kb/cm2</p><p>Sealing&nbsp; &nbsp; :&nbsp; &nbsp; Gland Packing</p><p>Suc*Dis.&nbsp; &nbsp; :&nbsp; &nbsp; 2"*2"</p><p>Recomm Power&nbsp; &nbsp; :&nbsp; &nbsp; 3 HP/1000 RPM</p><p>Sr. No.&nbsp;&nbsp;&nbsp;&nbsp;&nbsp;&nbsp;&nbsp;&nbsp;&nbsp;&nbsp; &nbsp; :&nbsp;&nbsp;&nbsp;&nbsp;&nbsp;&nbsp;&nbsp;&nbsp;</p><p><br></p><p><br></p><p><br></p><p><br></p><p><br></p><p><br></p><p><br></p><p><br></p><p><br></p>', 1, '11900.00', '11900.00', 'Yes', 3, 0, 0, ''),
(390, 80, 1112, '<p><span style="font-weight: bold;">You Item Code : 6016076</span></p><p></p><p><span style="font-weight: bold; text-decoration: underline;">"JOHNSON" Centrifugal Pump Set</span></p><p>Model &nbsp; &nbsp;: &nbsp; &nbsp;CCR 25 160 R6 M2 L3</p><p>Head &nbsp; &nbsp;: &nbsp; &nbsp;30 mtrs.</p><p>Capacity &nbsp; &nbsp;: &nbsp; &nbsp;4-5 m<span style="vertical-align: super;">3</span>/hr</p><p>Sealing &nbsp; &nbsp;: &nbsp; &nbsp;Mechanical Seal</p><p>Suc* Dis. &nbsp; &nbsp;: &nbsp; &nbsp;25*25 mm</p><p>With "BBL/Remi" 3 HP/2900 RPM Foot Mounted Motor, Coupling,&nbsp;</p><p>Coupling Guard, Fasteners dully assembled on MS Base frame&nbsp;</p><p></p><p></p><p>Pump Sr. No.:&nbsp;</p><p>Motor Sr. No:</p><p></p>', 1, '54300.00', '54300.00', 'Yes', 2, 0, 1, ''),
(393, 22, 600, '<p>Your item code&nbsp;&nbsp;&nbsp;&nbsp;&nbsp; &nbsp; :&nbsp;&nbsp;&nbsp;&nbsp;&nbsp;&nbsp;&nbsp;&nbsp;&nbsp; &nbsp; PUMPOILS0040</p><p><span style="font-weight: bold; text-decoration: underline;">"TUSHACO" Gear Pumps</span>&nbsp;</p><p>Model&nbsp;&nbsp;&nbsp;&nbsp;&nbsp;&nbsp;&nbsp;&nbsp;&nbsp;&nbsp;&nbsp;&nbsp;&nbsp;&nbsp;&nbsp;&nbsp;&nbsp;&nbsp;&nbsp;&nbsp;&nbsp;:&nbsp;&nbsp;&nbsp;&nbsp;&nbsp;&nbsp;&nbsp;&nbsp;&nbsp;RT 40 &nbsp;&nbsp;&nbsp;&nbsp;&nbsp;&nbsp;</p><p>Capacity&nbsp;&nbsp;&nbsp;&nbsp;&nbsp;&nbsp;&nbsp;&nbsp;&nbsp; &nbsp; &nbsp;&nbsp;&nbsp;&nbsp;:&nbsp;&nbsp;&nbsp;&nbsp;&nbsp; &nbsp; 40 LPM</p><p>Pressure&nbsp;&nbsp;&nbsp;&nbsp;&nbsp;&nbsp;&nbsp;&nbsp;&nbsp;&nbsp;&nbsp;&nbsp;&nbsp; &nbsp; :&nbsp;&nbsp;&nbsp;&nbsp;&nbsp; &nbsp; 8 kg/cm2</p><p>Sr. No.&nbsp;&nbsp;&nbsp;&nbsp;&nbsp;&nbsp;&nbsp;&nbsp;&nbsp;&nbsp;&nbsp;&nbsp;&nbsp;&nbsp;&nbsp;&nbsp;&nbsp; &nbsp; &nbsp;:&nbsp;&nbsp;&nbsp;&nbsp;&nbsp;&nbsp;&nbsp;&nbsp;</p><p><br></p><p><br></p><p><br></p><p><br></p><p><br></p><p><br></p><p><br></p><p><br></p><p><br></p><p><br></p><p><br></p><p><br></p><p><br></p><p><br></p><p><br></p><p><br></p><p></p>', 4, '6850.00', '27400.00', 'No', 1, 0, 4, ''),
(394, 50, 986, '<p>Your Item Code : 40151513Q084</p><p><span style="text-decoration: underline; font-weight: bold;">" Darling Pump "</span></p><p>Model &nbsp;: &nbsp; WW 201</p><p>Head : 11 &nbsp;mtr &nbsp; &nbsp; &nbsp; &nbsp; &nbsp; &nbsp; &nbsp; &nbsp; &nbsp; &nbsp; &nbsp; &nbsp;&nbsp;</p><p>Flow &nbsp; : 300 lpm</p><p><span style="line-height: 1.42857143;">Delivery Size : 50 mm</span>&nbsp; &nbsp; &nbsp; &nbsp; &nbsp; &nbsp; &nbsp;&nbsp;</p><p>Pump with 5 mtr Cable.</p><p>Impeller MOC : SS</p><p>Pump Sr. no. : WD-170913, 170914</p><p>&nbsp; &nbsp; &nbsp; &nbsp; &nbsp; &nbsp; &nbsp; &nbsp; &nbsp; &nbsp; &nbsp; &nbsp; &nbsp; &nbsp; &nbsp;</p>', 2, '21500.00', '43000.00', 'Yes', 3, 0, 2, ''),
(396, 95, 764, '', 10, '315.00', '3150.00', 'No', 2, 0, 0, ''),
(397, 95, 1313, '', 10, '75.00', '750.00', 'No', 2, 0, 0, ''),
(398, 95, 1312, '', 20, '145.00', '2900.00', 'No', 2, 0, 0, ''),
(399, 95, 1317, '', 10, '45.00', '450.00', 'No', 2, 0, 0, ''),
(402, 94, 982, '<p><span style="font-weight: bold;">Your Item Code &nbsp;: ENELMOTE0138</span></p><p><span style="font-weight: bold;">Make : Positive&nbsp;Metering</span></p><p>Type : &nbsp;Electronic Diaphragm Dosing Pump</p><p>Model: ED 01</p><p>Liquid : Light Acid<br></p><p>Capacity : 6 to 0 LPH</p><p>Pressure : 0 to 4 Kg/cm2</p><p>Suc*Dis : 1/4" * 1/4"</p><p>MOC : Liquid End : PP</p><p>&nbsp;&nbsp;&nbsp;&nbsp;&nbsp;&nbsp;&nbsp;&nbsp;&nbsp;&nbsp;&nbsp;&nbsp;&nbsp; &nbsp; Diaphragm : PP</p><p>&nbsp;&nbsp;&nbsp;&nbsp;&nbsp;&nbsp;&nbsp;&nbsp;&nbsp;&nbsp;&nbsp;&nbsp;&nbsp; &nbsp; NRV : PP</p><p>Drive : Single Phase 230 V, 50 Hz</p><p>Pump Sr. No. :</p>', 6, '7800.00', '46800.00', 'No', 1, 0, 6, ''),
(404, 96, 627, '<p><span style="text-decoration: underline; font-weight: bold; line-height: 1.42857143;">"TUSHACO" Rotary Gear Pump</span><br></p><p>Model&nbsp;&nbsp;&nbsp;&nbsp;&nbsp; &nbsp; :&nbsp;&nbsp;&nbsp;&nbsp;&nbsp; &nbsp; R 50 SL</p><p>Flow&nbsp;&nbsp;&nbsp;&nbsp;&nbsp; &nbsp; :&nbsp;&nbsp;&nbsp;&nbsp;&nbsp; &nbsp; 255 LPM</p><p>Pressure&nbsp; &nbsp; :&nbsp; &nbsp; 3 kg/cm2</p><p>Sealing&nbsp; &nbsp; :&nbsp; &nbsp; Gland Packing</p><p>Suc*Dis.&nbsp; &nbsp; :&nbsp; &nbsp; 2"*2"</p><p>Recomm Power&nbsp; &nbsp; :&nbsp; &nbsp; 3 HP/1000 RPM</p><p>Sr. No.&nbsp;&nbsp;&nbsp;&nbsp;&nbsp;&nbsp;&nbsp;&nbsp;&nbsp;&nbsp; &nbsp; : &nbsp; &nbsp; &nbsp; &nbsp;1641734/2058</p><p><br></p><p><br></p><p><br></p><p><br></p><p><br></p><p><br></p><p><br></p><p><br></p><p><br></p>', 1, '11900.00', '11900.00', 'Yes', 3, 0, 1, ''),
(407, 98, 1143, '<p><span style="font-weight: bold;">Your item code : 953142030000</span></p><p><span style="font-weight: bold; text-decoration: underline;">"TUSHACO" Jacking Oil Pump</span></p><p>Model&nbsp;&nbsp; &nbsp; :&nbsp; &nbsp; HPG 3E</p><p>Capacity&nbsp; &nbsp; :&nbsp; &nbsp; 50 LPM</p><p>Pressure : 150 kg/cm2</p><p>Sr. No. :&nbsp;</p><p><br></p><p><br></p><p><br></p><p><br></p><p><br></p><p><br></p><p><br></p><p><br></p><p><br></p><p><br></p><p><br></p><p><br></p><p><br></p><p><br></p><p><br></p>', 1, '52500.00', '52500.00', 'No', 1, 0, 1, ''),
(408, 97, 1340, '<p><span style="font-weight: bold; text-decoration-line: underline;">Your Item Code : </span><span style="font-weight: bold;">9714000931</span></p><p><span style="font-weight: bold; text-decoration-line: underline;">"JOHNSON" Pump Set</span></p><p>Pump Model : CN 150 400 G1 S2 L3</p><p>Head : 50 Mtrs</p><p>Flow : 250 M3/HR</p><p>Sealing : Gland Packing</p><p>Suc X Dis : 200 X 150 MM</p><p>with <span style="font-weight: bold;">SIEMENS </span>make STD IE3, 75 HP / 1450 RPM foot Mounted Motor,</p><p>Love Joy Coupling S225, Coupling Guard , Fasteners,dully assemble on MS base Frame along with CI Foot Valve.</p><p>Pump Sr. No. &nbsp;:</p><p>Motor Sr. No. :</p><p><br></p>', 1, '380000.00', '380000.00', 'Yes', 2, 0, 0, 'Purchessed'),
(410, 99, 599, '<p><span style="font-weight: bold;">Your item code : 768243027010</span></p><p><span style="font-weight: bold; text-decoration: underline;">"TUSHACO" Gear Pump</span></p><p>Model&nbsp; &nbsp; :&nbsp; &nbsp; RT 15</p><p>Capacity&nbsp; &nbsp; :&nbsp; &nbsp; 15 LPM</p><p>Pressure&nbsp; &nbsp; :&nbsp; &nbsp; 6 kg/cm2</p><p>Sr. No.&nbsp;&nbsp; &nbsp; :&nbsp;&nbsp;&nbsp;&nbsp;</p><p><br></p><p><br></p><p><br></p><p><br></p><p><br></p><p><br></p><p><br></p><p><br></p><p><br></p><p><br></p><p><br></p><p><br></p><p><br></p><p><br></p>', 1, '3237.50', '3237.50', 'No', 1, 0, 1, ''),
(421, 100, 1318, '<p><span style="font-weight: bold; text-decoration-line: underline;">Your Item Code : SPRENGMECHPUMP0073</span></p><p>Spare for JOHNSON pump&nbsp;</p><p>Model : CN 50 160 G1 S2 L3</p><p>Mechanical Seal&nbsp;<span style="background-color: transparent;">Part No 1220</span></p><p>With SS Gland Plate &amp; SS Sleeve</p><p><br></p>', 2, '12900.00', '25800.00', 'No', 2, 0, 0, 'Purchessed'),
(426, 102, 1342, '<p><span style="text-decoration-line: underline; font-weight: bold;">Your Item Code : PUMPWATR0004</span></p><p><span style="text-decoration-line: underline; font-weight: bold;">JOHNSON Pump Set</span></p><p>Model : CN 50 200 G1 S2 L3</p><p>Flow : 25 M3/ Hr</p><p>Head : 40 Mtrs</p><p>Impeller Dia : 178 mm</p><p>Sealing : Gland Paking</p><p>with <span style="font-weight: bold;">REMI </span>make STD &nbsp;7.5 HP/ 2900 RPM&nbsp;<span style="background-color: transparent;">foot mounted motor, Coupling L-95,</span></p><p><span style="background-color: transparent;">Coupling Guard, Fasteners ,dully assemble on MS base Frame.</span></p><p><span style="background-color: transparent;">Pump Sr. No :</span></p><p><span style="background-color: transparent;">Motor Sr. No :</span></p>', 1, '39750.00', '39750.00', 'Yes', 4, 0, 0, ''),
(427, 103, 960, '<p><span style="font-weight: bold;">Your item code : 766140027100</span></p><p><span style="font-weight: bold;">"<span style="text-decoration: underline;">JOHNSON" Centrifugal Pump</span></span></p><p>Model&nbsp;&nbsp; &nbsp; :&nbsp; &nbsp; CCR 65-200 R6L M2 L3</p><p>Sr. No.&nbsp; &nbsp; :</p>', 1, '118500.00', '118500.00', 'Yes', 2, 0, 0, ''),
(428, 104, 740, '<p><span style="font-weight: bold;">Your item code&nbsp; &nbsp; :&nbsp; &nbsp; 766166027010</span></p><p><span style="font-weight: bold; text-decoration: underline;">"JOHNSON" Centrifugal Pump</span></p><p>Model&nbsp;&nbsp; &nbsp; :&nbsp; &nbsp; MCH 16*4</p><p>Head&nbsp; &nbsp; :&nbsp; &nbsp; 110 Mtrs.</p><p>Flow&nbsp; &nbsp; :&nbsp; &nbsp; 30 m3/hr</p><p>Sealing&nbsp;&nbsp; &nbsp; :&nbsp; &nbsp; Gland Packing</p><p>Reccd. Power&nbsp; &nbsp; :&nbsp; &nbsp; 25 HP/2900 RPM</p><p>with Coupling L-110, Coupling Guard, Fasteners dully assembled on MS Baseframe</p><p>Sr. No.&nbsp; &nbsp; :</p>', 1, '39645.00', '39645.00', 'Yes', 2, 0, 0, ''),
(430, 21, 606, '<p>Your item code&nbsp;&nbsp;&nbsp;&nbsp;&nbsp; &nbsp; :&nbsp;&nbsp;&nbsp;&nbsp;&nbsp;&nbsp;&nbsp;&nbsp;&nbsp; &nbsp; PUMPOILS0016</p><p><span style="font-weight: bold; text-decoration: underline;">"TUSHACO" Screw Pump</span>&nbsp;</p><p>Model&nbsp;&nbsp;&nbsp;&nbsp;&nbsp;&nbsp;&nbsp;&nbsp;&nbsp;&nbsp;&nbsp;&nbsp;&nbsp;&nbsp;&nbsp;&nbsp;&nbsp;&nbsp;&nbsp;&nbsp;&nbsp;:&nbsp;&nbsp;&nbsp;&nbsp;&nbsp; &nbsp; T3ST 45/42</p><p>Capacity&nbsp;&nbsp;&nbsp;&nbsp;&nbsp;&nbsp;&nbsp;&nbsp;&nbsp; &nbsp; &nbsp;&nbsp;&nbsp;&nbsp;:&nbsp;&nbsp;&nbsp;&nbsp;&nbsp; &nbsp; 120 LPM</p><p>Pressure&nbsp;&nbsp;&nbsp;&nbsp;&nbsp;&nbsp;&nbsp;&nbsp;&nbsp;&nbsp;&nbsp;&nbsp;&nbsp; &nbsp; :&nbsp;&nbsp;&nbsp;&nbsp;&nbsp; &nbsp; 40 kg/cm2</p>', 2, '170000.00', '340000.00', 'Yes', 1, 0, 0, ''),
(439, 106, 1166, '<p>Your item code : 401515000082</p><p><span style="font-weight: bold; text-decoration: underline;">"JOHNSON" Self Priming Pump</span>&nbsp;</p><p>Model :&nbsp; &nbsp; FRE 80 210</p><p>Sealing&nbsp; &nbsp; :&nbsp; &nbsp; Mechanical Seal</p><p>Capacity&nbsp; &nbsp; :&nbsp; &nbsp; 70 M3/hr</p><p>Head&nbsp; &nbsp; :&nbsp; &nbsp; 9.7 mtrs.</p><p>Sr. No.&nbsp;&nbsp; &nbsp; :&nbsp;&nbsp;&nbsp;&nbsp;</p>', 1, '68475.00', '68475.00', 'No', 2, 0, 0, ''),
(440, 106, 1343, '<p>Your item code : 401515000083</p><p>Model&nbsp; &nbsp; :&nbsp; &nbsp; CCR 50 200 R1A S2 L3</p><p>Flow&nbsp; &nbsp; :&nbsp; &nbsp; 30 m3/hr</p><p>Suc*Dis.&nbsp; &nbsp; :&nbsp; &nbsp; 80*50 mm</p><p>Head&nbsp; &nbsp; :&nbsp; &nbsp; 30 Mtrs.</p><p>Sealing&nbsp;&nbsp; &nbsp; :&nbsp; &nbsp; Gland Packing</p><p>Sr. No.&nbsp; &nbsp; :&nbsp;&nbsp;&nbsp;&nbsp;</p>', 1, '54000.00', '54000.00', 'No', 2, 0, 0, ''),
(441, 107, 1344, '<p><span style="font-weight: bold;">Your item code : PUMP WITH MOTOR OF HCL</span></p><p><span style="font-weight: bold; text-decoration: underline;">"ANTICO" Pump Set</span></p><p>Model&nbsp;&nbsp; &nbsp; :&nbsp; &nbsp; NSRP 50 TBG V1J</p><p>Head&nbsp; &nbsp; :&nbsp; &nbsp; 10 Mtrs.</p><p>Flow&nbsp; &nbsp; :&nbsp; &nbsp; 7-8 M3/hr</p><p>Suc*Dis.&nbsp; &nbsp; :&nbsp; &nbsp; 50*40 mm</p><p>with "REMI" 1.5 HP/2900 RPM Motor, Coupling, Coupling Guard, Fastners dully assembled on MS Baseframe.</p><p>Pump Sr. No.&nbsp; &nbsp; :</p><p>Motor Sr. No.&nbsp; &nbsp; :&nbsp;&nbsp;&nbsp;&nbsp;</p>', 1, '28920.00', '28920.00', 'Yes', 1, 0, 0, 'Purchessed'),
(442, 107, 893, '<p><span style="font-weight: bold;">Your item code : PP PRIMING CHAMBER-16L</span></p><p><span style="font-weight: bold;">Model&nbsp; &nbsp; :&nbsp; &nbsp; Priming Chamber&nbsp;</span></p><p><span style="font-weight: bold;">Capacity&nbsp; &nbsp; :&nbsp; &nbsp; 16 Ltrs.</span></p><p><span style="font-weight: bold;"><br></span></p><p><span style="font-weight: bold;"><br></span></p><p><span style="font-weight: bold;"><br></span></p><p><span style="font-weight: bold;"><br></span></p>', 1, '13398.00', '13398.00', 'Yes', 1, 0, 0, ''),
(443, 108, 1345, '<p><span style="font-weight: bold; text-decoration: underline;">Spares for "JOHNSON" Pump</span></p><p>Name of Spares : Bearing Housing</p><p>&nbsp;&nbsp;&nbsp;&nbsp;&nbsp;&nbsp;&nbsp;&nbsp;&nbsp;&nbsp;&nbsp;&nbsp;&nbsp;&nbsp;&nbsp;&nbsp;&nbsp;&nbsp;&nbsp;&nbsp;&nbsp;&nbsp;&nbsp;&nbsp;&nbsp;&nbsp;&nbsp;&nbsp;&nbsp;&nbsp;&nbsp;&nbsp;&nbsp;For Pump Model CCR 250 250 R4 CD3 L4&nbsp;<br></p>', 1, '24800.00', '24800.00', 'No', 2, 0, 0, ''),
(444, 109, 1164, '<p><span style="font-weight: bold; text-decoration: underline;">"JOHNSON" Centrifugal Pump Sets</span></p><p>&nbsp;Model&nbsp; &nbsp; :&nbsp; &nbsp; CN 100 &nbsp;250 G1 S2 L3</p><p>Flow&nbsp; &nbsp; :&nbsp; &nbsp; 297 m3/hr</p><p>Head&nbsp; &nbsp; :&nbsp; &nbsp; 84.2 Mtrs.</p><p>Sealing&nbsp;&nbsp; &nbsp; :&nbsp; &nbsp; Gland Packing</p><p>with 150 HP/2900 RPM Complete Motrised Unit</p><p>Sr. No.&nbsp; &nbsp; :&nbsp;&nbsp;&nbsp;&nbsp;</p>', 1, '304130.00', '304130.00', 'Yes', 2, 0, 0, 'Purchessed'),
(445, 109, 987, '<p>Model&nbsp; &nbsp; :&nbsp; &nbsp; CN 32 200 G1 S2 L3</p><p>Flow&nbsp; &nbsp; :&nbsp; &nbsp; 18 m3/hr</p><p>Head&nbsp; &nbsp; :&nbsp; &nbsp; 53 Mtrs.</p><p>Sealing&nbsp; &nbsp; :&nbsp; &nbsp; Gland Packing</p><p>with 10 HP/2900 RPM Complete Motrised Unit.</p><p>Sr. No.&nbsp;&nbsp; &nbsp; :&nbsp;&nbsp;&nbsp;&nbsp;</p><p><br></p><p><br></p><p><br></p><p><br></p><p><br></p><p><br></p><p><br></p><p><br></p><p><br></p><p><br></p><p><br></p>', 1, '47350.00', '47350.00', 'Yes', 2, 0, 0, 'Purchessed'),
(446, 110, 622, '<p><span style="font-weight: bold;">Your item code : PUMPSCRW0003</span></p><p><span style="font-weight: bold; text-decoration: underline;">"TUSHACO" Gear Pumps</span></p><p>Model&nbsp;&nbsp; &nbsp; :&nbsp; &nbsp; T1S 25.1</p><p>Capacity&nbsp; &nbsp; :&nbsp; &nbsp; 1 m3/hr</p><p>Head&nbsp; &nbsp; :&nbsp; &nbsp; 10 Mtrs.</p><p>Sr. No.&nbsp; &nbsp; :&nbsp;&nbsp;&nbsp;&nbsp;</p><p><br></p><p><br></p><p><br></p><p><br></p>', 1, '40950.00', '40950.00', 'Yes', 1, 0, 0, ''),
(447, 110, 623, '<p><span style="font-weight: bold;">Your item code&nbsp; &nbsp; :&nbsp; &nbsp; PUMPSCRW0004</span></p><p>Model&nbsp; &nbsp; &nbsp; &nbsp; &nbsp;:&nbsp; &nbsp; T1S 50.1</p><p>Capacity&nbsp; &nbsp; :&nbsp; &nbsp; 2 m3/hr</p><p>Head&nbsp; &nbsp; &nbsp;&nbsp;&nbsp;&nbsp;&nbsp;&nbsp;:&nbsp; &nbsp; 50 Mtrs.</p><p>Sr. No.&nbsp;&nbsp;&nbsp;&nbsp;&nbsp; &nbsp; : &nbsp; &nbsp;</p>', 1, '52950.00', '52950.00', 'Yes', 1, 0, 0, ''),
(450, 89, 754, '<p><span style="font-weight: bold; text-decoration: underline;">Spares for "JOHNSON" Pumps</span></p><p><span style="font-weight: bold;">Description&nbsp;&nbsp;&nbsp;&nbsp;&nbsp;&nbsp;&nbsp;&nbsp;&nbsp;&nbsp;&nbsp;&nbsp;&nbsp;&nbsp;&nbsp;&nbsp;&nbsp;&nbsp;&nbsp;&nbsp;&nbsp; &nbsp; Pump Model</span></p><p>Intermediate Cover&nbsp;&nbsp;&nbsp;&nbsp;&nbsp;&nbsp;&nbsp;&nbsp;&nbsp;&nbsp;&nbsp;&nbsp;&nbsp;&nbsp;&nbsp;&nbsp;&nbsp; &nbsp; KGEN 25N 10</p>', 1, '2385.00', '2385.00', 'No', 2, 0, 1, ''),
(451, 89, 753, '<p>Intermediate Cover&nbsp;&nbsp;&nbsp;&nbsp;&nbsp;&nbsp;&nbsp;&nbsp;&nbsp;&nbsp;&nbsp;&nbsp;&nbsp;&nbsp;&nbsp;&nbsp;&nbsp; &nbsp; KGEN 16-6</p>', 2, '565.00', '1130.00', 'No', 2, 0, 2, ''),
(452, 89, 780, '<p>Impeller (C.I.)&nbsp;&nbsp;&nbsp;&nbsp;&nbsp;&nbsp;&nbsp;&nbsp;&nbsp;&nbsp;&nbsp;&nbsp;&nbsp;&nbsp;&nbsp;&nbsp;&nbsp;&nbsp;&nbsp;&nbsp;&nbsp;&nbsp;&nbsp;&nbsp;&nbsp; KGEN 25 N 10 &nbsp;&nbsp;&nbsp;&nbsp;&nbsp;</p>', 1, '2087.00', '2087.00', 'No', 2, 0, 1, ''),
(453, 89, 777, '<p>Impeller (C.I.) &nbsp;&nbsp;&nbsp;&nbsp;&nbsp;&nbsp;&nbsp;&nbsp;&nbsp;&nbsp;&nbsp;&nbsp;&nbsp;&nbsp;&nbsp;&nbsp;&nbsp;&nbsp;&nbsp;&nbsp;&nbsp;&nbsp;KGEN 16-6 &nbsp;&nbsp;<br></p>', 2, '969.00', '1938.00', 'No', 2, 0, 2, ''),
(454, 89, 776, '<p>Impeller (C.I.) &nbsp;&nbsp;&nbsp;&nbsp;&nbsp;&nbsp;&nbsp;&nbsp;&nbsp;&nbsp;&nbsp;&nbsp;&nbsp;&nbsp;&nbsp;&nbsp;&nbsp;&nbsp;&nbsp;&nbsp;&nbsp;&nbsp;KGEN 14-8 &nbsp;&nbsp;<br></p>', 2, '810.00', '1620.00', 'No', 2, 0, 2, ''),
(455, 89, 747, '<p><span style="line-height: 1.42857143;">Bearing Housing &nbsp; &nbsp; &nbsp; &nbsp; &nbsp; &nbsp; &nbsp; &nbsp;KGEN 16-6&nbsp;&nbsp;&nbsp;&nbsp;&nbsp;&nbsp;&nbsp;&nbsp; &nbsp; &nbsp; &nbsp;&nbsp;</span></p>', 4, '1704.00', '6816.00', 'No', 2, 0, 4, ''),
(456, 89, 746, '<p>Bearing Housing&nbsp;&nbsp;&nbsp;&nbsp;&nbsp;&nbsp;&nbsp;&nbsp;&nbsp;&nbsp;&nbsp;&nbsp;&nbsp; &nbsp;KGEN 11-3<br></p>', 2, '938.00', '1876.00', 'No', 2, 0, 2, ''),
(457, 89, 766, '<p>Flap Valve&nbsp;&nbsp;&nbsp;&nbsp;&nbsp;&nbsp;&nbsp;&nbsp;&nbsp;&nbsp;&nbsp;&nbsp;&nbsp; &nbsp; KGEN 14-8</p>', 4, '788.00', '3152.00', 'No', 2, 0, 4, ''),
(458, 111, 765, '<p><br></p>', 6, '660.00', '3960.00', 'No', 2, 0, 6, ''),
(459, 111, 747, '<p><br></p>', 1, '2890.00', '2890.00', 'No', 2, 0, 1, ''),
(461, 6, 621, '<p>Item Code: 40151700HJ33</p><p>Mechanical Seal For Pump Model: T3SFP 40/38</p><p><br></p>', 1, '16500.00', '16500.00', 'Yes', 1, 0, 0, ''),
(462, 6, 614, '<p>Item Code: 40151700HJ47</p><p>Mechanical Seal for Pump Model: T3ST 52/40</p>', 1, '9500.00', '9500.00', 'Yes', 1, 0, 0, ''),
(464, 112, 1346, '<p><span style="font-weight: bold;">Your item code : SEALRING2838</span></p><p><span style="font-weight: bold; text-decoration: underline;">Spares for "TUSHACO" Pump</span></p><p>Name of Spares&nbsp;&nbsp; &nbsp; :&nbsp; &nbsp; Oil Seal</p><p>&nbsp;&nbsp;&nbsp;&nbsp;&nbsp;&nbsp;&nbsp;&nbsp;&nbsp;&nbsp;&nbsp;&nbsp;&nbsp;&nbsp;&nbsp;&nbsp;&nbsp;&nbsp;&nbsp;&nbsp;&nbsp;&nbsp;&nbsp;&nbsp;&nbsp;&nbsp;&nbsp;&nbsp;&nbsp;&nbsp;&nbsp;&nbsp;&nbsp;&nbsp;&nbsp;&nbsp;&nbsp; &nbsp; For Pump Model RT 10</p><p><br></p><p><br></p><p><br></p><p><br></p><p><br></p><p><br></p><p><br></p><p><br></p><p><br></p><p><br></p><p><br></p><p><br></p><p><br></p><p><br></p>', 10, '150.00', '1500.00', 'No', 1, 0, 10, ''),
(466, 90, 668, '<p><p></p><p></p><p></p><span style="font-weight: bold; text-decoration: underline;">Spares for "ANTICO" Pump</span><br>Name of Spares&nbsp;&nbsp;&nbsp;&nbsp;&nbsp; &nbsp; :&nbsp;&nbsp;&nbsp;&nbsp;&nbsp; &nbsp; Mechanical Seal&nbsp;&nbsp;&nbsp;&nbsp;&nbsp;&nbsp;&nbsp;&nbsp;&nbsp;&nbsp;&nbsp;&nbsp;&nbsp;&nbsp;&nbsp;&nbsp;&nbsp;&nbsp;&nbsp;&nbsp;&nbsp;&nbsp;&nbsp;&nbsp;&nbsp;&nbsp;&nbsp;&nbsp;&nbsp;&nbsp;&nbsp;&nbsp;&nbsp;&nbsp;&nbsp;&nbsp;&nbsp;</p><p>&nbsp;&nbsp;&nbsp;&nbsp;&nbsp;&nbsp;&nbsp;&nbsp;&nbsp;&nbsp;&nbsp;&nbsp;&nbsp;&nbsp;&nbsp;&nbsp;&nbsp;&nbsp;&nbsp;&nbsp;&nbsp;&nbsp;&nbsp;&nbsp;&nbsp;&nbsp;&nbsp;&nbsp;&nbsp;&nbsp;&nbsp;&nbsp;&nbsp;&nbsp;&nbsp;&nbsp;&nbsp;&nbsp;&nbsp;&nbsp;&nbsp;&nbsp;&nbsp;&nbsp;&nbsp; &nbsp; For Pump Model HE 120 CT</p><p><br></p><p><br></p><p><br></p><p><br></p><p><br></p><p><br></p><p><br></p><p><br></p><p><br></p><p><br></p><p><br></p><p><br></p><p><br></p><p><br></p><p><br></p><p><br></p><p><br></p><p></p><p></p><p><p></p></p>', 2, '3700.00', '7400.00', 'No', 1, 0, 2, ''),
(472, 114, 935, '<p><span style="font-weight: bold;">Your item code&nbsp;&nbsp; &nbsp; :&nbsp; &nbsp; PUMPOTHR0371</span></p><p><span style="font-weight: bold; text-decoration: underline;">"DARLING" Submersible Pump</span></p><p>Model&nbsp; &nbsp; :&nbsp; &nbsp; LJ 15 LN</p><p>Head&nbsp; &nbsp; :&nbsp; &nbsp; 10 Mtrs.</p><p>Flow&nbsp; &nbsp; :&nbsp; &nbsp; 375 LPM</p><p>with 10 Mtrs. cable&nbsp;</p><p>Sr. No.&nbsp; &nbsp; :&nbsp;&nbsp;&nbsp;&nbsp;JE 173569&nbsp;</p><p><br></p><p><br></p><p><br></p><p><br></p><p><br></p><p><br></p><p><br></p><p><br></p><p><br></p><p><br></p><p><br></p><p><br></p><p><br></p><p><br></p><p><br></p><p><br></p><p><br></p><p><br></p><p><br></p>', 1, '34475.00', '34475.00', 'Yes', 3, 0, 1, ''),
(478, 116, 931, '<p>Your item Code : 766842027100</p><p><span style="font-weight: bold; text-decoration-line: underline;">"DARLING" Submersible Pumps</span></p><p>Pump Model : S 630</p><p>Head : 0 to 32 Mtrs.</p><p>Sr. No :&nbsp;</p><p>with 5 Mtrs Cable</p><p><br></p>', 25, '15435.00', '385875.00', 'Yes', 4, 0, 0, ''),
(489, 117, 925, '<h6 style="color: rgb(51, 51, 51);"><p class="MsoNoSpacing"><b><span style="font-size:12.0pt;font-family:&quot;Palatino Linotype&quot;,&quot;serif&quot;;mso-fareast-language:\r\nEN-IN">Item Code : 768915027010<o:p></o:p></span></b></p>\r\n\r\n<p class="MsoNoSpacing"><b><u><span style="font-size:12.0pt;font-family:&quot;Palatino Linotype&quot;,&quot;serif&quot;;mso-fareast-language:\r\nEN-IN">"TUSHACO" Gear Pump Set<o:p></o:p></span></u></b></p>\r\n\r\n<p class="MsoNoSpacing"><span style="font-size:12.0pt;font-family:&quot;Palatino Linotype&quot;,&quot;serif&quot;;\r\nmso-fareast-language:EN-IN">Tushaco Make : RT-125 /50 Pump<br>\r\nPressure : upto 8\r\nKG&nbsp;&nbsp;&nbsp;&nbsp;&nbsp;&nbsp;&nbsp;&nbsp;&nbsp;&nbsp;&nbsp;&nbsp;&nbsp;&nbsp;&nbsp;&nbsp;&nbsp;&nbsp;&nbsp;&nbsp;&nbsp;&nbsp;&nbsp;&nbsp;&nbsp;&nbsp;&nbsp;&nbsp;&nbsp;<o:p></o:p></span></p>\r\n\r\n<p class="MsoNoSpacing"><span style="font-size:12.0pt;font-family:&quot;Palatino Linotype&quot;,&quot;serif&quot;;\r\nmso-fareast-language:EN-IN">Capacity : 177 LPM<br>\r\nSuc*Dis Size :\r\n1.5"&nbsp;&nbsp;&nbsp;&nbsp;&nbsp;&nbsp;&nbsp;&nbsp;&nbsp;&nbsp;&nbsp;&nbsp;&nbsp;&nbsp;&nbsp;&nbsp;&nbsp;&nbsp;&nbsp;&nbsp;&nbsp;&nbsp;&nbsp;&nbsp;&nbsp;&nbsp;&nbsp;&nbsp;&nbsp;&nbsp;&nbsp;&nbsp;&nbsp;&nbsp;<o:p></o:p></span></p>\r\n\r\n<p class="MsoNoSpacing"><span style="font-size:12.0pt;font-family:&quot;Palatino Linotype&quot;,&quot;serif&quot;;\r\nmso-fareast-language:EN-IN">Sealing : Mechanical Seal&nbsp; &nbsp;&nbsp;&nbsp;\r\n&nbsp; &nbsp; &nbsp; &nbsp; &nbsp; &nbsp; &nbsp; &nbsp; &nbsp; &nbsp;<br>\r\n&nbsp;With REMI Make 7.5 HP / 1500 RPM Flame Proof Foot Mounted Motor,<br>\r\n, Coupling, Coupling Guard, fasteners ,dully assemble on MS Base Frame.<o:p></o:p></span></p>\r\n\r\n<p class="MsoNoSpacing"><span style="font-size:12.0pt;font-family:&quot;Palatino Linotype&quot;,&quot;serif&quot;"><o:p>&nbsp;</o:p></span></p>\r\n\r\n<p class="MsoNoSpacing"><span style="font-size:12.0pt;font-family:&quot;Palatino Linotype&quot;,&quot;serif&quot;">Pump\r\nSr. No. :<o:p></o:p></span></p>\r\n\r\n<p class="MsoNoSpacing"><span style="font-size:12.0pt;font-family:&quot;Palatino Linotype&quot;,&quot;serif&quot;">Motor\r\nSr. No. :<o:p></o:p></span></p></h6>', 1, '60000.00', '60000.00', 'Yes', 1, 0, 0, 'Manufactured'),
(490, 115, 1334, '<p><span style="font-weight: bold;">Your item code : SPRENGMECHPUMP0253</span></p><p><span style="font-weight: bold; text-decoration: underline;">"JOHNSON" Pump Sets</span></p><p>Model&nbsp;&nbsp;&nbsp;&nbsp;&nbsp;&nbsp;&nbsp;&nbsp;&nbsp;&nbsp;&nbsp;&nbsp;&nbsp; &nbsp;:&nbsp;&nbsp;&nbsp;&nbsp;&nbsp; &nbsp; CCR 40C 200 R6 S2 L3 (Impeller Dia-180 mm)</p><p>Suc*Dis.&nbsp;&nbsp;&nbsp;&nbsp;&nbsp;&nbsp;&nbsp;&nbsp;&nbsp; &nbsp; :&nbsp;&nbsp;&nbsp;&nbsp;&nbsp; &nbsp; 60*45mm</p><p>Sealing&nbsp;&nbsp;&nbsp;&nbsp;&nbsp;&nbsp;&nbsp;&nbsp;&nbsp;&nbsp;&nbsp;&nbsp;&nbsp; :&nbsp;&nbsp;&nbsp;&nbsp;&nbsp; &nbsp; Gland Packing</p><p>with "<span style="line-height: 1.42857143;">REMI" 1.5 HP/1500 RPM Motor, Coupling L-95, Coupling Guard, Fasteners dully assembled on MS Basefame</span></p><p><span style="line-height: 1.42857143;">Pump Sr. No.&nbsp;&nbsp;&nbsp;&nbsp;&nbsp; &nbsp; :</span></p><p><span style="line-height: 1.42857143;"></span></p><p>Motor Sr. No.&nbsp;&nbsp;&nbsp;&nbsp;&nbsp; &nbsp; :</p><p><br></p><p><br></p><p><br></p><p><br></p><p><br></p><p><br></p><p><br></p><p><br></p><p><br></p><p><br></p><p></p><p></p><p></p>', 3, '48000.00', '144000.00', 'Yes', 2, 0, 0, 'Manufactured'),
(491, 119, 1337, '', 2, '15400.00', '30800.00', 'No', 2, 4, 0, ''),
(492, 93, 628, '<p><br></p>', 1, '21500.00', '21500.00', 'Yes', 4, 0, 0, ''),
(494, 113, 627, '<p><span style="font-weight: bold; text-decoration-line: underline;">Tushaco Pump Make</span></p><p>Type- Shuttle Block Pump</p><p>Model : R 50 SL</p><p>MOC- CI</p>', 1, '16500.00', '16500.00', 'Yes', 2, 0, 0, '');
INSERT INTO `sales_order_rows` (`id`, `sales_order_id`, `item_id`, `description`, `quantity`, `rate`, `amount`, `excise_duty`, `sale_tax_id`, `height`, `processed_quantity`, `source_type`) VALUES
(495, 84, 1156, '<p><span style="font-weight: bold;">Your Item Code : 6017128</span></p><p><span style="font-weight: bold; text-decoration: underline;">"TUSHACO" Pump Set</span></p><p style="text-align: left;">Model : TUFP 088</p><p style="text-align: left;">Speed : 1450 rpm</p><p style="text-align: left;">Liquid : Glucose</p><p style="text-align: left;">Capacity : 10 m3/hr</p><p style="text-align: left;">Pressure : 4 kg/cm2</p><p style="text-align: left;">Sealing : Mechanical &nbsp;&nbsp;</p><p style="text-align: left;">MOC : SS 316&nbsp;</p><p style="text-align: left;">Motor : 7.5 kw/960 rpm</p><p style="text-align: left;">Pump Sr. :&nbsp;</p><p style="text-align: left;"><br></p><p style="text-align: left;"><br></p><p style="text-align: left;"><br></p><p style="text-align: left;"><br></p><p style="text-align: left;"><br></p><p style="text-align: left;"><br></p><p style="text-align: left;"><br></p><p style="text-align: left;"><br></p><p style="text-align: left;"><br></p><p style="text-align: left;"><br></p><p style="text-align: left;"><br></p><p style="text-align: left;"><br></p><p style="text-align: left;"><br></p><p style="text-align: left;"><br></p><p style="text-align: left;"><br></p>', 1, '227100.00', '227100.00', 'No', 1, 0, 0, ''),
(505, 79, 1208, '<p><span style="font-weight: bold; text-decoration: underline;">"TUSHACO" Pump Set</span></p><p>Model&nbsp;&nbsp; &nbsp; :&nbsp; &nbsp; R 20 DG</p><p>Capacity&nbsp; &nbsp; :&nbsp; &nbsp; 480 kg/Minute</p><p>Suc*dis.&nbsp; &nbsp; :&nbsp; &nbsp; 40 mm</p><p>with "REMI" 3 HP/1500 RPM Motor, Coupling L-95, Coulping Guard dully assembled on MS Baseframe</p><p>Pump Sr. No.;</p><p>Motor Sr. No.:&nbsp;</p><p><br></p><p><br></p><p><br></p><p><br></p><p><br></p><p><br></p><p><br></p><p><br></p><p><br></p><p><br></p><p><br></p>', 1, '54580.00', '54580.00', 'No', 1, 0, 1, 'Manufactured'),
(506, 118, 977, '<p><span style="font-weight: bold; text-decoration-line: underline;">Spares for Darling Pump</span></p><p><span style="font-weight: bold;">Model : WV 01 L/40</span></p><p>Part No.&nbsp;&nbsp;&nbsp;&nbsp;&nbsp;&nbsp;&nbsp;&nbsp;&nbsp;&nbsp;&nbsp;&nbsp;&nbsp;&nbsp;&nbsp;&nbsp;&nbsp;&nbsp;&nbsp;&nbsp;&nbsp;&nbsp;&nbsp;&nbsp; Description</p><p>05&nbsp;&nbsp;&nbsp;&nbsp;&nbsp;&nbsp;&nbsp;&nbsp;&nbsp;&nbsp;&nbsp;&nbsp;&nbsp;&nbsp;&nbsp;&nbsp;&nbsp;&nbsp;&nbsp;&nbsp;&nbsp;&nbsp;&nbsp;&nbsp;&nbsp;&nbsp;&nbsp;&nbsp;&nbsp;&nbsp;&nbsp;&nbsp;&nbsp;&nbsp;&nbsp;&nbsp;&nbsp;CI Pump Casing</p>', 1, '8480.00', '8480.00', 'No', 2, 0, 0, ''),
(507, 118, 1364, '<p>08&nbsp;&nbsp;&nbsp;&nbsp;&nbsp;&nbsp;&nbsp;&nbsp;&nbsp;&nbsp;&nbsp;&nbsp;&nbsp;&nbsp;&nbsp;&nbsp;&nbsp;&nbsp;&nbsp;&nbsp;&nbsp;&nbsp;&nbsp;&nbsp;&nbsp;&nbsp;&nbsp;&nbsp;&nbsp;&nbsp;&nbsp;&nbsp;&nbsp;&nbsp;&nbsp;&nbsp;&nbsp;&nbsp;&nbsp;&nbsp; SS Impeller<br></p>', 1, '7402.00', '7402.00', 'No', 2, 0, 0, ''),
(508, 118, 1366, '<p>07A &nbsp;&nbsp;&nbsp;&nbsp;&nbsp;&nbsp;&nbsp;&nbsp;&nbsp;&nbsp;&nbsp;&nbsp;&nbsp;&nbsp;&nbsp;&nbsp;&nbsp;&nbsp;&nbsp;&nbsp;&nbsp;&nbsp;&nbsp;&nbsp;&nbsp;&nbsp;&nbsp;&nbsp;&nbsp;&nbsp;&nbsp;&nbsp;&nbsp;&nbsp;&nbsp;&nbsp;&nbsp;Basestand<br></p>', 1, '3882.00', '3882.00', 'No', 2, 0, 0, ''),
(509, 118, 1367, '<p><span style="font-weight: bold; text-decoration-line: underline;">Spares for Antico Pump</span></p><p><span style="font-weight: bold;">Model : NZRP 50 200</span></p><p>Part No.&nbsp;&nbsp;&nbsp;&nbsp;&nbsp;&nbsp;&nbsp;&nbsp;&nbsp;&nbsp;&nbsp;&nbsp;&nbsp;&nbsp;&nbsp;&nbsp;&nbsp;&nbsp;&nbsp;&nbsp;&nbsp;&nbsp;&nbsp;&nbsp;&nbsp;&nbsp;&nbsp;&nbsp;&nbsp;&nbsp;&nbsp;Description</p><p>102 &nbsp;&nbsp;&nbsp;&nbsp;&nbsp;&nbsp;&nbsp;&nbsp;&nbsp;&nbsp;&nbsp;&nbsp;&nbsp;&nbsp;&nbsp;&nbsp;&nbsp;&nbsp;&nbsp;&nbsp;&nbsp;&nbsp;&nbsp;&nbsp;&nbsp;&nbsp;&nbsp;&nbsp;&nbsp;&nbsp;&nbsp;&nbsp;&nbsp;&nbsp;&nbsp;&nbsp;&nbsp;&nbsp;&nbsp;&nbsp;PP Casing</p>', 1, '6500.00', '6500.00', 'No', 1, 0, 0, ''),
(510, 118, 1369, '<p>230&nbsp;&nbsp;&nbsp;&nbsp;&nbsp;&nbsp;&nbsp;&nbsp;&nbsp;&nbsp;&nbsp;&nbsp;&nbsp;&nbsp;&nbsp;&nbsp;&nbsp;&nbsp;&nbsp;&nbsp;&nbsp;&nbsp;&nbsp;&nbsp;&nbsp;&nbsp;&nbsp;&nbsp;&nbsp;&nbsp;&nbsp;&nbsp;&nbsp;&nbsp;&nbsp;&nbsp;&nbsp;&nbsp;&nbsp;&nbsp; PP Impeller Semi Open<br></p>', 1, '5200.00', '5200.00', 'No', 1, 0, 0, ''),
(511, 118, 1365, '<p>471&nbsp;&nbsp;&nbsp;&nbsp;&nbsp;&nbsp;&nbsp;&nbsp;&nbsp;&nbsp;&nbsp;&nbsp;&nbsp;&nbsp;&nbsp;&nbsp;&nbsp;&nbsp;&nbsp;&nbsp;&nbsp;&nbsp;&nbsp;&nbsp;&nbsp;&nbsp;&nbsp;&nbsp;&nbsp;&nbsp;&nbsp;&nbsp;&nbsp;&nbsp;&nbsp;&nbsp;&nbsp;&nbsp;&nbsp;&nbsp; FKM Seal Cover<br></p>', 1, '1430.00', '1430.00', 'No', 1, 0, 0, ''),
(512, 118, 1370, '<p>157 &nbsp;&nbsp;&nbsp;&nbsp;&nbsp;&nbsp;&nbsp;&nbsp;&nbsp;&nbsp;&nbsp;&nbsp;&nbsp;&nbsp;&nbsp;&nbsp;&nbsp;&nbsp;&nbsp;&nbsp;&nbsp;&nbsp;&nbsp;&nbsp;&nbsp;&nbsp;&nbsp;&nbsp;&nbsp;&nbsp;&nbsp;&nbsp;&nbsp;&nbsp;&nbsp;&nbsp;&nbsp;&nbsp;&nbsp;&nbsp;PP Suction Flange<br></p>', 2, '1950.00', '3900.00', 'No', 1, 0, 0, ''),
(513, 122, 1101, '<p><span style="font-weight: bold;">Spares for "POSITIVE" Pump</span></p><p><span style="font-weight: bold;">Model&nbsp; &nbsp; :&nbsp; &nbsp; PL 2017</span></p><p><span style="font-weight: bold;">Item code&nbsp;&nbsp;&nbsp;&nbsp;&nbsp;&nbsp;&nbsp;&nbsp;&nbsp; &nbsp; &nbsp;&nbsp;&nbsp;&nbsp;Part No.&nbsp;&nbsp;&nbsp;&nbsp;&nbsp;&nbsp;&nbsp;&nbsp;&nbsp;&nbsp; &nbsp; Description</span></p><p>768176190100&nbsp;&nbsp;&nbsp;&nbsp;&nbsp;&nbsp;&nbsp;&nbsp;&nbsp;&nbsp;&nbsp;&nbsp;&nbsp;&nbsp;&nbsp;&nbsp;&nbsp;&nbsp;&nbsp;&nbsp;&nbsp;&nbsp;&nbsp;&nbsp;&nbsp;&nbsp;&nbsp;&nbsp;&nbsp;&nbsp;&nbsp;&nbsp;&nbsp;&nbsp;&nbsp;&nbsp;&nbsp;&nbsp;&nbsp;&nbsp;&nbsp;&nbsp;&nbsp;&nbsp;&nbsp; &nbsp; Eccentric Disc</p>', 2, '3300.00', '6600.00', 'Yes', 4, 0, 2, ''),
(514, 122, 1102, '<p>768176323100&nbsp;&nbsp;&nbsp;&nbsp;&nbsp;&nbsp;&nbsp;&nbsp;&nbsp;&nbsp;&nbsp;&nbsp;&nbsp;&nbsp;&nbsp;&nbsp;&nbsp;&nbsp;&nbsp;&nbsp;&nbsp;&nbsp;&nbsp;&nbsp;&nbsp;&nbsp;&nbsp;&nbsp;&nbsp;&nbsp;&nbsp;&nbsp;&nbsp;&nbsp;&nbsp;&nbsp;&nbsp;&nbsp;&nbsp;&nbsp;&nbsp; &nbsp; Gasket Set</p>', 2, '975.00', '1950.00', 'Yes', 4, 0, 2, ''),
(515, 122, 1103, '<p>768176634300&nbsp;&nbsp;&nbsp;&nbsp;&nbsp;&nbsp;&nbsp;&nbsp;&nbsp;&nbsp;&nbsp;&nbsp;&nbsp;&nbsp;&nbsp;&nbsp;&nbsp;&nbsp;&nbsp;&nbsp;&nbsp;&nbsp;&nbsp;&nbsp;&nbsp;&nbsp;&nbsp;&nbsp;&nbsp;&nbsp;&nbsp;&nbsp;&nbsp;&nbsp;&nbsp;&nbsp;&nbsp;&nbsp;&nbsp;&nbsp;Dowel Spring</p>', 4, '675.00', '2700.00', 'Yes', 4, 0, 4, ''),
(516, 122, 1104, '<p>768176711300&nbsp;&nbsp;&nbsp;&nbsp;&nbsp;&nbsp;&nbsp;&nbsp;&nbsp; &nbsp; 14&nbsp;&nbsp;&nbsp;&nbsp;&nbsp;&nbsp;&nbsp;&nbsp;&nbsp;&nbsp;&nbsp;&nbsp;&nbsp; &nbsp; Seal Ring</p>', 2, '225.00', '450.00', 'Yes', 4, 0, 2, ''),
(517, 122, 1105, '<p>768176711400&nbsp;&nbsp;&nbsp;&nbsp;&nbsp;&nbsp;&nbsp;&nbsp;&nbsp; &nbsp; 12&nbsp;&nbsp;&nbsp;&nbsp;&nbsp;&nbsp;&nbsp;&nbsp;&nbsp;&nbsp;&nbsp;&nbsp;&nbsp; &nbsp;Seal Ring&nbsp;</p>', 2, '225.00', '450.00', 'Yes', 4, 0, 2, ''),
(518, 122, 1106, '<p>768176711500&nbsp;&nbsp;&nbsp;&nbsp;&nbsp;&nbsp;&nbsp;&nbsp;&nbsp; &nbsp; 17&nbsp;&nbsp;&nbsp;&nbsp;&nbsp;&nbsp;&nbsp;&nbsp;&nbsp; &nbsp; Seal Ring</p>', 2, '225.00', '450.00', 'Yes', 4, 0, 2, ''),
(519, 122, 1107, '<p>768176711600&nbsp;&nbsp;&nbsp;&nbsp;&nbsp; &nbsp;&nbsp;&nbsp; &nbsp; 2&nbsp;&nbsp;&nbsp;&nbsp;&nbsp;&nbsp;&nbsp;&nbsp;&nbsp; &nbsp; Plunger Ring</p>', 2, '265.00', '530.00', 'Yes', 4, 0, 2, ''),
(520, 122, 1108, '<p>768176711700&nbsp;&nbsp;&nbsp;&nbsp;&nbsp;&nbsp;&nbsp;&nbsp;&nbsp; &nbsp; 4&nbsp;&nbsp;&nbsp;&nbsp;&nbsp;&nbsp;&nbsp;&nbsp;&nbsp; &nbsp; Plunger Ring</p>', 2, '265.00', '530.00', 'Yes', 4, 0, 2, ''),
(521, 122, 1109, '<p>768176752100&nbsp;&nbsp;&nbsp;&nbsp;&nbsp;&nbsp;&nbsp;&nbsp;&nbsp; &nbsp; 67&nbsp;&nbsp;&nbsp;&nbsp;&nbsp;&nbsp;&nbsp;&nbsp;&nbsp; &nbsp; Worm Shaft</p>', 2, '4200.00', '8400.00', 'Yes', 4, 0, 2, ''),
(522, 122, 1110, '<p>768176881100&nbsp;&nbsp;&nbsp;&nbsp;&nbsp;&nbsp;&nbsp;&nbsp;&nbsp;&nbsp;&nbsp;&nbsp;&nbsp;&nbsp;&nbsp;&nbsp;&nbsp;&nbsp;&nbsp;&nbsp;&nbsp;&nbsp;&nbsp;&nbsp;&nbsp;&nbsp;&nbsp;&nbsp;&nbsp; &nbsp; Valve Set</p>', 2, '1650.00', '3300.00', 'Yes', 4, 0, 2, ''),
(523, 122, 1099, '<p>768176881200&nbsp;&nbsp;&nbsp;&nbsp;&nbsp;&nbsp;&nbsp;&nbsp;&nbsp; &nbsp; 15&nbsp;&nbsp;&nbsp;&nbsp;&nbsp;&nbsp;&nbsp;&nbsp;&nbsp; &nbsp; Non-Returnable Valve</p>', 2, '252.00', '504.00', 'Yes', 4, 0, 2, ''),
(524, 122, 1111, '<p>768176905100&nbsp;&nbsp;&nbsp;&nbsp;&nbsp;&nbsp;&nbsp;&nbsp;&nbsp;&nbsp;&nbsp;&nbsp;&nbsp;&nbsp;&nbsp;&nbsp;&nbsp;&nbsp;&nbsp;&nbsp;&nbsp;&nbsp;&nbsp;&nbsp;&nbsp;&nbsp;&nbsp;&nbsp;&nbsp; &nbsp; Worm Wheel</p>', 2, '4800.00', '9600.00', 'Yes', 4, 0, 2, ''),
(525, 122, 1096, '<p>768176000000&nbsp;&nbsp;&nbsp;&nbsp;&nbsp;&nbsp;&nbsp;&nbsp;&nbsp;&nbsp;&nbsp;&nbsp;&nbsp;&nbsp;&nbsp;&nbsp;&nbsp;&nbsp;&nbsp;&nbsp;&nbsp;&nbsp;&nbsp;&nbsp;&nbsp;&nbsp;&nbsp;&nbsp;&nbsp;&nbsp;&nbsp;&nbsp;PL 2017</p>', 2, '17812.50', '35625.00', 'Yes', 4, 0, 2, ''),
(530, 7, 606, '<p><span style="font-weight: bold;">Your Item Code : PUMPOILS0016</span></p><p><span style="text-decoration: underline; font-weight: bold;">TUSHACO Three Screw Pump</span></p><p>Pump Model : T3ST 45/42&nbsp;</p><p>Capacity &nbsp;: &nbsp;120 LPM</p><p>Pressure : 40 Kg/cm2</p>', 2, '170000.00', '340000.00', 'No', 1, 0, 0, ''),
(531, 8, 606, '<p><span style="font-weight: bold;">Your Item Code: PUMPOILS0016</span></p><p><span style="font-weight: bold; text-decoration: underline;">TUSHACO Three Screw Pump</span></p><p>Pump Model: T3ST 45/42</p><p>Capacity : 120 LPM</p><p>Pressure: 40 Kg/cm2</p><p><br></p>', 2, '175387.00', '350774.00', 'No', 1, 0, 2, ''),
(532, 105, 1155, '<p><span style="font-weight: bold;">Your item code : PUMPSCRW0008</span></p><p><span style="font-weight: bold; text-decoration: underline;">"TUSHACO" Pump</span></p><p>Model&nbsp; &nbsp; :&nbsp; &nbsp; 3.20/56 (T3ST 20/56)</p><p>Pressure&nbsp; &nbsp; :&nbsp; &nbsp; 15 kg/cm2</p><p>Capacity&nbsp; &nbsp; :&nbsp; &nbsp; 14 LPM</p><p>Sr. No.&nbsp; &nbsp; :&nbsp;&nbsp;&nbsp;&nbsp;</p><p><br></p><p><br></p><p><br></p><p><br></p><p><br></p><p><br></p>', 1, '69375.00', '69375.00', 'No', 1, 0, 1, ''),
(537, 123, 1378, '<p><span style="font-weight: bold; text-decoration-line: underline;">Spares for JOHNSON Pump</span></p><p><span style="font-weight: bold;">Model : CN 65 160 G1 S2 L3</span></p><p><span style="font-weight: bold;">Item Code&nbsp;&nbsp;&nbsp;&nbsp;&nbsp;&nbsp;&nbsp;&nbsp;&nbsp;&nbsp;&nbsp;&nbsp;&nbsp;&nbsp;&nbsp;&nbsp;&nbsp;&nbsp;&nbsp;&nbsp;&nbsp;&nbsp;&nbsp;&nbsp;&nbsp;&nbsp;&nbsp;&nbsp;&nbsp;&nbsp;&nbsp;&nbsp;&nbsp; &nbsp;&nbsp;&nbsp;&nbsp;&nbsp;&nbsp;&nbsp;&nbsp;&nbsp; &nbsp;&nbsp;&nbsp;&nbsp;&nbsp;&nbsp;&nbsp;&nbsp;&nbsp;&nbsp;&nbsp;&nbsp;&nbsp;&nbsp;&nbsp; &nbsp; Part No.&nbsp;&nbsp;&nbsp;&nbsp;&nbsp;&nbsp;&nbsp;&nbsp;&nbsp;&nbsp;&nbsp;&nbsp;&nbsp;&nbsp;&nbsp;&nbsp;&nbsp;&nbsp;&nbsp;&nbsp;&nbsp;&nbsp;&nbsp;&nbsp;&nbsp;&nbsp;&nbsp;&nbsp;&nbsp;&nbsp;&nbsp;&nbsp;&nbsp;&nbsp;&nbsp;&nbsp;&nbsp; &nbsp; Description</span><span style="font-weight: bold;"></span></p><p>SPRENGMECHPUMP0101 &nbsp; &nbsp; &nbsp; &nbsp; &nbsp; &nbsp; &nbsp; &nbsp; &nbsp; &nbsp; &nbsp; &nbsp; &nbsp; &nbsp;1140 &nbsp; &nbsp; &nbsp; &nbsp; &nbsp; &nbsp; &nbsp; &nbsp; &nbsp; &nbsp; &nbsp; &nbsp; &nbsp; &nbsp; &nbsp; &nbsp; &nbsp; &nbsp; &nbsp; &nbsp; Split Gland CI</p><p></p>', 15, '650.00', '9750.00', 'No', 2, 0, 0, 'Purchessed'),
(538, 123, 1379, '<p>SPRENGMECHPUMP0275 &nbsp; &nbsp; &nbsp; &nbsp; &nbsp; &nbsp; &nbsp; &nbsp; &nbsp; &nbsp; &nbsp; &nbsp; &nbsp; &nbsp; &nbsp;2100 &nbsp; &nbsp; &nbsp; &nbsp; &nbsp; &nbsp; &nbsp; &nbsp; &nbsp; &nbsp; &nbsp; &nbsp; &nbsp; &nbsp; &nbsp; &nbsp; &nbsp; &nbsp; &nbsp; &nbsp; &nbsp;Bearing Housing&nbsp;<br></p>', 1, '5250.00', '5250.00', 'No', 2, 0, 0, ''),
(542, 101, 963, '<p style="margin: 0in 0in 7.5pt; background-image: initial; background-position: initial; background-size: initial; background-repeat: initial; background-attachment: initial; background-origin: initial; background-clip: initial;"><b><u><span style="font-size: 10pt; font-family: Arial, sans-serif;">Spares for "JOHNSON" Pump</span></u></b><span style="font-size: 10pt; font-family: Arial, sans-serif;"><o:p></o:p></span></p><p style="margin: 0in 0in 7.5pt; background-image: initial; background-position: initial; background-size: initial; background-repeat: initial; background-attachment: initial; background-origin: initial; background-clip: initial;"><b><span style="font-size: 10pt; font-family: Arial, sans-serif;">Model&nbsp;:&nbsp;CCR 25 160 R6 S2 L3</span></b><span style="font-size: 10pt; font-family: Arial, sans-serif;"><o:p></o:p></span></p><p style="margin: 0in 0in 7.5pt; background-image: initial; background-position: initial; background-size: initial; background-repeat: initial; background-attachment: initial; background-origin: initial; background-clip: initial;"><b><span style="font-size: 10pt; font-family: Arial, sans-serif;">Item\r\ncode&nbsp;&nbsp;&nbsp;&nbsp;&nbsp;&nbsp;&nbsp;&nbsp;&nbsp;&nbsp; &nbsp;&nbsp;&nbsp;&nbsp;&nbsp;&nbsp;&nbsp;&nbsp;&nbsp; &nbsp;&nbsp; Part No.&nbsp;&nbsp;&nbsp;&nbsp;&nbsp; &nbsp;&nbsp;&nbsp; Description</span></b><span style="font-size: 10pt; font-family: Arial, sans-serif;"><o:p></o:p></span></p><p style="margin: 0in 0in 7.5pt; background-image: initial; background-position: initial; background-size: initial; background-repeat: initial; background-attachment: initial; background-origin: initial; background-clip: initial;">\r\n\r\n\r\n\r\n\r\n\r\n</p><p style="margin: 0in 0in 0.0001pt; background-image: initial; background-position: initial; background-size: initial; background-repeat: initial; background-attachment: initial; background-origin: initial; background-clip: initial;"><span style="font-size: 10pt; font-family: Arial, sans-serif;">559172/1000110592&nbsp;&nbsp;&nbsp;&nbsp;&nbsp;&nbsp;&nbsp;&nbsp;\r\n&nbsp;0120 &nbsp; &nbsp; &nbsp; &nbsp; &nbsp; &nbsp; &nbsp; &nbsp;SS Impeller<o:p></o:p></span></p>', 2, '5410.00', '10820.00', 'No', 2, 0, 0, ''),
(543, 101, 1217, '<p style="margin: 0in 0in 0.0001pt; background-image: initial; background-position: initial; background-size: initial; background-repeat: initial; background-attachment: initial; background-origin: initial; background-clip: initial;"><span style="font-size: 10pt; font-family: Arial, sans-serif;">559173/<span style="background-image: initial; background-position: initial; background-size: initial; background-repeat: initial; background-attachment: initial; background-origin: initial; background-clip: initial;">1000110592&nbsp;&nbsp;&nbsp;&nbsp;&nbsp; &nbsp;&nbsp;&nbsp; 2200 &nbsp; &nbsp; &nbsp; &nbsp; &nbsp; &nbsp; &nbsp; &nbsp;Pump Shaft</span></span><o:p></o:p></p>', 2, '4450.00', '8900.00', 'No', 2, 0, 0, 'Manufactured'),
(544, 101, 1318, '<p class="MsoNormal" style="margin-bottom:0in;margin-bottom:.0001pt"><span style="font-size: 10pt; line-height: 107%; font-family: Arial, sans-serif; background-image: initial; background-position: initial; background-size: initial; background-repeat: initial; background-attachment: initial; background-origin: initial; background-clip: initial;">559174/1000110592&nbsp;&nbsp;&nbsp;&nbsp;&nbsp;&nbsp;&nbsp;&nbsp;&nbsp; 2200&nbsp;&nbsp;&nbsp;&nbsp;&nbsp;&nbsp;&nbsp;&nbsp;&nbsp;\r\n&nbsp;&nbsp; &nbsp;Complete Seal Kit &nbsp; &nbsp;&nbsp;</span><o:p></o:p></p>', 2, '9850.00', '19700.00', 'No', 2, 0, 0, ''),
(545, 28, 1097, '<p>Material Code : 768175000000</p><p>Bare Pump PL 1011</p>', 1, '17000.00', '17000.00', 'Yes', 3, 0, 1, ''),
(546, 28, 1096, '<p>Material Code : 768176000000</p><p>Bare Pump PL 2017</p>', 1, '17812.50', '17812.50', 'Yes', 3, 0, 1, ''),
(547, 28, 1100, '<p>Material Code : 768175881100</p><p><span style="background-color: transparent;">NRV Ball &nbsp;PL 1011</span></p>', 1, '495.00', '495.00', 'Yes', 3, 0, 1, ''),
(548, 28, 1110, '<p>Material Code : 768176881100</p><p>Valve Seat PL 2017</p><p><br></p><p><br></p><p><br></p><p><br></p><p><br></p>', 1, '525.00', '525.00', 'Yes', 3, 0, 1, ''),
(549, 120, 686, '<p><span style="font-weight: bold;">ITEM Code: ES012300000327</span><span style="font-weight: bold;"><br></span></p><p><span style="font-weight: bold; text-decoration: underline;">JOHNSON Selfpriming Pumps</span></p><p>Model&nbsp;&nbsp;&nbsp;&nbsp;&nbsp; &nbsp; :&nbsp;&nbsp;&nbsp;&nbsp;&nbsp; &nbsp; KGEN 14-8</p><p>Sr. No.&nbsp;&nbsp;&nbsp;&nbsp;&nbsp; &nbsp; :&nbsp;&nbsp;&nbsp;&nbsp;&nbsp; &nbsp; B111388056, 055&nbsp;</p><p><br></p><p><br></p><p><br></p><p><br></p><p><br></p><p><br></p><p><br></p><p><br></p><p><br></p><p><br></p><p><br></p><p><br></p><p><br></p><p></p>', 2, '23275.00', '46550.00', 'No', 2, 0, 2, ''),
(569, 125, 1385, '<p><span style="font-weight: bold; text-decoration-line: underline;">Spares for "JOHNSON" Pump</span></p><p><span style="font-weight: bold;">Model : CN 150 315 G1 S2 L3</span></p><p><span style="font-weight: bold;">Item Code&nbsp;&nbsp;&nbsp;&nbsp;&nbsp;&nbsp;&nbsp;&nbsp;&nbsp;</span>&nbsp;&nbsp;&nbsp;&nbsp;&nbsp;&nbsp;&nbsp;&nbsp;&nbsp;&nbsp;&nbsp;&nbsp;&nbsp;&nbsp;&nbsp;&nbsp;&nbsp;&nbsp;&nbsp;&nbsp;&nbsp;&nbsp;&nbsp;&nbsp;&nbsp;&nbsp;<span style="font-weight: bold;">&nbsp;&nbsp;&nbsp;&nbsp;&nbsp;&nbsp;&nbsp;Part No. &nbsp;&nbsp;&nbsp;&nbsp;&nbsp;&nbsp;&nbsp;&nbsp;&nbsp;</span>&nbsp;&nbsp;&nbsp;&nbsp;&nbsp;&nbsp;&nbsp;&nbsp;&nbsp;&nbsp;&nbsp;&nbsp;&nbsp;&nbsp;&nbsp;&nbsp;&nbsp;&nbsp;&nbsp;&nbsp;&nbsp;&nbsp;&nbsp;&nbsp;&nbsp;&nbsp;&nbsp;&nbsp;&nbsp;&nbsp;&nbsp;&nbsp;&nbsp;&nbsp;&nbsp;&nbsp;&nbsp;&nbsp;&nbsp;&nbsp;<span style="font-weight: bold;">Description&nbsp;</span></p><p><span style="background-color: transparent;">ENELOTHG0011</span><span style="background-color: transparent;">&nbsp;&nbsp;&nbsp;&nbsp;</span><span style="background-color: transparent;">&nbsp;&nbsp;</span><span style="background-color: transparent;">&nbsp;&nbsp;</span><span style="background-color: transparent;">&nbsp;&nbsp;&nbsp;&nbsp;</span><span style="background-color: transparent;">&nbsp;&nbsp;&nbsp;&nbsp;</span><span style="background-color: transparent;">&nbsp;&nbsp;&nbsp;&nbsp;</span><span style="background-color: transparent;">&nbsp; &nbsp; &nbsp; &nbsp;0120&nbsp;</span><span style="background-color: transparent;">&nbsp;&nbsp;&nbsp;&nbsp;</span><span style="background-color: transparent;">&nbsp;&nbsp;&nbsp;&nbsp;</span><span style="background-color: transparent;">&nbsp;&nbsp;&nbsp;&nbsp;</span><span style="background-color: transparent;">&nbsp;&nbsp;&nbsp;&nbsp;</span><span style="background-color: transparent;">&nbsp;&nbsp;&nbsp;&nbsp;</span><span style="background-color: transparent;">&nbsp;&nbsp;&nbsp;&nbsp;</span><span style="background-color: transparent;">&nbsp;&nbsp;&nbsp;&nbsp;</span><span style="background-color: transparent;">&nbsp;&nbsp;&nbsp;&nbsp;</span><span style="background-color: transparent;">&nbsp;&nbsp;&nbsp;&nbsp;</span><span style="background-color: transparent;">&nbsp;&nbsp;&nbsp;&nbsp;</span><span style="background-color: transparent;">&nbsp;&nbsp;&nbsp;&nbsp;</span><span style="background-color: transparent;">&nbsp;&nbsp;&nbsp;&nbsp;</span><span style="background-color: transparent;">&nbsp;&nbsp;&nbsp;&nbsp;</span><span style="background-color: transparent;">&nbsp;&nbsp;&nbsp;&nbsp;</span><span style="background-color: transparent;">&nbsp;CI Impeller&nbsp;</span></p><p><span style="font-weight: bold;"></span></p>', 1, '18400.00', '18400.00', 'No', 2, 0, 0, ''),
(570, 125, 1386, '<p>ENELOTHG0007&nbsp;&nbsp;&nbsp;&nbsp;&nbsp;&nbsp;&nbsp;&nbsp;&nbsp;&nbsp;&nbsp;&nbsp;&nbsp;&nbsp;&nbsp;&nbsp;&nbsp;&nbsp;&nbsp;&nbsp;&nbsp;&nbsp;&nbsp;&nbsp;&nbsp; &nbsp;0110&nbsp;&nbsp;&nbsp;&nbsp;&nbsp;&nbsp;&nbsp;&nbsp;&nbsp;&nbsp;&nbsp;&nbsp;&nbsp;&nbsp;&nbsp;&nbsp;&nbsp;&nbsp;&nbsp;&nbsp;&nbsp;&nbsp;&nbsp;&nbsp;&nbsp;&nbsp;&nbsp;&nbsp;&nbsp;&nbsp;&nbsp;&nbsp;&nbsp;&nbsp;&nbsp;&nbsp;&nbsp;&nbsp;&nbsp;&nbsp;&nbsp;&nbsp;&nbsp;&nbsp;&nbsp;&nbsp;&nbsp;&nbsp;&nbsp;&nbsp;&nbsp;&nbsp;&nbsp;&nbsp;&nbsp;&nbsp;&nbsp;CI Stuffing Box<br></p>', 1, '9500.00', '9500.00', 'No', 2, 0, 0, ''),
(571, 125, 1387, '<p><span style="background-color: transparent;">ENELOTHE0145</span><span style="background-color: transparent;">&nbsp;</span><span style="background-color: transparent;">&nbsp;&nbsp;&nbsp;&nbsp;</span><span style="background-color: transparent;">&nbsp;&nbsp;&nbsp;&nbsp;</span><span style="background-color: transparent;">&nbsp;&nbsp;&nbsp;&nbsp;</span><span style="background-color: transparent;">&nbsp;&nbsp;&nbsp;&nbsp;</span><span style="background-color: transparent;">&nbsp;&nbsp;&nbsp;&nbsp;</span><span style="background-color: transparent;">&nbsp;&nbsp;&nbsp;&nbsp;</span><span style="background-color: transparent;">&nbsp; &nbsp; 1820</span><span style="background-color: transparent;">&nbsp;&nbsp;&nbsp;&nbsp;&nbsp;&nbsp;&nbsp;&nbsp;&nbsp;</span>&nbsp;&nbsp;&nbsp;&nbsp;&nbsp;&nbsp;&nbsp;&nbsp;&nbsp;&nbsp;&nbsp;&nbsp;&nbsp;&nbsp;&nbsp;&nbsp;&nbsp;&nbsp;&nbsp;&nbsp;&nbsp;&nbsp;&nbsp;&nbsp;&nbsp;&nbsp;&nbsp;&nbsp;&nbsp;&nbsp;&nbsp;&nbsp;&nbsp;&nbsp;&nbsp;&nbsp;&nbsp;&nbsp;&nbsp;&nbsp;&nbsp;&nbsp;&nbsp;&nbsp;&nbsp;&nbsp;&nbsp;&nbsp;<span style="background-color: transparent;"></span><span style="background-color: transparent;">SS &nbsp;Lock Nut</span></p>', 6, '668.00', '4008.00', 'No', 2, 0, 0, ''),
(572, 86, 602, '<p><span style="font-weight: bold;">your item code : PUMPGEAR0016</span></p><p><span style="font-weight: bold; text-decoration: underline;">"TUSHACO" Gear Pump</span></p><p>Model&nbsp;&nbsp;&nbsp;&nbsp;&nbsp;&nbsp; &nbsp; :&nbsp;&nbsp;&nbsp;&nbsp;&nbsp; &nbsp; RT 125/32</p><p>Pressure&nbsp; &nbsp; :&nbsp; &nbsp; 8 Kg/cm2</p><p>Capacity&nbsp; &nbsp; :&nbsp; &nbsp; 120 LPM</p><p>Recomd Power : 5 HP/1500 RPM Motor</p><p>Sr. No.&nbsp; &nbsp; :&nbsp;&nbsp;&nbsp;&nbsp;</p>', 1, '24750.00', '24750.00', 'No', 1, 0, 1, ''),
(574, 126, 608, '<p><span style="font-weight: bold;">Your item code : 40151500HJ45</span></p><p><span style="font-weight: bold; text-decoration: underline;">"TUSHACO" Three Screw Pump Set</span></p><p>Model&nbsp; &nbsp; &nbsp;&nbsp;&nbsp;&nbsp;&nbsp;&nbsp;&nbsp;&nbsp;:&nbsp; &nbsp; T3ST 52/40</p><p>Pressure&nbsp;&nbsp;&nbsp;&nbsp;&nbsp; &nbsp;:&nbsp; &nbsp; 50 kg/cm2</p><p>Capacity&nbsp;&nbsp;&nbsp;&nbsp;&nbsp; &nbsp; :&nbsp; &nbsp; 155 LPM</p><p>with Filter</p><p>Sr. No.&nbsp;&nbsp;&nbsp;&nbsp;&nbsp;&nbsp;&nbsp;&nbsp;&nbsp; &nbsp; :&nbsp;&nbsp;&nbsp;&nbsp;</p><p><br></p><p><br></p><p><br></p><p><br></p><p><br></p><p><br></p><p><br></p><p><br></p><p><br></p><p><br></p><p><br></p><p><br></p><p><br></p>', 1, '318900.00', '318900.00', 'Yes', 1, 0, 1, ''),
(575, 124, 927, '<p><span style="font-weight: bold;">Your Item Code : SEME1300D001907</span></p><p><span style="font-weight: bold; background-color: transparent;">Johnson Pump Set&nbsp;</span></p><p>Model &nbsp; &nbsp; &nbsp; : CCR 32 160 &nbsp;R6 S2 L3</p><p>Sealing &nbsp; &nbsp; &nbsp;: Mechanical Seal</p><p>Suc * Dis &nbsp; : &nbsp;50*32 mm</p><p>MOC &nbsp; &nbsp; &nbsp; &nbsp; &nbsp;: &nbsp;SS 316</p><p>Power &nbsp; &nbsp; &nbsp; : 5 HP / 2900 RPM</p><p>Scope of Supply : Pump With REMI / BBL Motor, Coupling. Coupling guard duly assembled on MS Base frame.</p><p>Pump Sr. No.</p><p>Motor Sr. No.</p>', 1, '67965.00', '67965.00', 'Yes', 2, 0, 0, 'Manufactured'),
(576, 124, 731, '<p><span style="font-weight: bold;">Your Item Code : SEME1300D001908</span></p><p><span style="font-weight: bold;">Make &nbsp; &nbsp; &nbsp; &nbsp;: Johnson Pump&nbsp;</span></p><p>Model &nbsp; &nbsp; &nbsp; : CCR 32 160 &nbsp;R6 S2 L3</p><p>Sealing &nbsp; &nbsp; &nbsp;: Mechanical Seal</p><p>Suc * Dis &nbsp; : &nbsp;50*32 mm</p><p>MOC &nbsp; &nbsp; &nbsp; &nbsp; &nbsp;: &nbsp;SS 316</p><p>Scope of Supply : Bare Pump</p><p>Pump Sr. No.<br></p>', 1, '49900.00', '49900.00', 'No', 2, 0, 0, ''),
(581, 91, 1318, '<p><span style="font-weight: bold; text-decoration: underline;">Spares for "JOHNSON" Pump</span></p><p>Name of Spares &nbsp;&nbsp;&nbsp;&nbsp;&nbsp; &nbsp; :&nbsp;&nbsp;&nbsp;&nbsp;&nbsp;&nbsp;&nbsp;&nbsp;&nbsp;&nbsp;&nbsp;&nbsp;&nbsp;Mechanical Seal with Shaft Sleeve</p><p>&nbsp;&nbsp;&nbsp;&nbsp;&nbsp;&nbsp;&nbsp;&nbsp;&nbsp;&nbsp;&nbsp;&nbsp;&nbsp;&nbsp;&nbsp;&nbsp;&nbsp;&nbsp;&nbsp;&nbsp;&nbsp;&nbsp;&nbsp;&nbsp;&nbsp;&nbsp;&nbsp;&nbsp;&nbsp;&nbsp;&nbsp;&nbsp;&nbsp;&nbsp;&nbsp;&nbsp;&nbsp;&nbsp;&nbsp;&nbsp;&nbsp;&nbsp;&nbsp;&nbsp;&nbsp;&nbsp;&nbsp;&nbsp;&nbsp;&nbsp;&nbsp;&nbsp;&nbsp;&nbsp;&nbsp;&nbsp;For Pump Model : CCR 32 200&nbsp;</p><p><br></p><p><br></p><p><br></p><p><br></p><p><br></p><p><br></p><p><br></p><p><br></p><p><br></p><p><br></p>', 1, '12500.00', '12500.00', 'No', 2, 0, 1, ''),
(582, 88, 755, '<p>Your item code&nbsp;&nbsp;&nbsp;&nbsp;&nbsp; &nbsp; :&nbsp;&nbsp;&nbsp;&nbsp;&nbsp; &nbsp; IMESEL0021</p><p><span style="font-weight: bold; text-decoration: underline;">Spares for "JOHNSON" Pump</span></p><p>Name of Spares&nbsp;&nbsp;&nbsp;&nbsp;&nbsp;&nbsp; &nbsp; :&nbsp;&nbsp;&nbsp;&nbsp;&nbsp; &nbsp; Mechanical Seal</p><p></p><p>&nbsp;&nbsp;&nbsp;&nbsp;&nbsp;&nbsp;&nbsp;&nbsp;&nbsp;&nbsp;&nbsp;&nbsp;&nbsp;&nbsp;&nbsp;&nbsp;&nbsp;&nbsp;&nbsp;&nbsp;&nbsp;&nbsp;&nbsp;&nbsp;&nbsp;&nbsp;&nbsp;&nbsp;&nbsp;&nbsp;&nbsp;&nbsp;&nbsp;&nbsp;&nbsp;&nbsp;&nbsp;&nbsp;&nbsp;&nbsp;&nbsp;&nbsp;&nbsp;&nbsp;&nbsp;&nbsp;&nbsp;&nbsp;&nbsp; &nbsp;For Pump Model KGEN 11-3 G1</p><p><br></p><p><br></p><p><br></p><p><br></p><p><br></p><p><br></p><p><br></p><p></p>', 6, '1400.00', '8400.00', 'No', 2, 0, 6, ''),
(584, 129, 601, '<p></p><p style="margin: 0in 0in 0.0001pt; text-align: justify; background-position: initial initial; background-repeat: initial initial;"><span style="font-size: 9pt; font-family: Arial, sans-serif; font-weight: bold; text-decoration: underline;">Your Item Code: 100032494</span></p><p style="margin: 0in 0in 0.0001pt; text-align: justify; background-position: initial initial; background-repeat: initial initial;"><span style="font-size: 9pt; font-family: Arial, sans-serif; font-weight: bold;">"Tushaco" Pump Set</span></p><p style="margin: 0in 0in 0.0001pt; text-align: justify; background-position: initial initial; background-repeat: initial initial;"><span style="font-size: 9pt; font-family: Arial, sans-serif;">Pump\r\nModel : RT 80 HBC<o:p></o:p></span></p>\r\n\r\n<p style="margin: 0in 0in 0.0001pt; background-position: initial initial; background-repeat: initial initial;"><span style="font-size: 9pt; font-family: Arial, sans-serif;">Power : 2 HP /1440\r\nRPM<o:p></o:p></span></p>\r\n\r\n<p style="margin: 0in 0in 0.0001pt; text-align: justify; background-position: initial initial; background-repeat: initial initial;"><span style="font-size: 9pt; font-family: Arial, sans-serif;"><span style="font-weight: bold;">scope of supply</span>  Pump with\r\nmotor, coupling, coupling guard duly assembled on MS base frame.</span></p><p style="margin: 0in 0in 0.0001pt; text-align: justify; background-position: initial initial; background-repeat: initial initial;"><span style="font-size: 9pt; font-family: Arial, sans-serif;">Pump Sr. No.</span></p><p style="margin: 0in 0in 0.0001pt; text-align: justify; background-position: initial initial; background-repeat: initial initial;"><span style="font-size: 9pt; font-family: Arial, sans-serif;">Motor Sr. No.</span><o:p></o:p></p><p></p>', 1, '15000.00', '15000.00', 'Yes', 2, 0, 0, ''),
(585, 128, 796, '<p></p><p class="MsoNormal"><span style="font-weight: bold;">Your Item Code: 6405645<br></span></p><p class="MsoNormal"><span style="font-weight: bold;">Spare for "JOHNSON" Pump</span></p>\r\n\r\n<p class="MsoNormal">Model: KGEN 12 6<o:p></o:p></p>\r\n\r\n<p class="MsoNormal">Part No. : 0100</p>\r\n\r\n<p class="MsoNormal">Name of&nbsp; Spare : CI\r\nPump Housing</p><p></p>', 3, '9100.00', '27300.00', 'No', 2, 0, 0, ''),
(586, 127, 756, '<p><span style="font-weight: bold; text-decoration: underline;">Spare for "JOHNSON" Pump</span></p><p><span style="font-weight: bold;">Your Item Code: 100017398</span></p><p><span style="font-weight: bold;">Model: KGEN 15 6</span></p><p>Part No. : 0310</p><p>Name of &nbsp;Spare : Mechanical Seal&nbsp;</p>', 2, '1988.75', '3977.50', 'No', 2, 0, 2, ''),
(588, 130, 1157, '<p><h4 style="line-height: 1; color: rgb(51, 51, 51);"><span style="text-decoration: underline;"><span style="font-weight: bold;">Item Code : ES013800000584</span><br></span>Mechanical Seal for Johnson Pump Spares CB 200 200 G1</h4></p>', 2, '6460.00', '12920.00', 'No', 4, 0, 2, ''),
(593, 131, 927, '<p><span style="font-weight: bold; text-decoration-line: underline;">Johnson Pump Set&nbsp;</span></p><p>Model : CCR 32 160 R6 S2 L3</p><p>Type : Centrifugal Pump</p><p>Power : &nbsp;5 HP/ 2900 RPM&nbsp;<span style="background-color: transparent;">IE-3 Motor</span></p><p>Pump Sr. No.&nbsp;</p><p>Motor Sr. No.</p>', 7, '58626.00', '410382.00', 'Yes', 2, 0, 0, ''),
(594, 131, 930, '<p><span style="font-weight: bold; text-decoration-line: underline;">Johnson Pump Set&nbsp;</span></p><p>Model : CCR 40 160 R6 S2 L3</p><p>Type : Centrifugal Pump</p><p>Power : &nbsp;7.5&nbsp;<span style="background-color: transparent;">HP/ 2900 RPM IE-3 Motor</span></p><p>Pump Sr. No.&nbsp;</p><p>Motor Sr. No.</p>', 3, '66800.00', '200400.00', 'Yes', 2, 0, 0, ''),
(610, 121, 677, '<p><span style="font-weight: bold; text-decoration: underline;">JOHNSON Pump &amp; Spares</span></p><p><span style="font-weight: bold;">Item Code : REP-P&amp;M-3457</span></p><p>Pump Model : KGEN 11 3</p><p>Type : Self Priming Mud Pump</p><p>Pump Sr. No.:</p>', 2, '8880.00', '17760.00', 'No', 2, 0, 0, ''),
(611, 121, 755, '<p><span style="font-weight: bold;">Item Code : REP-P&amp;M-1028</span></p><p>Mechanical Seal for KGEN 11 3</p>', 5, '1350.00', '6750.00', 'No', 2, 0, 4, ''),
(612, 121, 750, '<p><span style="font-weight: bold;">Item Code : REP-P&amp;M-3975</span></p><p>Oil Seal for KGEN 11 3</p>', 5, '150.00', '750.00', 'No', 2, 0, 5, ''),
(634, 134, 1385, '<p>Johnson Pump Spares</p><p>CI Impeller of CN 125 315 G1 S2 L3</p><p>Impeller Dia :-293 &nbsp;MM</p>', 1, '11760.00', '11760.00', 'No', 2, 0, 1, ''),
(635, 133, 1422, '<p><span style="font-weight: bold; text-decoration: underline;">Spares for "ANTICO" Pump </span></p><p><span style="font-weight: bold;">Model EXP 50 CT</span></p><p><span style="font-weight: bold;">item code&nbsp;&nbsp;&nbsp;&nbsp;&nbsp;&nbsp;&nbsp;&nbsp;&nbsp;&nbsp;&nbsp;&nbsp;&nbsp;&nbsp; &nbsp; Part No.&nbsp;&nbsp;&nbsp;&nbsp;&nbsp;&nbsp;&nbsp;&nbsp;&nbsp;&nbsp;&nbsp;&nbsp;&nbsp; &nbsp; Description</span></p><p>863600145&nbsp;&nbsp;&nbsp;&nbsp;&nbsp;&nbsp;&nbsp;&nbsp;&nbsp;&nbsp;&nbsp;&nbsp;&nbsp;&nbsp;&nbsp;&nbsp;&nbsp;&nbsp;&nbsp;&nbsp;&nbsp; EXP 802&nbsp;&nbsp;&nbsp;&nbsp;&nbsp;&nbsp;&nbsp;&nbsp;&nbsp;&nbsp;&nbsp;&nbsp;&nbsp;&nbsp;&nbsp;&nbsp;&nbsp;&nbsp;&nbsp;&nbsp;&nbsp; &nbsp; Back Plate &nbsp;</p><p><span style="font-weight: bold;"></span></p>', 1, '6555.00', '6555.00', 'No', 2, 0, 0, ''),
(636, 133, 1424, '<p>863600146 &nbsp; &nbsp;&nbsp;&nbsp;&nbsp;&nbsp;&nbsp;&nbsp;&nbsp;&nbsp;&nbsp;&nbsp;&nbsp;&nbsp;&nbsp;&nbsp;&nbsp;&nbsp;&nbsp; EXP 803&nbsp;&nbsp;&nbsp;&nbsp;&nbsp;&nbsp;&nbsp;&nbsp;&nbsp;&nbsp;&nbsp;&nbsp;&nbsp;&nbsp;&nbsp;&nbsp;&nbsp;&nbsp;&nbsp;&nbsp;&nbsp; &nbsp; Impeller PP&nbsp;&nbsp;<br></p>', 1, '6555.00', '6555.00', 'No', 2, 0, 0, ''),
(637, 133, 1426, '<p>863600147 &nbsp; &nbsp; &nbsp; &nbsp; &nbsp; &nbsp; &nbsp; &nbsp; &nbsp; &nbsp; &nbsp;8201&nbsp;&nbsp;&nbsp;&nbsp;&nbsp;&nbsp;&nbsp;&nbsp;&nbsp;&nbsp;&nbsp;&nbsp;&nbsp;&nbsp;&nbsp;&nbsp;&nbsp;&nbsp;&nbsp;&nbsp;&nbsp; &nbsp; Adopter&nbsp;&nbsp;<br></p>', 1, '5700.00', '5700.00', 'No', 2, 0, 0, ''),
(638, 133, 1397, '<p>863600148&nbsp;&nbsp;&nbsp;&nbsp;&nbsp;&nbsp;&nbsp;&nbsp;&nbsp;&nbsp;&nbsp;&nbsp;&nbsp;&nbsp;&nbsp;&nbsp;&nbsp;&nbsp;&nbsp;&nbsp;&nbsp; 8203&nbsp;&nbsp;&nbsp;&nbsp;&nbsp;&nbsp;&nbsp;&nbsp;&nbsp;&nbsp;&nbsp;&nbsp;&nbsp;&nbsp;&nbsp;&nbsp;&nbsp;&nbsp;&nbsp;&nbsp;&nbsp; &nbsp; Cage Ring&nbsp;&nbsp;<br></p>', 1, '3135.00', '3135.00', 'No', 2, 0, 0, ''),
(639, 133, 1427, '<p>863600149&nbsp;&nbsp;&nbsp;&nbsp;&nbsp;&nbsp;&nbsp;&nbsp;&nbsp;&nbsp;&nbsp;&nbsp;&nbsp;&nbsp;&nbsp;&nbsp;&nbsp;&nbsp;&nbsp;&nbsp;&nbsp; C217 &nbsp; &nbsp; &nbsp; &nbsp; &nbsp; &nbsp; &nbsp; &nbsp; &nbsp; &nbsp; &nbsp; &nbsp;Bolts for Clamping &nbsp;(4 Nos= 1 Set)<br></p>', 2, '2622.00', '5244.00', 'No', 2, 0, 0, ''),
(640, 133, 1428, '<p>863600149 &nbsp; &nbsp;&nbsp;&nbsp;&nbsp;&nbsp;&nbsp;&nbsp;&nbsp;&nbsp;&nbsp;&nbsp;&nbsp;&nbsp;&nbsp;&nbsp;&nbsp;&nbsp;&nbsp; C234&nbsp;&nbsp;&nbsp;&nbsp;&nbsp;&nbsp;&nbsp;&nbsp;&nbsp;&nbsp;&nbsp;&nbsp;&nbsp;&nbsp;&nbsp;&nbsp;&nbsp;&nbsp;&nbsp;&nbsp;&nbsp; &nbsp; Cage Ring Hardware (8 Nos= 1 Set)&nbsp;<br></p>', 2, '2622.00', '5244.00', 'No', 2, 0, 0, ''),
(641, 133, 829, '<p>863600150 &nbsp; &nbsp;&nbsp;&nbsp;&nbsp;&nbsp;&nbsp;&nbsp;&nbsp;&nbsp;&nbsp;&nbsp;&nbsp;&nbsp;&nbsp;&nbsp;&nbsp;&nbsp;&nbsp; C 219&nbsp;&nbsp;&nbsp;&nbsp;&nbsp;&nbsp;&nbsp;&nbsp;&nbsp;&nbsp;&nbsp;&nbsp;&nbsp;&nbsp;&nbsp;&nbsp;&nbsp;&nbsp;&nbsp;&nbsp;&nbsp; &nbsp; Bearing Cover&nbsp;&nbsp;<br></p>', 1, '1425.00', '1425.00', 'No', 2, 0, 0, ''),
(642, 133, 1211, '<p>863600151 &nbsp; &nbsp;&nbsp;&nbsp;&nbsp;&nbsp;&nbsp;&nbsp;&nbsp;&nbsp;&nbsp;&nbsp;&nbsp;&nbsp;&nbsp;&nbsp;&nbsp;&nbsp;&nbsp; C221&nbsp; &nbsp;&nbsp;&nbsp;&nbsp;&nbsp;&nbsp;&nbsp;&nbsp;&nbsp;&nbsp;&nbsp;&nbsp;&nbsp;&nbsp;&nbsp;&nbsp;&nbsp;&nbsp; &nbsp; Bare shaft&nbsp;&nbsp;<br></p>', 2, '5985.00', '11970.00', 'No', 2, 0, 0, ''),
(643, 133, 674, '<p>863600152 &nbsp; &nbsp;&nbsp;&nbsp;&nbsp;&nbsp;&nbsp;&nbsp;&nbsp;&nbsp;&nbsp;&nbsp;&nbsp;&nbsp;&nbsp;&nbsp;&nbsp;&nbsp;&nbsp; C222&nbsp;&nbsp;&nbsp;&nbsp;&nbsp;&nbsp;&nbsp;&nbsp;&nbsp;&nbsp;&nbsp;&nbsp;&nbsp;&nbsp;&nbsp;&nbsp;&nbsp;&nbsp;&nbsp;&nbsp;&nbsp; &nbsp; Shaft Sleeve&nbsp;&nbsp;<br></p>', 2, '9975.00', '19950.00', 'No', 2, 0, 0, ''),
(644, 133, 669, '<p>863600154 &nbsp; &nbsp;&nbsp;&nbsp;&nbsp;&nbsp;&nbsp;&nbsp;&nbsp;&nbsp;&nbsp;&nbsp;&nbsp;&nbsp;&nbsp;&nbsp;&nbsp;&nbsp;&nbsp; C-231, C232&nbsp;&nbsp;&nbsp;&nbsp;&nbsp;&nbsp;&nbsp;&nbsp;&nbsp;&nbsp;&nbsp;&nbsp;&nbsp;&nbsp;&nbsp;&nbsp;&nbsp;&nbsp;&nbsp;&nbsp;&nbsp; &nbsp; Mechanical Seal&nbsp;&nbsp;<br></p>', 2, '18525.00', '37050.00', 'No', 2, 0, 0, ''),
(645, 133, 1131, '<p>863600155 &nbsp; &nbsp;&nbsp;&nbsp;&nbsp;&nbsp;&nbsp;&nbsp;&nbsp;&nbsp;&nbsp;&nbsp;&nbsp;&nbsp;&nbsp;&nbsp;&nbsp;&nbsp;&nbsp; C233&nbsp;&nbsp;&nbsp;&nbsp;&nbsp;&nbsp;&nbsp;&nbsp;&nbsp;&nbsp;&nbsp;&nbsp;&nbsp;&nbsp;&nbsp;&nbsp;&nbsp;&nbsp;&nbsp;&nbsp;&nbsp; &nbsp; Constant Level Oiler&nbsp;<br></p>', 2, '1054.50', '2109.00', 'No', 2, 0, 0, ''),
(646, 133, 1423, '<p>863710046 &nbsp; &nbsp; &nbsp; &nbsp; &nbsp; &nbsp; &nbsp; &nbsp; &nbsp; &nbsp; &nbsp;EXP 5502 &nbsp; &nbsp; &nbsp; &nbsp; &nbsp; &nbsp; &nbsp; &nbsp; &nbsp; &nbsp; &nbsp; &nbsp;Back Plate for Mechanical Seal&nbsp;<br></p>', 1, '6555.00', '6555.00', 'No', 2, 0, 0, ''),
(647, 133, 1425, '<p>863710047 &nbsp; &nbsp; &nbsp; &nbsp; &nbsp; &nbsp; &nbsp; &nbsp; &nbsp; &nbsp; &nbsp;EXP 5503 &nbsp; &nbsp; &nbsp; &nbsp; &nbsp; &nbsp; &nbsp; &nbsp; &nbsp; &nbsp; &nbsp; &nbsp;Impeller PP<br></p>', 1, '6555.00', '6555.00', 'No', 2, 0, 0, ''),
(675, 135, 1408, '<p><span style="font-weight: bold; text-decoration: underline;">Spares for "JOHNSON" Pump </span></p><p><span style="font-weight: bold;">Model CN 125 400 G1 S2 L3</span></p><p><span style="font-weight: bold;"><br></span><span style="font-weight: bold; line-height: 1.42857143; font-size: 13px;">item code&nbsp;&nbsp;&nbsp;&nbsp;&nbsp;&nbsp;&nbsp;&nbsp;&nbsp;&nbsp;&nbsp;&nbsp;&nbsp;&nbsp; &nbsp; Part No.&nbsp;&nbsp;&nbsp;&nbsp;&nbsp;&nbsp;&nbsp;&nbsp;&nbsp;&nbsp;&nbsp;&nbsp;&nbsp; &nbsp; Description</span></p><p>863610056 &nbsp; &nbsp; &nbsp; &nbsp; &nbsp; &nbsp; &nbsp; &nbsp; &nbsp; &nbsp; &nbsp;0120 &nbsp; &nbsp; &nbsp; &nbsp; &nbsp; &nbsp; &nbsp; &nbsp; &nbsp; &nbsp; &nbsp; &nbsp;Impeller SS 316 &nbsp;</p><p><span style="font-weight: bold;"></span></p>', 1, '53181.00', '53181.00', 'No', 2, 0, 0, ''),
(676, 135, 1409, '<p>863610059 &nbsp; &nbsp; &nbsp; &nbsp; &nbsp; &nbsp; &nbsp; &nbsp; &nbsp; &nbsp; &nbsp;1100 &nbsp; &nbsp; &nbsp; &nbsp; &nbsp; &nbsp; &nbsp; &nbsp; &nbsp; &nbsp; &nbsp; &nbsp;Shaft Sleeve &nbsp;<br></p>', 1, '11210.00', '11210.00', 'No', 2, 0, 0, ''),
(677, 135, 1410, '<p><span style="font-size: 12.727272033691406px; line-height: 16.363636016845703px;">863610100 &nbsp; &nbsp; &nbsp; &nbsp; &nbsp; &nbsp; &nbsp; &nbsp; &nbsp; &nbsp; 0110 &nbsp; &nbsp; &nbsp; &nbsp; &nbsp; &nbsp; &nbsp; &nbsp; &nbsp; &nbsp; &nbsp; &nbsp;Stuffing Box&nbsp;</span><br></p>', 1, '5861.50', '5861.50', 'No', 2, 0, 0, ''),
(678, 135, 1411, '<p><span style="font-size: 12.222222328186035px; line-height: 16.354167938232422px;">863610101 &nbsp; &nbsp; &nbsp; &nbsp; &nbsp; &nbsp; &nbsp; &nbsp; &nbsp; &nbsp; 0130 &nbsp; &nbsp; &nbsp; &nbsp; &nbsp; &nbsp; &nbsp; &nbsp; &nbsp; &nbsp; &nbsp; Wearing Ring&nbsp;</span><br></p>', 2, '1985.50', '3971.00', 'No', 2, 0, 0, ''),
(679, 135, 1412, '<p><span style="font-size: 12.222222328186035px; line-height: 16.354167938232422px;">863610102 &nbsp; &nbsp; &nbsp; &nbsp; &nbsp; &nbsp; &nbsp; &nbsp; &nbsp; &nbsp; 0140 &nbsp; &nbsp; &nbsp; &nbsp; &nbsp; &nbsp; &nbsp; &nbsp; &nbsp; &nbsp; &nbsp; Leg CI&nbsp;</span><br></p>', 1, '988.00', '988.00', 'No', 2, 0, 0, ''),
(680, 135, 1225, '<p><span style="font-size: 12.222222328186035px; line-height: 16.354167938232422px;">863610103 &nbsp; &nbsp; &nbsp; &nbsp; &nbsp; &nbsp; &nbsp; &nbsp; &nbsp; &nbsp; 1140 &nbsp; &nbsp; &nbsp; &nbsp; &nbsp; &nbsp; &nbsp; &nbsp; &nbsp; &nbsp; &nbsp; &nbsp;Split Gland&nbsp;</span><br></p>', 2, '1273.00', '2546.00', 'No', 2, 0, 0, ''),
(681, 135, 1415, '<p><span style="font-size: 12.222222328186035px; line-height: 16.354167938232422px;">863610104 &nbsp; &nbsp; &nbsp; &nbsp; &nbsp; &nbsp; &nbsp; &nbsp; &nbsp; &nbsp; 1110 &nbsp; &nbsp; &nbsp; &nbsp; &nbsp; &nbsp; &nbsp; &nbsp; &nbsp; &nbsp; &nbsp; &nbsp;Bottom Ring&nbsp;</span><br></p>', 1, '1244.50', '1244.50', 'No', 2, 0, 0, ''),
(682, 135, 1416, '<p><span style="font-size: 12.222222328186035px; line-height: 16.354167938232422px;">863610105 &nbsp; &nbsp; &nbsp; &nbsp; &nbsp; &nbsp; &nbsp; &nbsp; &nbsp; &nbsp; 1820 &nbsp; &nbsp; &nbsp; &nbsp; &nbsp; &nbsp; &nbsp; &nbsp; &nbsp; &nbsp; &nbsp; &nbsp;Impeller Cap Nut&nbsp;</span><br></p>', 2, '2584.00', '5168.00', 'No', 2, 0, 0, ''),
(683, 135, 1417, '<p><span style="font-size: 12.222222328186035px; line-height: 16.354167938232422px;">863610106 &nbsp; &nbsp; &nbsp; &nbsp; &nbsp; &nbsp; &nbsp; &nbsp; &nbsp; &nbsp; 1860 &nbsp; &nbsp; &nbsp; &nbsp; &nbsp; &nbsp; &nbsp; &nbsp; &nbsp; &nbsp; &nbsp; &nbsp;Impeller Key&nbsp;</span><br></p>', 2, '342.00', '684.00', 'No', 2, 0, 0, ''),
(684, 135, 1418, '<p><span style="font-size: 12.222222328186035px; line-height: 16.354167938232422px;">863610107 &nbsp; &nbsp; &nbsp; &nbsp; &nbsp; &nbsp; &nbsp; &nbsp; &nbsp; &nbsp; 2200 &nbsp; &nbsp; &nbsp; &nbsp; &nbsp; &nbsp; &nbsp; &nbsp; &nbsp; &nbsp; &nbsp; &nbsp;Pump Shaft&nbsp;</span><br></p>', 1, '15628.00', '15628.00', 'No', 2, 0, 0, ''),
(685, 135, 1433, '<p><span style="font-size: 12.222222328186035px; line-height: 16.354167938232422px;">863610108 &nbsp; &nbsp; &nbsp; &nbsp; &nbsp; &nbsp; &nbsp; &nbsp; &nbsp; &nbsp; 2220 &nbsp; &nbsp; &nbsp; &nbsp; &nbsp; &nbsp; &nbsp; &nbsp; &nbsp; &nbsp; &nbsp; &nbsp;Splash ring</span><br></p>', 2, '313.50', '627.00', 'No', 2, 0, 0, ''),
(686, 135, 1420, '<p><span style="font-size: 12.222222328186035px; line-height: 16.354167938232422px;">863610109 &nbsp; &nbsp; &nbsp; &nbsp; &nbsp; &nbsp; &nbsp; &nbsp; &nbsp; &nbsp; 2300 &nbsp; &nbsp; &nbsp; &nbsp; &nbsp; &nbsp; &nbsp; &nbsp; &nbsp; &nbsp; &nbsp; &nbsp;Intermal Circlip&nbsp;</span><br></p>', 4, '560.50', '2242.00', 'No', 2, 0, 0, ''),
(687, 135, 1421, '<p><span style="font-size: 12.222222328186035px; line-height: 16.354167938232422px;">863610110 &nbsp; &nbsp; &nbsp; &nbsp; &nbsp; &nbsp; &nbsp; &nbsp; &nbsp; &nbsp; 2360 &nbsp; &nbsp; &nbsp; &nbsp; &nbsp; &nbsp; &nbsp; &nbsp; &nbsp; &nbsp; &nbsp; &nbsp;External Circlip&nbsp;</span><br></p>', 4, '171.00', '684.00', 'No', 2, 0, 0, ''),
(688, 135, 1419, '<p>863610111&nbsp;&nbsp;&nbsp;&nbsp;&nbsp;&nbsp;&nbsp;&nbsp;&nbsp;&nbsp;&nbsp;&nbsp;&nbsp;&nbsp;&nbsp;&nbsp;&nbsp;&nbsp;&nbsp;&nbsp;&nbsp;&nbsp;&nbsp;&nbsp;&nbsp;&nbsp;&nbsp;&nbsp;&nbsp;&nbsp;&nbsp;&nbsp;&nbsp;&nbsp;&nbsp;&nbsp;&nbsp;&nbsp;&nbsp;&nbsp;&nbsp;&nbsp;&nbsp;&nbsp;&nbsp; &nbsp; Pump Casing</p>', 1, '56525.00', '56525.00', 'Yes', 1, 0, 0, ''),
(689, 136, 1314, '', 1, '3800.00', '3800.00', 'No', 2, 0, 0, ''),
(693, 132, 1164, '<p class="MsoNormal" style="margin-bottom: 7.5pt; line-height: normal; background-image: initial; background-position: initial; background-size: initial; background-repeat: initial; background-attachment: initial; background-origin: initial; background-clip: initial;"><span style="font-weight: bold; text-decoration-line: underline;">MBR Feed Pump</span><o:p></o:p></p><p class="MsoNormal" style="margin-bottom: 7.5pt; line-height: normal; background-image: initial; background-position: initial; background-size: initial; background-repeat: initial; background-attachment: initial; background-origin: initial; background-clip: initial;">Pump Type &nbsp;: &nbsp;Centrifugal Pump<o:p></o:p></p><p class="MsoNormal" style="margin-bottom: 7.5pt; line-height: normal; background-image: initial; background-position: initial; background-size: initial; background-repeat: initial; background-attachment: initial; background-origin: initial; background-clip: initial;">Pump Model &nbsp;: CN\r\n100 250 G1 S2 L1<o:p></o:p></p><p class="MsoNormal" style="margin-bottom: 7.5pt; line-height: normal; background-image: initial; background-position: initial; background-size: initial; background-repeat: initial; background-attachment: initial; background-origin: initial; background-clip: initial;">Service&nbsp;&nbsp;&nbsp;&nbsp;&nbsp;&nbsp;&nbsp;&nbsp;&nbsp;&nbsp;\r\n: Transfer<o:p></o:p></p><p class="MsoNormal" style="margin-bottom: 7.5pt; line-height: normal; background-image: initial; background-position: initial; background-size: initial; background-repeat: initial; background-attachment: initial; background-origin: initial; background-clip: initial;">Make &nbsp;\r\n&nbsp;&nbsp;&nbsp;&nbsp;&nbsp;&nbsp;&nbsp;&nbsp;&nbsp;&nbsp;&nbsp;: Johnson</p><p class="MsoNormal" style="margin-bottom: 7.5pt; line-height: normal; background-image: initial; background-position: initial; background-size: initial; background-repeat: initial; background-attachment: initial; background-origin: initial; background-clip: initial;">Impeller Dia &nbsp;: 235 MM</p><p class="MsoNormal" style="margin-bottom: 7.5pt; line-height: normal; background-image: initial; background-position: initial; background-size: initial; background-repeat: initial; background-attachment: initial; background-origin: initial; background-clip: initial;"><span style="background-color: transparent;">Scope of Supply : Pump\r\nwith Base frame,coupling and coupling guard.</span><br></p><p class="MsoNormal" style="margin-bottom: 7.5pt; line-height: normal; background-image: initial; background-position: initial; background-size: initial; background-repeat: initial; background-attachment: initial; background-origin: initial; background-clip: initial;">Pump Sr. No. :</p>', 1, '49500.00', '49500.00', 'No', 2, 0, 0, 'Manufactured'),
(694, 132, 804, '<p class="MsoNormal" style="margin-bottom: 7.5pt; line-height: normal; background-image: initial; background-position: initial; background-size: initial; background-repeat: initial; background-attachment: initial; background-origin: initial; background-clip: initial;"><span style="font-weight: bold; text-decoration-line: underline;">Raw Sewage Pump</span><span style="font-family: Arial, sans-serif; font-size: 10pt;"><o:p></o:p></span></p><p class="MsoNormal" style="margin-bottom: 7.5pt; line-height: normal; background-image: initial; background-position: initial; background-size: initial; background-repeat: initial; background-attachment: initial; background-origin: initial; background-clip: initial;">Pump Type\r\n&nbsp;&nbsp;&nbsp;&nbsp;: &nbsp;Self priming non clog pump<o:p></o:p></p><p class="MsoNormal" style="margin-bottom: 7.5pt; line-height: normal; background-image: initial; background-position: initial; background-size: initial; background-repeat: initial; background-attachment: initial; background-origin: initial; background-clip: initial;">Pump Model &nbsp; &nbsp;:\r\nKGEN 12 b 5<o:p></o:p></p><p class="MsoNormal" style="margin-bottom: 7.5pt; line-height: normal; background-image: initial; background-position: initial; background-size: initial; background-repeat: initial; background-attachment: initial; background-origin: initial; background-clip: initial;">Service&nbsp;&nbsp;&nbsp;&nbsp;&nbsp;&nbsp;&nbsp;&nbsp;&nbsp;&nbsp;\r\n: Transfer<o:p></o:p></p><p class="MsoNormal" style="margin-bottom: 7.5pt; line-height: normal; background-image: initial; background-position: initial; background-size: initial; background-repeat: initial; background-attachment: initial; background-origin: initial; background-clip: initial;">Make &nbsp;\r\n&nbsp;&nbsp;&nbsp;&nbsp;&nbsp;&nbsp;&nbsp;&nbsp;&nbsp;&nbsp;&nbsp;: Johnson<o:p></o:p></p><p class="MsoNormal" style="margin-bottom: 7.5pt; line-height: normal; background-image: initial; background-position: initial; background-size: initial; background-repeat: initial; background-attachment: initial; background-origin: initial; background-clip: initial;"><span style="background-color: transparent;">Scope of Supply : Pump\r\nwith Base frame,coupling and coupling guard</span><br></p><p class="MsoNormal" style="margin-bottom: 7.5pt; line-height: normal; background-image: initial; background-position: initial; background-size: initial; background-repeat: initial; background-attachment: initial; background-origin: initial; background-clip: initial;"><span style="font-family: Arial, sans-serif; font-size: 10pt; background-color: transparent;"><span style="font-weight: bold;">Pump Sr. No. :</span>&nbsp;</span><span style="font-size: 10pt; font-family: Arial, sans-serif;"><br></span></p>', 1, '16100.00', '16100.00', 'No', 2, 0, 1, 'Manufactured'),
(695, 132, 987, '<p class="MsoNormal" style="margin-bottom: 7.5pt; line-height: normal; background-image: initial; background-position: initial; background-size: initial; background-repeat: initial; background-attachment: initial; background-origin: initial; background-clip: initial;"><span style="font-weight: bold; text-decoration-line: underline;">Treated water Transfer\r\nPump</span><o:p></o:p></p><p class="MsoNormal" style="margin-bottom: 7.5pt; line-height: normal; background-image: initial; background-position: initial; background-size: initial; background-repeat: initial; background-attachment: initial; background-origin: initial; background-clip: initial;">Pump Type\r\n&nbsp;&nbsp;&nbsp;&nbsp;: &nbsp;Centrifugal Pump<o:p></o:p></p><p class="MsoNormal" style="margin-bottom: 7.5pt; line-height: normal; background-image: initial; background-position: initial; background-size: initial; background-repeat: initial; background-attachment: initial; background-origin: initial; background-clip: initial;">Pump Model &nbsp; : CN\r\n32 200 G1 S2 L3<o:p></o:p></p><p class="MsoNormal" style="margin-bottom: 7.5pt; line-height: normal; background-image: initial; background-position: initial; background-size: initial; background-repeat: initial; background-attachment: initial; background-origin: initial; background-clip: initial;">Service&nbsp;&nbsp;&nbsp;&nbsp;&nbsp;&nbsp;&nbsp;&nbsp;&nbsp;&nbsp;\r\n: Transfer<o:p></o:p></p><p class="MsoNormal" style="margin-bottom: 7.5pt; line-height: normal; background-image: initial; background-position: initial; background-size: initial; background-repeat: initial; background-attachment: initial; background-origin: initial; background-clip: initial;">Make &nbsp;\r\n&nbsp;&nbsp;&nbsp;&nbsp;&nbsp;&nbsp;&nbsp;&nbsp;&nbsp;&nbsp;&nbsp;: Johnson</p><p class="MsoNormal" style="margin-bottom: 7.5pt; line-height: normal; background-image: initial; background-position: initial; background-size: initial; background-repeat: initial; background-attachment: initial; background-origin: initial; background-clip: initial;">Impeller Dia : 202 MM</p><p class="MsoNormal" style="margin-bottom: 7.5pt; line-height: normal; background-image: initial; background-position: initial; background-size: initial; background-repeat: initial; background-attachment: initial; background-origin: initial; background-clip: initial;">Scope of Supply : Pump\r\nwith Base frame , coupling and coupling guard</p><p class="MsoNormal" style="margin-bottom: 7.5pt; line-height: normal; background-image: initial; background-position: initial; background-size: initial; background-repeat: initial; background-attachment: initial; background-origin: initial; background-clip: initial;">Pump Sr.No.:&nbsp;<span style="font-size: 10pt; font-family: Arial, sans-serif;"><br></span></p>', 1, '22400.00', '22400.00', 'No', 2, 0, 0, 'Manufactured');

-- --------------------------------------------------------

--
-- Table structure for table `sale_returns`
--

CREATE TABLE IF NOT EXISTS `sale_returns` (
  `id` int(10) NOT NULL AUTO_INCREMENT,
  `temp_limit` decimal(10,2) DEFAULT '0.00',
  `customer_id` int(10) NOT NULL,
  `customer_address` text NOT NULL,
  `lr_no` varchar(255) NOT NULL,
  `terms_conditions` text,
  `discount_type` tinyint(1) NOT NULL,
  `total` decimal(15,2) NOT NULL,
  `pnf` decimal(10,2) NOT NULL,
  `pnf_type` tinyint(1) NOT NULL,
  `pnf_per` decimal(4,2) NOT NULL,
  `total_after_pnf` decimal(15,2) NOT NULL,
  `sale_tax_per` decimal(4,2) NOT NULL,
  `sale_tax_id` int(10) NOT NULL,
  `sale_tax_amount` decimal(15,2) NOT NULL,
  `exceise_duty` decimal(10,2) NOT NULL,
  `ed_description` varchar(255) NOT NULL,
  `fright_amount` decimal(8,2) NOT NULL,
  `fright_text` varchar(255) NOT NULL,
  `grand_total` decimal(18,2) NOT NULL,
  `due_payment` decimal(18,2) NOT NULL,
  `date_created` date NOT NULL,
  `company_id` int(10) NOT NULL,
  `process_status` varchar(30) NOT NULL,
  `sales_order_id` int(10) NOT NULL,
  `sr1` varchar(10) NOT NULL,
  `sr2` int(10) NOT NULL,
  `sr3` varchar(10) NOT NULL,
  `sr4` varchar(10) NOT NULL,
  `customer_po_no` varchar(100) NOT NULL,
  `po_date` date NOT NULL,
  `additional_note` varchar(255) NOT NULL,
  `employee_id` int(10) NOT NULL,
  `created_by` int(11) NOT NULL,
  `transporter_id` int(10) NOT NULL,
  `discount_per` decimal(4,2) NOT NULL,
  `discount` decimal(10,2) NOT NULL,
  `form47` varchar(100) NOT NULL,
  `form49` varchar(100) NOT NULL,
  `status` varchar(20) NOT NULL,
  `inventory_voucher_status` varchar(20) NOT NULL DEFAULT 'Pending',
  `payment_mode` varchar(20) NOT NULL,
  `fright_ledger_account` int(10) NOT NULL,
  `sales_ledger_account` int(10) NOT NULL,
  `st_ledger_account_id` int(10) NOT NULL,
  `pdf_font_size` varchar(10) NOT NULL DEFAULT '16px',
  `delivery_description` text NOT NULL,
  `invoice_id` int(11) NOT NULL,
  PRIMARY KEY (`id`)
) ENGINE=InnoDB DEFAULT CHARSET=latin1 AUTO_INCREMENT=1 ;

-- --------------------------------------------------------

--
-- Table structure for table `sale_return_rows`
--

CREATE TABLE IF NOT EXISTS `sale_return_rows` (
  `id` int(10) NOT NULL AUTO_INCREMENT,
  `sale_return_id` int(10) NOT NULL,
  `item_id` int(10) NOT NULL,
  `description` text NOT NULL,
  `quantity` int(5) NOT NULL,
  `rate` decimal(15,2) NOT NULL,
  `amount` decimal(15,2) NOT NULL,
  `height` int(3) NOT NULL,
  `inventory_voucher_status` varchar(10) NOT NULL DEFAULT 'Pending',
  `item_serial_number` varchar(100) NOT NULL,
  `inventory_voucher_applicable` varchar(10) NOT NULL,
  PRIMARY KEY (`id`)
) ENGINE=InnoDB DEFAULT CHARSET=latin1 AUTO_INCREMENT=1 ;

-- --------------------------------------------------------

--
-- Table structure for table `sale_taxes`
--

CREATE TABLE IF NOT EXISTS `sale_taxes` (
  `id` int(10) NOT NULL AUTO_INCREMENT,
  `tax_figure` decimal(4,2) NOT NULL,
  `quote_description` varchar(200) NOT NULL,
  `invoice_description` varchar(200) NOT NULL,
  `account_category_id` int(10) NOT NULL,
  `account_group_id` int(10) NOT NULL,
  `account_first_subgroup_id` int(10) NOT NULL,
  `account_second_subgroup_id` int(10) NOT NULL,
  `ledger_account_id` int(10) NOT NULL,
  `freeze` tinyint(1) NOT NULL,
  PRIMARY KEY (`id`)
) ENGINE=InnoDB  DEFAULT CHARSET=latin1 AUTO_INCREMENT=6 ;

--
-- Dumping data for table `sale_taxes`
--

INSERT INTO `sale_taxes` (`id`, `tax_figure`, `quote_description`, `invoice_description`, `account_category_id`, `account_group_id`, `account_first_subgroup_id`, `account_second_subgroup_id`, `ledger_account_id`, `freeze`) VALUES
(1, '14.50', 'VAT @ 14.50 % or as applicable on date of dispatch', 'VAT @ 14.50 %', 2, 6, 4, 5, 18, 0),
(2, '5.50', 'VAT @ 5.50 % or as applicable on date of dispatch', 'VAT @ 5.50%', 2, 6, 4, 5, 19, 0),
(3, '0.00', 'NIL CST agst C & E1 Form', 'NIL CST agst C & E1 Form', 2, 6, 4, 5, 20, 0),
(4, '2.00', '2% CST against C Form or as applicable on date of dispatch', '2% CST against C Form ', 2, 6, 4, 5, 21, 0),
(5, '2.00', '2 % CST against C & E1 Form', '2 % CST against C & E1 Form', 2, 6, 4, 5, 0, 0);

-- --------------------------------------------------------

--
-- Table structure for table `sale_tax_companies`
--

CREATE TABLE IF NOT EXISTS `sale_tax_companies` (
  `sale_tax_id` int(11) NOT NULL,
  `company_id` int(11) NOT NULL,
  `freeze` int(10) NOT NULL DEFAULT '0',
  PRIMARY KEY (`sale_tax_id`,`company_id`),
  KEY `company_key` (`company_id`)
) ENGINE=InnoDB DEFAULT CHARSET=latin1;

--
-- Dumping data for table `sale_tax_companies`
--

INSERT INTO `sale_tax_companies` (`sale_tax_id`, `company_id`, `freeze`) VALUES
(1, 25, 0),
(1, 26, 0),
(2, 25, 0),
(2, 26, 0),
(2, 27, 0),
(3, 25, 0),
(3, 26, 0),
(4, 25, 0),
(4, 26, 0),
(5, 25, 0),
(5, 26, 0);

-- --------------------------------------------------------

--
-- Table structure for table `sources`
--

CREATE TABLE IF NOT EXISTS `sources` (
  `id` int(10) NOT NULL AUTO_INCREMENT,
  `name` varchar(50) NOT NULL,
  PRIMARY KEY (`id`)
) ENGINE=InnoDB  DEFAULT CHARSET=latin1 AUTO_INCREMENT=5 ;

--
-- Dumping data for table `sources`
--

INSERT INTO `sources` (`id`, `name`) VALUES
(1, 'Assembled'),
(2, 'Purchessed'),
(3, 'Manufactured'),
(4, 'Purchessed/Manufactured');

-- --------------------------------------------------------

--
-- Table structure for table `terms_conditions`
--

CREATE TABLE IF NOT EXISTS `terms_conditions` (
  `id` int(10) NOT NULL AUTO_INCREMENT,
  `text_line` text NOT NULL,
  PRIMARY KEY (`id`)
) ENGINE=InnoDB  DEFAULT CHARSET=latin1 AUTO_INCREMENT=11 ;

--
-- Dumping data for table `terms_conditions`
--

INSERT INTO `terms_conditions` (`id`, `text_line`) VALUES
(1, 'Price Basis : Ex-Our  Works Udaipur .'),
(2, 'Packing & Forwarding : Extra @  2%'),
(3, 'Sales Tax : Vat Extra @ 5.5%   or as applicable on date of dispatch.'),
(4, 'Excise Duty : Extra if applicable for which we shall provide you EDGP to Claim Cenvat.'),
(5, 'Delivery : Within 2 to 3 weeks from date of receipt of Techno-Commercially clear PO.'),
(6, 'Freight & Insurance : In Buyers account. In case of transit damage you will have to Claim from your Insurance Company.'),
(7, 'Payment : Strictly within 30 days of receipt of material else interest will be charged @ 18 % p.a. for delayed period.'),
(8, 'Warranty : For Pump & Motors\r\nStandard as provided by manufacturer to be free from defects in both material & workmanship for a period of 12 months from date of installation or 18 months from date of supply whichever is earlier. Provided the Motor/Pump is installed as per instructions. We shall not be liable for any loss and or consequential damages due to breakdown of the equipment either for repair purpose or otherwise. Winding failures is not covered under warranty. \r\nFor Spare\r\nOnly interchange ability with original equipment is confirmed and any manufacturing defect is covered.'),
(9, 'Discount :  @ % on quoted price.'),
(10, 'Validity : 30 Days.');

-- --------------------------------------------------------

--
-- Table structure for table `transporters`
--

CREATE TABLE IF NOT EXISTS `transporters` (
  `id` int(11) NOT NULL AUTO_INCREMENT,
  `transporter_name` varchar(100) NOT NULL,
  `mobile` bigint(12) NOT NULL,
  `address` text NOT NULL,
  PRIMARY KEY (`id`)
) ENGINE=MyISAM  DEFAULT CHARSET=latin1 AUTO_INCREMENT=34 ;

--
-- Dumping data for table `transporters`
--

INSERT INTO `transporters` (`id`, `transporter_name`, `mobile`, `address`) VALUES
(1, 'Jaipur Golden Transport', 9314838937, 'Transport nagar Valicha \r\nUdaipur\r\nMr. Daiya\r\n0294-2640052'),
(2, 'Bhati Goods Transport Co', 2942640171, 'D-39 Transport Nagar Valicha \r\nUdaipur\r\n02942640171'),
(3, 'Gati KWE', 8003191783, 'Transport Nagar Valicha\r\nUdaipur'),
(11, 'VRL Logistic', 9309459944, 'MIA\r\nUdaipur\r\nMr. Vikram'),
(10, 'Vijay Laxmi Transport Co', 9351414593, 'Nehru Bazar\r\nUdaipur'),
(6, 'First Flight Courier', 9509281791, 'Delhi, Above Andhra Bank\r\nUdaipur\r\nNaresh ji : 9929499145'),
(7, 'Aastha Logistics', 9462679272, 'Madri Industrial Area, Udaipur\r\nMr. Uttam Jain : 9414167094\r\nMr. Khuman Singh :'),
(8, 'Nutan Rajumani Transport', 9462679272, 'Madri Industrial Area, Udaipur\r\nMr. Uttam Jain : 9414167094\r\nMr. Khuman Singh :'),
(9, 'Singhal Transport Co', 9909949089, 'Near RIICO Office, MIA, Udaipur\r\nMr. Bhatnagar : '),
(12, 'Banswara Golden Transport Co', 294252702, 'Nehru Bazar\r\nUdaipur\r\n0294252702'),
(13, 'Nimahera Golden Tr Co', 9829610969, '14 Nehru Bazar Udaipur-313001 (Raj.)'),
(14, 'Madhur Courier', 8875892435, 'Lodha Complex Near Court Chouraha\r\nUdaipur'),
(15, 'Kota Udaipur Tr. Co., Udaipur', 9460442188, '159, C-Block, Transport Nagar, Goverdhan Villas, Udaipur (Raj.)'),
(16, 'Love Kush Enterprises', 9414163787, ' Rajasthan Mahila Vidyalaya Rd, Brahmpuri, Udaipur, Rajasthan 313001\r\n'),
(17, 'DTDC Courier', 9462966768, 'MIA\r\nNear DIC office\r\nMr. Sharad Kumar\r\n9928014762'),
(18, 'Shree Sanwariya Transport Co', 9829044287, 'Transport Nagar\r\nUdaipur\r\n9829976806\r\nIndore Office 0731-4087259\r\n07828035128'),
(19, 'TCI -XPS', 8824072840, 'Balicha Transport nagar\r\nnear Vijay laxmi Transport\r\nSector 14 Udaipur'),
(20, 'TCI-Frieght', 8955704460, 'Balicha Transport nagar\r\nnear Vijay laxmi Transport\r\nSector 14 Udaipur'),
(21, 'R. B . Roadlines', 9352525361, 'Aklingpura main Road\r\nopp. jadav Nursary\r\nSector no 6\r\n0294-2466806'),
(22, 'Shanker Golden Transport', 9413318437, 'Transport nagar\r\nPratap Nagar\r\nMr. Satish\r\n0294-2492119'),
(23, 'Jain Transport', 2943265656, '100 Feet Road Shobhgpura\r\nnear Ashoka Vatika\r\nUdaipur\r\n02943265656'),
(24, 'Shree Maruti Courier Service Pvt. Ltd.', 2942417430, 'UL-C-4, Madhav Tower, City Station Road, Udaipur, Rajasthan 313004\r\n'),
(25, 'Shreenath Cargo Pvt Ltd', 9214011397, 'City Station Road\r\nBelow Hotel magan palace\r\nNear Hotel Seema\r\nUdaipur\r\n0294-2485888,2485899\r\n9351244727\r\n'),
(26, 'Shreeji Roadlines', 9829841814, 'N.H. 8  By -pass Road\r\nBhuwana Udaipur 313004\r\n0294-2441222'),
(27, 'Associated Road Carriers Limited', 294249254, 'MIA\r\nOpp. FCI Godown\r\nUdaipur\r\n02942492545'),
(28, 'Singhal Carriers', 9414757704, 'Chatri Wala Chowk\r\nDelhi Gate\r\nUdaipur\r\n0294-2422674\r\n9414238996'),
(29, 'Hand Delivery', 1111111111, 'Udaipur '),
(30, 'Indian Post ', 2942429222, 'Shastri Circle Udaipur'),
(31, 'Speed Post', 1111111111, '111'),
(32, 'Kalpna Cargo Pvt Ltd', 294248489, 'Udaipur\r\n0294248489'),
(33, 'Bittu Roadlines', 0, 'Indore');

-- --------------------------------------------------------

--
-- Table structure for table `units`
--

CREATE TABLE IF NOT EXISTS `units` (
  `id` int(10) NOT NULL AUTO_INCREMENT,
  `name` varchar(100) NOT NULL,
  PRIMARY KEY (`id`)
) ENGINE=InnoDB  DEFAULT CHARSET=latin1 AUTO_INCREMENT=12 ;

--
-- Dumping data for table `units`
--

INSERT INTO `units` (`id`, `name`) VALUES
(1, 'Nos'),
(2, 'Mtrs'),
(3, 'Set'),
(4, 'Ltrs'),
(5, 'Feet'),
(6, 'MM'),
(7, 'Sqr Inch'),
(8, 'Grams'),
(9, 'Sqr MM'),
(10, 'Cms'),
(11, 'Pkt');

-- --------------------------------------------------------

--
-- Table structure for table `user_rights`
--

CREATE TABLE IF NOT EXISTS `user_rights` (
  `id` int(10) NOT NULL AUTO_INCREMENT,
  `login_id` int(10) NOT NULL,
  `page_id` int(10) NOT NULL,
  PRIMARY KEY (`id`)
) ENGINE=InnoDB  DEFAULT CHARSET=latin1 AUTO_INCREMENT=3116 ;

--
-- Dumping data for table `user_rights`
--

INSERT INTO `user_rights` (`id`, `login_id`, `page_id`) VALUES
(103, 6, 1),
(104, 6, 2),
(105, 6, 3),
(106, 6, 4),
(107, 6, 5),
(108, 6, 6),
(447, 7, 1),
(448, 7, 2),
(449, 7, 3),
(450, 7, 4),
(451, 7, 5),
(452, 7, 6),
(453, 7, 7),
(454, 7, 8),
(455, 7, 9),
(456, 7, 10),
(457, 7, 11),
(458, 7, 12),
(459, 7, 13),
(460, 7, 14),
(461, 7, 15),
(462, 7, 16),
(463, 7, 17),
(464, 7, 18),
(465, 7, 19),
(466, 7, 20),
(822, 9, 1),
(823, 9, 2),
(824, 9, 21),
(825, 9, 30),
(826, 9, 3),
(827, 9, 4),
(828, 9, 22),
(829, 9, 5),
(830, 9, 6),
(831, 9, 24),
(832, 9, 34),
(833, 9, 50),
(834, 9, 51),
(835, 9, 52),
(836, 9, 53),
(837, 9, 61),
(838, 9, 62),
(839, 9, 63),
(840, 9, 80),
(841, 9, 25),
(842, 9, 26),
(843, 9, 81),
(939, 5, 13),
(940, 5, 14),
(941, 5, 31),
(942, 5, 15),
(943, 5, 16),
(944, 5, 36),
(945, 5, 54),
(946, 5, 55),
(947, 5, 56),
(948, 5, 57),
(949, 5, 32),
(1113, 14, 1),
(1114, 14, 2),
(1115, 14, 21),
(1116, 14, 30),
(1117, 14, 3),
(1118, 14, 4),
(1119, 14, 22),
(1120, 14, 5),
(1121, 14, 6),
(1122, 14, 24),
(1123, 14, 34),
(1124, 14, 11),
(1125, 14, 12),
(1126, 14, 28),
(1127, 14, 7),
(1128, 14, 8),
(1129, 14, 23),
(1130, 14, 33),
(1131, 14, 13),
(1132, 14, 14),
(1133, 14, 31),
(1134, 14, 9),
(1135, 14, 10),
(1136, 14, 15),
(1137, 14, 16),
(1138, 14, 17),
(1139, 14, 18),
(1140, 14, 19),
(1141, 14, 20),
(1142, 14, 36),
(1143, 14, 37),
(1144, 14, 38),
(1145, 14, 39),
(1146, 14, 40),
(1147, 14, 41),
(1148, 14, 42),
(1149, 14, 43),
(1150, 14, 44),
(1151, 14, 45),
(1152, 14, 46),
(1153, 14, 47),
(1154, 14, 48),
(1155, 14, 49),
(1156, 14, 50),
(1157, 14, 51),
(1158, 14, 52),
(1159, 14, 53),
(1160, 14, 54),
(1161, 14, 55),
(1162, 14, 56),
(1163, 14, 57),
(1164, 14, 58),
(1165, 14, 59),
(1166, 14, 60),
(1167, 14, 61),
(1168, 14, 62),
(1169, 14, 63),
(1170, 14, 64),
(1171, 14, 65),
(1172, 14, 66),
(1173, 14, 67),
(1174, 14, 68),
(1175, 14, 70),
(1176, 14, 71),
(1177, 14, 72),
(1178, 14, 73),
(1179, 14, 74),
(1180, 14, 76),
(1181, 14, 78),
(1182, 14, 80),
(1183, 14, 82),
(1184, 14, 84),
(1185, 14, 86),
(1186, 14, 88),
(1187, 14, 118),
(1188, 14, 119),
(1189, 14, 90),
(1190, 14, 91),
(1191, 14, 92),
(1192, 14, 93),
(1193, 14, 94),
(1194, 14, 95),
(1195, 14, 96),
(1196, 14, 97),
(1197, 14, 98),
(1198, 14, 99),
(1199, 14, 100),
(1200, 14, 101),
(1201, 14, 102),
(1202, 14, 103),
(1203, 14, 104),
(1204, 14, 105),
(1205, 14, 106),
(1206, 14, 107),
(1207, 14, 108),
(1208, 14, 109),
(1209, 14, 110),
(1210, 14, 111),
(1211, 14, 112),
(1212, 14, 113),
(1213, 14, 114),
(1214, 14, 115),
(1215, 14, 116),
(1216, 14, 117),
(1217, 14, 25),
(1218, 14, 26),
(1219, 14, 27),
(1220, 14, 29),
(1221, 14, 32),
(1222, 14, 69),
(1223, 14, 75),
(1224, 14, 77),
(1225, 14, 79),
(1226, 14, 81),
(1227, 14, 83),
(1228, 14, 85),
(1229, 14, 87),
(1347, 4, 3),
(1348, 4, 4),
(1349, 4, 22),
(1350, 4, 24),
(1351, 4, 11),
(1352, 4, 12),
(1353, 4, 28),
(1354, 4, 7),
(1355, 4, 8),
(1356, 4, 23),
(1357, 4, 33),
(1358, 4, 26),
(1359, 4, 27),
(1360, 4, 29),
(1361, 2, 1),
(1362, 2, 2),
(1363, 2, 21),
(1364, 2, 30),
(1365, 2, 3),
(1366, 2, 4),
(1367, 2, 22),
(1368, 2, 5),
(1369, 2, 6),
(1370, 2, 24),
(1371, 2, 34),
(1372, 2, 42),
(1373, 2, 43),
(1374, 2, 44),
(1375, 2, 45),
(1376, 2, 50),
(1377, 2, 51),
(1378, 2, 52),
(1379, 2, 53),
(1380, 2, 61),
(1381, 2, 62),
(1382, 2, 63),
(1383, 2, 64),
(1384, 2, 68),
(1385, 2, 80),
(1386, 2, 25),
(1387, 2, 26),
(1388, 2, 69),
(1389, 2, 81),
(1453, 11, 46),
(1454, 11, 47),
(1455, 11, 48),
(1456, 11, 49),
(2334, 8, 1),
(2335, 8, 2),
(2336, 8, 21),
(2337, 8, 30),
(2338, 8, 3),
(2339, 8, 4),
(2340, 8, 22),
(2341, 8, 5),
(2342, 8, 6),
(2343, 8, 24),
(2344, 8, 34),
(2345, 8, 23),
(2346, 8, 9),
(2347, 8, 10),
(2348, 8, 36),
(2349, 8, 40),
(2350, 8, 50),
(2351, 8, 51),
(2352, 8, 52),
(2353, 8, 53),
(2354, 8, 68),
(2355, 8, 82),
(2356, 8, 25),
(2357, 8, 26),
(2358, 8, 27),
(2359, 8, 69),
(2360, 8, 83),
(2361, 12, 1),
(2362, 12, 2),
(2363, 12, 21),
(2364, 12, 30),
(2365, 12, 3),
(2366, 12, 4),
(2367, 12, 22),
(2368, 12, 5),
(2369, 12, 6),
(2370, 12, 24),
(2371, 12, 34),
(2372, 12, 23),
(2373, 12, 36),
(2374, 12, 40),
(2375, 12, 42),
(2376, 12, 43),
(2377, 12, 44),
(2378, 12, 45),
(2379, 12, 50),
(2380, 12, 51),
(2381, 12, 52),
(2382, 12, 53),
(2383, 12, 68),
(2384, 12, 71),
(2385, 12, 25),
(2386, 12, 26),
(2387, 12, 27),
(2388, 12, 69),
(2882, 13, 1),
(2883, 13, 2),
(2884, 13, 21),
(2885, 13, 30),
(2886, 13, 3),
(2887, 13, 4),
(2888, 13, 22),
(2889, 13, 5),
(2890, 13, 6),
(2891, 13, 24),
(2892, 13, 34),
(2893, 13, 11),
(2894, 13, 12),
(2895, 13, 28),
(2896, 13, 7),
(2897, 13, 8),
(2898, 13, 23),
(2899, 13, 33),
(2900, 13, 13),
(2901, 13, 14),
(2902, 13, 31),
(2903, 13, 9),
(2904, 13, 10),
(2905, 13, 15),
(2906, 13, 16),
(2907, 13, 35),
(2908, 13, 17),
(2909, 13, 18),
(2910, 13, 123),
(2911, 13, 19),
(2912, 13, 20),
(2913, 13, 36),
(2914, 13, 37),
(2915, 13, 38),
(2916, 13, 40),
(2917, 13, 41),
(2918, 13, 42),
(2919, 13, 43),
(2920, 13, 44),
(2921, 13, 45),
(2922, 13, 46),
(2923, 13, 47),
(2924, 13, 48),
(2925, 13, 49),
(2926, 13, 50),
(2927, 13, 51),
(2928, 13, 52),
(2929, 13, 53),
(2930, 13, 54),
(2931, 13, 55),
(2932, 13, 56),
(2933, 13, 57),
(2934, 13, 58),
(2935, 13, 59),
(2936, 13, 60),
(2937, 13, 61),
(2938, 13, 62),
(2939, 13, 63),
(2940, 13, 64),
(2941, 13, 65),
(2942, 13, 66),
(2943, 13, 67),
(2944, 13, 68),
(2945, 13, 70),
(2946, 13, 71),
(2947, 13, 72),
(2948, 13, 73),
(2949, 13, 74),
(2950, 13, 76),
(2951, 13, 78),
(2952, 13, 80),
(2953, 13, 82),
(2954, 13, 84),
(2955, 13, 86),
(2956, 13, 88),
(2957, 13, 121),
(2958, 13, 122),
(2959, 13, 118),
(2960, 13, 119),
(2961, 13, 90),
(2962, 13, 91),
(2963, 13, 92),
(2964, 13, 93),
(2965, 13, 94),
(2966, 13, 95),
(2967, 13, 96),
(2968, 13, 97),
(2969, 13, 98),
(2970, 13, 99),
(2971, 13, 100),
(2972, 13, 101),
(2973, 13, 102),
(2974, 13, 103),
(2975, 13, 104),
(2976, 13, 105),
(2977, 13, 106),
(2978, 13, 107),
(2979, 13, 108),
(2980, 13, 109),
(2981, 13, 110),
(2982, 13, 111),
(2983, 13, 112),
(2984, 13, 113),
(2985, 13, 114),
(2986, 13, 115),
(2987, 13, 116),
(2988, 13, 117),
(2989, 13, 25),
(2990, 13, 26),
(2991, 13, 27),
(2992, 13, 29),
(2993, 13, 32),
(2994, 13, 69),
(2995, 13, 75),
(2996, 13, 77),
(2997, 13, 79),
(2998, 13, 81),
(2999, 13, 83),
(3000, 13, 85),
(3001, 13, 87),
(3024, 10, 5),
(3025, 10, 6),
(3026, 10, 24),
(3027, 10, 23),
(3028, 10, 9),
(3029, 10, 10),
(3030, 10, 15),
(3031, 10, 16),
(3032, 10, 36),
(3033, 10, 27),
(3060, 15, 23),
(3061, 15, 31),
(3062, 15, 17),
(3063, 15, 18),
(3064, 15, 123),
(3065, 15, 40),
(3066, 15, 90),
(3067, 15, 91),
(3068, 15, 92),
(3069, 15, 93),
(3070, 15, 94),
(3071, 15, 95),
(3072, 15, 96),
(3073, 15, 97),
(3074, 15, 98),
(3075, 15, 99),
(3076, 15, 100),
(3077, 15, 101),
(3078, 15, 102),
(3079, 15, 103),
(3080, 15, 104),
(3081, 15, 105),
(3082, 15, 114),
(3083, 15, 115),
(3084, 15, 116),
(3085, 15, 117),
(3086, 15, 27),
(3087, 15, 32),
(3088, 16, 1),
(3089, 16, 2),
(3090, 16, 21),
(3091, 16, 3),
(3092, 16, 4),
(3093, 16, 22),
(3094, 16, 5),
(3095, 16, 6),
(3096, 16, 24),
(3097, 16, 34),
(3098, 16, 36),
(3099, 16, 40),
(3100, 16, 25),
(3101, 16, 26),
(3102, 17, 1),
(3103, 17, 2),
(3104, 17, 21),
(3105, 17, 3),
(3106, 17, 4),
(3107, 17, 22),
(3108, 17, 5),
(3109, 17, 6),
(3110, 17, 24),
(3111, 17, 23),
(3112, 17, 36),
(3113, 17, 25),
(3114, 17, 26),
(3115, 17, 27);

-- --------------------------------------------------------

--
-- Table structure for table `vendors`
--

CREATE TABLE IF NOT EXISTS `vendors` (
  `id` int(10) NOT NULL AUTO_INCREMENT,
  `company_name` varchar(100) NOT NULL,
  `address` text NOT NULL,
  `tin_no` varchar(100) NOT NULL,
  `gst_no` varchar(100) NOT NULL,
  `ecc_no` varchar(100) NOT NULL,
  `pan_no` varchar(100) NOT NULL,
  `payment_terms` int(2) NOT NULL,
  `mode_of_payment` varchar(20) NOT NULL,
  `item_group_id` int(10) NOT NULL,
  `account_category_id` int(11) NOT NULL,
  `account_group_id` int(11) NOT NULL,
  `account_first_subgroup_id` int(11) NOT NULL,
  `account_second_subgroup_id` int(11) NOT NULL,
  PRIMARY KEY (`id`)
) ENGINE=InnoDB  DEFAULT CHARSET=latin1 AUTO_INCREMENT=34 ;

--
-- Dumping data for table `vendors`
--

INSERT INTO `vendors` (`id`, `company_name`, `address`, `tin_no`, `gst_no`, `ecc_no`, `pan_no`, `payment_terms`, `mode_of_payment`, `item_group_id`, `account_category_id`, `account_group_id`, `account_first_subgroup_id`, `account_second_subgroup_id`) VALUES
(1, 'SPX Flow Technology Pvt. Ltd.', 'Survey No. 275, Odhav\r\nAhmedabad - 382415\r\nGujrat - India ', '24575101244', 'U51900GJ1980PTC050281', 'AAACS 7234B/XM/001', 'AAACS7234B', 45, 'NEFT', 1, 2, 6, 2, 4),
(2, 'Mechneers India', '27-A,  Ashwini Marg,\r\n Udaipur  - 313 001  ', '08273902326', '', 'AAVPJ3530BXD001', 'AAVPJ3530B', 7, 'NEFT', 7, 2, 6, 2, 4),
(3, 'Tushaco Pumps Pvt. Ltd. ', 'Plot No. 1,22,23, Sr. No. 653/1, \r\nSomnath Co-op, Ind. Society Ltd., \r\nKachigam Road, Dabhel,  \r\nNani Daman- 396210 ', '25000003930', '', 'AABCT7703KXM001', 'AABCT7703K', 30, 'Cheque', 2, 2, 6, 2, 4),
(5, 'Antico Equipment Pvt. Ltd. ', '119-122 GIDC -ll, Gundlav, \r\nValsad, Gujarat 396035', '24750201713', '', 'AAFCA7145JXM001', 'AAFCA7145', 7, 'NEFT', 5, 2, 6, 2, 4),
(6, 'Positive Metering Pumps Pvt. Ltd. ', 'M- 8, MIDC,\r\nAmbad, NashiK, ', '27960057814C', '', 'AACCP0388DXM001', 'AACCP0388D', 7, 'NEFT', 3, 2, 6, 2, 4),
(7, 'Darling Pumps Pvt. Ltd. ', 'K-No. 340/2 Tigaria Badshah,\r\nNear agarbatti complex, Industrial Estate,\r\nSanwer road, Indore - 452015', '23761100643', '', 'AAACD1664LEM002', 'AAACD1664L', 30, 'NEFT', 4, 2, 6, 2, 4),
(8, 'Remi Elektrotechnik Limited', 'Building A, Survey No. 65/1,\r\nNaikpada, Waliv, Vasai (E), \r\nDist. Palghar - 401 208\r\n Maharashtra ', '27470254557', '', 'AAACR2578PXM002', 'AAACR2578P', 30, 'NEFT', 8, 2, 6, 2, 4),
(9, 'Liqtech Industries', '802, Eastern Majesty \r\nTata Colony, Mulund East \r\nMumbai - 400081 ', '27340701168', '', '-', 'AADFL2020n', 15, 'NEFT', 30, 2, 6, 2, 4),
(10, 'Tranter India Pvt. Ltd. ', 'Gat no.127/128, Dingrajwadi, \r\nTal. Shirur, Pune, \r\nMaharashtra 412208 India \r\n', '27410514065', '', 'AAFCA4598PXM003', 'AAFCA4598P', 15, 'NEFT', 33, 2, 6, 2, 4),
(11, 'Filter Concept Pvt. Ltd. ', '302, Aalin, Opp. Gujarat Vidhyapith, \r\nB/H Jet Airways office, Ashram Road,\r\n Ahmedabad, Gujarat, \r\nIndia, 380014', '24573302855', '', 'AABCF5606MEM002', 'AABCF5606M', 7, 'NEFT', 30, 2, 6, 2, 4),
(12, 'Remi Sales And Engg. Ltd.', '18A/19A, M R Estate, \r\nKanchan Pharma ni Gali.\r\nNr. Aslali Bypass, Aslali-382427\r\nDist. Ahmedabad, Gujarat\r\nPh: 02718-261578\r\n', '24572900001', '-', '-', '-', 7, 'NEFT', 21, 2, 6, 2, 4),
(13, 'Atul Enterprises', 'Near Swapnalok Cinema,\r\nOutside Hathipole\r\nUdaipur ( Raj ) -313001', '08983901596', '-', '-', '-', 7, 'NEFT', 30, 2, 6, 2, 4),
(19, 'Matrix India', 'Delhi Gate, Ashwini Marg, \r\nBehind Ganesh Automobiles,\r\nUdaipur - 313 001\r\nPh. 2413190, 2422877', '08263907424', '1', 'ACZPJ2064LED001', 'ACZPJ2064L', 15, 'NEFT', 7, 2, 6, 2, 4),
(20, 'Alloy Steel Traders ', 'Behind Reliance Chemotex Ind. \r\nRoad No. 5 M.I.A. , Madri \r\nUdaipur ', '08644005767', '-', '-', '-', 7, 'NEFT', 20, 2, 6, 2, 4),
(21, 'Uni Trade India ', '52, Dand Pole, New Ashwini Marg,\r\nUdaipur - 313 001 ', '08613902333', '-', '-', '-', 7, 'NEFT', 20, 2, 6, 2, 4),
(22, 'Sethia Iron  And Steel Co. ', '105- out side Hathipole ,\r\nLoha Bazar ,Udaipur - 313 001 \r\n ', '08403900266', '-', '-', '-', 7, 'NEFT', 20, 2, 6, 2, 4),
(23, 'Vacunair Engineering Co. Pvt. Ltd.', 'Near Gujarat Bottling, \r\nRakhial, Ahmedabad\r\n 380023', '-', '-', '-', '-', 5, 'NEFT', 38, 2, 6, 2, 4),
(27, 'Blue Star Steel And Fittings', '6 SFP Estate , Opp. Bal Krishna Estate,\r\nGujarat Bottling Road, Rakhial,\r\nAhmedabad - ', '24572204008', '-', '-', '-', 7, 'NEFT', 30, 2, 6, 2, 4),
(28, 'Hind Machinery And Hardware Mart ', 'Chamanpura - Udaipur - 313001', '08213900516', '-', '-', '-', 15, 'Cash', 30, 2, 6, 2, 4),
(29, 'Rajdhani Traders ', 'NH 8, Main Road, Bhuwana ,\r\nUdaipur ', '08053954536', '-', 'ACPPS9546LXD001', '-', 7, 'NEFT', 35, 2, 6, 2, 4),
(30, 'Gaylord Enterprise', 'A/5, Shree Ghantakarna Mahavir Comm. Market,\r\nNr. New Cloth Market,Sarangpur,\r\nAhmedabad.-Gujarat--India.\r\n', '-', '-', '-', '-', 7, 'NEFT', 30, 2, 6, 2, 4),
(31, 'Industrial Rubber Spares ', '68, New Ashwini Marg, \r\nBehind ICICI Bank, \r\nUdaipur ', '08823903333', '-', '-', '-', 7, 'NEFT', 30, 2, 6, 2, 4),
(32, 'K.M. Bandook Wala ', '186, Loha Bazar,\r\nChamanpura, Udaipur , \r\n313 001 (Raj.)', '08653906870', '-', '-', '-', 7, 'NEFT', 30, 2, 6, 2, 4),
(33, 'Artee Flow Controls Pvt. Ltd.', 'C-1/B, 1312, Near Somani Chowkdi\r\nGIDC Estate, Ankleshwar  393002\r\nGujarat, India', '-', '-', '-', '-', 7, 'NEFT', 1, 2, 6, 2, 4);

-- --------------------------------------------------------

--
-- Table structure for table `vendor_companies`
--

CREATE TABLE IF NOT EXISTS `vendor_companies` (
  `vendor_id` int(10) NOT NULL,
  `company_id` int(10) NOT NULL,
  PRIMARY KEY (`vendor_id`,`company_id`)
) ENGINE=InnoDB DEFAULT CHARSET=latin1;

--
-- Dumping data for table `vendor_companies`
--

INSERT INTO `vendor_companies` (`vendor_id`, `company_id`) VALUES
(1, 25),
(2, 25),
(3, 25),
(5, 25),
(6, 25),
(7, 25),
(8, 25),
(9, 25),
(10, 25),
(11, 25),
(12, 25),
(13, 25),
(13, 27),
(20, 25),
(20, 27),
(21, 25),
(21, 27),
(22, 25),
(22, 27),
(23, 25),
(27, 25),
(27, 27),
(28, 25),
(29, 25),
(29, 27),
(30, 25),
(30, 26),
(30, 27),
(31, 25),
(31, 27),
(32, 25),
(32, 27),
(33, 25),
(33, 27);

-- --------------------------------------------------------

--
-- Table structure for table `vendor_contact_persons`
--

CREATE TABLE IF NOT EXISTS `vendor_contact_persons` (
  `id` int(11) NOT NULL AUTO_INCREMENT,
  `vendor_id` int(11) NOT NULL,
  `name` varchar(50) NOT NULL,
  `email` varchar(100) NOT NULL,
  `mobile` varchar(10) NOT NULL,
  `default_person` int(1) NOT NULL,
  `account_category_id` int(10) NOT NULL,
  `account_group_id` int(10) NOT NULL,
  `account_first_subgroup_id` int(10) NOT NULL,
  `account_second_subgroup_id` int(10) NOT NULL,
  PRIMARY KEY (`id`)
) ENGINE=InnoDB  DEFAULT CHARSET=latin1 AUTO_INCREMENT=91 ;

--
-- Dumping data for table `vendor_contact_persons`
--

INSERT INTO `vendor_contact_persons` (`id`, `vendor_id`, `name`, `email`, `mobile`, `default_person`, `account_category_id`, `account_group_id`, `account_first_subgroup_id`, `account_second_subgroup_id`) VALUES
(3, 1, 'Mayank Gadhavi', 'mayank.gadhavi@spxflow.com', '9909985454', 1, 0, 0, 0, 0),
(4, 1, '', '', '', 0, 0, 0, 0, 0),
(29, 3, 'Suresh Chandra Sharma', 'Sureshchandra.Sharma@colfaxfluidhandling.com', '9871118961', 1, 0, 0, 0, 0),
(30, 3, 'Pankaj Mishra ', 'Pankaj.Mishra@colfaxfluidhandling.com', '8130891795', 1, 0, 0, 0, 0),
(31, 3, 'Manish Shukla', 'Manish.Shukla@colfaxfluidhandling.com', '8130891794', 1, 0, 0, 0, 0),
(32, 3, '', '', '', 0, 0, 0, 0, 0),
(33, 8, 'Manjunath Poojari', 'rei_sales@remigroup.com', '9967379169', 1, 0, 0, 0, 0),
(34, 6, 'Bhushan Baviskar', 'chn@positivemetering.com', '9922507046', 1, 0, 0, 0, 0),
(35, 6, 'Rajendra Aware', 'dispatch@positivemetering.com', '9881311160', 1, 0, 0, 0, 0),
(36, 6, '', '', '', 0, 0, 0, 0, 0),
(37, 9, 'AMRISH YADAV', 'info@liqueeseals.com', '9167223256', 1, 0, 0, 0, 0),
(38, 10, ' Vivek Choube', 'Vivek.Choube@tranter.com', '7774059449', 1, 0, 0, 0, 0),
(41, 11, 'Kunal Solanki', 'engg1@filter-concept.com', '7927541602', 1, 0, 0, 0, 0),
(42, 11, 'Chirag Basva ', 'factory@filter-concept.com', '9328771700', 1, 0, 0, 0, 0),
(43, 11, '', '', '', 0, 0, 0, 0, 0),
(44, 5, 'Alex ', 'sales@anticopumps.co.in', '9909928823', 1, 0, 0, 0, 0),
(45, 5, '', '', '', 0, 0, 0, 0, 0),
(46, 7, 'Rahul Bhadoriya', 'rahul91dppl@gmail.com', '8435037808', 1, 0, 0, 0, 0),
(47, 7, 'Nilesh', 'nileshc1973@gmail.com', '9981992842', 1, 0, 0, 0, 0),
(48, 7, ' Shriniwas Pujari', 'shriniwaspujari6@gmail.com', '9981992859', 1, 0, 0, 0, 0),
(49, 7, '', '', '', 0, 0, 0, 0, 0),
(51, 12, 'chetan shah', 'cishah@remigroup.com', '9824013863', 1, 0, 0, 0, 0),
(52, 12, '', '', '', 0, 0, 0, 0, 0),
(56, 16, 'sdfsd', 'sdf@wrwe.eret', '3453453453', 1, 0, 0, 0, 0),
(64, 2, 'R.K Sharma', 'mechind@bsnl.in', '9414458419', 1, 0, 0, 0, 0),
(65, 2, '', '', '', 0, 0, 0, 0, 0),
(66, 20, 'Hatim Ali ', 'alloysteeltraders@gmail.com', '9414159770', 1, 0, 0, 0, 0),
(67, 21, 'Jinesh Jain', 'unitradeudr@gmail.com', '0294241517', 1, 0, 0, 0, 0),
(69, 22, 'Altaf ji ', 'sethiaironsteelco@gmail.com', '9829778652', 1, 0, 0, 0, 0),
(70, 19, 'Prashant Jain', 'ansh@gmail.com', '9414161727', 1, 0, 0, 0, 0),
(71, 23, 'Manan Vadher ', 'info@vacunair.com', '9904048822', 1, 0, 0, 0, 0),
(72, 24, 'Manan Vadher ', 'info@vacunair.com', '9904048822', 1, 0, 0, 0, 0),
(73, 25, 'Manan Vadher ', 'info@vacunair.com', '9904048822', 1, 0, 0, 0, 0),
(74, 26, 'Manan Vadher ', 'info@vacunair.com', '9904048822', 1, 0, 0, 0, 0),
(78, 28, 'Ghulam ali', 'hindmachineryhardware@gmail.com', '8696775758', 1, 0, 0, 0, 0),
(79, 27, 'Suresh Soni', 'bluestar.soni2009@gmail.com', '9725089815', 1, 0, 0, 0, 0),
(81, 29, 'Gorav Ji ', 'rajdhaniudaipur@gmail.com', '9582335755', 1, 0, 0, 0, 0),
(82, 13, 'Yogesh Solanki ', 'north3.rtpl@rathigroup.com', '9829127329', 1, 0, 0, 0, 0),
(86, 30, 'jagish shah ', 'gaylordmesh@gmail.com', '9825767343', 1, 0, 0, 0, 0),
(87, 31, 'Industrial Rubber ', 'industrialrubberspares@gmail.com', '9414166704', 1, 0, 0, 0, 0),
(88, 32, 'K.M.', 'km.bandookwala@yahoo.in', '9414168818', 1, 0, 0, 0, 0),
(90, 33, 'Anamika Soni', 'arteeflow@arteeflow.com', '9227492049', 1, 0, 0, 0, 0);

-- --------------------------------------------------------

--
-- Table structure for table `vouchers_references`
--

CREATE TABLE IF NOT EXISTS `vouchers_references` (
  `id` int(10) NOT NULL AUTO_INCREMENT,
  `voucher_entity` varchar(255) NOT NULL,
  `description` text NOT NULL,
  `company_id` int(10) NOT NULL,
  `module` varchar(255) NOT NULL,
  `sub_entity` varchar(255) NOT NULL,
  PRIMARY KEY (`id`)
) ENGINE=InnoDB  DEFAULT CHARSET=latin1 AUTO_INCREMENT=46 ;

--
-- Dumping data for table `vouchers_references`
--

INSERT INTO `vouchers_references` (`id`, `voucher_entity`, `description`, `company_id`, `module`, `sub_entity`) VALUES
(1, 'PaymentVoucher -> Paid To', 'payment ', 25, 'Payment Voucher', 'Paid To'),
(2, 'PaymentVoucher -> Cash/Bank', 'payment', 25, 'Payment Voucher', 'Cash/Bank'),
(3, 'Receipt Voucher -> Received From', 'receipt voucher ', 25, 'Receipt Voucher', 'Received From'),
(4, 'Receipt Voucher -> Cash/Bank', 'bnvnb', 25, 'Receipt Voucher', 'Cash/Bank'),
(5, 'Petty Cash Payment -> Received From', 'bnvnb', 25, 'Petty Cash Payment', 'Paid To'),
(6, 'Petty Cash Payment -> Cash/Bank', 'bnvnb', 25, 'Petty Cash Payment', 'Cash/Bank'),
(7, 'Contra Voucher -> Paid To', 'bnvnb', 25, 'Contra Voucher', 'Paid To'),
(8, 'Contra Voucher -> Cash/Bank', 'bnvnb', 25, 'Contra Voucher', 'Cash/Bank'),
(9, 'Journal Voucher -> Ledger', 'bnvnb', 25, 'Journal Voucher', 'Ledger'),
(10, 'Debit Notes -> Sales Account', 'bnvnb', 25, 'Debit Notes', 'Sales Account'),
(11, 'Debit Notes -> Party', 'bnvnb', 25, 'Debit Notes', 'Party'),
(12, 'Credit Notes -> Purchase Account', 'bnvnb', 25, 'Credit Notes', 'Purchase Account'),
(13, 'Credit Notes -> Party', 'bnvnb', 25, 'Credit Notes', 'Party'),
(14, 'PaymentVoucher -> Paid To', 'payment ', 26, 'Payment Voucher', 'Paid To'),
(15, 'PaymentVoucher -> Cash/Bank', 'payment', 26, 'Payment Voucher', 'Cash/Bank'),
(16, 'Receipt Voucher -> Received From', 'receipt voucher ', 26, 'Receipt Voucher', 'Received From'),
(17, 'Receipt Voucher -> Cash/Bank', 'bnvnb', 26, 'Receipt Voucher', 'Cash/Bank'),
(18, 'Petty Cash Payment -> Received From', 'bnvnb', 26, 'Petty Cash Payment', 'Paid To'),
(19, 'Petty Cash Payment -> Cash/Bank', 'bnvnb', 26, 'Petty Cash Payment', 'Cash/Bank'),
(20, 'Contra Voucher -> Paid To', 'bnvnb', 26, 'Contra Voucher', 'Paid To'),
(21, 'Contra Voucher -> Cash/Bank', 'bnvnb', 26, 'Contra Voucher', 'Cash/Bank'),
(22, 'Journal Voucher -> Ledger', 'bnvnb', 26, 'Journal Voucher', 'Ledger'),
(23, 'Debit Notes -> Sales Account', 'bnvnb', 26, 'Debit Notes', 'Sales Account'),
(24, 'Debit Notes -> Party', 'bnvnb', 26, 'Debit Notes', 'Party'),
(25, 'Credit Notes -> Purchase Account', 'bnvnb', 26, 'Credit Notes', 'Purchase Account'),
(26, 'Credit Notes -> Party', 'bnvnb', 26, 'Credit Notes', 'Party'),
(27, 'PaymentVoucher -> Paid To', 'payment ', 27, 'Payment Voucher', 'Paid To'),
(28, 'PaymentVoucher -> Cash/Bank', 'payment', 27, 'Payment Voucher', 'Cash/Bank'),
(29, 'Receipt Voucher -> Received From', 'receipt voucher ', 27, 'Receipt Voucher', 'Received From'),
(30, 'Receipt Voucher -> Cash/Bank', 'Receipt', 27, 'Receipt Voucher', 'Cash/Bank'),
(31, 'Petty Cash Payment -> Received From', 'bnvnb', 27, 'Petty Cash Payment', 'Paid To'),
(32, 'Petty Cash Payment -> Cash/Bank', 'bnvnb', 27, 'Petty Cash Payment', 'Cash/Bank'),
(33, 'Contra Voucher -> Paid To', 'bnvnb', 27, 'Contra Voucher', 'Paid To'),
(34, 'Contra Voucher -> Cash/Bank', 'bnvnb', 27, 'Contra Voucher', 'Cash/Bank'),
(35, 'Journal Voucher -> Ledger', 'bnvnb', 27, 'Journal Voucher', 'Ledger'),
(36, 'Debit Notes -> Sales Account', 'bnvnb', 27, 'Debit Notes', 'Sales Account'),
(37, 'Debit Notes -> Party', 'bnvnb', 27, 'Debit Notes', 'Party'),
(38, 'Credit Notes -> Purchase Account', 'bnvnb', 27, 'Credit Notes', 'Purchase Account'),
(39, 'Credit Notes -> Party', 'bnvnb', 27, 'Credit Notes', 'Party'),
(40, 'Non Print PaymentVoucher -> Paid To', 'payment ', 25, 'Non Print Payment Voucher', 'Paid To'),
(41, 'Non Print PaymentVoucher -> Cash/Bank', 'payment', 25, 'Non Print Payment Voucher', 'Cash/Bank'),
(42, 'Non Print PaymentVoucher -> Paid To', 'payment ', 26, 'Non Print Payment Voucher', 'Paid To'),
(43, 'Non Print PaymentVoucher -> Cash/Bank', 'payment', 26, 'Non Print Payment Voucher', 'Cash/Bank'),
(44, 'Non Print PaymentVoucher -> Paid To', 'payment ', 27, 'Non Print Payment Voucher', 'Paid To'),
(45, 'Non Print PaymentVoucher -> Cash/Bank', 'payment', 27, 'Non Print Payment Voucher', 'Cash/Bank');

-- --------------------------------------------------------

--
-- Table structure for table `voucher_ledger_accounts`
--

CREATE TABLE IF NOT EXISTS `voucher_ledger_accounts` (
  `vouchers_reference_id` int(10) NOT NULL,
  `ledger_account_id` int(10) NOT NULL,
  PRIMARY KEY (`vouchers_reference_id`,`ledger_account_id`)
) ENGINE=InnoDB DEFAULT CHARSET=latin1;

--
-- Dumping data for table `voucher_ledger_accounts`
--

INSERT INTO `voucher_ledger_accounts` (`vouchers_reference_id`, `ledger_account_id`) VALUES
(1, 22),
(1, 31),
(1, 32),
(1, 44),
(1, 45),
(1, 46),
(1, 52),
(1, 75),
(1, 101),
(1, 103),
(1, 104),
(1, 105),
(1, 106),
(1, 107),
(1, 108),
(1, 109),
(1, 111),
(1, 112),
(1, 113),
(1, 114),
(1, 115),
(1, 116),
(1, 117),
(1, 119),
(1, 120),
(1, 121),
(1, 122),
(1, 123),
(1, 124),
(1, 125),
(1, 126),
(1, 127),
(1, 129),
(1, 130),
(1, 131),
(1, 132),
(1, 133),
(1, 134),
(1, 135),
(1, 137),
(1, 138),
(1, 139),
(1, 146),
(1, 151),
(1, 152),
(1, 153),
(1, 155),
(1, 294),
(1, 401),
(1, 402),
(1, 403),
(1, 405),
(1, 406),
(1, 407),
(1, 408),
(1, 409),
(1, 411),
(1, 412),
(1, 413),
(1, 414),
(1, 415),
(1, 416),
(1, 417),
(1, 418),
(1, 419),
(1, 420),
(1, 421),
(1, 422),
(1, 423),
(1, 424),
(1, 425),
(1, 426),
(1, 427),
(1, 428),
(1, 433),
(1, 434),
(1, 435),
(1, 436),
(1, 443),
(1, 445),
(1, 448),
(1, 450),
(1, 452),
(1, 465),
(1, 474),
(1, 475),
(1, 476),
(1, 477),
(1, 478),
(1, 479),
(1, 480),
(1, 481),
(1, 482),
(1, 483),
(1, 484),
(1, 486),
(1, 487),
(1, 488),
(1, 490),
(1, 493),
(1, 523),
(1, 526),
(1, 529),
(1, 544),
(1, 547),
(1, 555),
(1, 567),
(1, 568),
(1, 569),
(1, 572),
(1, 584),
(1, 587),
(1, 595),
(1, 596),
(1, 598),
(1, 599),
(1, 614),
(1, 637),
(1, 641),
(2, 142),
(2, 145),
(2, 146),
(2, 453),
(2, 622),
(3, 23),
(3, 25),
(3, 26),
(3, 27),
(3, 28),
(3, 33),
(3, 38),
(3, 39),
(3, 40),
(3, 41),
(3, 43),
(3, 47),
(3, 50),
(3, 51),
(3, 53),
(3, 54),
(3, 55),
(3, 56),
(3, 57),
(3, 58),
(3, 59),
(3, 60),
(3, 61),
(3, 62),
(3, 63),
(3, 64),
(3, 65),
(3, 66),
(3, 67),
(3, 68),
(3, 69),
(3, 71),
(3, 72),
(3, 73),
(3, 75),
(3, 77),
(3, 78),
(3, 79),
(3, 80),
(3, 85),
(3, 86),
(3, 87),
(3, 88),
(3, 89),
(3, 90),
(3, 91),
(3, 92),
(3, 93),
(3, 94),
(3, 95),
(3, 96),
(3, 97),
(3, 98),
(3, 102),
(3, 128),
(3, 148),
(3, 158),
(3, 272),
(3, 273),
(3, 274),
(3, 275),
(3, 291),
(3, 298),
(3, 299),
(3, 300),
(3, 301),
(3, 303),
(3, 304),
(3, 305),
(3, 306),
(3, 363),
(3, 364),
(3, 365),
(3, 368),
(3, 369),
(3, 370),
(3, 372),
(3, 374),
(3, 375),
(3, 376),
(3, 377),
(3, 378),
(3, 381),
(3, 383),
(3, 384),
(3, 387),
(3, 388),
(3, 389),
(3, 390),
(3, 391),
(3, 394),
(3, 396),
(3, 397),
(3, 398),
(3, 405),
(3, 429),
(3, 446),
(3, 455),
(3, 456),
(3, 457),
(3, 458),
(3, 459),
(3, 460),
(3, 461),
(3, 462),
(3, 463),
(3, 471),
(3, 472),
(3, 473),
(3, 482),
(3, 486),
(3, 495),
(3, 508),
(3, 511),
(3, 518),
(3, 521),
(3, 532),
(3, 540),
(3, 544),
(3, 595),
(3, 596),
(3, 634),
(3, 635),
(3, 639),
(3, 644),
(4, 142),
(4, 145),
(4, 146),
(4, 517),
(5, 100),
(5, 101),
(5, 103),
(5, 104),
(5, 105),
(5, 106),
(5, 107),
(5, 108),
(5, 109),
(5, 113),
(5, 116),
(5, 117),
(5, 119),
(5, 124),
(5, 125),
(5, 126),
(5, 127),
(5, 130),
(5, 132),
(5, 134),
(5, 135),
(5, 523),
(5, 544),
(5, 572),
(5, 595),
(5, 596),
(5, 612),
(5, 620),
(6, 453),
(6, 622),
(7, 133),
(7, 142),
(7, 145),
(7, 146),
(7, 453),
(7, 622),
(8, 142),
(8, 145),
(8, 146),
(8, 453),
(8, 622),
(9, 22),
(9, 23),
(9, 25),
(9, 26),
(9, 27),
(9, 28),
(9, 31),
(9, 32),
(9, 33),
(9, 38),
(9, 39),
(9, 40),
(9, 41),
(9, 43),
(9, 44),
(9, 45),
(9, 46),
(9, 47),
(9, 50),
(9, 51),
(9, 52),
(9, 53),
(9, 54),
(9, 55),
(9, 56),
(9, 57),
(9, 58),
(9, 59),
(9, 60),
(9, 61),
(9, 62),
(9, 63),
(9, 64),
(9, 65),
(9, 66),
(9, 67),
(9, 68),
(9, 69),
(9, 71),
(9, 72),
(9, 73),
(9, 75),
(9, 77),
(9, 78),
(9, 79),
(9, 80),
(9, 85),
(9, 86),
(9, 87),
(9, 88),
(9, 89),
(9, 90),
(9, 91),
(9, 92),
(9, 93),
(9, 94),
(9, 95),
(9, 96),
(9, 97),
(9, 98),
(9, 101),
(9, 102),
(9, 103),
(9, 104),
(9, 105),
(9, 106),
(9, 107),
(9, 108),
(9, 109),
(9, 111),
(9, 112),
(9, 113),
(9, 114),
(9, 115),
(9, 116),
(9, 117),
(9, 118),
(9, 119),
(9, 120),
(9, 121),
(9, 122),
(9, 123),
(9, 124),
(9, 125),
(9, 126),
(9, 127),
(9, 128),
(9, 129),
(9, 130),
(9, 131),
(9, 132),
(9, 133),
(9, 134),
(9, 135),
(9, 137),
(9, 138),
(9, 139),
(9, 140),
(9, 148),
(9, 158),
(9, 272),
(9, 273),
(9, 274),
(9, 275),
(9, 291),
(9, 294),
(9, 298),
(9, 299),
(9, 300),
(9, 301),
(9, 303),
(9, 304),
(9, 305),
(9, 306),
(9, 363),
(9, 364),
(9, 365),
(9, 368),
(9, 369),
(9, 370),
(9, 372),
(9, 374),
(9, 375),
(9, 376),
(9, 377),
(9, 378),
(9, 381),
(9, 383),
(9, 384),
(9, 385),
(9, 387),
(9, 388),
(9, 389),
(9, 390),
(9, 391),
(9, 394),
(9, 396),
(9, 397),
(9, 398),
(9, 400),
(9, 401),
(9, 402),
(9, 403),
(9, 404),
(9, 405),
(9, 406),
(9, 407),
(9, 408),
(9, 409),
(9, 411),
(9, 412),
(9, 413),
(9, 429),
(9, 437),
(9, 438),
(9, 439),
(9, 440),
(9, 441),
(9, 443),
(9, 445),
(9, 455),
(9, 456),
(9, 457),
(9, 458),
(9, 459),
(9, 460),
(9, 461),
(9, 462),
(9, 463),
(9, 465),
(9, 471),
(9, 472),
(9, 473),
(9, 474),
(9, 475),
(9, 476),
(9, 477),
(9, 478),
(9, 479),
(9, 480),
(9, 481),
(9, 482),
(9, 483),
(9, 484),
(9, 485),
(9, 486),
(9, 487),
(9, 488),
(9, 489),
(9, 490),
(9, 491),
(9, 493),
(9, 495),
(9, 508),
(9, 511),
(9, 518),
(9, 521),
(9, 523),
(9, 526),
(9, 529),
(9, 532),
(9, 535),
(9, 540),
(9, 544),
(9, 546),
(9, 547),
(9, 550),
(9, 553),
(9, 554),
(9, 555),
(9, 558),
(9, 561),
(9, 564),
(9, 567),
(9, 568),
(9, 569),
(9, 572),
(9, 576),
(9, 584),
(9, 587),
(9, 592),
(9, 593),
(9, 595),
(9, 596),
(9, 598),
(9, 599),
(9, 602),
(9, 605),
(9, 614),
(10, 23),
(10, 25),
(10, 26),
(10, 27),
(10, 28),
(10, 33),
(10, 38),
(10, 39),
(10, 40),
(10, 41),
(10, 43),
(10, 47),
(10, 50),
(10, 51),
(10, 53),
(10, 54),
(10, 55),
(10, 56),
(10, 57),
(10, 58),
(10, 59),
(10, 60),
(10, 61),
(10, 62),
(10, 63),
(10, 64),
(10, 65),
(10, 66),
(10, 67),
(10, 68),
(10, 69),
(10, 71),
(10, 72),
(10, 73),
(10, 77),
(10, 78),
(10, 79),
(10, 80),
(10, 85),
(10, 86),
(10, 87),
(10, 88),
(10, 89),
(10, 90),
(10, 91),
(10, 92),
(10, 93),
(10, 94),
(10, 95),
(10, 96),
(10, 97),
(10, 98),
(10, 102),
(10, 128),
(10, 148),
(10, 158),
(10, 272),
(10, 273),
(10, 274),
(10, 275),
(10, 291),
(10, 298),
(10, 299),
(10, 300),
(10, 301),
(10, 303),
(10, 304),
(10, 305),
(10, 306),
(10, 363),
(10, 364),
(10, 365),
(10, 368),
(10, 369),
(10, 370),
(10, 372),
(10, 374),
(10, 375),
(10, 376),
(10, 377),
(10, 378),
(10, 381),
(10, 383),
(10, 384),
(10, 387),
(10, 388),
(10, 389),
(10, 390),
(10, 391),
(10, 394),
(10, 396),
(10, 397),
(10, 398),
(10, 429),
(10, 455),
(10, 456),
(10, 457),
(10, 458),
(10, 459),
(10, 460),
(10, 461),
(10, 462),
(10, 463),
(10, 471),
(10, 472),
(10, 473),
(10, 474),
(10, 475),
(10, 476),
(10, 477),
(10, 478),
(10, 479),
(10, 480),
(10, 481),
(10, 482),
(10, 483),
(10, 484),
(10, 493),
(10, 495),
(10, 508),
(10, 511),
(10, 518),
(10, 521),
(10, 523),
(10, 526),
(10, 529),
(10, 532),
(10, 540),
(10, 546),
(10, 550),
(10, 553),
(10, 554),
(10, 555),
(10, 569),
(10, 572),
(10, 576),
(10, 592),
(10, 593),
(10, 599),
(10, 602),
(10, 605),
(10, 608),
(10, 612),
(10, 615),
(10, 620),
(10, 634),
(10, 637),
(10, 639),
(10, 644),
(11, 103),
(11, 106),
(11, 108),
(11, 544),
(14, 162),
(14, 165),
(14, 166),
(14, 167),
(14, 168),
(14, 169),
(14, 170),
(14, 171),
(14, 172),
(14, 173),
(14, 174),
(14, 175),
(14, 176),
(14, 177),
(14, 178),
(14, 179),
(14, 181),
(14, 182),
(14, 183),
(14, 184),
(14, 185),
(14, 186),
(14, 187),
(14, 188),
(14, 189),
(14, 190),
(14, 191),
(14, 192),
(14, 193),
(14, 194),
(14, 195),
(14, 196),
(14, 197),
(14, 198),
(14, 199),
(14, 296),
(14, 499),
(14, 500),
(14, 501),
(14, 502),
(14, 503),
(14, 559),
(14, 562),
(14, 565),
(14, 580),
(14, 590),
(14, 597),
(15, 203),
(16, 580),
(16, 597),
(17, 203),
(27, 277),
(27, 280),
(27, 282),
(27, 286),
(27, 288),
(27, 290),
(27, 295),
(27, 297),
(27, 310),
(27, 313),
(27, 314),
(27, 315),
(27, 316),
(27, 317),
(27, 318),
(27, 319),
(27, 320),
(27, 321),
(27, 322),
(27, 323),
(27, 324),
(27, 325),
(27, 326),
(27, 327),
(27, 329),
(27, 330),
(27, 331),
(27, 332),
(27, 333),
(27, 334),
(27, 335),
(27, 336),
(27, 337),
(27, 338),
(27, 339),
(27, 340),
(27, 341),
(27, 342),
(27, 343),
(27, 344),
(27, 345),
(27, 346),
(27, 347),
(27, 358),
(27, 359),
(27, 360),
(27, 361),
(27, 467),
(27, 494),
(27, 505),
(27, 525),
(27, 528),
(27, 531),
(27, 549),
(27, 571),
(27, 579),
(27, 581),
(27, 582),
(27, 583),
(27, 591),
(27, 626),
(27, 628),
(27, 630),
(27, 632),
(27, 638),
(28, 352),
(29, 277),
(29, 280),
(29, 282),
(29, 286),
(29, 288),
(29, 290),
(29, 295),
(29, 352),
(29, 357),
(29, 467),
(29, 498),
(29, 513),
(29, 514),
(29, 520),
(29, 534),
(29, 539),
(29, 542),
(29, 543),
(29, 545),
(29, 549),
(29, 552),
(29, 575),
(29, 577),
(29, 581),
(29, 586),
(29, 589),
(29, 594),
(29, 606),
(29, 607),
(29, 609),
(29, 611),
(29, 616),
(29, 617),
(29, 618),
(29, 619),
(29, 623),
(29, 636),
(29, 640),
(30, 352),
(33, 352),
(33, 357),
(35, 277),
(35, 280),
(35, 282),
(35, 286),
(35, 288),
(35, 290),
(35, 295),
(35, 310),
(35, 313),
(35, 314),
(35, 315),
(35, 316),
(35, 317),
(35, 318),
(35, 319),
(35, 320),
(35, 321),
(35, 322),
(35, 323),
(35, 324),
(35, 325),
(35, 326),
(35, 327),
(35, 328),
(35, 329),
(35, 330),
(35, 331),
(35, 332),
(35, 333),
(35, 334),
(35, 335),
(35, 336),
(35, 337),
(35, 338),
(35, 339),
(35, 340),
(35, 341),
(35, 342),
(35, 343),
(35, 344),
(35, 345),
(35, 346),
(35, 347),
(35, 467),
(35, 494),
(35, 498),
(35, 505),
(35, 513),
(35, 514),
(35, 520),
(35, 525),
(35, 528),
(35, 531),
(35, 534),
(35, 539),
(35, 542),
(35, 543),
(35, 545),
(35, 549),
(35, 552),
(35, 571),
(35, 575),
(35, 577),
(35, 579),
(35, 581),
(35, 582),
(35, 583),
(35, 586),
(35, 589),
(35, 591),
(35, 594),
(35, 601),
(35, 604),
(35, 606),
(35, 607),
(35, 609),
(35, 611),
(35, 613),
(40, 22),
(40, 31),
(40, 32),
(40, 44),
(40, 45),
(40, 46),
(40, 52),
(40, 101),
(40, 103),
(40, 104),
(40, 105),
(40, 106),
(40, 107),
(40, 108),
(40, 109),
(40, 111),
(40, 133),
(40, 137),
(40, 138),
(40, 139),
(40, 146),
(40, 151),
(40, 152),
(40, 153),
(40, 155),
(40, 294),
(40, 401),
(40, 402),
(40, 403),
(40, 407),
(40, 408),
(40, 409),
(40, 411),
(40, 433),
(40, 434),
(40, 435),
(40, 436),
(40, 465),
(40, 544),
(40, 547),
(40, 568),
(40, 584),
(40, 587),
(40, 598),
(40, 614),
(41, 142),
(41, 145),
(41, 146);

--
-- Constraints for dumped tables
--

--
-- Constraints for table `item_companies`
--
ALTER TABLE `item_companies`
  ADD CONSTRAINT `company_key` FOREIGN KEY (`company_id`) REFERENCES `companies` (`id`),
  ADD CONSTRAINT `item_key` FOREIGN KEY (`item_id`) REFERENCES `items` (`id`);

/*!40101 SET CHARACTER_SET_CLIENT=@OLD_CHARACTER_SET_CLIENT */;
/*!40101 SET CHARACTER_SET_RESULTS=@OLD_CHARACTER_SET_RESULTS */;
/*!40101 SET COLLATION_CONNECTION=@OLD_COLLATION_CONNECTION */;
